ܚܲܕ݇	a
ܩܲܠܝܼܠ	a little
ܪܵܒܵܐ	a lot
ܪܵܒܵܐ	a lot of
ܬܵܪܘܿܓܹܐ	abandon
ܒܹܐܡܵܪܵܐ	abandoned
ܕܘܪ	abide
ܢܵܒ݂ܘܿܚܘܼܬܵܐ	ability
ܡܲܨܝܵܢܵܐ	able
ܡܸܩܕܲܪ	about
ܠܥܸܠ	above
ܒܢܘܼܟ݂ܪܵܝܘܼܬ݂ܵܐ	abroad
ܓܠܝܼܙܘܼܬܵܐ	absence
ܦܪܝܼܕܘܼܬܵܐ	absent
ܒܲܓܪܝܼܡܘܼܬ݂ܵܐ	absolutely
ܠܡܵܨܵܐ	absorb
ܫܡܵܐ ܣܘܼܟܵܠܵܝܵܐ	abstract
ܡܸܬܓܲܚܟܵܢܵܐ	absurd
ܝܲܬܝܼܬܵܐ	abundance
ܫܦܝܼܥܵܐܝܼܬ	abundant
ܡܨܵܥܸܪ	abuse
ܗܵܓܝܵܢܵܐ	accent
ܩܵܒܘܼܠܹܐ	accept
ܫܘܼܪܩܵܛܵܐ	access
ܓܸܕܫܵܐ	accident
ܡܬܲܓܒܲܪܬܵܐ	accommodation
ܡܲܢܬܘܼܝܹܐ	accomplish
ܥܒ݂ܝܼܕܵܐ	accomplished
ܛܘܼܒ݂ܬ݂ܵܢܵܐ	according
ܚܘܼܫܒܵܢ ܡܸܢܝܵܢܹ̈̈ܐ	account
ܒܚܝܼܪܘܼܬܵܐ	accuracy
ܚܵܬ	accurate
ܡܩܲܛܪܓ݂ܵܢܘܼܬܵܐ	accused
ܓܵܡܸܪ	achieve
ܟܲܫܝܼܪܘܼܬܵܐ	achievement
ܝܕ݂ܵܐ	acknowledge
ܐܝܕܥܬܐ	acquaintance
ܚܟܡܬܐ	acquaintance
ܩܵܢܹܐ	acquire
ܐܲܟܣܝܼܣܵܝܵܐ	acquired
ܡܲܩܢܵܝܘܼܬܵܐ	acquisition
ܬܵܦܹܩ ܒ	across
ܐܵܡܵܠ	act
ܥܒ݂ܵܕܵܐ	action
ܓܸܡܪܵܐ	active
ܡܸܬܦܲܓ݂ܪܦܵܢܘܼܬܵܐ	activity
ܛܲܐܠܵܢܵܐ	actor
ܗܵܫܵܝܵܐ	actual
ܣܘܼܥܪܵܢܵܐܝܼܬ	actually
ܓܘܼܢܝܵܐ ܚܲܪܝܼܦܵܐ	acute
ܬܲܪܬܘܼܒܹܐ	adapt
ܚܲܠܘܼܢܹܐ	add
ܡܲܟܣܸܠܵܢܵܐ	addicted
ܓ̰ܲܡܥܵܝܵܐ	addition
ܡܹܬܡܲܙܝܸܕܵܢܵܐ	additional
ܡܲܨܒܲܛܵܐ	address
ܣܵܦܩܵܐ	adequate
ܢܲܩܝܼܦܵܐ	adjacent
ܫܘܡܗܐ	adjective
ܡܲܡܪܘܼܕܹܐ	adjust
ܥܙܓܒܐ   ܛܘܦܣܐ	admire
ܛܥܵܢܵܐ ܠܩܕܵܠܵܐ	admit
ܩܒܵܠܵܐ	adopt
ܡܸܣܬܲܓܕܵܢܵܐ	adorable
ܫܲܘܫܸܛ	advance
ܐܲܬܝܼܩܵܐ	advanced
ܝܘܼܬܪܵܢܵܐ	advantage
ܒܸܣܬܵܐ	adventure
ܥܠ ܡܠܬܐ	adverb
ܐܝܟܢܘܬܐ	adverb
ܐܗܘܠ	adverb
ܩܪܝܼܚܘܼܬܵܐ	advertisement
ܓ̰ܵܐܪ ܕܪܵܝܬܵܐ	advertising
ܡܸܠܟܵܐ	advice
ܡܲܪܓܸܫ	advise
ܣܢܸܐܓ݂ܪܵܐ	advocate
ܫܙܦܪܝܐ	aesthetic
ܫܦܝܪܐ	aesthetic
ܣܩܝܠܐ	aesthetic
ܚܸܕܡܲܬ	affair
ܟܵܪܥܒ݂ܵܕܵܐ	affect
ܚܲܒܝܼܒ݂ܵܐ	affection
ܝܗܒ ̤ ܓܪܦ	afford
ܡܸܬܡܵܛܝܵܢܵܐ	affordable
ܟܘܝܼܙܵܐ	afraid
ܒܵܬ݂ܲܪ ܕܹܝܟ݂	after
ܒܵܬܪܟܵܘܹܬܪܵܐ	afternoon
ܡܸܢ ܕܪܝܼܫ	again
ܠܨܲܠܡܹܗ ܕ	against
ܣܸܢ	age
ܕܲܠܵܠܘܼܬܵܐ	agency
ܝܵܝܵܢܵܐ	agent
ܡܲܣܟܠܵܢܵܝܵܐ	aggressive
ܦܲܙܝܼܙܵܐ	agile
ܩܲܕ݇ܡ ܐܵܕܝܼܵܐ	ago
ܟܦܵܫܵܐ	agree
ܬܲܢܘܲܝ	agreement
ܓܲܪܓܪܵܐ	agriculture
ܠܵܩܲܕ݇ܡܘܼܗܝ	ahead
ܐܸܡܕܵܕ	aid
ܕܵܒ݂ܸܩ ܐܵܡܵܓ̰	aim
ܗܵܘܵܐ	air
ܒܸܝܬ݂ ܛܲܘܣܵܐ	airport
ܐܠܘܠܐ	aisle
ܡܥܠܢܐ	aisle
ܢܣܵܝܵܐ	alarm
ܫܲܟ݂ܪܵܐ	alcohol
ܓܲܙܪܵܐ	alert
ܒܝܼܚܵܝܹܐ	alive
ܣܵܟ݂ܵܢܘܼܬ݂ܵܐ	all
ܡܲܢܫܘܼܩܹܐ	allow
ܦܣܝܼܣܵܐ	allowed
ܚܲܣܝܼܪ ܩܲܠܝܼܠ	almost
ܠܚܘܿܕܵܝܵܐ	alone
ܒܝܼܵܐܒܝܼ	along
ܟܒܲܪ	already
ܛܵܒܵܐ	Alright
ܐܘܼܦ	also
ܚܹܐܪܘܼܬܵܢܵܝܘܼܬܵܐ	alternative
ܐܵܦܸܢ	although
ܟܠ ܙܲܒ݂ܢܵܐ	always
ܥܵܐܵܡ	am
ܡܲܫܝܼܚܵܢܵܐ	amazing
ܡܘܼܫܬܲܒܵܐ	ambiguous
ܐܵܡܵܢܓ̰	ambition
ܥܢܬܢܐ	ambitious
ܠܗܝܩܐ ̤ ܣܘܝܚܐ	ambitious
ܛܵܘܹܪ	amend
ܒܠܸܒܵܐ	amid
ܒܓܵܘܵܗܿ ܕ	among
ܓܵܘܲܢ	among us
ܣܝܩܘܼܡܵܐ	amount
ܝܵܐ	an
ܐܵܢܵܠܘܿܣܝܼܣ	analysis
ܐܲܒ݂ܵܗܵܬܹ̈ܐ	ancestors
ܡܲܪܣܵܐ	anchor
ܒܹܣܕܵܝܵܐ	ancient
ܘ	and
ܡܲܠܲܐܟ݂ܵܐ	angel
ܪܘܼܓ݂ܙܵܐ	anger
ܬܪܝܼܨܬܵܐ	angle
ܟܪܝܼܒܵܐ	angry
ܚܲܝܘܼܬܵܢܵܝܵܐ	animal
ܚܲܪܩܛܵܐ ܕܐܲܩܠܵܐ	ankle
ܥܹܐܕ݂ܵܐ	anniversary
ܡܲܫܡܘܿܥܹܐ	announcement
ܬܟ݂ܝܼܫܵܐ	annoyed
ܪܸܩܝܼ	annoying
ܫܹܢ݇ܬܵܢܵܝܘܼܬܵܐ	annual
ܐܘܼܚܕܵܕܹܐ	another
ܦܙܢܝܐ	answer
ܡܩܵܕܸܡ	anticipate
ܢܝܼܓܵܪܵܢܘܼܬܵܐ	anxiety
ܢܸܓܵܪܵܢ	anxious
ܒܘܼܫܵܠܵܐ	any
ܬܲܓܵܪܵܐ	anyone
ܚܵܕ݇ ܡܸܢܕܝܼ	anything
ܡܸܢܕܪܹܫ	anyway
ܡܐ ܛܒܐ ܘܡܐ ܫܦܝܪ	anyways
ܕܐܟܝ ܕܗܘܝܐ	anyways
ܒܦܪܝܼܫܘܼܬ݂ܵܐ	apart
ܡܲܫܪܝܵܐ	apartment
ܛܠܵܒܵܐ ܡܲܚܠܲܝܬܵܐ	apologize
ܡܸܬ݂ܚܲܙܝܵܢܵܐ	apparent
ܪܲܓܘܼܫܬܵܢܵܝܵܐ	apparently
ܒܲܓܢܵܐ	appeal
ܒܲܝܸܢ	appear
ܡܲܒܝܲܢܬܵܐ	appearance
ܐܸܫܬܵܗ݇ܘ	appetite
ܚܲܒܘܼܫܵܐ	apple
ܨܕܵܝܵܐ	application
ܡܕܲܪܡܸܢ	apply
ܘܲܥܕܵܐ	appointment
ܬܲܥܠܸܡ	appreciate
ܒܵܦܵܐ	appreciation
ܓ̰ܵܐܸܓ	approach
ܚܫܝܼܚܵܐ	appropriate
ܪܕܵܝܬܵܐ	approval
ܫܵܠܸܡ	approve
ܐܵܪܬܵܕܘܿܟܣܵܝܵܐ	approved
ܐܵܕܵܪ	approximately
ܢܝܼܣܵܢ	april
ܬܵܣܲܠܸܬ	arbitrary
ܪܝܼܫ ܢܲܓܵܪܹ̈ܐ	architect
ܐܲܪܕܲܟ݂ܠܘܼܬܵܐ	architecture
ܐܲܒܙܵܪܵܐ ܐܸܫܛܵܪܵܐ	archive
ܝܼܘܵܚ	are
ܓܒܼܝܼܪܵܐ ܝ̄ܘܸܬ؟	are you married
ܗܸܫ ܬܵܡܵܐ ܝܘܸܬ؟	Are you still there?
ܡܹܐܟ݂̈ܠܵܬܹܐ ܕܡܕܝܼܢ݇ܬܵܐ	area
ܡܒܵܚܸܢ ܥܲܡ	argue
ܡܸܬ݂ܗܵܘܢܵܢܘܼܬܵܐ	argument
ܩܘܼܡ	arise
ܕܪܵܥܢܵܐ	arm
ܩܵܘܫܘܿܢ	army
ܚܵܕܪܵܢ	around
ܡܛܵܟܸܣ	arrange
ܐܲܩܵܠܘܿܬܝܼܵܐ	arrangement
ܡܸܐܬܝܵܐ	arrival
ܡܛܵܐ	arrive
ܬܝܼܡܵܐ	arrived
ܚܬܝܪܐ	arrogant
ܫܘܗܪܢܐ	arrogant
ܓܐܹܪܵܐ	arrow
ܪܵܫܡܘܼܬܵܐ	art
ܚܕܵܐ	article
ܡܨܲܢܥܵܐ	artificial
ܐܲܡܢܵܪܵܐ	artist
ܟܡܵܐܕ	as
ܐܵܦ	as well
ܩܸܛܡܵܐ	ash
ܟܘܿܡ ܦܵܐܬ݂ܵܐ	ashamed
ܛܠܵܒܵܐ	ask
ܡܸܫܬܲܐܠܵܝܵܐ	asked
ܐܸܬܛܠܲܥ	asleep
ܚܘܼܪܵܐ	aspect
ܒܹܪܵܐ	assault
ܐܲܢܓ̰ܘܼܡܵܢ	assembly
ܓܪܝܡܘܬܐ	assertive
ܫܘܪܪܐ	assertive
ܡܫܪܪ	assertive
ܡܫܪܪܐ	assertive
ܒܪܘܼܬܒ݂ܵܐ	assess
ܚܲܪܓ̰ ܕܐ݇ܪܥܵܐ	assessment
ܛܘܼܒ݂ܵܐ	asset
ܡܵܐܝܵܐ	assets
ܡܣܵܓ̰ܸܠ	assign
ܣܒܠ	assignment
ܐܝܼܵܠܵܐ	assist
ܡܥܲܕܪܵܢܵܐ	assistant
ܚܒܪ	associate
ܐܘܿܪܫܠܸܡ	associated
ܡܸܬܬܲܠܠܘܼܬܵܢܘܼܬܵܐ	association
ܙܐܵܪܵܐ	assume
ܐܫܝܼܠܘܼܬܵܐ	assumption
ܠܘܵܬ    ܠܟܸܣ	at
ܐܵܟ݂ܸܠ	ate
ܐܲܬܠܹܝܛܵܐ	athlete
ܡܕܵܒܹܫ	attach
ܬܒܝܼܥܵܐ	attached
ܫܬܘܼܦܝܵܐ	attachment
ܒܵܥܹܬ	attack
ܡܲܢܣܹܐ	attempt
ܫܵܡܘܿܫܹܐ	attend
ܐܘܼܦܝܼܩܘܼܬܵܐ	attendance
ܕܸܩܲܬ	attention
ܡܲܣܲܒ݂ ܒܐܲܦܘܼܬ݂ܵܐ	attitude
ܗܝܼܣܬ	attract
ܢܵܬܘܼܦܘܼܬܵܐ	attraction
ܡܪܲܓܓ݂ܵܢܵܐ	attractive
ܕܝܼܠܵܝܘܼܬܵܐ	attribute
ܡܲܚܒ݂ܵܢܵܐ	audience
ܛܲܒܵܚ	august
ܥܲܡܬ݂ܵܐ	aunt
ܚܠܬܝ	aunty
ܥܡܬܝ	aunty
ܐܘܿܬܸܢܛܝܼܩܵܐ	authentic
ܣܵܝܘܼܡܵܐ	author
ܡܫܲܠܛܵܐ	authority
ܬܫܹܪܝܼܹܐ	autumn
ܦܪܲܩܛܝܼܩܵܝܵܐ	available
ܡܸܨܥܵܢܵܝܵܐ	average
ܓܗܵܐ	avoid
ܪܥܝܼܫܵܐ	awake
ܦܝܼܫܟܵܫ	award
ܥܝܼܪܘܼܬܵܐ	aware
ܝܼܪܲܥܬܵܐ	awareness
ܡܘܼܚܪܩܵܐ	away
ܓܢܝܼܚܵܐ	awesome
ܡܲܪܥܠܵܢܵܐ	awful
ܟܡܝܼܫܵܐ	awkward
ܣܛܘܿܦܵܐ	baby
ܥܠܝܼܡܘܼܢܵܐ	bachelor
ܒܸܣܬܪܵܐ	back
ܐܘܼܓ̰ܵܓ݂	background
ܩܵܪܵܚܵܒܵܪ	bad
ܚܸܬܵܐ	bag
ܛܥܘܼܡܵܐ	bait
ܐܦܵܐ	bake
ܡܹܐܦܝܼܬܵܐ	bakery
ܡܲܫܩܘܼܠܬܵܐ	balance
ܓܘܼܬܵܐ	ball
ܡܘܼܙܵܐ	banana
ܐܸܘܩܝܼܬܵܐ	band
ܒܵܪܲܬ	bank
ܐܸܚܵܕܬܵܐ	bar
ܠܡܲܚܣܸܢ	barely
ܫܲܓ݂ܢܹܐ	bargain
ܡܲܒ݂ܚܵܐ	bark
ܩܪܝܼܬ݂ܐ	barley
ܡܘܼܗܲܓ̰ܵܪ	barrier
ܟܬܝܼܡܵܐ	base
ܢܘܼܚܵܫܵܐ	based
ܙܹܪܙܵܡܝܼܢ	basement
ܫܲܬܐܸܣܬܵܝܵܐ	basic
ܚܵܘܟܵܐ	basil
ܡܲܡܙܝܼܪܵܐ	bastard
ܓܪܒܬܐ	batch
ܕܣܬܐ	batch
ܕܚܩܐ	batch
ܣܚܵܝܬܵܐ	bath
ܡܚܪܝܵܐ	bathroom
ܕܲܡܕܵܡܵܐ	battery
ܬܲܟܬܘܼܫܵܐ	battle
ܒܹܝܬ݂ ܟܪܝܼܗܹܐ	bay
ܓܕܵܐ	be
ܟܸܢܦܵܐ ܕܝܲܡܵܐ	beach
ܓܫܘܼܪܵܐ	beam
ܒܲܩܠܹ̈ܐ	beans
ܕܸܒܵܐ	bear
ܕܲܩܢܵܐ	beard
ܝܠܵܕܬܵܐ	bearing
ܚܲܝܘܼܬܵܐ ܣܵܪܘܿܚܬܵܐ	beast
ܬܟܲܣ	beat
ܫܲܦܝܼܪܵܐ	beautiful
ܫܘܼܦܪܵܐ	beauty
ܗ݇ܘܹܠܵܗ	became
ܒܗܵܝܕ	because
ܚܡܵܨܵܐ	become
ܕܘܼܟܬܵܐ ܕܕܡܵܟ݂ܵܐ	bed
ܒܹܝܬ݂ ܡܲܫܟܒ݂ܵܐ	bedroom
ܕܵܒܵܫܵܐ	bee
ܩܸܢܝܵܢܵܐ ܟܘܼܡܵܐ	beef
ܟܬܝܼܒ݂ܵܐ	been
ܚܸܫܠܵܐ	beer
ܩܵܕ݇ܡ ܕ	before
ܡܫܪܝ	began
ܫܘܪܝܐ	began
ܟܘܼܢ	begin
ܫܘܼܪܵܝܵܐ	beginning
ܥܲܠ ܐܲܦܲܝ̈	behalf
ܫܒ݂ܵܪܵܐ	behave
ܪܲܦ̮ܬܵܪ	behavior
ܪܲܦ̮ܬܵܪ	behaviour
ܒܵܬ݇ܪܵܝܼ	behind
ܚܫܵܚܬܵܐ	being
ܗܲܝܡܵܢܘܼܬ݂ܵܐ	belief
ܗܲܡܘܼܢܹܐ	believe
ܒܵܛܵܢܵܐ	belly
ܗܘܵܝܵܐ ܩܵܐ	belong
ܪܘܼܚܵܡܵܐ	beloved
ܐܸܠܬܸܚܬ	below
ܗܵܠܵܛܝܼ	belt
ܣܩܲܡܢܝܼܢ	bench
ܛܝܵܦܵܐ	bend
ܬܲܚܬ	beneath
ܗܵܢܹܐ	benefit
ܡܸܢܹ̈ܐ	benefits
ܒܕܸܦܢܵܐ ܕ	beside
ܫܒ݂ܘܿܩ ܡܸܢ	besides
ܚܕ݂ܓܵܐ	best
ܒܸܫܛܵܒ݂	better
ܒܹܝܠ	between
ܫܲܟ݂ܪܵܐ	beverage
ܒܲܣܛܲܪ ܡܸܢ	beyond
ܥܵܘܵܠܘܼܬ ܕܝܼܢܵܐ	bias
ܡܢܵܬܵܢܵܝܵܐ	biased
ܬܸܢܓܝܓ݂ܠܵܐ	bicycle
ܡܙܲܡܢܵܐ	bid
ܓܘܼܪܵܐ	big
ܬܸܢܓܝܓ݂ܠܵܐ	bike
ܒܝܼܠܐܘܿܣ	bill
ܐܵܣܸܪ	bind
ܛܲܝܪܵܐ	bird
ܒܹܝܬܝܵܠܕܵܐ	birthday
ܠܘܼܓ݂ܡܵܐ	bit
ܢܵܓܸܙ	bite
ܡܲܪܝܼܪܬܵܐ	bitter
ܟܘܼܡܵܐ	black
ܫܘܼܠܦܵܐ	blade
ܠܝܵܡܵܐ	blame
ܦܘܼܟ	blank
ܩܲܢܕܸܟ݂	blanket
ܝܘܼܒܵܒ݂ܵܐ	blast
ܓܒ݂ܵܠܵܐ	blend
ܒܵܪܘܼܟ݂ܹܐ	bless
ܛܘܼܒ݂ܵܢܵܐ	blessed
ܥܲܡܝܵܐ	blind
ܥܕܝܼܢܘܼܬܵܐ	bliss
ܟܲܡܪܵܐ	block
ܕܸܡܵܐ	blood
ܗܒܵܒܵܐ	bloom
ܢܦܵܚܵܐ	blow
ܡܝܼܠܵܐ	blue
ܟܘܼܢܕ	blunt
ܕܲܦܵܐ	board
ܩܲܪܩܘܼܪܵܐ	boat
ܓܲܝܵܐ	body
ܡܛܵܘܹܐ	boil
ܡܫܲܥܝܵܢܵܐ	bold
ܚܸܢܩܵܐ	bond
ܓܲܪܡܵܐ	bone
ܟܬܵܒ݂ܵܐ	book
ܡܲܪܒ݂ܹܐ	boost
ܚܣܢ	booster
ܣܘܡܟܢܐ	booster
ܟ̰ܲܟܡܝܼܬܵܐ	boot
ܓܲܡܒܘܼܨܹ̈ܐ	boots
ܬܚܘܿܡܵܐ	border
ܢܩܲܒ݂	bore
ܨܘܝܚܐ	bored
ܒܹܠܛܝܼܬܵܐ	boring
ܝܲܠܕܵܐ	born
ܡܲܕܝܘܼܢܹܐ	borrow
ܦܩܝܼܥܵܐ	boss
ܐܸܕܸܘܹ̈ܐ	both
ܡܠܲܙܠܸܙ	bother
ܫܝܼܫܬܵܐ	bottle
ܕܵܐܒܵܢ	bottom
ܙܒܢܐ	bought
ܦܩܵܛܵܐ	bounce
ܠܵܐ ܡܸܬ݂ܥܲܪܩܵܢܵܐ	bound
ܡܸܣܬܲܝܟܵܢܵܐ	boundaries
ܓܘܼܓܵܚܵܐ	bow
ܕܵܘܪܝܼ	bowl
ܣܲܢܕܘܼܩܵܐ	box
ܝܵܠܵܕ݇ܐ	boy
ܚܲܒ݂ܪܝܼ	boyfriend
ܫܹܐܪܵܐ	bracelet
ܡܘܼܚܵܐ	brain
ܦܲܫ̰ܵܢܵܐ	branch
ܕܵܡܘܼܓܸܐ	brand
ܢܲܚܫܝܼܪܬܵܢܵܐ	brave
ܬܪܵܥ݇ܝܬܵܐ	breach
ܠܲܚܡܵܐ	bread
ܬܒܲܪ	break
ܛܲܡܬܵܐ	breakfast
ܚܲܕ݂ܝܵܐ	breast
ܢܸܫܡܵܐ	breath
ܓܪܵܫܵܐ ܢܵܦܵܣ	breathe
ܡܦܵܪܸܚ	breed
ܩܲܪܡܝܼܕܬܵܐ	brick
ܟܲܠܬܵܐ	bride
ܓܫܵܪܵܐ	bridge
ܩܦܝܼܣܵܐ	brief
ܛܵܣܝܼ	bright
ܙܲܗܪܵܢܵܐ	brilliant
ܡܫܵܒ݂ܛܹܐ	bring
ܐܲܚܘܿܢܵܐ ܙܥܘܿܪܵܐ	bro
ܪܵܢܵܐ	broad
ܡܒܵܙܒܸܩ	broadcast
ܟܹܝܡ ܙܘܼܙܹ̈ܐ	broke
ܬܒ݂ܝܼܪܵܐ	broken
ܟܵܢܘܼܫܬܵܐ	broom
ܐܲܚܘܿܢܵܐ	brother
ܗܘܼܨܠܵܐ	brought
ܣܘܼܪܚܘܿܢ	brown
ܟ݈ܵܘܬܩܵܐ	brush
ܣܝܼܛܠܵܐ	bucket
ܒܲܪܚܘܼܒܵܐ	buddy
ܚܠܘܼܨܬܵܐ	budget
ܥܲܓ̰ܘܼܙܹܐ	bug
ܒܢܵܝܵܐ	build
ܒܹܢܝܵܢܵܐ	building
ܚܲܪܦܘܼܫܬܵܐ	built
ܓܹܡܕܵܐ	bulk
ܬܲܘܪܬܵܐ	bull
ܓܣܪ	bully
ܙܠܝܠܐ	bully
ܚܘܿܛܲܪܬܵܐ	bump
ܩܘܼܛܵܝܦܵܐ	bunch
ܒܘܼܓ݂ܟ̰ܵܐ	bundle
ܝܘܼܩܪܵܐ	burden
ܛܡܘܼܪܬܵܐ	buried
ܡܫܲܠܗܸܡ	burn
ܡܗܲܪܗܸܪ	burst
ܩܵܒ݂ܸܪ	bury
ܒܵܨܵܐ ܕܥܵܒ݂ܪ̈ܵܢܹܐ	bus
ܣܲܢܝܵܐ	bush
ܬܲܓܵܪܘܼܬ݂ܵܐ	business
ܩܵܦܠܵܐ	bust
ܠܒܝܼܟܵܐ	busy
ܐܝܼܢܵܐ	but
ܟܲܪܥܵܐ	butter
ܛܝܼܠܵܝܬܵܐ	butterfly
ܡܚܲܪܒܸܩ	button
ܙܵܒ݂ܸܢ	buy
ܒܝܼ   ܒܝܲܕ	by
ܛܵܠܸܒ	bye
ܟܵܠܵܡܵܐ	cabbage
ܚܸܕܵܟܵܪ	cabinet
ܒܲܝܬܵܐ ܕܨܲܝܕܵܐ	cage
ܟܵܘܟܵܐ	cake
ܥܸܓ݂ܠܵܐ	calf
ܙܥܵܩܵܐ	call
ܐܘܿܪܗܵܝ	called
ܪܡܝܼܣܵܐ	calm
ܐ݇ܬܹܐܠܝܼ	came
ܗܦܝܼܟ݂ܬܵܐ	campaign
ܓܐܢ	can
ܒܛܠ ܐܒܛܠ  ܫܪܐ	Cancel
ܚܘܵܪܝܼ	cancer
ܓܲܚܘܼܟ݂ܬܵܢܵܐ	capable
ܡܸܬܪܲܓܫܵܢܘܼܬܵܐ	capacity
ܪܝܼܫܡܵܠܵܐ	capital
ܡܢܗܪܬܐ	caption
ܦܘܫܩܐ	caption
ܫܒ݂ܵܐ	capture
ܪܵܕܝܼܬܵܐ	car
ܨܲܢܥܲܬ	career
ܐܹܗܡܵܠ	careful
ܐܲܟܝܼܦܵܐܝܼܬ	carefully
ܐܵܢܵܝܵܐ	caring
ܢܲܓܵܪܵܐ	carpenter
ܚܵܠܝܼ	carpet
ܓܹܙܵܪܵܐ	carrot
ܛܵܥܹܢ	carry
ܢܘܼܥ	case
ܢܲܩܕ	cash
ܦܵܣܹܣ	cast
ܚܸܣܢܵܐ	castle
ܠܐ ܪܘܫܡܝܐ	casual
ܩܵܛܘܿ	cat
ܡܨܵܝܸܕ݂	catch
ܩܲܛܝܼܓ݂ܘܿܪܝܼܵܐ	category
ܩܸܢܝܵܢܵܐ	cattle
ܨܸܢܵܪܬܵܐ	caught
ܡܲܥܘܘܿܝܹܐ	cause
ܙܗܝܼܪܘܼܬܵܐ	caution
ܗܸܫܝܵܪ	cautious
ܡܥܲܪܬܵܐ	cave
ܟܠܵܝܬܵܐ ܡ̣ܢ	cease
ܫܡܲܝ̈ ܒܲܝܬܵܐ	ceiling
ܥܒ݂ܲܕ ܥܹܐܕܵܐ	celebrate
ܒܹܝܬܘܼܢܵܐ	cell
ܡܸܨܥܵܐ	center
ܕܘܿܪܵܐ	century
ܡܸܬܛܲܚܢܵܢܵܐ	cereal
ܙܘܼܝܵܚܵܐ	ceremony
ܐܲܣܣܵܐ	certain
ܒܲܓܪܝܼܡܘܼܬ݂ܵܐ	certainly
ܦܪܘܿܕܲܕܩܵܐ	certificate
ܫܝܼܫܠܵܐ	chain
ܟܘܼܪܣܝܵܐ	chair
ܩܲܫ̰ܕܲܪܬܵܐ	challenge
ܣܘܼܩܒܵܠܵܐ	chance
ܡܸܫܬܲܚܠܦܵܢܘܼܬܵܐ	change
ܬܘܼܗ ܘܒܘܼܗ	chaos
ܕܝܼܠܵܝܬܵܐ	character
ܫܵܐܗܙܵܕܘܼܬܵܐ	characteristics
ܒܲܪܒܘܼܪܹܐ	charge
ܦܸܬܪܵܐ	charity
ܐܲܦ̮ܣܘܿܢܘܼܬܵܐ	charming
ܛܲܒ݂ܠܝܼܬܵܐ	chart
ܛܪܵܕܵܐ	chase
ܟ̰ܲܟ̰ܪܵܐ	chat
ܚܲܣܝܼܣ	cheap
ܙܵܓ݂ܸܠ	cheat
ܕܲܓ݂ܵܠܘܼܬܵܐ	cheating
ܫܛܵܪ ܣܝܼܡܬܵܐ	check
ܚܲܒܘܼܫܬܵܐ ܕܦܵܬܵܐ	cheek
ܡܲܒܣܸܡ	cheer
ܫܵܕ	cheerful
ܡܲܩܢܲܥܬܵܐ	cheers
ܓܹܒܬܵܐ	cheese
ܟܝܼܡܝܵܐ	chemistry
ܐܬܥܙܙ	cherish
ܥܙ ܒܗ	cherish
ܛܠܲܦܣܵܢܹ̈ܐ	chess
ܨܲܕܪܵܐ	chest
ܡܒܲܠܥܸܣ	chew
ܐܸܟܕܲܝܬܵܐ	chicken
ܪܝܼܫܵܢܵܝܵܐ	chief
ܦܲܪܘܵܪܝܼ	child
ܙܥܘܿܪܘܼܬ݂ܵܐ	childhood
ܓܲܪܘܸܣ	children
ܡܲܡܲܙܬܵܐ	chill
ܩܦܐ	chimneys
ܬܢܢܐ	chimneys
ܡܘܓܐ	chimneys
ܟܲܠܙܘܼܙܵܐ	chin
ܫܪܢܝܝܐ	chocolate
ܫܘܟܘܠܬܐ	chocolate
ܚܠܝܘܬܐ	chocolate
ܡܓܘܼܒܝܵܐ	choice
ܡܓܲܒܘܿܝܹܐ	choose
ܡܨܵܠܸܚ	chop
ܦܘܠܚܢܐ ܥܝܕܝܐ	chores
ܘܠܝܬܐ ܕܒܝܬܐ	chores
ܙܲܦܹܐ	chubby
ܥܸܕܬܵܐ	church
ܩܘܼܢܵܡܵܐ	cinnamon
ܕܵܐܝܼܪܵܐ	circle
ܗܝܵܝܘܼܬܵܐ	circumstances
ܒܲܪ ܐܲܬ݂ܪܵܐ	citizen
ܡܕܝܼܢ݇ܬܵܐ	city
ܥܸܕܥܵܐ ܥܒ݂ܵܕܵܐ	claim
ܨܵܦܘܿܝܹܐ	clarify
ܟܠܵܣ	class
ܛܝܼܢܵܐ	clay
ܕܟ݂ܵܝܵܐ	clean
ܙܗܵܪܵܐ	clear
ܟܲܪܛܘܿܠܵܪܵܐ	clerk
ܝܲܕܘܼܥܝܵܐ	clever
ܙܒܘܢܐ	client
ܫܸܢܵܐ	cliff
ܩܠܝܼܡܵܐ	climate
ܣܵܠܹܩ	climb
ܫܘܠܬܐ	clingy
ܕܒܘܫܢܐ	clingy
ܕܒܘܩܢܐ	clingy
ܟܘܼܬ݂ܵܪܵܐ	clock
ܟ̰ܥܵܡܵܐ	close
ܒܹܝܬ݂ ܡܲܚܪܝܵܐ	closet
ܐܵܦܵܝܬܵܐ	cloth
ܓܘܼ̈ܠܹܐ	clothes
ܥܲܝܒ݂ܵܐ	cloud
ܥܢܵܢܵܝܵܐ	cloudy
ܡܘܿܝܕܵܐ	clown
ܒܲܠܓܵܐ	clue
ܥܘܪܙܠܐ	clumsy
ܥܣܣܐ	clumsy
ܩܘܼܒܘܼܚܬܵܐ	cluster
ܟܵܠܸܣܟܵܐ	coach
ܦܲܚܡܵܐ	coal
ܣܸܦܬ݂ܐ ܕܝܵܡܵܐ	coast
ܐܲܒܪܵܐ	coat
ܩܲܗܘܵܐ	coffee
ܡܸܣܬܲܟܠܵܢܘܼܬܵܐ	cognitive
ܟܘܼܝܵܢܵܐ	coincidence
ܩܲܪܬ݂ܵܐ	cold
ܡܣܲܚܦܘܼܬܵܐ	collapse
ܒܲܪ ܩܕܵܠܵܐ	collar
ܒܲܪ ܬܸܓ݂ܡܵܐ	colleague
ܟܢܵܘ̈ܵܬܹܐ	colleagues
ܡܒܲܝܘܿܫܹܐ	collect
ܒܵܪܲܒܘܼ	collection
ܣܵܟ݂ܵܢܘܼܬ݂ܵܐ	college
ܪܘܼܢܓ݂ܸܢܵܐ	color
ܪܲܢܓܵܐ	colour
ܣܵܕܹܪ	column
ܡܲܣܘܼܪܩܵܐ	comb
ܡܵܙܘܿܓܘܼܬܵܐ	combination
ܚܵܠܹܛ	combine
ܡܛܵܝܵܐ	come
ܐ݇ܬܵܐ ܠܵܐܟ݂ܵܐ	come here
ܪܵܗܲܬ	comfort
ܪܵܗܲܬ	comfortable
ܡܸܐܬܝܵܐ	coming
ܦܘܼܩܕܵܢܵܐ	command
ܐܲܢܗܲܪ	comment
ܬܸܐܓ݂ܘܿܪܬܵܢܵܝܵܐ	commercial
ܣܝܼܥܬܵܐ	commission
ܓܵܐܸܪ	commit
ܡܸܫܬܲܐܠܵܢܘܼܬ݂ܵܐ	commitment
ܡܲܚܠܘܼܝܹܐ	committed
ܟܘܵܪܵܐ	commodity
ܥܝܵܕܵܝܵܐ	common
ܩܵܪܸܒ݂	communicate
ܨܚܵܚܬܵܐ	communication
ܩܲܝܢܘܿܢ	community
ܟܢܵܬܵܐ	companion
ܠܘܵܝܵܐ	company
ܦܲܚܸܡ	compare
ܦܘܼܚܵܡܵܐ	comparison
ܓܵܝܘܼܠܘܼܬܵܐ	compassion
ܪܲܚܦܵܢܵܐ	compassionate
ܠܲܓ̰	compete
ܡܗܝܼܢܵܐ	competent
ܡܘܼܪܵܝܵܐ	competition
ܥܒ݂ܵܕ ܐܵܓܘܼܢܵܐ	competitive
ܐܸܫܬܲܝܚܲܢ	complain
ܥܘܼܕܵܠܵܐ	complaint
ܡܲܟܡܠܵܢܵܐ	complement
ܒܹܬܘܼܢ	complete
ܟܘܼܠܵܢܵܐܝܼܬ	completely
ܒܗܝܼܠܵܐ	complex
ܡܲܨܝܲܬܬܵܐ	compliance
ܡܩܲܛܪܵܐ	complicated
ܚܵܒܵܪܬܵܐ	compliment
ܕܢܵܐ	comply
ܪܘܼܟܵܒ݂ ܡܸܠܹܐ	composition
ܫܡܵ̈ܗܹܐ ܡܪܲܟܒ݂ܹܐ	compound
ܡܲܕܪܟܵܢܘܼܬܵܐ	comprehension
ܚܵܒ݂ܘܼܫܵܐ	comprehensive
ܣܵܘܹܕ	compromise
ܡܸܬܒܲܥܝܵܢܵܐ	compulsory
ܚܲܫܘܼܒ݂ܵܐ	computer
ܐܨܕ	concentrate
ܪܒܨ	concentrate
ܩܛܪܢ	concentrate
ܬܹܐܘܼܪܝܼܵܐ	concept
ܕܘܼܥܵܪܵܐ	concern
ܡܗܲܕܣܵܢܵܐ	concerned
ܫܲܘܝܘܼܬ ܩܵܠܵܐ	concert
ܥܒ݂ܝܼܕܵܐ	conclusion
ܫܡܵܐ ܡܸܬܪܲܓ݂ܫܵܢܵܐ	concrete
ܟܵܗܲܪ	condition
ܥܲܗܝܼܢܵܐ	conditions
ܣܸܥܪܸܬܵܐ	conduct
ܠܘܼܡܵܕ݂ܵܐ	conference
ܛܥܵܢܵܐ ܠܩܕܵܠܵܐ	confess
ܬܘܼܟ݂ܠܵܢܵܐ	confidence
ܐܲܪܚܵܝܹܢ	confident
ܬܲܓ̰ܪܝܼܒܵܐ	confirm
ܬܲܟܬܘܼܫܵܐ	conflict
ܫܵܝܘܿܫܵܐ	confused
ܫܘܼܓ݂ܢܵܝܵܐ ܕܗܲܘܢܵܐ	confusion
ܗܘܼܢܵܝܹ̈ܐ	congrats
ܗܘܼܢܵܝܹ̈ܐ	congratulations
ܣܘܿܢܵܕܝܼܣܵܐ	conjunction
ܚܢܵܡܘܼܬ݂ܵܐ	connect
ܓ݂ܠܵܒܵܐ	conquer
ܪܥܝܵܢܹܗ	conscious
ܗܘܼܫܘܼܬ݂ܵܐ	consciousness
ܫܵܠܡܘܼܬ݂ܵܐ	consent
ܚܸܪܒܵܐ	consequences
ܡܢܛܪܢܐ	conservative
ܢܛܘܪܐ	conservative
ܐܘܦܪܟܐ	conservative
ܗܵܪܸܓ	consider
ܪܲܓ̰ܵܒ	considered
ܕܲܒܘܼܩܵܐ	consistency
ܡܠܝܼܠܵܐ	consistent
ܚܲܡܣܢܵܢܵܐ	constant
ܕܵܐܝܹܡ	constantly
ܟ̰ܹܠܵܙܵܐ	construction
ܐ݇ܟ݂ܘܿܠ	consume
ܡܕܲܝܒܵܢܘܼܬܵܐ	consumption
ܛܲܦܝܵܢܵܐ ܡܲܪܥܵܐ	contact
ܡܛܦܐ	contagious
ܚܘܒܠܢܝܐ	contagious
ܚܒ݂ܵܫܵܐ	contain
ܐܲܪܙܵܐ	contains
ܒܲܪܙܲܒ݂ܢܵܐ	contemporary
ܓܘܼܢܵܨܵܐ	contempt
ܡܲܒܣܸܡ	content
ܡܘܼܪܵܝܵܐ	contest
ܡܲܪܕܝܼܬ ܡܸܠܬܵܐ	context
ܒܹܝܬ ܐܵܡܸܪܝܼܓ	continent
ܥܙܵܐ	continue
ܡܕܲܝܘܿܢܹܐ	contract
ܬܹܐܘܿܪܝܼܛܝܼܩܵܝܵܐ	contrast
ܫܘܦܬܦ ܡܫܘܬܦ	contribute
ܡܫܵܘܬܦܘܼܬܵܐ	contribution
ܙܲܒܛܲܢܬܵܐ	control
ܡܕܪܫܢܐ	controversial
ܐܪܘܥܝܐ	controversial
ܫܘܼܪܫܵܝܵܐ	convenience
ܥܒ݂ܵܕܵܝܵܐ	convenient
ܫܘܼܥܝܼܬ݂ܵܐ	conversation
ܩܲܬܠܘܿܩܹܐ	convert
ܠܵܒܘܿܠܹܐ	convey
ܡܗܲܡܸܢ	convince
ܡܒܲܫܠܵܢܵܐ	cook
ܒܫܵܠܵܐ	cooking
ܦܵܝܓܵܐ	cool
ܣܵܡܘܿܟ݂ܘܼܬܵܐ	cooperation
ܦܲܩܝܼܠܵܐ	cope
ܨܸܦܵܪܵܝܵܐ	copper
ܡܣܵܣܵܐ	core
ܟܵܬ݂ܵܐ	corn
ܩܘܼܢܓ̰ܝܼܬܵܐ	corner
ܪܲܓܘܼܫܬܵܢܵܝܵܐ	correct
ܕܩܵܪܵܐ	cost
ܡܲܪܛܘܼܛܵܐ	costume
ܩܪܝܼܫܵܐ	cottage
ܫܲܕܝܵܢܵܐ ܕܟܬܵܢܵܐ	cotton
ܓܪܵܣܛܝܼܐ	couch
ܫܥܘܿܠܵܐ	cough
ܡܸܪܕܵܐ	could
ܣܘܿܢܗܵܕܝܼܩܵܝܵܐ	council
ܡܢܵܐ	count
ܡܲܢܝܵܢܵܐ	counter
ܐܲܬ݂ܪܵܐ	country
ܒܢܲܝ ܡܵܬ݂ܵܐ	countryside
ܙܲܘܸܓ	couple
ܡܲܪܵܚܘܼ	courage
ܐܵܦܗܵܡܵܐ	course
ܒܹܝܬܕܝܼܢܵܐ	court
ܫܘܼܕܵܠܵܐ	courtesy
ܒܲܪܥܵܡܵܐ	cousin
ܠܦܵܦܵܐ	cover
ܬܘܿܪܬܵܐ	cow
ܙܲܝܵܥܵܐ	coward
ܪܵܗܲܬ	cozy
ܣܲܪܛܵܢܵܐ	crab
ܙܵܠܸܥ	crack
ܡܕܲܪܡܘܼܬܵܐ	craft
ܠܵܪܣܘܼܬ݂ܵܐ	crap
ܟ̰ܲܚܟ̰ܘܼܚܹܐ	crash
ܫܲܦܫܸܦ	crawl
ܚܲܒܵܫܵܐ	crazy
ܡܪܲܙܘܼܓܹܐ	create
ܗܘܼܢܵܪܒܵܢܕ	creative
ܢܸܣܝܵܐ	credit
ܓ݂ܓ̰ܵܓܸܓ̰	creep
ܡܲܙܕܸܥܵܢܵܐ	creepy
ܣܝܣܪܬܐ	crew
ܝܗܠܐ ̤ ܕܣܬܐ	crew
ܥܲܢܵܬܵܐ	crime
ܟܪܡܫ	cringe
ܩܦ	cringe
ܥܕܵܢܵܐ ܥܹܩܬܵܐ	crisis
ܡܫܘܚܬܐ	criteria
ܡܬܩܠܐ	criteria
ܟܝܠܐ	criteria
ܩܪܝܼܛܝܼܩܵܝܵܐ	critical
ܪܸܫܝܵܢܵܐ	criticism
ܕܲܟ݂ܠܵܐ	crop
ܥܘܼܓܵܠܵܐ	crops
ܨܠܝܼܒ݂ܵܐ	cross
ܩܪܵܝܬܵܐ ܕܩܵܪܘܿܘܵܐ	crow
ܚܟ̰ܵܪܵܐ	crowd
ܡܬܲܦܪܸܩ	crowded
ܬܵܓ݂ܵܐ	crown
ܡܵܪܵܟܵܐ	crucial
ܙܵܐܠܹܡ	cruel
ܛܚܵܢܵܐ	crush
ܓܵܘܸܚ	cry
ܟ݂ܝܵܪܵܐ	cucumber
ܥܢܩܐ	cuddle
ܚܦܩܐ	cuddle
ܡܲܪܕܘܼܬ݂ܵܐ	culture
ܢܟܘܠܬܢܐ	cunning
ܢܟܝܠܘܬܐ	cunning
ܦܢܕܢܐ	cunning
ܟܵܣܵܐ	cup
ܣܬܪܐ	cupboard
ܕܘܠܒܐ	cupboard
ܚܙܝܢܐ	cupboard
ܓܙܐ	cupboard
ܙܓܵܪܵܐ	curb
ܡܒܵܣܲܡܬܵܐ	cure
ܥܘܟܪ ܓܠܘܬܐ	curfew
ܟܠܝ ܚܕܪܐ	curfew
ܓܠܝܙܘܬ ܓܠܘܬܐ	curfew
ܗܵܕܘܿܣܵܐܝܼܬ	curiosity
ܗܵܕܘܿܣܵܐ	curious
ܟܸܪܛܵܢܵܐ	curly
ܫܸܠܝܼܢܓ	currency
ܒܲܪܙܲܒ݂ܢܵܝܵܐ	current
ܗܫܐܝܬ	currently
ܠܝܵܛܵܐ	curse
ܦܲܪܕܵܐ	curtain
ܒܹܣܵܕܝܵܐ	cushion
ܥܝܵܕܵܐ	custom
ܡܘܼܫܬܵܪܝܼ	customer
ܕܲܡܓ݂ܵܐ	customs
ܦܲܪܸܬ݂	cut
ܚܠܝܐ ܫܦܝܪܐ	cute
ܩܘܿܩܠܝܼܘܿܢ	cycle
ܐܲܪܘܼܦܵܐ	cycling
ܟܵܟܘܿ	dad
ܐܲܕܵܐ	daddy
ܝܘܿܡܵܢܵܝܵܐ	daily
ܙܲܗܡܵܐ	dairy
ܣܸܟܪܵܐ	dam
ܙܵܦܵܪ	damage
ܠܘܛܬܐ	damn
ܢܲܛܘܼܠܵܐ	damp
ܪܸܩܕܵܐ	dance
ܩܲܢܝܼܛܘܼܬܵܐ	danger
ܒܙܕܘܼܥܬܵܐ	dangerous
ܚܸܫܘܼܟܵܐ	dark
ܚܲܒܝܼܒܬܵܐ	darling
ܛܪܵܦܵܐ	dash
ܦܬܚܐ	data
ܒܘܝܢܐ	data
ܡܠܝܠܘܬܐ	data
ܬܲܡܪܵܐ	date
ܒܪܵܬ݂ܵܐ	daughter
ܝܵܘܡܵܐ	day
ܡܝܼܬ݂ܵܐ	dead
ܣܘܼܩܵܡܵܐ	deadline
ܕܘܼܓܵܐ	deaf
ܡܸܢܝܵܢܵܐ ܟܲܒܝܼܪܵܐ	deal
ܓܪܵܢܝܼ	dear
ܝܵܐ ܐܲܒ݂ܵܗܹ̈ܐ ܡܘܼܚܸܒܹ̈ܐ	Dear Parents
ܝܵܐ ܡܝܲܩܪܵܐ	Dear Sir
ܝܵܐ ܐܸܣܟܘܿܠܵܝܹ̈ܐ	Dear students
ܝܵܐ ܐܹܕܵܪܵܐ	Dear Team
ܡܵܘܬ݂ܵܐ	death
ܒܹܝܬܕܘܼܪܵܫܵܐ	debate
ܕܲܝܢܵܢܵܐ	debit
ܒܲܪܒܵܐܕ	debris
ܕܲܝܢܵܐ	debt
ܥܣܝܼܪܘܼܬܵܐ	decade
ܗܲܠܗܘܼܠܹܐ	decay
ܥܲܢܝܼܕܬܵܐ	deceased
ܛܸܒܸܬ	december
ܩܒܝܠܵܐ	decent
ܐܦܵܣܵܐ	decide
ܩܛܝܼܥܵܐ	decided
ܦܘܼܣܩܵܢܵܐ	decision
ܡܲܫܩܘܼܠܹܐ	deck
ܣܘܼܛܵܝܵܐ	decline
ܒܘܼܨܵܪܵܐ	decrease
ܒܹܝܬ ܣܵܗ݇ܕܹܐ	dedicated
ܡܟܲܗܢܵܢܘܼܬܵܐ	dedication
ܓܵܪܸܫ ܕܪܵܥܢܵܐ	deed
ܣܘܼܪܡܵܝܝܼ	deep
ܐܲܝܠܵܐ	deer
ܒܨܝܪܘܬܐ  ܚܘܫܒܐ	default
ܬܒܵܪܬܵܐ	defeat
ܕܵܒ݂ܸܩ ܚܵܨܵܐ ܕ	defend
ܬܚܸܡ	define
ܕܠܵܐ ܟܒܲܪ	definitely
ܡܬܲܚܡܵܢܘܼܬܵܐ	definition
ܕܲܪܓܪܵܐ	degree
ܬܵܘܚܲܪܬܵܐ	delay
ܡܬܵܘܚܸܪ	delayed
ܙܵܪܸܛ	delete
ܗܘܼܓܝܵܐ	deliberate
ܢܲܩܕܘܼܢܵܐ	delicate
ܒܲܣܝܼܡܵܐ	delicious
ܡܲܦܨܘܿܚܹܐ	delight
ܓܹܐܘܼܬܵܢܵܐ	delighted
ܡܲܝ݇ܠܘܼܕܹܐ	deliver
ܗܘܼܓ݈ܲܬ	delivered
ܣܘܼܦܵܝܵܐ	delivery
ܬܒܵܥܵܐ	demand
ܡܲܥܡܠܵܢܵܐ	demanding
ܕܝܡܘܩܪܛܝܘܬܐ	democracy
ܣܵܛܵܢܵܐ	demon
ܡܲܙܒܘܼܛܹܐ	demonstrate
ܥܲܒܘܼܛܘܼܬܵܐ	density
ܕܲܢܕܵܐܢܣܵܐܙ	dentist
ܕܲܠܩܸܒ݂	deny
ܐܸܓܡܘܿܢܵܐ	department
ܡܐ݇ܙܵܠܬܵܐ	departure
ܡܗܘܼܝܡܢܵܐ	depend
ܦܲܪܲܬܝܼܩܵܐ	deposit
ܐܠܵܨܵܐ	depressed
ܩܵܘܛܵܦܵܐ	depression
ܥܘܼܡܩܵܐ	depth
ܕܘܢ	describe
ܬܵܪܝܼܦ	description
ܒܲܪܝܼܵܐ	desert
ܛܵܐܸܒ݂	deserve
ܐܵܪܕܸܚܠܵܐ	design
ܡܸܬܬܲܣܪܚܵܢܘܼܬܵܐ	designation
ܣܘܝܚܘܼܬܵܐ	desire
ܛܲܒܠܝܼܬܵܐ	desk
ܡܵܘܚܠܘܼܬܵܐ	despair
ܥܲܠܝܼܨܵܐ	desperate
ܡܲܣܠܵܝܬܵܐ	despite
ܫܪܢܝܝܐ	dessert
ܚܠܝܘܬܐ	dessert
ܡܲܡܛܘܼܝܹܐ	destination
ܚܸܠܩܵܐ	destiny
ܚܲܒܸܠ	destroy
ܦܘܼܢܝܵܢܵܐ	destruction
ܬܲܦ̮ܨܝܼܠ	detail
ܫܹܡ ܣܘܼܪܵܢܵܐ	details
ܚܵܫܹܫ	detect
ܩܘܼܕܪܘܼܬ݂ܵܐ	determination
ܓܪܵܡܵܐ	determine
ܩܛܝܼܥܵܐ	determined
ܬܠܚ	devastated
ܫܡܛܢܐ	devastated
ܐܒܕ	devastated
ܡܲܘܥܝܵܢܵܐ	develop
ܫܲܦܝܼܪܘܼܬ ܓܲܒ݂ܪܘܼܬܵܐ	developed
ܒܫܝܼܠܘܼܬܵܐ	development
ܛܘܿܟ݂ܵܢܵܐ	device
ܣܵܛܵܢܵܐ	devil
ܫܘܼܦܪܵܢܵܝܵܐ	devoted
ܡܵܪܥܵܐ ܕܫܸܟܵܪ ܙܢܵܐ ܕܚܵܕ	diabetes
ܠܟܸܒ݂ܟܲܪܣܵܐ	diarrhea
ܡܲܥܗܕܵܢܝܼܬܵܐ	diary
ܦܵܫܘܼܩ ܡܸܠܹ̈ܐ	dictionary
ܠܵܐ ܒܪܹܐ ܠܵܗܿ	did
ܡܵܘܗܪܬܵܣ	die
ܡܝܼܬ݂ܵܐ	died
ܡܹܐܟ݂ܘܼܠܬܵܐ	diet
ܦܘܼܪܵܫܵܐ	difference
ܡܫܲܚܠܦܵܐ	different
ܥܲܣܩܵܐ	difficult
ܚܦܵܪܵܐ	dig
ܐܵܒܘܼܪ	dignity
ܐܟ݂ܵܠ݇ܪܲܡܫܵܐ	dinner
ܨܒܥ	dip
ܡܲܨܸܚ	direct
ܣܲܡܬ	direction
ܫܲܒ݂ܵܠܵܐ	director
ܩܸܪܝܼܫ	dirt
ܨܲܥܠܵܐ	dirty
ܥܲܓܘܼܒܹܐ	disable
ܩܘܼܠܣܸܢܵܐ	disabled
ܡܝܼܣܬ	disappear
ܒܐܝܫ ܓܕܐ	disappointed
ܒܲܠܵ̈ܝܹܐ	disaster
ܓܵܘܸܠ	discard
ܪܲܫܵܒܹܐ	discharge
ܬܵܐܪܘܼܬܵܐ	discipline
ܬܲܢܙܝܼܠ	discount
ܟܵܫܸܦ	discover
ܓܙܝܼܡܵܐܝܬ	discrimination
ܡܲܕܟ݂ܘܼܪܹܐ	discuss
ܒܹܝܬܕܘܼܪܵܫܵܐ	discussion
ܡܲܪܥܵܐ	disease
ܡܲܪܥܵܝܵܐ	diseases
ܡܛܫܝܬܐ	disguise
ܣܪܒܐ	disguise
ܣܪܒ	disguise
ܓܲܢܓܸܙܵܢܵܐ	disgusting
ܩܵܩܘܿܢܬܵܐ	dish
ܡܩܲܪܕܸܚ	dishes
ܡܫܵܡܸܪ	dismiss
ܫܠܲܚ	dispatch
ܓܠܝܼܚܘܼܬܵܐ	display
ܡܲܣܒ݂ܵܐ ܘܡܲܬܠܵܐ	dispute
ܪܘܼܚܩܵܐ	distance
ܒܲܠܘܼ	distinct
ܒܕܵܠ	distinguish
ܐܲܢܘܼܣܝܼܵܐ	distress
ܡܕܲܒܪܘܼܬܵܐ	distribution
ܫܬܵܙܸܢ	district
ܫܚܩ	disturb
ܕܠܚ	disturb
ܕܘܕ	disturb
ܡܲܬܲܒ݂ܬܵܐ ܕܘܵܪ	ditch
ܥܵܡܹܫ	dive
ܦܪܝܫܐ	diverse
ܙܢܝܐ	diverse
ܙܢܵܢܵܝܘܼܬ݂ܵܐ	diversity
ܡܩܲܛܩܸܛܥ	divide
ܐܲܠܵܗܵܝܵܐ	divine
ܕܘܼܠܵܠܵܐ	divorce
ܨܕܪ	dizzy
ܨܘܪܐ	dizzy
ܥܵܒ݂ܸܕ݂	do
ܟܹܐ ܡܲܚܸܒܸܬ ܠܝܼ؟	do you love me
ܐܵܣܝܵܐ	doctor
ܕܝܼܩܵܐܘܿܡܲܛܵܐ	document
ܠܵܐ ܕܵܒ݂ܩܵܐ	does
ܟܲܠܒܵܐ	dog
ܥܒ݂ܵܕܬܵܐ	doing
ܒܘܼܩܬܵܐ	doll
ܒܲܝܬܵܝܵܐ	domestic
ܦܲܩܕܵܢܵܐ	dominant
ܠܐ ܥܒܕܬ	don't
ܠܐ	don't
ܥܒ݂ܝܼܕܵܐ	done
ܚܡܵܪܵܐ	donkey
ܙܪܙ	dope
ܚܠܝܨܘܬܐ	dope
ܚܲܕ݇ ܒܬܪܹܝ	double
ܢܵܛܹܠ	doubt
ܠܲܝܫܵܐ	dough
ܥܸܠܹܠ ܐܸܠܬܹܚܬ	down
ܦܘܿܕܩܲܣܛ	download
ܝܵܐܒܝܼ	draft
ܡܓܲܪܓܸܫ	drag
ܡܲܢܫܘܼܦܹܐ	drain
ܕܪܵܡܵܐ	drama
ܕܠܝ	draw
ܣܘܼܪܵܛܵܐ	drawing
ܕܸܚܠܬܵܐ	dread
ܚܸܠܡܵܐ	dream
ܣܘܼܕܪܵܐ	dress
ܡܲܩܲܒܬܵܐ	drill
ܡܲܫܬܝܵܐ	drink
ܡܲܕܸܠ	drive
ܛܘܼܦܬ݂ܵܐ	drop
ܢܦܝܼܠܵܐ	dropped
ܝܲܒ݂ܫܵܢܵܐ	drought
ܫܲܬܵܝܵܐ	drunk
ܒܵܪܘܿܙܵܐ	dry
ܒܲܛܵܐ	duck
ܚܒܪܝ	dude
ܠܘܝܝ	dude
ܠܩܝܼܫܵܐܝܼܬ	due
ܣܘܼܣܵܢܝܼ	dull
ܕܠܵܐ ܡܲܡܠܠܵܐ	dumb
ܩܸܩܸܠܬܵܐ	dump
ܢܲܓܝܼܪܘܼܬܵܐ	duration
ܓ̰ܘܲܡܠܵܢܵܐ	during
ܚܸܠܵܐ	dust
ܘܵܓ̰ܹܒܘܼܬ݂ܵܐ	duty
ܒܝܵܬ݂ܵܐ	dwell
ܡܝܼܬ݂ܘܼܬ݂ܵܐ	dying
ܥܘܼܚܕܵܕܹܐ	each
ܡܘܼܫܬܵܟ	eager
ܢܸܫܪܵܐ	eagle
ܢܵܬ݂ܵܐ	ear
ܩܘܼܕܡܵܐܝܼܬ	earlier
ܡܸܛܪܵܐ ܗܵܪܵܘܵܫ	early
ܩܛܵܦܵܐ	earn
ܢܵܬ̈ܝܵܬܹܐ	ears
ܥܲܦܪܵܐ	earth
ܙܘܼܠܙܵܠܵܐ	earthquake
ܫܘܼܪܫܵܝܵܐ	ease
ܒܣܲܢܵܝܘܼܬ݂ܵܐ	easily
ܡܲܕܢܲܚ ܓܲܪܒܵܝ	east
ܗܵܣܵܢܵܝ	easy
ܐܵܟ݂ܸܠ	eat
ܟ݂ܘܵܪ ܓܲܪ̈ܡܹܐ	eating
ܐܸܩܘܿܢܘܿܡܝܼܵܐ	economic
ܐܸܩܘܿܢܘܿܡܝܼܵܐ	economy
ܛܲܪܦܘܼܛܸܐ	edge
ܝܘܼܠܦܵܢܵܐ	education
ܡܸܬܲܒ݂ܕܵܢܘܼܬܵܐ	effect
ܡܲܥܒܕܵܢܵܐ	effective
ܡܗܝܪܘܬܐ	efficiency
ܣܦܩܘܬܐ	efficiency
ܡܗܝܼܢܵܐ	efficient
ܝܵܨܘܿܦܘܼܬܵܐ	effort
ܒܝܼܥܬܵܐ	egg
ܒ̈ܢܵܬ݂ ܓܲܢܹ̈ܐ	eggplant
ܡܫܲܩܠܘܼܬܵܐ	ego
ܬܡܵܢܹܐ	eight
ܬܡܵܢܸܥܣܲܪ	eighteen
ܬܡܵܢܝܼܢ	eighty
ܝܵܐ	either
ܡܩܲܛܪܵܐ	elaborate
ܝܲܨܝܼܠܵܐ	elbow
ܩܲܫܝܼܫܵܐ	elder
ܣܵܒ݂ܵܐ	elderly
ܦܲܨܵܚܵܐ	elegant
ܐܸܣܛܘܿܟܣܵܐ	element
ܦܝܼܠܵܐ	elephant
ܚܲܕܸܥܣܲܪܘܿܢܬܲܝܗܝ	eleven
ܡܸܬܩܲܒܠܵܢܵܐܝܼܬ	eligible
ܡܛܵܠܸܩ	eliminate
ܐܸܢܸܚܘܵܐ	else
ܐܠܝܨܐ  ܠܙܝܙܐ	embarrassed
ܡܲܒܗܬܵܢܵܐ	embarrassing
ܥܦܘܿܩܝܵܐ	embrace
ܢܒ݂ܵܨܵܐ	emerge
ܥܕܵܢܵܐ ܥܹܩܬܵܐ	emergency
ܚܵܣܵܐܪܵܬ	emotional
ܚܢܢܐ	empathy
ܥܛܘܦܝܐ	empathy
ܡܲܚܙܵܝܬ ܚܲܝܠܵܐ	emphasis
ܡܫܪܪܬܐ	emphasize
ܦܵܠܵܚܵܐ	employee
ܟܘܼܢܵܫ ܦܵܠܚܹ̈ܐ	employees
ܡܕܲܝܠܵܢܵܐ	employer
ܠܘܿܓܝܼܩܘܿܢ	employment
ܣܦܝܼܩܵܐ	empty
ܡܲܡܨܹܐ	enable
ܐܵܪܘܿܥܘܼܬܵܐ	encounter
ܡܠܲܒܸܢ	encourage
ܚܘܼܬܵܡܵܐ	end
ܟ̰ܵܠܝܼܫ	endeavor
ܡܩܵܘܝܵܢܘܼܬܵܐ	endurance
ܬܲܩܝܼܦܘܼܬܵܐ	endure
ܕܸܫܡܸܢ	enemy
ܒܘܼܠܓܵܢܵܐ	energy
ܫܓ݂ܵܡܵܐ	engage
ܝܵܨܘܿܦܵܐ	engaged
ܫܸܓ݂ܡܵܐ	engagement
ܟܸܪܟ݂ܵܢܵܐ	engine
ܡܲܟܢܝܼܩܵܐ	engineer
ܐܢܓܠܝܫܝܐ   ܐܢܓܠܝܫ	English
ܡܟܵܡܸܠ	enhance
ܡܲܒܣܸܡ	enjoy
ܓܕܝܼܪܘܼܬܵܐ	enormous
ܒܲܣܵܐ	enough
ܥܪܒܘܬܐ	ensure
ܡܫܪܪ	ensure
ܥܲܠ	enter
ܫܲܒܵܚܵܝܪ	entertainment
ܓ݂ܵܝܪܵܬ	enthusiasm
ܚܵܣܘܿܡܵܐ	enthusiastic
ܡܫܲܠܡܵܢܵܐ	entire
ܓܵܒܝܵܢܵܐ	entitled
ܗܿܘ ܕܠܲܝܬ	entity
ܡܲܥܠܵܢܵܐ	entrance
ܦܪܩܢܐ	entrepreneur
ܩܨܨܢܐ	entrepreneur
ܦܵܟܝܼܕ	envelope
ܡܵܚܕܘܼܪܵܐ	environment
ܚܲܣܡܘܼܬܵܐ	envy
ܗܘܼܡܵܣܵܝܵܐ	epic
ܬܘܼܢܒܵܝܵܐ	epidemic
ܫܲܘܝܵܐ	equal
ܡܙܲܝܢܘܼܬܵܐ	equipment
ܙܲܟܵܝܘܼܬܵܐ	equity
ܫܲܘܝܵܐ	equivalent
ܡܗܝܐ	eraser
ܫܝܦܢܬܐ	eraser
ܫܝܦܐ	eraser
ܛܸܥܝܘܼܬ݂ܵܐ	error
ܡܲܡܕܵܢܘܼܬܵܐ	escape
ܝܼܚܝܼܕ݂ܵܐܝܼܬ݂	especially
ܓ̰ܲܪܲܒܬܵܐ	essay
ܐܝܼܬܘܼܬܵܐ	essence
ܐܘܼܣܝܼܵܝܵܐ	essential
ܡܨܲܚܸܚ	establish
ܫܘܼܬܐܵܣܵܐ	established
ܐܵܓܘܿܪܣܵܐ	estate
ܟܢܝܼܟ݂ܵܐ	estimate
ܡܝܩܪܐ	estimated
ܡܬܡܨܝܢܘܬܐ	estimated
ܛܒܝܒܐ	estimated
ܘܫܲܪ	etc
ܐܲܡܝܼܢܵܐ	eternal
ܐܝܼܬ݂ܝܼܩܘܿܢ	ethics
ܩܝܡ	evaluate
ܝܩܝܪ ܕܡܐ	evaluate
ܡܬܩܝܡܢܘܬܐ	evaluation
ܐܵܦ ܐܸܢ	even
ܪܲܡܫܵܐ	evening
ܓܸܕܫܵܐ	event
ܣܵܟ݂ܢܵܐܝܼܬ	eventually
ܬܚܘܿܬܵܐ ܬܚܘܿܬ	ever
ܟܘܼܕ ܓܲܗܵܐ	every
ܟܠܢܵܫ	everybody
ܟܠܢܵܫ	everyone
ܟܠ ܡܸܢܕܝܼ	everything
ܣܵܒܘܼܬ݂ܵܐ	evidence
ܒܝܼܫܵܐ	evil
ܡܛܵܘܪܵܢܘܼܬ݂ܵܐ	evolution
ܨܪܝܼܡܵܐܝܼܬ	ex
ܚܵܬ	exact
ܬܝܼܠܵܐܝܼܬ	exactly
ܨܲܚܘܵܐ	exam
ܡܨܲܚܨܹܐ	examine
ܐܲܟ݂ܙܢܵܐ	example
ܥܠܵܒ݂ܵܐ	exceed
ܦܸܨܵܠ	excellent
ܐܸܠܵܐ ܐܸܢ	except
ܫܢܘܿܙܝܵܐ	exception
ܫܸܕܲܬ	excess
ܡܸܬܚܙܵܘܙܝܵܢܘܼܬܵܐ	excessive
ܚܸܠܦܵܐ	exchange
ܡܘܼܫܬܵܟ	excited
ܥܘܼܛܵܝܵܐ	excitement
ܡܝܲܒܠܵܐ	exciting
ܐ݇ܝܼܚܝܼܕܵܝܵܐ	exclusive
ܕܵܒ݂ܸܩ ܗܲܓ̰ܲܬ	excuse
ܡܲܚܠܲܝܬܵܐ	excuse me
ܛܲܟ݂ܣܐܘܼܛܵܐ	execute
ܩܲܣܛܘܿܢܵܪܘܼܬܵܐ	execution
ܐܝܼܕܵܐܪܵܐ	executive
ܕܘܼܪܵܫܵܐ	exercise
ܡܲܣܢܸܩ	exhaust
ܪܸܓܝܵܐ	exhausted
ܝܲܗܒ݂ܫܘܘܼܕܵܥܵܐ	exhibit
ܐܲܦܘܼܕܝܼܟܝܼܣ	exhibition
ܟܘܢ	exist
ܐܝܼܬܘܼܬܵܐ	existence
ܒܲܪܙܲܒ݂ܢܵܐ	existing
ܡܲܦܩܵܐ	exit
ܪܘܵܚܵܐ	expand
ܣܟܐ	expect
ܡܸܣܬܲܟ݂ܝܵܢܵܐ	expected
ܡܲܨܪܵܦܵܐ	expenses
ܕܵܩܪܵܢܵܐ	expensive
ܐܸܠܦܲܢ	experience
ܬܲܓ̰ܪܝܼܒܵܐ	experiment
ܐܵܗܠܝܼ	expert
ܐܲܢܗܲܪ	explain
ܡܓܲܠܚ݂ܬܵܐ	explanation
ܢܸܨܚܵܢܵܐ	exploit
ܒܕܵܩܵܐ	explore
ܓ̰ܲܘܘܼܢܹܐ	expose
ܠܓܸܠܝܵܐ	exposed
ܩܝܼܢܕܘܿܢܘܿܣ	exposure
ܡܲܨܘܼܚܹܐ	express
ܘܲܝ	expression
ܓܠܵܓ̰ܵܐ	extend
ܓܠܝܼܓ̰ܵܐ	extended
ܡܘܼܙܵܪܵܐ	extension
ܝܘܼܪܟ݂ܵܐ	extent
ܓܲܪܓܘܼܡܵܐ	external
ܐܒܕ	extinct
ܐܒܝܕܘܬܐ	extinct
ܩܘܼܛܵܥܵܐ	extra
ܥܲܨܪܵܐ	extract
ܪܵܘܪ̈ܒ݂ܵܬ݂ܵܐ	extraordinary
ܓܲܙܓܲܙܬܵܐ	extreme
ܚܲܝܠܵܢܬ݂ܵܢܵܐ	extremely
ܥܲܝܢܵܐ	eye
ܥܲܝܢܵܐ	eyes
ܥܘܼܕܵܢܵܐ	fabric
ܡܕܲܡܪܵܢܵܐ	fabulous
ܦܵܬ݂ܘܦܵܬ݂	face
ܡܲܡܨܹܐ	facilitate
ܒܹܝܬ ܡܲܚܪܝܵܐ	facilities
ܕܠܝܼܠܘܼܬܵܐ	facility
ܡܸܬܬܲܘܕܝܵܢܘܼܬܵܐ	fact
ܡܲܥܒ݂ܸܕܵܢܵܐ	factor
ܒܹܝܬ ܦܘܼܠܚܵܢܵܐ	factory
ܥܒ݂ܝܼ̈ܕ݂ܵܬ݂ܵܐ	facts
ܟܡܵܕܵܐ	fade
ܓܝܵܙܵܐ	fail
ܠܵܐ ܒܪܹܐ ܠܵܗܿ	failed
ܡܸܬܩܲܠܩܠܵܢܘܼܬܵܐ	failure
ܫܵܢܹܐ	faint
ܙܲܕܝܼܩܐܝܼܬ	fair
ܦܲܫܦܫܵܐ	fairly
ܕܲܝܘܵܐ	fairy
ܗܲܝܡܵܢܘܼܬ݂ܵܐ	faith
ܕܒܹܝܬ ܐܲܠܵܗܵܐ	faithful
ܕܦܵܬܵܐ	fake
ܢܵܦܸܠ	fall
ܛܒ݂ܝܼܒ݂ܘܼܬܵܐ	fame
ܡܥܲܝܕܵܐ	familiar
ܟܸܠܦܵܬ	family
ܛܒ݂ܝ݂ܒ݂ܵܐ	famous
ܦܲܢܟܵܐ	fan
ܕܵܡܵܓ	fancy
ܗܲܓܵܓܵܝܵܐ	fantastic
ܪܘܼܚܩܵܐ	far
ܕܡܚܵܘܫܘܼܬܵܐ	farewell
ܚܲܩܠܵܐ	farm
ܐܲܟܵܪܵܐ	farmer
ܡܥܓܒܢܐ	fascinating
ܬܡܝܗܐ	fascinating
ܓܒ݂ܝܼܬܵܐ	fashion
ܒܓ̰ܲܠܕܘܼܬܵܐ	fast
ܬܲܪܒܵܐ	fat
ܕܡܵܘܬܵܐ	fatal
ܐܵܓ̰ܵܠ	fate
ܒܵܒܵܐ	father
ܟܕܝܼܪܘܼܬܵܐ	fatigue
ܙܠܵܡܵܐ	fault
ܡܚܝܼܪܵܐ	favorite
ܡܩܲܕܡܵܢܘܼܬܵܐ	favour
ܡܲܛܐܒ݂ܵܐ	favourite
ܕܸܚܠܬܵܐ	fear
ܡܸܫܬܘܼܬ݂ܵܐ	feast
ܬܸܦܬܸܓ	feather
ܫܘܘܼܕܵܗܵܐ	feature
ܡܘܼܙܝܼܩ	features
ܟܵܢܘܿܢ ܐ݇ܚܵܪܵܝܵܐ	february
ܟܘܼܣܵܦܵܐ	fee
ܡܲܟ݂ܘܿܠܹܐ	feed
ܫܡܝܥܘܬܐ ܡܬܦܢܝܢܘܬܐ	feedback
ܡܗܲܪܟܸܫ	feel
ܪܸܓ݂ܫܵܐ	feeling
ܙܵܘܓܘܼܠܬܵܐ	feet
ܙܵܪܸܦ	fell
ܒܲܪܐܘܼܡܵܪܘܼܬܵܐ	fellow
ܠܸܒ݂ܕܵܐ	felt
ܢܸܩܒ݂ܵܐ	female
ܣܝܵܓ݂ܵܐ	fence
ܫܲܡܝܼܢܵܐ	fertile
ܥܹܐܕ݂ܵܐ	festival
ܒܵܠܘܼܟ݂ ܡܲܐܕܸܬ	fetch
ܚܲܡܚܲܡܬܵܐ	fever
ܚܲܕ݇ ܚܕܵܢܵܐ	few
ܡܲܚܣܘܼܪܹܐ	fewer
ܛܠܝܼܒܬܵܐ	fiance
ܓܒ݂ܘܼܠܝܵܐ	fiction
ܢܵܒܘܿܕ	field
ܒܲܥܪܝܼܪܵܐ	fierce
ܚܲܡܫܲܥܣܲܪ	fifteen
ܢܢ	fifty
ܦܠܵܫܵܐ	fight
ܦܠܵܫܬܵܐ	fighting
ܪܲܩܸܡ	figure
ܩܲܘܪܵܐ	file
ܡܠܵܐ	fill
ܙܡܝܼܛܵܐ	filled
ܓ̰ܲܢܓ	film
ܨܲܥܠܵܐ	filthy
ܐ݇ܚܪܵܝܲܬ	finally
ܪܒܵܝܵܐ	finance
ܗܵܩܵܐ	financial
ܐܸܫܟܲܚ	find
ܦܵܬܸܣܩܵܐ	fine
ܨܸܒܥܵܐ	finger
ܓܡ݂ܪܝܵܐ	finish
ܬܝܼܡܵܐ	finished
ܢܘܼܪܵܐ	fire
ܡܘܼܚܟܸܡ	firm
ܐܘܼܫܦܵܐ ܩܲܕ݇ܡܵܝܵܐ	first
ܫܡܵܗܵܐ ܩܲܕ݇ܡܵܝܵܐ	first name
ܢܘܼܢܵܐ	fish
ܠܚܝܼܡܵܐ	fit
ܚܲܡܸܫ	five
ܐܲܩܸܬ ܩܲܬܸܬ	fix
ܩܒܝܼܥܵܐ	fixed
ܒܵܝܕܵܓ݂	flag
ܒܲܪܩܵܐ	flash
ܓܸܪܕܲܝܵܐ	flat
ܐܵܝܒ	flaw
ܡܲܥܪܘܼܩܹܐ	flee
ܢܸܟܣܵܐ	flesh
ܛܵܝܘܼܦܵܐ	flexible
ܛܲܝܵܪܘܼܬ݂ܵܐ	flight
ܫܘܼܕܵܠܵܐ	flirt
ܬܡܫܐ	flirting
ܡܢܬܦ	flirting
ܦܝܵܫܵܐ ܠܦܵܬܵܐ	float
ܛܦܵܦܵܐ	flood
ܐܲܪܕܵܐ	floor
ܩܲܡܚܵܐ	flour
ܡܲܓ̰ܪܘܼܝܹܐ	flow
ܘܲܪܕܵܐ	flower
ܐܢܦ̮ܠܘܿܘܲܢܙܵܐ	flu
ܡܠܝܠܐ	fluent
ܐܫܝܕ ܡܡܠܠܐ	fluent
ܠܫܝܢܘܬܐ	fluently
ܛܠܝܩܘܬܐ	fluently
ܡܠܝܠܘܬܐ	fluently
ܦܘܼܢܦܸܚܵܐ	fluffy
ܒܸܪܕܵܢܵܐ	fluid
ܕܒܵܒܵܐ	fly
ܐܨܕ	focus
ܪܒܨ	focus
ܩܛܪܢ	focus
ܥܲܪܦܸܠܵܐ	fog
ܚܵܕܸܥ	fold
ܥܵܠܡܹ̈ܐ	folks
ܐܩܵܦܵܐ	follow
ܛܘܼܪܵܐ ܛܘܼܪܵܐ	following
ܡܹܐܟ݂ܘܼܠܬܵܐ	food
ܓ̰ܸܫܓ̰ܸܫ	fool
ܢܵܦܲܗܲܡ	foolish
ܪܸܓ݂ܠܵܐ	foot
ܡܢܲܝܫܵܢܵܐ	football
ܒܢܸܣܒܵܬ    ܡܣܵܒܵܒ	for
ܩܵܐ ܛܘܼܦ̮ܣܵܐ	For example
ܩܵܐ ܛܘܼܦ̮ܣܵܐ	for instance
ܩܵܐܠܘܼܟ݂	for you
ܝܲܣܵܚ	forbidden
ܬܲܩܝܼܦܘܼܬܵܐ	force
ܡܘܼܙܓܵܐ ܕܐܵܐܲܪ	forecast
ܩܸܨܵܐ	forehead
ܡܸܬܩܵܠ	foreign
ܓܢܝܼܬܵܐ	forest
ܒܕܵܝܸܡܘܼܬ݂ܵܐ	forever
ܡܲܢܫܘܼܝܹܐ	forget
ܡܲܚܠܘܼܝܹܐ	forgive
ܡܲܫܠܝܘܿܢܵܐ	fork
ܫܸܟ݂ܲܠ	form
ܪܘܼܫܡܵܝܵܐ	formal
ܡܘܼܩܲܕܸܡ	former
ܙܵܬܵܐ	fortune
ܐܲܪܒܥܝܼ	forty
ܥܣܪܝܢ ܘܚܕ	forty-two
ܠܩܵܕ݇ܡ	forward
ܝܢܵܩܬܵܢܵܝܵܐ	foster
ܡܘܼܫܟ̰ܚܵܐ	found
ܫܘܼܬܵܣܵܐ	foundation
ܐܲܪܒܲܥ	four
ܐܲܪܒܲܥܣܲܪ	fourteen
ܬܲܥܠܵܐ	fox
ܚܘܝܼܚܵܐ	fragile
ܠܵܒܹܢ	frame
ܡܲܠܒܵܢܵܐ	framework
ܙܸܐܦܵܐ	fraud
ܥܘܕܝܝܐ	freak
ܥܘܕܝܝ ܛܘܪܐ	freak
ܡܲܓ̰ܵܢ	free
ܐܵܙܵܕܘܼܬܵܐ	freedom
ܡܲܓܕܘܼܠܹܐ	freeze
ܬܢܝܐ	frequency
ܥܦܝܦܘܬܐ	frequency
ܬܢܝܐ	frequent
ܬܝܪܢ ܛܩܐ	frequent
ܥܦܝܦܐ	frequent
ܬܪܬܝܢ	frequent
ܗܵܐ	frequently
ܚܲܕ݇ܬ݂ܵܐ	fresh
ܥܪܘܼܒ݂ܬܵܐ	friday
ܡܲܩܪܵܢܵܐ	fridge
ܚܲܒ݂ܪܵܐ	friend
ܚܘܼܒܵܢܵܝܵܐ	friendly
ܐܲܠܝܼܨܵܝܵܐ	friends
ܕܵܘܣܬܘܼܬܵܐ	friendship
ܙܕܝܥܐ	frightened
ܪܗܝܒܐ	frightened
ܦܸܩܝܼܬ݂ܵܐ	frog
ܡܸܢ	from
ܩܲܕ݇ܡܵܝܝܼ	front
ܣܸܠܘܼܪ	frozen
ܝܹܡܝܼܫܝܹ	fruit
ܡܘܼܫܲܡܸܪ	frustrated
ܕܲܠܘܼܩܵܐ	fuel
ܕܵܘܓ݂ܡܵܐ	full
ܩܲܙܕܵܢܵܐ	fun
ܡܪܲܒܥܵܢܘܼܬܵܐ	function
ܐܘܼܣܝܵܝܵܐ	fundamental
ܚܲܝܪܘܼܫܵܪ	funeral
ܡܓܲܚܟ݂ܵܢܵܐ	funny
ܡܸܢܵܐ	fur
ܕܘܼܪܬܡܵܐ	furious
ܨܒ݂ܘܿܬܵܐ ܕܒܵܬܹܐ	furniture
ܡܹܬܡܲܙܝܸܕܵܢܵܐ	further
ܫܒ݂ܘܿܩ ܡܸܢ	furthermore
ܕܵܥܬ݂ܝܼܕ݂	future
ܡܵܠܸܟ	gain
ܫܸܟܵܪ	game
ܫܥܵܝܬܵܐ	gap
ܩܸܩܸܠܬܵܐ	garbage
ܓܲܢܬ݂ܵܐ	garden
ܬܘܼܡܵܐ	garlic
ܡܲܥܠܵܵܢܵܐ	gate
ܡܩܲܪܦܹܐ	gather
ܓ̰ܲܡܥܵܝܵܐ	gathering
ܟܲܝܠܵܐ	gauge
ܝܼܫܘܿܥܝܼܗ݇ܒ݂	gave
ܒܲܪܒ݂ܣܬܪܵܐܝܼܬ	gear
ܓܸܢܣܵܐ	gender
ܡܝܼܪܦܲܢܓ̰	general
ܝܵܗ݇ܒ݂ܸܠ	generally
ܡܲܢܙܘܼܠܹܐ	generate
ܕܵܪܵܐ	generation
ܓܲܪܦܵܐ	generous
ܙܢܐ	genre
ܦܨܠܐ	genre
ܐܵܕܵܒ	gentle
ܒܲܪ ܛܘܼܗܡܵܐ	genuine
ܐܸܫܵܪܵܬ	gesture
ܐܝܼܬ ܠܝܼ	get
ܠܵܒ݂ܹܫ	get dressed
ܩܘܼܡ	get up
ܩܵܝܘܿܪܵܐ	getting
ܗܲܓܵܓ݂ܵܐ	ghost
ܛܠܠܐ	ghosting
ܩܠܩܢܝܬܐ	ghosting
ܓܲܢ݇ܒܵܪܵܐ	giant
ܕܝܼܵܪܝܼ	gift
ܙܲܢܓ̰ܵܦܝܼܠ	ginger
ܒܪܵܬܵܐ	girl
ܚܲܒ݂ܘܼܪܬܝܼ	girlfriend
ܝܵܗܹܒ݂	give
ܡܫܲܠܛܵܢܘܼܬܵܐ	given
ܦܵܨܸܚ	glad
ܪܗܵܐ	glance
ܫܘܼܫܵܐ	glass
ܒܢܵܬ ܥܲܝܢܹ̈ܐ	glasses
ܪܓ݂ܵܫܵܐ	glimpse
ܥܵܠܡܵܢܵܝܵܐ	global
ܒܪܵܬ݇ܐܝܼܕܵܐ	gloves
ܡܲܚܡܵܢܘܼܬܵܐ	glow
ܬܸܬܵܐ	glue
ܐܵܙܸܠ	go
ܪ݇ܚܘܼܫ ܡܲܐܟ݂ܵܐ	go away
ܥܵܒ݂ܹܪ ܕܵܡܹܟ݂	go to bed
ܢܝܼܬܵܐ	goal
ܣܘܼܘܵܣܵܐ	goals
ܥܸܙܵܐ	goat
ܐܲܠܵܗܵܐ	god
ܐܲܠܵܗܵܐ ܒܲܪܸܟ݂ ܠܘܼܟ݂	god bless you
ܣܵܠܘܿܩܵܐ	goes
ܡܩܲܪܩܣܵܢܵܐ	going
ܒܸܬ	going to
ܕܲܗܒ݂ܵܐ	gold
ܦܠܝܼܛܵܐ	gone
ܦܠܚܢܐ	gonna
ܫܡܵܐ	goo
ܨܦܵܝܝܼ	good
ܦܘܿܫ ܒܫܲܝܢܵܐ	good bye
ܝܵܘܡܵܐ ܒܪܝܼܟ݂ܵܐ	good day
ܪܲܡܫܵܐ ܛܵܒ݂ܵܐ	good evening
ܚܲܝܹܬ	good job
ܫܲܦܝܼܪܵܐ	good looking
ܦܘܿܫ ܒܫܲܝܢܵܐ	goodbye
ܬܲܓܵܪܘܼܬܵܐ ܠܵܐ ܩܵܢܘܿܢܝܼܬܵܐ	goods
ܘܵܙܵܐ	goose
ܫܘܼܥܠܵܝܵܐ	gorgeous
ܢܲܡܵܡܘܼܬ݂ܵܐ	gossip
ܦܵܪܸܟ	got
ܫܘܼܠܛܵܢܘܼܬܵܐ	government
ܢܵܬܸܫ	grab
ܓ̰ܲܠܵܐܕ	grade
ܕܵܪܓܲܐܝܬ	gradually
ܙܵܪܘܼܙܹܐ	graduate
ܚܲܒܵܐ	grain
ܐܸܢܫܲܠܲܗ	grant
ܐܫܝܼܠܵܐܝܬ	granted
ܥܲܢ̈ܒ݂ܹܐ	grapes
ܚܡܵܣܵܐ	grasp
ܓܸܠܵܐ	grass
ܛܵܥܢܵܢܵܐ ܕܡܸܢܬܵܐ	grateful
ܫܸܟܸܪ	gratitude
ܩܲܒ݂ܪܵܐ	grave
ܓܵܘܪܵܢܵܝܵܐ	gray
ܟܲܒܝܼܪܵܐ	great
ܝܲܥܢܘܼܬܵܐ	greed
ܛܲܡܲܥܟܵܪ	greedy
ܝܩܝܼܢܵܐ	green
ܝܲܗܒ݂ܫܠܵܡܵܐ	greet
ܚܵܒܵܪܬܵܐ	greeting
ܫܠܵܡܵܐ	greetings
ܓܵܘܪܵܐ	grey
ܫܲܒܵܟܬܵܐ	grid
ܚܲܫܵܐ	grief
ܛܚܵܢܵܐ	grind
ܓܹܡܫܵܐ	grip
ܓܠܠܐ	grocery
ܝܪܘܩܐ	grocery
ܡܣܵܘܣܝܵܢܵܐ	groom
ܒܹܣܪܵܢܵܐ	gross
ܒܹܪܙܵܐ	ground
ܣܝܼܥܬܵܐ	group
ܒܲܛܪܘܼܢܹܐ	grow
ܡܛܵܘܪܵܢܘܼܬ݂ܵܐ	growth
ܛܪܛܡܬܐ	grumpy
ܪܛܢܐ	grumpy
ܣܲܢܵܕ	guarantee
ܢܵܛܘܿܪܵܐ	guard
ܚܵܕܹܣ	guess
ܐܵܪܚܵܐ	guest
ܗܘܼܕܵܝܵܐ	guidance
ܡܕܲܒܪܵܢܘܼܬܵܐ	guide
ܟܵܘܟ݂ܒ݂ܵܐ ܨܘܿܨܝܵܢܵܐ	guilty
ܫܝܼܦܵܐ ܩܠܝܼܦܵܐ	guy
ܚܲܪ̈ܵܡܵܬܵܐ	guys
ܓܘܼܡܢܵܣܝܼܵܢ	gym
ܥܝܵܕܵܐ	habit
ܡܲܥܡܪܵܐ	habitat
ܛܸܥܝܵܐ	had
ܒܲܪܕܵܐ	hail
ܟܵܘܣܵܐ	hair
ܦܸܠܓܵܐ	half
ܒܹܝܬ݂ ܢܘܼܦܵܩܵܐ	hall
ܐܝܼܕܵܐ	hand
ܬܵܬܸܟܬܵܐ	handle
ܫܸܛܪܵܢܵܐ	handsome
ܐܹܝܘܼ	hang
ܟܵܝܹܢ	happen
ܓܪܝܼܫ ܠܵܗܿ	happened
ܦܨܝܼܚܘܼܬܵܐ	happiness
ܦܨܝܼܚܵܐ	happy
ܝܵܘܡܵܐ ܕܡܵܘܠܵܕܘܼܟ݂ ܗܵܘܹܐ ܒܪܝܼܟ݂ܵܐ	happy birthday
ܗܵܘܹܐ ܒܪܝܼܟ݂ܵܐ ܝܵܘܡܵܐ ܕܡܵܘܠܵܕܘܼܟ݂	happy birthday to you
ܫܹܢ̄ܬܵܐ ܚܲܕ̄ܬܵܐ ܒܪܝܼܟܼܬܵܐ	happy new year
ܪܲܩ	hard
ܥܲܛܠܵܐܝܼܬ	hardly
ܥܲܛܠܵܐܝܼܬ	hardly ever
ܚܲܙܕܸܓ	harm
ܚܲܙܕܸܓܵܢܵܐ	harmful
ܩܘܼܢܩܵܝܵܐ	harmony
ܩܲܫܝܵܐ	harsh
ܚܨܵܕܵܐ	harvest
ܐܵܓ݂ܵܝܬܵܐ	has
ܣܸܢܝܘܼܬ݂ܵܐ	hate
ܐܝܼܬ ܠܝܼ	have
ܐܵܟ݂ܸܠ ܛܲܡܬܵܐ	have breakfast
ܡܲܒܣܸܡ	have fun
ܐ݇ܟ݂ܝܼܠܵܐ ܝܘܸܬ؟	have you eaten
ܟ̰ܲܚܡܘܿܪ	having
ܛܵܐܠܲܥ	hazard
ܥܲܝܡܵܐ	haze
ܗܿܘܘܵܐ	he
ܗܿܘ ܐܝܼܬܠܹܗ	he has
ܗܿܘ ܝܼܠܹܗ	he is
ܪܹܫܵܐ	head
ܡܲܪܥܵܐ ܕܪܹܫܵܐ	headache
ܐܲܣܵܐ	heal
ܚܘܼܠܡܵܢܵܐ	healing
ܨܲܚܝܼܚܘܼܬ݂ܵܐ	health
ܫܠܝܼܡܵܐ	healthy
ܨܘܬ	hear
ܡܸܫܬܲܡܥܵܢܵܐ	heard
ܠܸܒܵܐ	heart
ܚܲܡܝܼܡܘܼܬܵܐ	heat
ܫܡܲܝܵܐ	heaven
ܝܵܩܘܿܪܵܐ	heavy
ܚܡܝܡܐ	hectic
ܪܬܝܚܐ	hectic
ܡܪܘܣܬܢܐ	hectic
ܪܲܘܡܵܐ	height
ܣܠܒܐ	heist
ܓܠܘ	heist
ܓܢܒܐ	heist
ܡܝܲܩܲܪܬܵܐ	held
ܒܹܝܬ݂ ܐܲܒ݂ܕܵܢܵܐ	hell
ܫܠܵܡܵܐ ܠܘܼܟ݂	Hello
ܫܠܵܡܵܐ ܠܘܿܟܼ ܥܲܙܝܼܙܵܐ	hello dear
ܣܲܢܘܲܪܬܵܐ	helmet
ܗܲܝܲܪܬܵܐ	help
ܗܲܝܹܪܵܢܵܐ	helpful
ܡܐܲܟ݂ܵܐ	hence
ܠܟܸܣܠܵܗ	her
ܒܸܩܪܵܐ	herd
ܐܵܟ݂ܵܐ	here
ܝܘܼܪܬܵܢܵܐ	heritage
ܚܦܵܠܵܐ	hesitate
ܫܠܡܐ	Hey
ܫܠܵܡܵܐ ܠܘܼܟ݂	Hi
ܫܠܵܡܵܐ! ܕܵܐܟܼܝܼ ܝ̄ܘܸܬ	hi how are you
ܛܘܼܫܝܵܐ	hidden
ܟܵܡܹܢ	hide
ܐܲܒ݂ܵܐ ܕܐܲܒ݂ܵܗܵܬܹ̈ܐ	hierarchy
ܐܘܼܪܚܵܐ ܕܦܵܪܝܼܫܵܗ	high
ܣܲܢܓܸܠ	hike
ܚܕܵܪܬܵܐ	hiking
ܓ̰ܘܲܠܵܩܝܼ	hilarious
ܪܘܼܡܬ݂ܵܐ	hill
ܩܵܬܸܗ	him
ܡܲܬ݂ܡܗܵܢܘܼܬܵܐ	hint
ܓܸܢܸܫܝܵܐ	hip
ܬܲܪܒܵܢܩܵܐ	hips
ܝܵܓ݇ܪ	hire
ܐܲܓܝܼܪܘܼܬܵܐ	hiring
ܕܝܼܹܗ	his
ܬܲܫܥܝܼܬ݂ܵܐ	history
ܡܵܚܹܐ	hit
ܬܢ ܐܢ	Hmm
ܛܒܐܝܬ	Hmm
ܦܸܓܙܝܼܕܝܼܵܐ	hobby
ܡܓ̰ܵܢܸܒ	hold
ܟܠܝܼ	hold on
ܒܹܙܥܵܐ	hole
ܥܲܕ݂ܥܹܐܕ݂ܵܐ	holiday
ܚܲܠܚܘܼܕܹܐ	hollow
ܒܲܝܬܵܐ	home
ܙܲܕܝܼܩܵܐ	honest
ܒܬܪܘܼܨܬܵܐ	honestly
ܕܸܒ݂ܫܵܐ	Honey
ܐܵܒܪܘܼ	honor
ܥܲܦܵܪܵܐ	hood
ܟ̰ܲܪܓܵܟ̰ܵܪ	hook
ܟ̰ܵܝ ܟ̰ܵܝ	hop
ܣܲܒ݂ܪܵܐ	hope
ܐܘܼܦܩܵܝܵܐ	horizontal
ܩܲܪܢܵܐ	horn
ܓܢܝܼܚܵܐ	horrible
ܓܢܝܼܚܘܼܬܵܐ	horror
ܣܘܼܣܵܐ	horse
ܒܹܝܬ݂ ܟܪܝܼܗܹܐ	hospital
ܩܘܼܒܵܠܘܼܬ݂ܵܐ	hospitality
ܡܩܲܒܠܵܢܵܐ	host
ܕܲܠܩܘܼܒ݂ܵܝܵܐ	hostile
ܚܸܡܵܐ	hot
ܦܘܼܬܩܵܐ	hotel
ܫܵܥܬܵܐ	hour
ܐܝܼܡܵܡܵܐ	hours
ܒܲܝܬܵܐ	house
ܒܲܝܬܘܼܬ݂ܵܐ	household
ܟܡܵܐ	how
ܕܐܲܝܟ݂ ܝܼܠܵܗ ܟܲܝܦܘܿܟ݂ ܐܸܕܝܘܿܡ	how are you today
ܕܵܐܟܼܝ ܝ̄ܘܸܬ	how do you do
ܟܡܵܐ؟	how many
ܟܡܵܐ	how much
ܟܠ ܟܡܵܐ	how often
ܥܲܡ ܗܵܕܹܐ	however
ܟܘܼܢܕܵܐ ܕܬܘܦܵܐ	hub
ܡܚܲܪܡܸܫ	hug
ܣܝܼܟ݂ܘܿܪܵܐ	huge
ܒܲܪܢܵܫܵܝܵܐ	human
ܡܲܟܝܼܟ݂ܵܐ	humble
ܬܲܪܝܘܼܬܵܐ	humidity
ܚܵܕ݇ ܒܐܸܡܵܐ	hundred
ܟܦܝܼܢܵܐ	hungry
ܨܘܕ	hunt
ܦܪܝܼܣܛܝܼܪ	hurricane
ܣܲܪܗܸܒ݂	hurry
ܡܲܠܝܸܙ	hurry up
ܡܚܲܙܕܸܓ	hurt
ܓܲܒ݂ܪܵܐ	husband
ܪܥܝܼܠܘܼܬܵܐ	hustle
ܟܘܼܪܚܵܐ	hut
ܗܘܼܓܝܢܝܼܩܝܼ	hygiene
ܐܵܢܵܐ	I
ܐܵܢܵܐ ܝܼܘܸܢ	I am
(ܐܵܢܵܐ) ܡܵܨܸܢ	I can
(ܐܵܢܵܐ) ܠܹܐ ܡܵܨܸܢ	I can't
ܠܹܐ ܝܘܸܢ ܦܲܪܡܘܼܝܹܐ	I do not understand
ܐܵܢܵܐ ܠܹܐ ܝܲܕܥܸܢ	I don't know
ܠܵܐ ܦܘܼܪܡܹܐ ܠܝܼܸ ܡܲܥܢܵܝܘܼܟ݂	I don't understand what you mean
ܠܹܐ ܝܘܸܢ ܦܲܪܡܘܼܝܘܼܟ݂	I don't understand you
ܠܹܐ ܝܵܕܥܹܢ	I don’t know
ܠܗܘܿܢ ܡܦܲܪܡܹ	I don’t understand
ܒܚܫܲܒܼܬܝܼ	i guess
ܐܝܼܬ݂ ܗ݇ܘܵܐ ܠܝܼ	I had
( ܐܵܢܵܐ)  ܐܝܼܬܠܝܼ	I have
ܗ݇ܘܹܐ ܠܝܼ	I have been
ܐܝܼܬ ܠܝܼ ܣܲܒ݂ܪܵܐ	I hope so
ܐܵܢܵܐ ܝܲܕܥܸܢ	I know
ܡܚܘܒܵܟܼ ܝܘܸܢ	I like you
ܡܲܚܸܒܸܢ	I love
ܟܹܐ ܡܲܚܸܒܸܢ ܐܲܚܘܿܢܝܼ ܪܲܒܵܐ	I love my big brother
ܟܹܹܐ ܡܲܚܸܒܸܢ ܚܵܬ݂ܝܼ ܪܲܒܬ݂ܵܐ	I love my big sister
ܐܵܢܵܐ ܟܹܐ ܒܵܥ̄ܝܼܢܘܿܟܼ ܟ̰ܡ ܪܵܒܵܐ	I love you so much
ܐܘܼܦ ܐܵܢܵܐ ܟܹܐ ܡܲܚܸܒܸܢܲܟ݂ܝ	I love you too
ܡܵܥ̄ܢܵܝ ܝܼܠܹܗ	I mean
ܡܘܼܚܢܝܼܵܘܸܢ ܡܸܢܘܟ݂	I miss you
(ܐܵܢܵܐ) ܦܘܼܪܡܹܠܝܼ	I understand
ܐܵܢܵܐ ܒܵܥܸ	I want
ܐܵܢܵܐ ܐܝܼܢܗ̄ܘܵܐ	I was
ܒܸܬ ܗܵܘܹܝܢ ܗ݇ܘܵܐ	I would be
ܐܢܐ	I'm
ܐܵܢܵܐ ܨܦܵܝܼܘܸܢ	I'm fine
ܠܲܐܟ݂ܵܐ ܝܘܸܢ	I'm here
ܦܲܚܲܠܬܵܐ	I'm sorry
ܓܕܝܼܠܵܐ	ice
ܓܠܝܼܕܬܵܐ	ice cream
ܚܘܼܫܵܒ݂ܵܐ	idea
ܕܘܼܡܝܵܢܵܝܵܐ	ideal
ܗܵܡܝܼܢ	identical
ܪܲܙܸܙ	identify
ܗܵܝܟܲܕܗܝܘܼܬܵܐ	identity
ܐܲܗܡܵܩ	idiot
ܒܲܛܝܼܠܬܵܐ	idle
ܐܲܓܲܪ	if
ܫܘܵܛܵܐ	ignore
ܡܲܪܥܵܢܵܐ	ill
ܗܵܪܵܡ	illegal
ܟܪܝܼܗܘܼܬܵܐ	illness
ܨܘܼܪܬܵܐ	image
ܨܲܠܡܘܼܢܹܐ	imagine
ܐܲܠܨܵܢܵܐ	immediate
ܐܵܕܝܼܵܐ	immediately
ܦܸܬܝܵܐ	immense
ܫܲܩܦܵܐ	impact
ܡܲܟܢܲܫܬܵܐ	implement
ܐܝܼܬܘܼܬܵܐ	import
ܐܵܕܫܵܢܵܝܵܐ	important
ܦܩܵܕܵܐ	impose
ܢܵܐܡܘܼܡܟܹܢ	impossible
ܝܩܵܢܵܐ	impress
ܡܸܬܛܲܒ݂ܥܵܢܘܼܬܵܐ	impression
ܡܲܫܝܼܚܵܢܵܐ	impressive
ܒܲܠܒܘܼܠܹܐ	improve
ܡܛܵܘܪܵܢܘܼܬ݂ܵܐ	improvement
ܓܵܘ   ܓܵܘܵܐ	in
ܩܲܕ݇ܡܵܝܝܼ	in front of
ܩܵܐ ܕ.	in order to
ܓܘܼܪܵܓܵܐ	incentive
ܥܵܪܨܵܐ	incident
ܚܒ݂ܵܫܵܐ	include
ܒܹܒ	including
ܡܘܼܕܵܚܹܠ	income
ܕܘܼܢܵܩܵܐ	inconvenience
ܙܵܘܕܵܢܘܼܬ݂ܵܐ	increase
ܬܵܐܡܵܐ	increased
ܪܵܘܪ̈ܒ݂ܵܬ݂ܵܐ	incredible
ܐܸܠܹܐ	indeed
ܬܲܪܚܵܢ	independent
ܗܢܕ ܗܢܕܘܝܐ	India
ܡܲܘܕܸܥ	indicate
ܫܵܟܢܵܢܹ̈ܐ ܫܸܪ̈ܫܵܝܹܐ	indigenous
ܐܲܡܝܼܢܵܝ	individual
ܩܲܪܩܵܪܵܐ	industry
ܓܙܡܐ	inevitable
ܓܙܪܐ	inevitable
ܛܸܦ̮ܠܵܐ	infant
ܟܵܦܵܠܵܟ	infection
ܦܵܕܲܓܪܵܐ	inflammation
ܡܲܙܘܵܝܬܵܐ	inflation
ܨܵܗ݇ܘ	influence
ܡܲܕܥܘܹܝܹܐ	inform
ܡܲܘܕܥܵܢܘܼܬܵܐ	information
ܦܹܪ̈ܚܹܐ	ingredients
ܝܵܪܬܘܼܬ݂ܵܐ	inheritance
ܩܲܕܝܼܡܵܝܵܐ	initial
ܒܟܪ	initiative
ܣܘܚ	initiative
ܡܡܲܚܝܵܐ	injured
ܡܕܲܪܵܐ	injury
ܬܲܡܝܼܡܵܐ	innocent
ܢܵܨܪܵܝܘܼܬܵܐ	innovation
ܡܥܲܩܒܵܢܘܼܬܵܐ	inquiry
ܚܲܒܵܫܵܐ	insane
ܢܵܐܸܨ	insect
ܕܠܐ ܫܝܢܐ	insecure
ܠܐ ܫܝܢܝܐ	insecure
ܦܲܛܪܘܼܡܹܐ	insert
ܓܵܘܵܝ	inside
ܦܲܪܡܹܐ	insight
ܠܙܝܙܐܝܬ	insist
ܚܝܢ	insist
ܟܠܐ ܒܨܒܝܢܗ	insist
ܐܩܝܡ ܨܒܝܢܗ	insist
ܢܵܒܵܝܬܵܐ	inspiration
ܨܕܵܗ	inspire
ܨܲܠܘܼܝܹܐ	install
ܡܵܣܵܠܲܢ	instance
ܒܥܸܕܵܢܵܐ	instant
ܚܠܵܦ	instead
ܡ̣ܢ ܓܹܒܵܐ ܕ.	instead of
ܡܸܬܬܲܪܬܝܵܢܵܐ	instructions
ܐܘܿܪܓܵܢܵܐ	instrument
ܒܹܙܚܵܐ	insult
ܡܗܝܡܢܬܐ	insurance
ܥܘܪܒܢܘܬܐ	insurance
ܣܵܠܝܼܡ	intact
ܗܵܠܵܠܘܿܬܵܐ	integrity
ܣܘܼܟܵܠܵܝܵܐ	intellectual
ܝܲܕܘܼܥܬܵܢܘܼܬܵܐ	intelligence
ܚܲܟܝܼܡܵܐ	intelligent
ܨܪܝܡܘܬܐ	intend
ܚܐܦܐ	intend
ܥܘܬܕܐ	intend
ܬܲܢܬܵܠ	intended
ܩܘܼܪܫܵܐ	intense
ܢܝܼܬܵܐ	intention
ܡܥܒܕܢܘܬܐ	interaction
ܪܸܒܝܼܬ݂ܵܐ	interest
ܦܸܓܢܝܼܕܵܐ	interested
ܓܵܪܘܿܫܵܐ	interesting
ܡܦܵܙܸܠ	interfere
ܦܲܠܓܵܝܵܐ	intermediate
ܓܵܘܵܝܵܐ	internal
ܒܲܝܢܲܝ ܐܘܼܡܬܵܢܵܝܵܐ	international
ܬܲܪܓ̰ܸܡ	interpret
ܦܲܫܵܩܵܐ	interpreter
ܓ̰ܵܠܸܓ	interrupt
ܣܘܿܢܛܵܟ݂ܝܼܵܐ	interview
ܐܲܠܝܼܨܵܝܵܐ	intimate
ܒܚܲܣܒܹܐ	into
ܚܵܒ݂ܸܟ݂	introduce
ܡܵܘܕܥܵܢܘܼܬ݂ܵܐ	introduction
ܐܬܥܝܦ	introvert
ܥܦ ܥܠ	introvert
ܩܢܙ	introvert
ܦܲܪܡܹܐ	intuition
ܩܘܼܠܣܸܢܵܐ	invalid
ܓܢܘܼܣܝܼܣ	inventory
ܚܵܪܸܓ̰	invest
ܒܨܵܐ	investigate
ܙܘܼܡܵܢܵܐ	invitation
ܥܵܙܸܡ	invite
ܫܸܩܠܵܐ	invoice
ܡܲܓܙܘܼܪܹܐ	involve
ܟܘܼܬܠܸܢܵܐ	involved
ܦܲܪܙܠܵܝܵܐ	iron
ܐܝܼܬ݂	is
ܓܵܙܲܪܬܵܐ	island
ܐܲܟ݂ܬܘܼܢ	isolated
ܡܲܓ̰ܪܵܝܬܵܐ	issue
ܥܲܠܲܡܩܲܠܲܡܹ̈ܐ	issues
ܠܵܐ ܒܪܹܐ ܠܵܗܿ	it
ܐܝܼܠܹܗ	it is
ܐܝܼܠܵܗܿ	it is
ܝܼܗ݇ܘܵܐ	it was
ܝܵܘܹܐ ܩܒܠܬܐ	it's ok
ܚܸܫܒܘܼܢܵܐ	item
ܡܲܬܵܐܥ	items
ܒܲܝܵܪܘܼܬܵܐ	its
ܟܲܙܵܟ݂ܵܐ	jacket
ܒܹܝܬ ܐܲܣܝܼܪܵܐ	jail
ܟܢܘܢ ܬܪܝܢܐ	January
ܓܪܵܒܵܐ	jar
ܠܘܿܥܛܵܐ	jaw
ܒܲܚܝܼܠܵܐ	jealous
ܪܵܦܸܬ݂	jerk
ܚܫܝܼܠܵܐ	jewelry
ܫܘܼܠܵܐ	job
ܕܵܒܸܩ	join
ܘܲܨܠܵܐ	joint
ܫܸܥܝܵܐ	joke
ܓܠܝܘܢܪܐ	journalist
ܚܙܘܼܩܝܵܐ	journey
ܚܲܕ݂ܘܼܬ݂ܵܐ	joy
ܕܲܝܵܢܵܐ	judge
ܡܲܝܵ̈ܐ ܕܚܲܒܘܼܫܵܐ	juice
ܐܲܒ	july
ܩܵܘܹܙ	jump
ܚܙܝܼܪܵܢ	june
ܩܲܪܦܫܘܿܫܵܢܵܝܵܐ	junk
ܟܫܝܼܛܵܐ	just
ܐܲܚܟ̰ܝܼ ܥ̄ܒܼܘܼܕܠܹܗ	just do it
ܙܲܕܝܼܩܘܼܬܵܐ	justice
ܡܙܲܟܘܿܝܹܐ	justify
ܒܝܼܙ	keen
ܚܵܡܹܐ	keep
ܕܘܼܒܠܸܒܵܐ	kept
ܩܘܼܩܵܐ	kettle
ܩܕܝܼܠܵܐ	key
ܪܵܦܸܣ	kick
ܫܲܒ݂ܪܵܐ	kid
ܟܘܿܠܝܵܐ	kidney
ܓܸܣܹ̈ܐ	kids
ܩܵܛܸܠ	kill
ܛܲܝܒܘܼܬܵܢܵܝܵܐ	kind
ܚܲܒܝܼܒܵܐܝܼܬ	kindly
ܗܵܘܘܼܬ݂ܵܐ	kindness
ܡܲܠܟܵܐ	king
ܢܘܼܫܲܩܬܵܐ	kiss
ܒܹܝܬܛܲܒ݂ܚܹܐ	kitchen
ܒܲܕܘܵܢ	kite
ܩܵܛܘܿܢܬܵܐ	kitten
ܒܘܼܪܟܵܐ	knee
ܚܵܩܘܼܬ݂ܵܐ	knew
ܣܲܟܝܼܢܵܐ	knife
ܦܵܪܲܙ	knight
ܝܼܕ݂ܵܥܵܐ	know
ܚܸܕܡܵܐ	knowledge
ܡܲܥܠܘܼܡ	known
ܒܹܠܝܼܬ	label
ܡܘܼܓ݂ܠܵܐ	labor
ܢܘܼܕܵܪܵܐ	labour
ܓܹܗܪܵܐ	lack
ܣܹܡܲܠܬܵܐ	ladder
ܚܵܐܢܹܡ	lady
ܦܲܪܣܝܼ	laid
ܝܲܡܬܵܐ	lake
ܦܲܪܵܐ	lamb
ܠܲܢܓܵܐ	lame
ܫܪܵܓ݂ܵܐ	lamp
ܒܹܪܙܵܐ	land
ܚܲܫܵܢܵܐ	landscape
ܣܘܼܪܸܬ݂	language
ܡܠܲܛܠܸܛ	lap
ܓܘܼܪܵܐ	large
ܐ݇ܚܵܪܵܝܵܐ	last
ܫܡܵܗܵܐ  ܐ݇ܚܵܪܵܝܵܐ	last name
ܕܪܵܢܓ	late
ܡܘܿܪܕܸܪܵܐ	lately
ܒܵܬ݇ܪ	later
ܚܲܪܬܵܐ	latest
ܠܩܝܼܫܵܝܵܐ	latter
ܓܵܚܸܟ	laugh
ܗܲܪܗܲܪܬܵܐ	laughing
ܡܓܲܚܟܵܢܘܼܬܵܐ	laughter
ܫܘܪܝܐ ܛܠܩܬܐ	launch
ܚܲܛܸܪܬܵܐ	laundry
ܢܵܡܘܼܣܵܐ	law
ܢܘܼܡܝܼܩܵܐ	lawyer
ܡܓܵܠܹܐ	lay
ܬܵܩ	layer
ܛܟܣ	layout
ܣܕܝܪܘܬܐ	layout
ܚܒܸܢܵܢܵܐ	lazy
ܪܨܵܨܵܐ	lead
ܪܝܼܫܵܐ	leader
ܛܲܪܦܵܐ	leaf
ܕܸܠܦܵܐ	leak
ܬܵܟܹܐ	lean
ܢܵܕܹܐ	leap
ܝܼܠܵܦܵܐ	learn
ܝܵܠܘܼܦܘܼܬܵܐ	learning
ܐܓܵܪܵܐ	lease
ܩܸܨܵܐ ܡܵܐ ܕܗܵܘܹܐ	least
ܡܲܝܫܵܢ	leather
ܒܪܝܼ	leave
ܓ̰ܪܵܕܵܐ	leaves
ܛܸܥܝܵܐ	led
ܣܸܡܵܠܵܐ	left
ܕܲܪܦܸܠܬܵܐ	leg
ܠܝܼܓܵܐܛܿܢ	legacy
ܙܹܕܩܵܝܵܐ	legal
ܒܵܕܘܿܠܬܵܐ	legend
ܒܲܬܪܵܢܘܼܬܵܐ	leisure
ܝܵܗܹܒ݂ ܢܵܬܵܐ	lend
ܐܘܼܪܟ݂ܵܐ	length
ܒܵܨܘܿܪܵܐ	less
ܕܲܪܣ	lesson
ܡܵܐܓܹܪ	let
ܐܸܓܲܪܬܵܐ	letter
ܟܵܐܗܹܐ	lettuce
ܛܠܝܼܚܵܐ	level
ܨܵܗ݇ܘ	leverage
ܡܸܫܬܲܠܵܢܘܼܬܵܐ	liability
ܒܹܝܬ ܐܲܪ̈ܟܹܐ	library
ܠܵܛܸܐ	lick
ܕܘܼܓܠܵܐ	lie
ܐܸܣܟܘܼܦܬܵܐ	lies
ܚܲܝܘܼܬ݂ܵܐ	life
ܪܘܡ	lift
ܒܲܗܪܵܐ	light
ܒܲܪܩܵܐ	lightning
ܡܲܚܸܒ	like
ܡܸܬ݂ܗܲܠܟ݂ܵܢܵܐ	likely
ܐܘܼܦ	likewise
ܙܸܪܬܵܐ	line
ܢܲܩܝܼܦܘܼܬܵܐ	link
ܐܲܪܝܵܐ	lion
ܓ̰ܵܪܘܼܝܵܐ	liquid
ܣܸܕܪܵܐ	list
ܨܵܐܸܬ݂	listen
ܥܪܘܼܬܵܐ	literally
ܫܵܪܝܼܬܵܐ	literature
ܙܹܠܸܟܵܐ	litter
ܩܲܠܝܼܠ	little
ܥܵܐܸܫ	live
ܟܲܒ݂ܕܵܐ	liver
ܥܵܡܪܵܢܵܐ	lives
ܒܹܝ ܚܲ̈ܝܹܐ	living
ܬܵܘܵܢܵܐ ܕܐܲܪ̈ܚܹܐ	living room
ܡܸܨܥܸܙܵܐ	lizard
ܛܲܥܘܿܢܬܵܐ	load
ܪܓܝܦܐ	loaf
ܙܝܕܝܐ	loaf
ܡܲܟܣܘܼܦܹܐ	loan
ܕܘܼܟܬܵܢܵܝܵܐ	local
ܕܘܼܟܬܵܐ	location
ܩܘܼܦܠܵܐ	lock
ܣܟܪ	lockdown
ܕܥܟ	lockdown
ܓܠܩ	lockdown
ܒܲܩܡܵܐ	log
ܓܘܚܟܐ ܩܗܩܗ	lol
ܬܲܢܗܵܐ	lonely
ܪܘܼܡܚܵܐ	long
ܡ̣ܢ ܟܡܵܐ ܥܕܵܢܵܐ ܠܹܐ ܝܘܲܚ ܚܸܙܝܵܐ ܐܸܚܕܵܕܹܐ	long time no see
ܓܵܫܹܩ	look
ܗܵܠܩܘܼܢܹܐ	loop
ܪܲܦܝܼ	loose
ܡܵܪܝܵܐ	lord
ܦܵܫܹܥ	lose
ܐܲܒܝܼܕܘܼܬܵܐ	loss
ܬܠܝܼܩܵܐ	lost
ܦܸܫܟܵܐ	lot
ܩܲܥܵܝܵܐ	loud
ܚܵܕܲܪܬܵܐ	lounge
ܚܘܼܒܵܐ	love
ܐܵܢܵܐ ܟܹܐ ܡܲܚܸܒܸܢܲܟ݂ܝ	love you
ܗܘܼܪܹܐ	lovely
ܚܬ݂ܘܿܝܵܐ	low
ܬܲܚܬܝܼܢܵܝܵܐ	lower
ܫܲܪܝܼܪܵܐ	loyal
ܡܪܬܝܢܘܬܐ	loyalty
ܓܲܕܵܐ	luck
ܛܵܒ݂ ܓܵܕܵܐ	lucky
ܝܼܩܲܪܬܵܐ	luggage
ܓܲܢܕܘܼܠܵܐ	lump
ܟܘܼܬ݂ܵܪܵܐ	lunch
ܪܵܐܬܵܢܵܝܵܐ	lungs
ܢܸܥܡܲܬ	luxury
ܦܘܼܡܵܐ ܦܘܼܡܵܚܬܵܐ	lying
ܡܵܛܘܿܪܵܐ	machine
ܨܪܝܼܚܵܐ	mad
ܐܡܝܼܪܬܵܐ	madam
ܥܒ݂ܝܼܕܵܐ	made
ܐܝܼܫܐ݇ܦܵܬ݂ܵܐ	magazine
ܪܲܒ ܦܲܐܝܘܼܬܵܐ	magnificent
ܚܲܕܸܡܬܵܐ	maid
ܐܸܣܛܘܼܡܟܵܐ	main
ܚܲܕܘܼܬܹܐ	maintain
ܬܲܪܘܼܨܹܐ	maintenance
ܝܲܘܵܪ	major
ܫܸ̈ܢܹܐ ܕܡܛܵܝܬܵܐ	majority
ܕܟܪ	make
ܕܸܟ݂ܪܵܢܵܝܘܼܬܵܐ	male
ܒܲܪܢܵܫܵܐ	man
ܦܲܪܢܘܼܣܹܐ	manage
ܣܲܕ݂ܵܢܘܼܬ݂ܵܐ	management
ܦܲܪܢܵܣܵܐ	manager
ܩܛܝܪܐܝܬ ܒܚܝܠܐ	mandatory
ܓܠܝܼܚܵܐ	manifest
ܙܢܵܐ	manner
ܒܲܪܐܝܼܕܵܐ	manual
ܗܸܢܕ	many
ܐܵܕܵܪ	march
ܡܨܲܥܬ݂ܵܐ	margin
ܫܘܼܩܵܐ	market
ܓܒ݂ܵܪܬܵܐ	marriage
ܓܒ݂ܝܼܪܵܐ	married
ܡܲܩܢܲܥܬܵܐ	mask
ܒܵܛܘܿܒ݂ܵܐ	mass
ܓܹܡܕܵܢܵܐ	massive
ܡܸܥܡܵܪ	master
ܡܲܕܒܸܩ	match
ܒܲܪܦܘܼܠܚܵܢܵܐ	mate
ܗܘܼܠܵܢܵܝܵܐ	material
ܗܵܫܬܵܐ	matter
ܒܫܝܼܠܘܼܬܵܐ	maturity
ܐܸܢܫܲܠܲܗ	may
ܒܲܠܟܵܐ	maybe
ܩܵܬܝܼ	me
ܐܵܦ ܐܵܢܵܐ	me too
ܐܪܓܡܘܣ ( ar ga mus	meal
ܪܲܙܝܼܠ	mean
ܫܘܼܘܕܵܪܵܥܵܐ	meaning
ܦܘܼܪܣܵܐ	means
ܫܘܼܪܥܵܐ ܕܠܸܫܵܢܵܐ	meant
ܒܗܝ ܥܕܢܐ	meanwhile
ܬܚܘܬ ܗܘ ܙܒܢܐ	meanwhile
ܐܲܟܝܼܠ	measure
ܒܵܘܵܐ	measures
ܒܸܣܪܘܿܢܵܐ	meat
ܬܲܪܒܘܼܬܵܐ	medical
ܕܲܪܡܵܢܵܐ	medicine
ܡܸܬܗܲܓܓܵܢܘܼܬܵܐ	meditation
ܒܐܘܼܪܚܵܐ	medium
ܡܨܵܒܸܚ	meet
ܟܢܘܼܫܝܵܐ	meeting
ܡܲܡܘܼܓ̰ܹܐ	melt
ܥܘܼܗܕܵܢܵܐ	memories
ܥܘܼܗܕܵܢܵܐ	memory
ܚܘܼܫܵܒ݂ܵܝܬܵܐ	mental
ܡܲܕܟ݂ܘܼܪܹܐ	mention
ܥܗܝܼܕ݂ܵܐ	mentioned
ܪܵܝܝܼܟܵܪ	mentor
ܬܲܓܵܪܵܐ	merchant
ܪܵܚܡܵܢܘܼܬܵܐ	mercy
ܫܚܝܼܡܵܐܝܼܬ	merely
ܗܵܘܹܐ ܒܪܝܼܟ݂ܐ ܡܵܘܠܵܕܹܗ ܕܡܵܪܲܢ ܝܼܫܘܿܥ ܡܫܝܼܚܵܐ ܥܲܠܵܘܟ݂ܘܿܢ	merry christmas
ܦܘܼܚܪܵܐ	mess
ܟܬܝܼܒ݂ܵܐ	message
ܡܒܲܠܡܸܠ	messy
ܙܸܪܸܫܟ	metal
ܡܸܗܬܘܿܕܘܿܣ	method
ܡܘܼܟܲܒܵܐ	mice
ܡܸܨܥܵܝܵܐ	middle
ܦܸܠܓܵܐ ܕܠܸܠܝܵܐ	midnight
ܩܵܘܡܵܐ	might
ܡܲܟܝܼܟ݂ܵܐ	mild
ܐܬܐ	milestone
ܥܛܘܦܝܐ	milestone
ܩܪܵܒܵܝܵܐ	military
ܚܲܠܒ݂ܵܐ	milk
ܡܝܼܠܝܘܿܢ	million
ܒܵܩܹܪ	mind
ܡܸܛܲܐܠܘܿܢ	mine
ܓܝܼܓ݂ܠܵܐ ܙܥܘܿܪܬܵܐ	minor
ܩܲܛܝܼܢܬܵܐ	minute
undefined	minutes
ܕܘܿܡܵܪܵܐ	miracle
ܡܲܚܙܝܼܬ݂ܵܐ	mirror
ܬܵܗܵܪܹ̈ܐ ܬܵܗܵܪܹ̈ܐ	miscellaneous
ܡܣܩܕܢܐ	mischievous
ܒܝܫܐ	mischievous
ܫܲܩܝܼ	miserable
ܥܝܼܩܘܼܝ	misery
ܐܵܡܝܼܪܬܵܐ	miss
ܡܘܼܚܢܝܼܵܘܸܢ ܡܸܢܘܟ݂	miss you
ܬܲܪܩܲܠܬܵܐ	missing
ܬܲܫܕܲܪܬܵܐ	mission
ܗܵܘܓܵܐ	mist
ܚܸܠܛܵܐ	mistake
ܬܵܝܠܝܼܦ̮ܘܿܢ ܡܸܫܬܲܢܝܵܢܵܐ	mobile
ܡܗܲܙܸܠ	mock
ܕܘܼܡܝܵܢܵܐ	model
ܢܛܵܝܘܼܬܵܐ	moderate
ܚܲܕ݇ܬ݂ܵܐ	modern
ܒܲܗܘܼܬܬܵܢܵܐ	modest
ܬܲܠܝܼܠܵܐ	moist
ܬܲܠܝܼܠܘܼܬܵܐ	moisture
ܬܦܵܢܵܐ	mold
ܚܘܼܠܕܵܐ	mole
ܝܸܡܵܐ	mom
ܪܦܵܬ݂ܬܵܐ	moment
ܬܪܵܒ݂ܫܹܒܵܐ	monday
ܙܘܼܙܵܐ	money
ܨܪܘܿܪܝܼܬܵܐ	monitor
ܡܲܝܡܘܿܢܵܝܵܐ	monkey
ܝܲܪܚܵܐ	month
ܙܢܵܐ ܡܚܵܘܝܵܢܵܐ	mood
ܣܲܗܪܵܐ	moon
ܪܲܕܝܘܼܬܵܐ	moral
ܝܲܬܝܼܪ ܡܸܢ	more
ܟܸܢ	moreover
ܩܕܲܡܬܵܐ	morning
ܗܡܲܪܬܵܐ	mortgage
ܒܐܲܓ݂ܠܲܒܵܐ	most
ܣܘܿܓ݂ܐܲܬ	mostly
ܝܸܡܵܐ	mother
ܗܵܪܵܟܲܬ	motion
ܩܪܵܝܬ݂ܵܐ	motivation
ܛܘܼܪܵܐ	mountain
ܥܵܩܘܿܒܪܵܐ	mouse
ܦܘܼܡܵܐ	mouth
ܝܲܠܲܗ	move
ܕܲܗܠܵܢܵܐ	movement
ܡܲܩܲܕܪܵܐ	much
ܛܝܼܢܵܐ	mud
ܩܘܿܩܵܐ	mug
ܥܘܼܩܒܲܪܬܵܐ	muscle
ܒܹܝܬ݂ ܥܸܬܩܹ̈ܐ	museum
ܦܵܛܘܿܪܬܵܐ	mushroom
ܡܘܿܣܝܼܩܝܼ	music
ܡܝܼܠܵܢܹ̈ܐ	must
ܟ݂ܲܪܣܵܐ	mute
ܫܘܼܓ݂ܵܒ݂ܵܐ	mutual
ܪܵܒܝܼܝܼ	my
ܥܲܙܝܼܙܝܼ	My dear
ܚܘܼܒܝܼ	my love
ܫܸܡܝܼ ܝܠܹܗ	my name is
ܠܵܠܝܼ	myself
ܣܸܪܵܢܵܐ	mysterious
ܪܵܐܙܵܐ	mystery
ܫܛܘܿܪܵܐ	myth
ܨܸܨܵܐ	nail
ܒܘܿܪܵܝܵܐ	naive
ܫܡܵܗܵܐ	name
ܗܵܩܝܲܬ	narrative
ܥܝܼܩܵܐ	narrow
ܢܲܣܬ	nasty
ܐܲܬܪܵܝܵܐ	national
ܡܸܠܲܬ	nationality
ܐܲܬܪܵܢܵܝܵܐ	native
ܝܵܬܵܢܵܝܵܐ	natural
ܟܝܵܢܵܐ	nature
ܓܘܵܠܬܵܐ ܕܠܹܒܵܐ	nausea
ܩܘܼܪܒܵܐ	near
ܒܫܒ݂ܵܒ݂ܘܼܬܵܐ	nearby
ܙܵܕܘܵܐ ܒܵܨܘܿܪܵܐ	nearly
ܡܩܲܛܣܵܐ	neat
ܐܵܢܲܢܩܵܝܵܐ	necessary
ܥܵܦܹܩ	neck
ܓܵܪܕܵܢ ܒܵܢܕ	necklace
ܡܸܬܬܚܝܼܒ݂ܵܢܘܼܬܵܐ	need
ܡܪܝܼܡܵܢܵܐ	negative
ܡܲܫܡܘܼܪܹܐ	neglect
ܣܵܘܹܕ	negotiate
ܒܲܪ ܬܚܘܼܡܵܐ	neighbor
ܩܘܼܪܒܸܢܝܘܼܬܵܐ	neighborhood
ܐܵܦܚܲܕ	neither
ܒܲܪ ܐܲܚܵܐ	nephew
ܙܪܝܙܐ	nerd
ܛܫܝܪܐ	nerd
ܡܚܦܛܢܐ	nerd
ܟܵܪܘܿܒܵܐ	nervous
ܩܸܢܵܐ	nest
ܫܵܒܵܟܬܵܐ	net
ܩܲܪܩܸܠ	network
ܐܘܼܕܗܵܛܪܵܐ	neutral
ܟܠ ܟܠܵܢܵܐܝܼܬ	never
ܠܵܐ ܬܲܚܸܡܢܸܬ	never mind
ܥܲܡ ܗܵܕܹܐ	nevertheless
ܚܵܕ݇ܬ݂ܵܐ	new
ܛܸܒܵܐ	news
ܕܲܝܪܲܬ ܝܵܘܡܵܐ	next
ܒܕܸܦܢܵܐ ܕ	next to
ܨܦܵܝܝܼ	nice
ܚܘܲܪܙܵܝܬܵܐ	niece
ܠܲܝܠܹܐ	night
ܢܵܠܵܐ	nightmare
ܬܫܲܥ	nine
ܬܫܥܣܪ	nineteen
ܬܸܫܥܝܼ	ninety
ܠܵܐ	No
ܠܵܐܢܵܫܵܐ	nobody
ܒܵܒ݂ܠܵܐ	noise
ܩܵܠܡܵܩܵܠܵܢܵܐ	noisy
ܐܵܦ ܠܵܐ ܚܲܕ	none
ܟܵܘܸܬ݂ܪܵܐ	noon
ܠܐ	nope
ܘܠܵܐ	nor
ܕܠܵܐ ܒܘܼܨܵܪܵܐ	normal
ܓܲܪܒܝܵܐ	north
ܢܚܝܼܪܵܐ	nose
ܚܢܝܢܘܬܐ	nostalgic
ܗܲܡ ܠܵܐ ܚܕ݂ܵܐ ܓܲܗܵܐ	not
ܠܹܐ ܝ̄ܠܹܗ ܚܸܪܒܵܐ	not bad
ܠܵܐ ܐܲܕܝܼܵܐ	Not now
ܗܲܠܐ ܠܐ	not yet
ܨܚܵܚܬܵܐ	note
ܡܸܬܥܲܗܕܵܢܵܐ	noted
ܠܵܐ ܡܸܢܕܝܼ	nothing
ܘܵܪܵܘܘܼܪܕ ܥܒ݇ܵܕܵܐ	notice
ܦܫܠܗ ܚܙܝܐ	noticed
ܝܘܼܪܩܵܢܵܐ	noun
ܫܛܘܿܪܵܐ	novel
hubby	november
ܐܲܕܝܼܵܐ	now
ܒܐܵܗܵܐ ܥܕܵܢܵܐ	nowadays
ܡܲܣܩܕܵܢܘܼܬܵܐ	nuisance
ܟܕܪ	numb
ܬܘܢ ̤ ܫܢܬ	numb
ܥܓܕ	numb
ܚܲܫܒܸܢ	number
ܢܝܼܪܨ	nurse
ܚܵܙܘܿܩܬܵܐ	nut
ܡܵܘܟܠܵܢܘܼܬܵܐ	nutrition
ܐܸܢܓܵܐ	oath
ܥܲܒ݂ܝܘܼܬܵܐ	obesity
ܛܵܐܸܥ	obey
ܨܲܝܒܲܪܬܵܐ	object
ܚܵܫܘܿܫܵܝܵܐ	objective
ܡܸܢܲܬ	obligation
ܚܸܫܘܼܟܵܐ	obscure
ܡܸܬܒܲܝܵܢܘܼܬܵܐ	observation
ܕܘܵܩܵܐ	observe
ܚܘܼܕܘܼܪܝܼ	obsessed
ܬܐܹܠܵܐ	obsession
ܪܘܼܦܝܵܐ	obsolete
ܦܘܼܓܵܚܵܐ	obstacle
ܐܵܡܵܓ̰	obtain
ܫܵܬܵܠ	obtained
ܦܘܼܪܡܝܼܵܐ	obvious
ܓܠܝܼܚܵܐܝܼܬ	obviously
ܓܲ̈ܗܹܐ ܓܲ̈ܗܐ	occasionally
ܕܠܵܐ ܫܘܼܠܵܐ	occupation
ܩܒ݂ܝܼܫܵܐ	occupied
ܓܵܕܹܫ	occur
ܒܸܥܒ݂ܵܪܵܐ	occurred
ܬܲܦܩܘܼ	occurs
ܝܲܡܵܐ	ocean
ܦܵܪܵܕ݇ܐ	odd
ܐܵܗܵܘܘܹ̈ܐ	odds
ܕܝܼ  ܡ̣ܢ	of
ܗܲܠܒܲܬ	of course
ܩܟ̰ܵܦܵܐ	off
ܒܲܕܨܹܦܵܬ	offensive
ܡܩܪܘܼܒ݂ܹܐ	offer
ܗܘܼܓ̰ܪܵܐ	office
ܪܘܼܫܡܵܝܵܐ	official
ܕܒܣܘܿܓ݂ܐܵܐ	often
ܐܘܗ ܐܘܝ	Oh
ܢܲܝܪܵܐ	oil
ܡܩܲܒܠܵܐ	ok
ܗܹܐ ܚܘܼܒܝܼ	ok my love
ܡܩܲܒܠܵܐ	okay
ܨܦܵܝ  ܥܙܝܼܙܬܵܐ	okay dear
ܗܹܐ	okay dear
ܗܹܐ ܕܸܒ݂ܫܵܐ	okay honey
ܥܲܬܝܼܩܵܐ	old
ܥܲܠ	on
ܚܕܵܐ ܓܲܗܵܐ	once
ܚܲܕ݇	one
ܚܲܕ̄ ܠܸܫܵܢܵܐ ܠܹܐ ܝ̄ܠܹܗ ܡܲܠܝܵܢܵܐ	one language is never enough
ܒܸܨܠܵܐ	onion
ܡܘܛܝܐ	online
ܕܦܐ ܢܘܠܝܐ	online
ܐܝܣܘܪܐ ܓܘܓܝܐ	online
ܒܲܠܚܘܿܕ	only
ܦܬܵܚܵܐ	open
ܨܘܼܪܵܝܵܐ	operation
ܚܘܼܫܵܒ݂ܵܐ	opinion
ܕܲܪܦܲܬ	opportunity
ܒܲܠܩܘܼܒ݂ܠ	opposite
ܓܕܢܐ	optimistic
ܣܒܪܢܐ	optimistic
ܚܹܐܪܘܼܬܵܢܵܝܘܼܬܵܐ	option
ܕܲܣܬܵܠܲܬ	optional
ܐܸܢܸܚܘܵܐ	or
ܢܵܪܸܢܓ̰	orange
ܣܘܿܢܛܲܐܟ݂ܣܝܼܣ	order
ܝܼܕܝܼܥܵܐ	ordinary
ܡܸܫܬܲܬܐܣܵܢܘܼܬܵܐ	organization
ܣܵܛܝܘܼܬܵܐ	orientation
ܐܵܣܠ	origin
ܬܲܦܢܟ݂ܵܝܵܐ	original
ܝܲܬܘܼܡܵܐ	orphan
ܐ݇ܚܹܪ݇ܢܵܐ	other
ܐ݇ܚܪܵܢܵܝܵܐ	otherwise
ܘܵܓ̰ܸܒ	ought
ܕܝܼܠܲܢ	our
ܠܒܲܪ	out
ܦܹܐܪܵܐ	outcome
ܡܙܵܪܸܙ	outfit
ܫܵܢܘܿܝܵܐ	outgoing
ܬܲܪܥܘܿܢܵܐ	outlet
ܣܲܩܪܝܼܦܘܿܣ	outline
ܠܒܲܪ	outside
ܠܒܲܪ ܡܸܢ ܥܝܵܕܵܐ	outstanding
ܦܘܼܪܢܵܐ	oven
ܠܗܵܘ ܪܹܫܵܐ	over
ܬܵܡܵܐ	over there
ܓܵܘܵܢܵܝܵܐ	overall
ܥܫܢ	overcome
ܡܬܚܡܢܬܐ ܝܬܝܪ	overthinking
ܡܬܚܡܢܬܐ ܪܒܐ	overthinking
ܥܵܓ̰ܘܿܒܹܐ	overwhelmed
ܡܲܥܓ̰ܒܬܵܐ	overwhelming
ܚܘܒ	owe
ܒܘܼܡܵܐ	owl
ܕܝܼܹܗ	own
ܡܵܪܵܐ	owner
ܬܘܿܪ	ox
ܟܲܝܠܵܐ ܕܗܸܠܟ݂ܵܐ	pace
ܨܵܡܹܕ	pack
ܡܹܐܣܵܪܬܵܐ	package
ܪܒܵܝܵܐ	paid
ܨܲܠܚܵܢܘܼܬܵܐ	pain
ܣܲܡܵܐ ܕܓܵܘܢܵܐ	paint
ܪܵܫܘܿܡܘܼܬܵܐ	painting
ܨܵܘܘܼܠܵܬ݇ܐ	pair
ܣܸܪܟܵܝܝܼ	pale
ܕܸܩܠܵܐ	palm
ܟ̰ܸܠܵܐ	pan
ܬܘܼܢܵܒ݂ܵܐ	pandemic
ܗܲܘܠ	panic
ܫܲܪܒ݂ܵܠܵܐ	pants
ܘܵܪܵܩܵܐ	paper
ܦܲܪܕܵܝܣܵܐ	paradise
ܦܲܪܵܠܝܼܠܘܿܣ	parallel
ܦܲܠܘܼܓܹܐ	parcel
ܫܘܼܒ݂ܩܵܢܵܐ	pardon
ܐܲܒ݂ܵܗܵܬܹ̈ܐ	parents
ܕܵܪܵܒܵܐ	park
ܒܲܒܓܵܐ	parrot
ܡܢܵܬܵܐ	part
ܫܲܬܘܼܦܹܐ	participate
ܕܝܼܠܵܢܵܝܵܐ	particular
ܕܝܼܠܵܢܵܐܝܼܬ݂	particularly
ܫܵܘܬܵܦܵܐ	partner
ܡܲܫܩܝܵܐ	party
ܓܵܕܘܼܓ	pass
ܡܲܥܒ݂ܲܪܬܵܐ	passage
ܥܒ݂ܝܼܪܵܐ	passed
ܡܲܚܫܘܼܬܵܐ	passion
ܪܵܥܘܿܡܵܐ	passionate
ܡܸܬܬܲܚܫܵܢܵܐ	passive
ܦܣܵܣ ܚܲܒܪܵܐ	password
ܡܸܠܲܬܫܡܵܐ ܚܵܫܘܿܫܬܵܐ	past
ܡ݇ܥܵܪܵܝܬܵܐ	patch
ܐܵܦܝܼܩܘܿܣ	path
ܡܲܦܫܡܵܢܵܐ	pathetic
ܡܣܲܝܒܪܵܢܘܼܬ݂ܵܐ	patience
ܡܣܲܝܒܪܵܢܵܐ	patient
ܦܲܪܕܝܼܓܡܵܐ	pattern
ܒܸܗܠܵܐ	pause
ܦܲܪܫ	pavement
ܕܵܒ݂ܸܩ ܢܵܬܵܐ	pay
ܦܘܼܪܥܵܢܵܐ	payment
ܫܠܵܡܵܐ	peace
ܫܲܝܢܵܝܵܐ	peaceful
ܫܲܠܝܼܠܵܐ	peach
ܒܵܓܹܪ	peak
ܟܘܼܡܲܬܪܵܐ	pear
ܫܘܼܪܛܝܼܬܵܐ	peas
ܕܝܼܠܵܝܵܐ	peculiar
ܓ̰ܐܪܵܐ	pee
ܩܠܵܦܵܐ	peel
ܬܵܐܝ	peer
ܥܸܠܵܝܘܼܬ ܐܲܨܠܵܐ	peers
ܩܵܠܵܡܵܐ	pen
ܩܵܠܵܡܵܐ	pencil
ܟܲܕ ܒܸܣܒܵܪܵܐ ܠ	pending
ܐ݇ܢܵܫܹ̈ܐ	people
ܓܸܓܹ̈ܐ ܚܲܝ̈ܡܹܐ	pepper
ܚܵܫܹܫ	perceive
ܝܲܕܘܼܬܵܢܘܼܬܵܐ	perception
ܫܲܠܡܵܐ	perfect
ܡܵܬܹܠ	perform
ܡܸܫܬܲܥܝܵܢܘܼܬܵܐ	performance
ܟܒܲܪ	perhaps
ܕܵܘܪܵܢ	period
ܐܲܡܝܼܢܵܐ	permanent
ܦܣܵܣܵܐ	permission
ܡܲܓ̰ܸܙ	permit
ܙܪܝܙܐ	perseverance
ܟܫܝܪܐ	perseverance
ܡܚܦܛܢܐ	perseverance
ܨܪܝܼܡܵܐ	persistent
ܦܲܪܨܘܿܦܵܐ	person
ܚܠܵܦܫܡܵܐ ܦܲܪܨܘܼܦܵܝܵܐ	personal
ܦܲܪܨܘܼܦܵܝܘܼܬܵܐ	personality
ܚܕ ܫܟܠܐ	perspective
ܚܕܐ ܬܚܡܢܬܐ	perspective
ܡܗܲܡܸܢ	persuade
ܛܥܫ	pervert
ܣܛܐ	pervert
ܨܠܝ	pervert
ܡܘܿܚܸܒܬܵܐ	pet
ܡܸܬܠܲܝܬܝܵܢܘܼܬܵܐ	phase
ܡܸܬܓܲܕܫܵܢܘܼܬܵܐ	phenomenon
ܦܝܼܠܵܣܘܿܦܘܼܬ݂ܵܐ	philosophy
ܬܵܝܠܝܼܦ̮ܘܿܢ ܡܸܫܬܲܢܝܵܢܵܐ	phone
ܦܪܵܙܝܼܙ	phrase
ܕܦܲܓ݂ܪܵܐ	physical
ܡܫܲܪܩܸܛ	pick
ܨܘܼܪܬܵܐ	picture
ܛܵܒܵܐ	piece
ܫܡܝܼܛܵܐ	pieces
ܚܙܝܼܪܵܐ	pig
ܝܵܘܢܵܐ	pigeon
ܙܲܒܩܵܐ	pile
ܒܲܪ ܪܹܫܵܐ	pillow
ܩܘܼܒܸܪܢܝܼܛܵܐ	pilot
ܙܵܩܝܼܦܬܵܐ	pin
ܐܵܢܵܢܵܐܣ	pineapple
ܩܲܪܢܦܘܼܠܵܝܵܐ	pink
ܦܸܚܬܘܼܢܵܐ	pit
ܩܝܼܪܵܐ	pitch
ܚܛܝܼܬܵܐ ܐ݇ܬܲܝܬܵܐ	pity
ܡܲܟܵܢ	place
ܒܟܠܵܝܗܝ ܦܸܢܝܵ̈ܬܹܐ	places
ܫܲܪܥܘܼܛܵܐ	plague
ܬܲܪܓܵܘܵܪ	plain
ܚܛܵܛܬܵܐ	plan
ܛܲܝܵܣܬܵܐ	plane
ܢܨܸܒ݂ܬܵܐ	plant
ܡܕܲܠܕܸܠ	plants
ܫܲܒܘܼܛܵܐ	plate
ܩܵܬ݂ܕܵܪܵܐ	platform
ܟܵܫܸܠ	play
ܫܲܦܘܼܪܬ݂ܢܵܐ	playing
ܫܲܒܵܚܵܝܪ	pleasant
ܒܵܣܸܡ ܠ	please
ܗܢܵܐ	pleased
ܦܘܼܪܓ݂ܵܝܵܐ	pleasure
ܓܘܼܥܠܵܢܵܐ	pledge
ܦܸܪܝܵܐ	plenty
ܟܲܪܕܵܐ	plot
ܙܵܓܹܪ	plug
ܨܵܪܵܠܘܿܓ	plum
ܣܲܓܝܵܢܵܝܵܐ	plural
ܦܘܿܕܩܲܣܛ	podcast
ܫܲܥܪ	poem
ܦܘܿܐܝܼܛܘܿܬܵܐ	poetry
ܢܘܼܩܕܵܐ	point
ܣܲܡܵܐ	poison
ܦܘܿܠܝܼܣܵܐ	police
ܣܘܼܘܣܵܝܵܐ	policy
ܡܛܲܟ݂ܣܵܐ	polite
ܡܸܬܛܵܘܫܵܢܘܼܬܵܐ	pollution
ܓܵܘܠ	pond
ܓܕܵܪܵܐ	pool
ܐܸܚܪܹ̈ܐ	poop
ܢܚܝܼܒ݂ܵܐ	poor
ܬܪܲܩܵܝܢܝܼ	pop
ܥܹܒܵܐܪܵܬܝܼ	popular
ܫܵܟܢܵܢܹ̈ܐ ܫܸܪ̈ܫܵܝܹܐ	population
ܒܹܣܪܵܐܕܚܙܘܼܪܵܐ	pork
ܗܵܪܝܼܣܵܐ	porridge
ܒܲܢܕܵܪ	port
ܝܪܵܟ݂ܬܵܐ	position
ܚܵܛܹܪܓ̰ܵܡܥ	positive
ܡܵܠܸܟ	possess
ܕܲܝܘܵܢܘܼܬܵܐ	possession
ܡܘܠܟܢܘܬܐ	possessive
ܡܟܵܢܵܐ	possible
ܟ̰ܵܦܵܪܚܵܢܵܐ	post
ܬܗܝ	postpone
ܐܘܚܪ	postpone
ܟܸܪܬܵܘܦܵܐ	potato
ܡܲܗܘܝܵܐ	potential
ܘܲܩܝܼܵܐ	pound
ܦܲܩܝܼܪܘܼܬܵܐ	poverty
ܚܘܼܪܕܘܼܬ݂ܵܐ	power
ܚܲܝܠܵܢܬ݂ܵܢܵܐ	powerful
ܥܒ݂ܵܕܵܝܵܐ	practical
ܢܵܚܸܫ	practice
ܩܲܠܹܣ	praise
ܨܠܐ	pray
ܚܵܪܘܿܓܵܐ	precious
ܬܲܩܝܼܢܵܐ	precise
ܕܸܩܵܬ	precisely
ܒܵܚܘܼܪܹܐ	predict
ܡܝܵܬܹܪ	prefer
ܛܵܘܒܵܐ	preference
ܒܛܝܼܢܬܵܐ	pregnant
ܓܲܒܵܢܘܼܬܵܐ	prejudice
ܣܘܼܠܘܿܓܝܼܣܵܐ	premises
ܦܝܼܫܟܵܫ	premium
ܩܲܕܝܼܡܘܼܬ ܥܘܼܬܵܕܵܐ	preparation
ܛܲܝܸܒ݂	prepare
ܡܫܵܘܕܝܵܢܵܐ	prepared
ܩܲܝܵܡܘܼܬܵܐ	presence
ܡܒܲܓ݂ܒܸܫ	present
ܡܲܓܠܝܵܢܘܼܬܵܐ	presentation
ܐܲܪܥܵܐ ܢܛܝܼܪܵܐ ܠܨܵܝܕܵܐ	preserve
ܪܝܼܫ ܡܲܘܬܒ݂ܵܐ	president
ܩܵܟ̰ܹܐ	press
ܟܒܵܫܵܐ	pressure
ܢܵܣܸܒ݂ ܒܐܲܦܹܐ	pretend
ܫܲܦܝܼܪܵܐ	pretty
ܟܵܠܘܼܝܵܐ	prevent
ܩܕ݂ܝܼܡ	previous
ܬܲܚܠܘܼܨܵܐ	prey
ܙܒ݂ܝܼܢܬܵܐ	price
ܪܵܡܘܼܬܵܐ	pride
ܟܵܗܢܵܐ	priest
ܫܝܼܬܢܵܝܵܐ	primary
ܓ̰ܘܵܫ	prime
ܐܲܡܝܼܪܬܵܐ	princess
ܪܹܫܵܝܵܐ	principal
ܩܘܼܕܡܵܢܵܝܵܐ	prior
ܒܟ݂ܝܼܪܵܝܘܼܬܵܐ	priority
ܒܹܝܬ ܐܲܣܝܼܪܵܐ	prison
ܡܸܬܟܲܝܫܵܢܘܼܬܵܐ	privacy
ܚܲܠܘܲܬܚܵܢܵܐ	private
ܥܝܵܪܵܐ	privilege
ܥܵܢܵܡ	prize
ܒܲܠܟܵܐ	probably
ܚܪܝܼܩܵܐ	problem
ܦܲܢܕ	procedure
ܙܘܵܚܵܐ	proceed
ܡܣܲܚܦܵܢܵܐ	process
ܗܲܨܝܼܠ	produce
ܡܲܗܨܘܼܠ	product
ܡܸܬܬܲܩܢܵܢܘܼܬܵܐ	production
ܟܲܠܡܵܗ ܫܵܗܕܲܬ	profession
ܡܢܲܣܝܵܐ	professional
ܒܵܪ ܘܲܪܟܝܼ	profile
ܝܘܼܬܪܵܢܵܐ	profit
ܬܗܘܿܡܵܝܵܐ	profound
ܫܘܼܘܫܵܛܵܐ	progress
ܓܒ݂ܝܼܚܵܐ	project
ܫܘܘܼܕܵܗܵܐ	prominent
ܫܘܼܘܕܵܝܵܐ	promise
ܕܲܪܸܓ݂	promote
ܡܸܬܕܲܪܓ݂ܵܢܘܼܬܵܐ	promotion
ܙܪܝܼܙܘܼܬܵܐ	prompt
ܝܪܵܟ݂ܬܵܐ	prone
ܫܡܗܐ	pronouns
ܓܲܟ̰ܵܢܵܬܵܐ	pronunciation
ܡܚܵܘܝܵܢܘܼܬ݂ܵܐ	proof
ܚܢܵܢܝܼܫܘܿܥ	proper
ܒܲܝܬܵܐܝܼܬ	properly
ܒܹܐܫܬܵܐ	properties
ܩܸܢܝܵܐ	property
ܡܵܘܫܛܵܢܘܼܬܵܐ	proposal
ܡܸܬܡܲܨܝܵܢܘܼܬܵܐ	prospect
ܟܘܼܫܵܪܵܐ	prosperity
ܟܲܢܸܦ	protect
ܫܘܼܒ݂ܗܵܪܵܐ	proud
ܡܲܙܒܘܼܛܹܐ	prove
ܙܲܘܸܕ	provide
ܒܫܵܪܬ	provided
ܦܢܝܼܬܵܐ	province
ܣܵܪܘܿܒܵܪ	provision
ܓܒܪܐ ܦܫܠܗ ܙܠܡܐ	puberty
ܕܝܼܡܣܝܼܢ	public
ܓܵܪܸܫ	pull
ܩܲܪܵܐ	pumpkin
ܒܵܒ݂ܬܵܐ	pupil
ܦܪܝܼܥܵܐ	purchase
ܢܲܩܕܵܐ	pure
ܒܵܢܲܦ̮ܫܵܐ	purple
ܩܲܕܝܼܡܘܼܬ ܛܲܟ݂ܣܵܐ	purpose
ܡܲܪܣܘܼܦܵܐ	purse
ܐܡܵܢܵܐ	pursue
ܟܵܬܘܿܒ݂ܘܼܬܵܐ	pursuit
ܙܥܵܦܵܐ	push
ܡܲܥܝܸܒ	put
ܚܵܫܚܘܼܬܵܐ	qualification
ܕܵܐܟ݂ܝܼܘܼܬ݂ܵܐ	quality
ܩܵܕܸܪ	quantity
ܚܓܪܐ ܡܛܠ ܚܠܝܡܘܬܐ	quarantine
ܪܘܼܒܥܵܐ	quarter
ܡܲܠܸܟܬܵܐ	queen
ܥܘܼܕܝܵܝܵܐ	queer
ܒܵܩܲܪܬܵܐ	query
ܒܘܼܩܵܪܵܐ	question
ܨܘܿܨܝܼܬ݂ܵܐ	queue
ܪܵܗܘܿܒ݂ܵܐ	quick
ܒܓ̰ܲܠܕܘܼܬܵܐ	quickly
ܒܲܗܝܼܠܵܐ	quiet
ܠܚܵܝܦܵܐ	quilt
ܗܲܓ̰ܹܡ	quit
ܥܵܝܙܲܢ	quite
ܒܘܼܩܝܵܢܵܐ	quiz
ܙܵܝܢܹܐ	quotation
ܦܵܣܘܿܩܵܐ	quote
ܟܸܪܘܝܼܫ	rabbit
ܛܘܼܗܡܵܐ	race
ܐܸܠܡܵܐ	rage
ܡܸܛܪܵܐ	rain
ܡܥܲܨܹܐ	raise
ܡܲܨܛܲܒܬ݂ܵܐ	raised
ܐܝܼܩܝܼ	random
ܐܘܼܦܩܵܐ ܕܲܚܙܲܝܬܵܐ	range
ܠܝܼܓܵܐ	rapid
ܩܲܠܝܼܠܵܝܼܬ݂	rapidly
ܠܵܟܸܣ	rare
ܝܼܫܘܿܥܵܝܵܐ	rarely
ܬܠܝܼܟ݂ܵܐ	rash
ܐܲܪܢܓ݂ܵܐ	rat
ܦܘܼܚܵܡܵܐ ܠܘܵܬ	rate
ܙܥܘܿܪܢܵܝܵܐ	rather
ܦܘܼܚܵܡܵܐ ܠܘܵܬ	ratio
ܡܠܝܼܠܵܐ	rational
ܦܕ݂ܝܼܥܵܐ	raw
ܡܕܲܪܫܵܢܘܼܬܵܐ	re
ܡܛܵܐ	reach
ܩܲܕ݇ܡ ܐܝܼܕܵܐ	reached
ܗܸܦܟ݂ܝܘܼܬܵܐ	reaction
ܕܵܒ݂ܸܩ ܡܸܢ ܪܹܫܵܐ	read
ܩܪܵܝܵܐ	reading
ܗܵܙܹܪ	ready
ܩܢܘܿܡܵܝܵܐ	real
ܥܒ݂ܵܕܵܢܵܝܘܼܬܵܐ	reality
ܡܦܲܪܡܹܐ	realize
ܪܸܓ݂ܫܵܢܵܝܬܵܐ	realized
ܫܲܪܝܼܪܵܐܝܼܬ	really
ܒܪܵܐ ܒܵܬ݂ܲܪ	rear
ܡܠܝܼܠܘܼܬܵܐ	reason
ܡܠܝܼܠܵܝܵܐ	reasonable
ܒܵܠܘܼܟ݂ ܡܲܐܕܸܬ	recall
ܙܵܦܸܣܟܵܐ	receipt
ܟܒܠ	receive
ܒܵܦܵܐ	received
ܫܲܪܘܵܐ	recent
ܐ݇ܚܵܪܵܐܝܼܬ	recently
ܒܹܝܬ ܙܡ̈ܝܼܢܹܐ	reception
ܪܘܼܟܵܒ݂ܵܐ	recipe
ܦܗܝܐ	reckless
ܚܦܝ	reckless
ܛܥܘܫܐ	reckless
ܡܫܲܡܗܵܐ	recognition
ܡܲܡܘܼܚܹܐ	recognize
ܡܵܘܨܘܿܝܹܐ	recommend
ܡܠܵܟܵܐ	recommended
ܫܵܛܹܪ	record
ܒܲܠܒܘܼܠܹܐ	recover
ܡܐܲܣܝܵܢܘܼܬܵܐ	recovery
ܬܵܘܪܝܼܟ݂ܵܐ	rectangle
ܣܡܘܼܩܵܐ	red
ܫܲܠܸܡ	redeem
ܡܸܫܬܲܘܙܒܵܢܘܼܬܵܐ	redemption
ܕܩܵܩܵܐ	reduce
ܥܦܝܦܐ	redundant
ܙܘܕܢܐ	redundant
ܡܲܕܟ݂ܘܼܪܹܐ	refer
ܐܸܫܵܪܵܬ	reference
ܪܢܵܐ	reflect
ܫܘܼܪܵܪܬܵܐ	reflection
ܚܵܣܸܟ݂	refrain
ܡܲܩܪܵܢܵܐ	refrigerator
ܡܲܟܘܼܫܹܐ	refund
ܣܘܼܠܵܢܵܐ	refuse
ܠܵܐ ܩܒܝܼܠܵܐ	refused
ܐܸܟܪܵܡ	regard
ܡܕܝܼܩܘܼܬܵܐ	regarding
ܕܐܟܝ ܕܗܘܝܐ	regardless
ܓܠܙ ܚܙܘܐ	regardless
ܥܲܢ	regards
ܩܠܝܼܡܵܐ	region
ܨܲܪܨܵܪܵܐ	register
ܬܝܵܒ݂ܘܼܬܵܐ	regret
ܡܸܠܬ݂ܵܐ ܐܲܝܟ݂ ܣܘܼܪܥܵܦܵܐ	regular
ܡܩܵܘܝܵܢܵܐܝܼܬ	regularly
ܕܵܚܹܩ	reject
ܛܲܗܸܡ	relate
ܐ݇ܚܝܵܢܵܝܵܐ	related
ܡܛܲܗܡܘܼܬܵܐ	relationship
ܚܠܵܦ ܫܡܵܐ ܚܝܵܢܵܝܵܐ	relative
ܥܵܫܝܼܪܝܵܬ	relatives
ܓܢܵܢܵܐ	relax
ܡܲܪܦܘܼܝܹܐ	release
ܩܘܼܦܠܵܐ	released
ܚܵܝܹܢ	relevant
ܡܲܐܫܪܵܐ	reliable
ܫܪܵܝ ܕܥܝܼܩܘܼܬܵܐ	relief
ܐܸܪܘܵܢܵܐ	relieve
ܣܵܟܸܢ	relieved
ܕܐ݇ܝܼܢ	religion
ܩܵܙܵܘܲܬ	religious
ܨܘܿܪܝܼܢܬܘܿ	reluctant
ܣܵܡܸܟ݂	rely
ܦܵܝܹܫ	remain
ܦܝܵܫܬܵܐ	remaining
ܕܠܵܐ ܒܲܥܝܵܕܵܐ	remarkable
ܣܲܡܣܸܡ	remedy
ܒܵܠܘܼܟ݂ ܡܲܐܕܸܬ	remember
ܡܲܕܟ݂ܘܼܪܹܐ	remind
ܥܝܼܪܘܼܬܵܐ	reminder
ܡܲܒ݂ܥܕܵܐ	remote
ܫܩܵܣܵܐ	remove
ܒܵܐܬܹܠ ܥܒ݂ܵܕܵܐ	render
ܣܘܼܕܵܩܵܐ	rent
ܬܲܪܸܨ	repair
ܙܲܪܙܸܡ	repeat
ܒܵܕܸܠ	replace
ܓܝܵܒ݂ܵܐ	reply
ܨܵܠܸܓ݂	report
ܟܕܵܒ݂ܵܐ	represent
ܐܵܒܘܼܪ	reputation
ܒܵܥܘܼܬܵܐ	request
ܐܲܨܵܨ	require
ܡܲܨܝܲܬܬܵܐ	required
ܦܵܪܘܿܩܘܼܬ݂ܵܐ	rescue
ܒܘܼܕܵܩܵܐ	research
ܦܲܠܐܸܬ	resemble
ܒܐܝܫܘܬܐ	resentment
ܚܵܣܘܿܟ݂ܘܼܬܵܐ	reservation
ܡܵܐܝܵܐ	reserve
ܥܵܡܘܿܪܵܐ	resident
ܡܣܡܘܝܐ	resilience
ܟܠܐ ܠܘܩܒܐ	resilience
ܥܙܝ	resilience
ܨܡܝܕܐ	resilient
ܨܡܙܕܐ	resilient
ܪܟܩܫ	resilient
ܡ݇ܣܵܡܸܟ݂ ܠܨܲܠܡܹܗ ܕ	resist
ܩܲܪܵܣܵܐ	resistance
ܡܦܲܫܪܵܢܘܼܬܵܐ	resolution
ܡܥܲܙܝܵܢܘܼܬܵܐ	resolve
ܝܵܐܝܠܵܐܩ	resort
ܦܘܼܪܣܵܐ	resources
ܐܸܗܬܪܵܡ	respect
ܥܢܵܐ	respond
ܡܲܥܢܝܼܬܵܐ	response
ܡܸܫܬܲܐܠܵܢܘܼܬ݂ܵܐ	responsibility
ܡܸܫܬܲܐܠܵܢܵܐ	responsible
ܐܲܓܸܣ	rest
ܡܲܢܝܼܟܼ/ܝ ܒܸܫܠܵܡܵܐ	rest in peace
ܡܲܛܥܲܡܬܵܐ	restaurant
ܐܲܣܵܐ	restore
ܡܲܥܝܸܩ	restrict
ܚܘܼܪܵܓ݂ܵܐ	result
ܫܲܘܫܘܼܛܹܐ	results
ܟܘܼܢܵܫܵܐ ܦܵܣܝܼܩܵܝܬܵܐ	resume
ܐܵܠܸܫ ܘܹܝܪܸܫ	retail
ܚܡܵܣܵܐ	retain
ܢܛܪܬܐ	retention
ܡܚܡܝܬܐ	retention
ܒܹܝܬܡܲܩܕܫܵܐ	retired
ܩܸܦܠܵܐ	retreat
ܡܕܥܪܬܐ	retrieve
ܡܗܦܟܬܐ	retrieve
ܐܲܗܦܸܟ݂	return
ܓܠܵܐ	reveal
ܡܓܲܠܝܵܐ	revealed
ܬܒܲܥܬ݂ܵܐ	revenge
ܡܵܐܠܝܵܐܬ	revenue
ܗܸܦܟܵܐ	reverse
ܡܸܬܦܲܩܕܵܢܘܼܬܵܐ	review
ܫܓܢܝ ܠܪܥܝܢܗ	revise
ܕܥܪ ܒܬܚܡܢܬܗ	revise
ܡܬܲܪܨܵܢܘܼܬܵܐ	revision
ܚܘܼܕܵܪܵܐ	revolution
ܫܲܠܸܡ	reward
ܡܠܲܚܡܘܼܬ ܩܝܼܢܵܬܹܐ	rhythm
ܫܪܲܕܘܼܕ݂ܵܐ	rib
ܪܘܼܙܵܐ	rice
ܕܵܘܠܲܬܡܲܢܕ	rich
ܟܸܬܪܵܐ	rid
ܪܵܟܸܒ݂	ride
ܡܲܓܚܸܟܵܢܵܐ	ridiculous
ܙܸܕܩܵܐ	right
ܐܲܕܝܼܵܐ	right now
ܡܘܼܢܝܼ	rigid
ܥܹܙܲܩܬ݂ܵܐ	ring
ܫܘܼܛܵܦܵܐ	rinse
ܬܪܘܿܒ݂ܵܐ	riot
ܙܲܢܙܘܼܠܹܐ	rip
ܥܵܗܢܵܝܵܐ	ripe
ܣܵܠܹܩ	rise
ܩܲܫܕܪܵܢܘܼܬܵܐ	risk
ܥܲܪܬ݂ܵܐ	rival
ܢܲܗܪܵܐ	river
ܡܲܓܕܵܐ	road
ܡܩܵܠܹܐ	roast
ܕܹܢܓܵܐ ܕܹܢܓܘܿܗ	robust
ܟܹܐܦܵܐ	rock
ܨܝܼܘܵܐ	rod
ܣܵܦܪܵܝܘܼܬܵܐ	role
ܡܫܲܪܬܸܠ	roll
ܩܪܵܫܬܵܐ	roof
ܐܵܘܬܵܓ݂	room
ܥܲܝܩܸܪ	root
ܚܲܒ݂ܠܵܐ	rope
ܣܝܼܚܵܐ	rotten
ܫܵܚܘܿܪܵܐ	rough
ܡܕܲܒܠܸܩ	roughly
ܕܘܿܪ	round
ܡܲܪܕܝܼܬܵܐ	route
ܐܲܟܣܝܼܣ	routine
ܩܲܪܩܘܼܪܘܼܢܝܼܬܵܐ	row
ܕܪܲܫ	rub
ܡܘܼܫܲܡܵܐ	rubber
ܢܦܵܬܵܐ	rubbish
ܥܵܓܘܿܪܵܐ	rude
ܚܵܠܝܼ	rug
ܥܵܕܸܡ	ruin
ܩܵܢܘܿܢܵܐ	rule
ܡܝܼܣܛܵܪ	ruler
ܩܲܢܘܸܢܵܢܹ̈ܐ	rules
ܪܵܗܸܛ	run
ܪܸܗܛܵܐ	running
ܐܵܪܵܬܵܐ	rural
ܣܲܪܗܸܒ݂	rush
ܟܝܼܣܬܵܐ	sack
ܩܘܼܪܒܵܢܵܐ	sacrifice
ܕܘܼܠܕܸܢܵܐ	safe
ܦܪܵܚܬܵܐ ܕ ܨܵܠܵܡܲܬ	safe flight
ܐܵܡܵܐܢ	safety
ܚܲܟܝܼܡܵܐ	sage
ܣܥܝܕ	said
ܟܸܬܵܢܵܐ	sail
ܩܘܼܢܒܝܼܬ݂ܵܐ	sailing
ܚܵܬܸܪ	sake
ܛܲܪܵܝܵܐ	salary
ܗܲܪܵܓ̰	sale
ܢܘܢܐ	salmon
ܡܸܠܚܵܐ	salt
ܒܲܪ ܓܸܢܣܵܐ	same
ܢܹܡܘܼܢܵܐ	sample
ܣܹܐܠܵܐ	sand
ܡܝܩܢܐ	sarcastic
ܠܘܡܢܐ	sarcastic
ܒܲܗܝܼܬܵܐ	sassy
ܝܼܬܝܼܒ݂ܬܵܐ	sat
ܪܸܙܵܝܘܼܬ݂ܵܐ	satisfaction
ܣܸܒ݂ܥܝܵܐ	satisfied
ܣܒܥ	satisfy
ܡܲܣܒ݂ܥܵܢܵܐ	satisfying
ܫܒܬܐ	Saturday
ܝܘܡܐ ܕܫܒܬܐ	Saturday
ܩܘܼܠܒܵܣ	sausage
ܚܲܪܡܵܐ	savage
ܦܨܐ	save
ܡܲܣܵܪܬܵܐ	saw
ܡܣܵܒܹܥ ܣܘܼܦܪܵܐ	say
ܡܵܣܲܝܬܵܐ	scale
ܙܐܦܢܙܬܐ	scam
ܢܟܘܠܬܢܘܬܐ	scam
ܟ̰ܵܒܘܼܚܬܵܐ	scar
ܩܵܗܕ	scarce
ܨܘܿܪܝܼܢܬܘܿ	scared
ܫܲܪܦܵܐ	scarf
ܡܒܲܠܗܝܵܐ	scary
ܐܲܫܝܼܕܵܐ	scattered
ܗܦܘܼܟܝܵܐ ܠܕܲܥܒ݂ܲܪ	scene
ܚܙܘܐ ܟܝܢܝܐ	scenery
ܡܲܡܲܚܬܵܐ	scent
ܓܢܘܼܣܝܼܣ	schedule
ܡܲܕܪܸܫܬܵܐ	school
ܚܲܙܵܩܘܼܬܵܐ	science
ܥܹܠܡܕܵܪ	scientist
ܡܲܩܵܨ	scissors
ܡܘܢܟܣܠܗ	scold
ܐܟܣ	scold
ܚܩܠܐ	scope
ܡܬܚܐ	scope
ܣܸܦܛܵܐ	score
ܚܸܠܬ	scrap
ܚܝܵܟܵܐ	scratch
ܙܥܵܩܬܵܐ	scream
ܦܪܲܩܛܵܐ	screen
ܐܘܼܦܢܵܐ	screw
ܐܲܢܛܝܼܓܪܵܦܘܿܢ	script
ܝܲܡܵܐ	sea
ܡܵܘܗܪ	seal
ܡܦܲܓ̰ܦܸܓ̰	search
ܡܵܘܥܕ݂ܵܐ	season
ܒܹܬܹܟܵܐ	seat
ܪܦܵܦܵܐ	second
ܓܸܢܒ݂ܝܼܬ݂	secret
ܡܸܬܦܲܣܩܵܢܘܬܵܐ	section
ܡܙܲܪܝܵܐ	secure
ܐܵܡܵܐܢ	security
ܚܙܵܐ	see
ܚܙܵܐܘܼܗ	see you
ܒܸܬ ܚܵܙܹܝܢܘܼܟ݂ ܩܘܼܕܡܹܐ	see you tomorrow
ܙܲܪܥܵܐ	seed
ܓ̰ܵܐܘܼܠܹܐ	seek
ܡܲܟܪܘܼܝܹܐ	seem
ܟܸܡܒܲܝܢܵܐ	seems
ܫܵܡܵܫܘܼܬܵܐ	seen
ܕܒ݂ܵܩܵܐ	seize
ܚܘܿܛܵܦܵܐ	seizure
ܟܹܝܡ ܓܲ̈ܗܹܐ	seldom
ܡܓܲܒܘܿܝܹܐ	select
ܓܵܢܵܐ	self
ܐܵܢܵܝܵܐ	selfish
ܙܲܒܸܢ	sell
ܡܫܲܝܹܐ	send
ܫܲܕܸܪܝܼ ܨܘܼܪܬܘܼܟ݂	send me your picture
ܬܠܝܼܬܵܝ ܩܲܘܡܵܐ	senior
ܪܸܓ݂ܫܵܐ	sense
ܡܸܬܪܲܓ݂ܫܵܢܵܐ	sensible
ܪܵܓ݂ܘܿܫܵܐ	sensitive
ܫܘܼܕܪܵܐ	sent
ܦܸܬ݂ܓܵܡܵܐ	sentence
ܐܲܣܵܪܵܐ	sentences
ܦܪܵܫܵܐ	separate
ܐܝܼܠܘܼܠ	september
ܡܸܫܬܲܠܫܠܵܢܘܼܬܵܐ	sequence
ܫܝܼܫܠܵܐ	series
ܡܘܼܠܵܝܸܡ	serious
ܝܲܩܝܼܪܵܐܝܼܬ	seriously
ܚܲܕܸܡ	serve
ܬܸܫܡܸܫܬܵܐ	service
ܐ݂ܓ̰ܠܵܣ	session
ܬܦܵܐ	set
ܩܘܼܝܵܡܵܐ	setting
ܫܟܵܬܵܐ	settle
ܫܲܒ݂ܥܵܐ	seven
ܫܒ݂ܲܥܣܲܪ	seventeen
ܥ	seventy
ܚܲܕ݇ ܟܵܐ	several
ܩܲܫܝܵܐ	severe
ܚܐܵܛܵܐ	sew
ܡܙܝܼܥܘܼܬܵܐ	sh
ܡܲܛܸܠ	shade
ܛܸܠܵܐ	shadow
ܦܠܵܥܵܐ	shake
ܛܲܪܛܵܪܘܿܣ	shall
ܪܲܩܪܵܩܵܐ	shallow
ܢܘܼܟ݂ܵܦܵܐ	shame
ܢܘܼܪܵܢܵܝܵܐ	shape
ܣܘܼܒܵܠܵܐ	share
ܚܘܼܪܦܵܐ	sharp
ܗ݇ܘܹܠܵܗ	she
ܗܿܝ ܝܼܬܠܵܗܿ	she has
ܝܼܠܵܗܿ	she is
ܐܫܵܕܵܐ	shed
ܕܘܼܒܪܝܼܢܵܐ	sheep
ܦܸܛܵܠܵܐ	sheet
ܕܵܟܘܿܢܵܐ	shelf
ܩܲܠܵܦܬܵܐ	shell
ܣܵܐܝ	shelter
ܡܲܓ݇ܢܵܐ	shield
ܥܘܼܝܵܦܵܐ	shift
ܒܗܵܩܵܐ	shine
ܓܵܡܝܼ	ship
ܟܘܼܬ݂ܝܼܢܵܐ	shirt
ܨܵܘ̈ܠܹܐ	shoes
ܫܲܒ݂ܘܼܩܵܐ	shoot
ܚܵܢܘܼ	shop
ܡܫܵܘܹܩ	shopping
ܣܸܦܬ݂ܐ ܕܝܵܡܵܐ	shore
ܚܸܫܬ	short
ܐܲܓܪܵܢܝܼ	shortage
ܟ̰ܵܪܦܵܪܬܵܐ	shot
ܡܸܬܗܵܘܝܵܢܵܐܝܼܬ	should
ܟܲܬܦܵܐ	shoulder
ܩܥܵܐ	shout
ܫܥܵܝܘܼܬܵܐ	show
ܡܲܚܙܹܐ ܠܝܼ	show me
ܙܵܪܝܼܒ݂ܬܵܐ	shower
ܐܲܪܒܝܬܵܐ	shrimp
ܥܒ݂ܵܪܵܐ ܒܐܘܼܚܕܵܪܹܐ	shrink
ܐܵܟ̰ܸܡ	shut
ܥ̄ܟ̰ܘܼܡ ܦܘܼܡܘܼܟܼ	shut up
ܩܲܢܝܼܛܵܐ	shy
ܐܲܚܬܵܐ	sibling
ܐܚܐ ܚܙܡܢܐ	siblings
ܟܪܝܼܗܵܐ	sick
ܩܒ݂ܝܼܥܬܵܐ	side
ܐܸܬܬܲܢܲܚ	sigh
ܚܙܵܬܵܐ	sight
ܢܝܼܫܲܢܩܵܐ	sign
ܪܡܲܝ ܐܝܼܕܵܐ	signature
ܐܵܠܨܵܝܵܐ	significant
ܫܲܠܝܘܼܬܵܐ	silence
ܒܵܗܘܿܠܵܐ	silent
ܐܲܒܪܝܼܣܸܡ	silk
ܓܘܼܓܢܵܝܵܐ	silly
ܟܸܣܦܵܐ	silver
ܕܵܡܝܵܐ	similar
ܦܫܝܛܐ	simp
ܗܕܝܘܛܐ	simp
ܦܫܝܼܛܵܐ	simple
ܫܲܘܝܵܬ	simultaneously
ܡܸܢ ܐܝܼܡܲܢ	since
ܫܲܦ̈ܝܲܝ ܬܲܪܥܝܼܬܵܐ	sincere
ܫܲܦܝܵܐܝܼܬ	sincerely
ܙܵܡܸܪ	sing
ܙܲܡܵܪܬܵܐ	singer
ܕܲܢܕܸܟܬܵܐ	single
ܛܒܵܥ	sink
ܡܪܐ ܡܪܝ	Sir
ܚܵܬ݂ܵܐ	sister
ܒܪ̄ܬ ܚܡܵܝܵܐ	sister in law
ܝܵܬܹܒ݂	sit
ܚܸܦܲܪܬܵܐ	site
ܐܲܗܘܵܠ	situation
ܫܸܬ݂	six
ܫܬܲܥܣܲܪ	sixteen
ܐܸܫܬܝܼ	sixty
ܓܘܼܪܘܼܬ݂ܵܐ	size
ܒܲܫܲܪܬܵܐ	skill
ܡܲܩܪܘܼܝܹܐ	skills
ܓܸܠܕܵܐ	skin
ܢܲܚܒܵܐ	skinny
ܩܵܘܹܙ	skip
ܝܘܼܦܩܵܐ	skirt
ܫܡܲܝܵܐ	sky
ܦܘܼܠܵܐ	slave
ܕܲܡܟܘܼܬܵܐ	sleep
ܕܡܵܟ݂ܬܵܐ	sleeping
ܫܸܢܬܵܢܵܐ	sleepy
ܒܲܝܪܕܵܐ	sleeve
ܒܲܣܒܸܣ	slice
ܫܪܵܥܵܐ	slide
ܚܲܕ݇ ܩܵܘܠܵܐܝ	slightly
ܟ̰ܹܠܵܙܵܐ	slim
ܫ̰ܵܠܸܦ	slip
ܟܲܢܕܲܪܬܵܐ	slope
ܩܫܵܛܬ݂ܵܐ	slot
ܡܲܬܝܼܢܵܐ	slow
ܡܲܬܝܼܢܵܐܝܼܬ	slowly
ܙܥܘܿܪܵܐ	small
ܡܨܲܢܨܸܦ	smart
ܣܵܐܹܩ	smell
ܒܸܪܣܸܡܬܵܐ	smile
ܬܸܢܵܢܵܐ	smoke
ܡܲܟ̰ܘܼܥ	smooth
ܙܵܟܸܣܬܵܐ	snack
ܚܲܠܙܘܿܢܵܐ	snail
ܚܸܘܝܵܐ	snake
ܦܹܠܵܐ	snap
ܬܲܠܓܵܐ	snow
ܗܸܠ ܕܲܗܵܐ	so
ܡܨܲܪܒܸܥ	soak
ܙܡܝܼܡܵܐ	soap
ܨܲܠܘܼܠܹܐ	sober
ܐܸܣܦܝܼܪ ܪܸܓ݂ܠܵܐ	soccer
ܪܲܒܘܼܬ ܛܘܿܗܡܵܐ	social
ܢܸܩܦܵܐ	society
ܓܸܪ̈ܒ݂ܵܐ	socks
ܪܲܟܝܼܟ݂ܵܐ	soft
ܥܘܼܦܪܵܐ	soil
ܙܘܼܒܢܵܐ	sold
ܦܵܠܚܵܐ	soldier
ܡܢܵܥܹܠ	sole
ܛܡܝܼܡܵܐ	solid
ܫܪܵܝܵܐ	solution
ܦܲܫܸܩ	solve
ܚܲܕ݇ܟܡܵܐ	some
ܣܘܼܡܵܚܟ݂ܵܐ	somebody
ܠܚܲܕ ܕܲܪܓ݂ܵܐ	somehow
ܓ̰ܢܝܼܢܵܐ	someone
ܚܵܕ݇ ܡܸܢܕܝܼ	something
ܣܲܟܹܐ	sometimes
ܙܡܵܪܬܵܐ	song
ܥܬܝܼܪܵܐܝܼܬ	soon
ܡܩܲܪܕܝܵܢܵܐ	sophisticated
ܪܵܚܘܿܫܬܵܐ	sore
ܚܲܫܵܐ	sorrow
ܦܵܚܲܠܬܵܐ	Sorry
ܟܘܿܪܟܘܿܪ	sort
ܬܒ݂ܝܼܥܬܵܐ	sought
ܒܹܗ݇ܓ̰ܵܢ	soul
ܬܐܡܐ ܕܪܘܚܐ	soulmate
ܚܒܪܐ ܫܪܝܪܐ	soulmate
ܨܵܚ	sound
ܡ̈ܝܼܵܐ ܕܒܸܣܪܵܐ	soup
ܡܲܪܝܼܪܬܵܐ	sour
ܫܹܡ ܣܘܼܪܵܢܵܐ	source
ܬܲܝܡܢܵܐ	south
ܪܘܝܼܚܘܼܬ݂ܵܐ	space
ܐܓܪܬܐ ܡܣܩܕܢܐ	spam
ܐܓܪܬܐ ܐܠܟܬܪܘܢܝܐ	spam
ܦܵܟ̰ܘܿܚܬܵܐ	span
ܐܣܦܢܝܐ	Spanish
ܡܘܿܙܵܓܵܐ	spare
ܠܵܥܹܙ	speak
ܕܝܼܠܵܢܵܝܵܐ	special
ܐܵܕܫܵܐ	species
ܡܥܲܝܢܵܐ	specific
ܬܪܝܼܢܓܵܐ	spectacular
ܡܡܲܠܠܘܼܬܵܐ	speech
ܡܝܼܠܵܐ ܒܫܵܥܬܵܐ	speed
ܗܵܓܘܼܝܸܐ	spell
ܡܚܵܪܸܓ̰	spend
ܛܠܵܩܵܐ	spent
ܙܵܕܵܐ	spicy
ܙܸܩܛܵܐ	spike
ܙܵܒ݂ܸܪ	spin
ܐܸܣܦܵܢܵܟ݂	spinach
ܥܵܪܵܩ	spirit
ܪܘܼܩܵܐ	spit
ܨܲܚܝܼܚܵܐ	splendid
ܨܪܐ	split
ܣܪܝ	spoil
ܐܬܚܒܠ ܚܒܠ	spoil
ܓܵܢܵܝܵܐ	spontaneous
ܟ̰ܲܡܟ̰ܵܐ	spoon
ܛܘܼܠܫܵܐ	spot
ܒܲܪ ܙܘܼܓܵܐ	spouse
ܦܵܪܹܣ	spread
ܒܢܝܼܣܵܢ	spring
ܡܪܲܒܥܵܐ	square
ܓܵܡܸܕ	squeeze
ܣܦܸܐܵܐ	squid
ܣܸܡܵܘܪܵܐ	squirrel
ܥܹܐܕܵܐ ܕܚܘܼܒܵܐ	st
ܕܓ݂ܵܫܵܐ	stab
ܒܹܝܬ݂ ܪ̈ܲܟ݂ܫܹܐ	stable
ܕܵܙܵܩܵܐ	stack
ܕܵܘܓܵܢܵܓ	staff
ܐܲܢܕܝܼܩܛܝܘܿܢܵܐ	stage
ܡܠܲܟܸܢ	stain
ܣܸܒܸܠܬܵܐ	stairs
ܦܵܟܪܵܐ	stake
ܡܫܵܕܹܐ	stall
ܛܲܒ݂ܥܵܐ	stamp
ܒܲܪ ܠܸܠܝܵܐ	stand
ܡܘܼܙܒܹܛܵܐ	standard
ܟܵܘܟ݂ܒ݂ܵܐ	star
ܫܘܼܪܵܝܵܐ	start
ܫܘܼܪܝܵܐ	started
ܦܘܿܠܘܿܛܝܼܵܐ	state
ܡܸܬܩܲܛܪܓܲܢܘܼܬܵܐ	statement
ܡܲܙܵܠܵܐ	station
ܩܵܝܡܵܬܵܐ	statue
ܛܘܼܠܝܼܩܘܼܬܵܐ	status
ܦܘܼܫ	stay
ܬܒܵܥܝܬܵܐ	steady
ܫܲܪܚܬܵܐ	steak
ܓܵܢܹܒ݂	steal
ܗܵܘܓܵܐ	steam
ܦܘܼܠܵܕ	steel
ܟ̰ܲܡܟ̰ܵܡܵܐ	steep
ܓܘܼܙܥܵܢ	stem
ܦܵܣܘܿܥܬ݂ܵܐ	step
ܨܝܼܘܵܐ	stick
ܒܵܪܘܿܩܵܐ	stiff
ܕܵܘܗܘܿܢ	still
ܢܵܗܹܣ	sting
ܚܲܣܝܼܣ	stingy
ܒܵܚܸܫ	stir
ܡܘܼܩܛܲܪܬܵܐ	stock
ܐܸܣܛܘܼܡܟܵܐ	stomach
ܪܓܲܡ	stone
ܟܸܒ݂ܫܵܐ ܕܐܲܩܠܵܐ	stool
ܟܠܝܼ	stop
ܡܲܛܠܝܼܬܵܐ	storage
ܐܲܦܵܬܝܼܩܵܐ	store
ܒܘܿܪܵܢ	storm
ܡ݇ܬܵܢܵܝܬܵܐ	story
ܩܵܡܹܝܢܵܐ	stove
ܓܵܢܘܿܡܘܿܢܵܝܵܐ	straight
ܦܫܝܼܛܵܐܝܼܬ	straightforward
ܩܨܵܝܵܐ	strain
ܥܘܼܕ݂ܝܵܝܵܐ	strange
ܢܘܼܟ݂ܪܵܝܵܐ	stranger
ܐܸܣܛܪܵܛܸܝܓܵܐ	strategy
ܚܲܒܬ݂ܵܐ	straw
ܬܘܼܬ݂ܵܐ ܕܦܪܲܢܓܵܝܹܐ	strawberry
ܟ̰ܲܠܒܘܼܚܬܵܐ	streak
ܠܲܛܹܐ	stream
ܥܵܠܘܿܠܵܐ	street
ܚܲܝܠܵܐ	strength
ܓ̰ܵܘܪ	stress
ܡܬܵܚܵܐ	stretch
ܚܣܘܼܟ݂ܬܵܢܵܝܵܐ	strict
ܛܲܪܒܘܼܚܹܐ	strike
ܢܝܼܢܵܐ	string
ܡܓ̰ܵܠܸܚ	strip
ܡܚܵܦܹܛ	strive
ܡܲܛܪܘܿܦܝܼܬܵܐ	stroke
ܚܲܝܠܵܢܵܐ	strong
ܗܲܘܠܝܼ	struck
ܪܲܟܘܼܒܹܐ	structure
ܟܘܼܬܵܫܵܐ	struggle
ܟܘܬܫܐ	struggling
ܠܘܩܒܠ	struggling
ܟܬܫ	struggling
ܕܪܪ ܥܡ ܟܠܐ	struggling
ܥܢܬܐ ̤  ܪܩܝܬܢܐ	stubborn
ܫܸܥܝܵܐ	stuck
ܬܲܠܡܝܼܕ݂ܵܐ	student
ܡܠܝܼܛܘܼܬܵܐ	study
ܝܵܠܘܼܦܘܼܬܵܐ	studying
ܦܝܼܠܘܿܛܵܐ	stuff
ܣܲܪܣܵܡܬܵܐ	stunning
ܒܘܿܪܵܐ	stupid
ܐܹܒܵܪܵܬ	style
ܪܲܥܝܲܬܟ̰ܝܼ	subject
ܕܵܢܘܿܝܘܼܬܵܐ	submission
ܐܸܫܬܲܥܒܸܕ ܬܚܝܬ ܐܝܼܕܵܗܿ	submit
ܙܓܘܼܓܝܼܬܵܐ	substance
ܚܠܵܐܦܵܐ	substitute
ܙܪܵܢܓ	subtle
ܟܫܵܪܵܐ	succeed
ܟܲܫܝܼܪܘܼܬܵܐ	success
ܟܲܫܝܼܪܵܐܝܼܬ	successful
ܗܲܟ݂ܘܵܬ	such
ܡܐܵܨܵܐ	suck
ܡܸܢܫܹܠ	sudden
ܐܝܼܓܵܗܵܐ	suddenly
ܚܲܫ	suffer
ܕܘܼܢܵܩܵܐ	suffering
ܟܲܕܘܼ	sufficient
ܫܲܟܲܪ	sugar
ܡܩܪܘܼܒ݂ܹܐ	suggest
ܐܝܼܫܵܐܪܵܐ	suggestion
ܕܲܣܬܵܐ ܕܓ̰ܘܼܠܹܐ	suit
ܒܟܹܝܪ ܕ	suitable
ܪܝܼܫܡܵܠܵܐ	sum
ܓܕܝܼܡܘܼܬܵܐ	summary
ܩܲܝܛܵܐ	summer
ܒܸܒܸܠܬܵܐ	summit
ܫܸܡܫܵܐ	sun
ܚܲܕ݇ ܒ݂ܫܲܒܵܐ	sunday
ܫܸܡܫܵܢܵܐ	sunny
ܥܪܵܒ݂ܵܐ	sunset
ܡܒܲܠܩܸܛ	sunshine
ܩܵܝܘܿܡܵܐ	super
ܪܹܫ ܕܲܝܪܵܐ	superior
ܟܵܠܵܢܬܵܪ	supervisor
ܥܲܫܵܝܵܐ	supper
ܡܙܲܝܘܿܪܹܐ	supply
ܩܵܝܘܿܡܘܼܬܵܐ	support
ܐܵܡܪܸܬ	suppose
ܐܫܝܼܠܐ	supposed
ܐܲܡܝܼܢ	sure
ܪܲܚܪܸܩ	surface
ܩܠܵܫܵܐ	surge
ܓܙܵܪܘܼܬܵܐ	surgery
ܣܵܩܘܼܡܵܐ	surname
ܡܲܬܗܸܪ	surprise
ܬܲܘܝܼܗܵܐ	surprised
ܡܲܚܠܲܛܬܵܐ	surrender
ܚܲܪܕܵܝܬܵܐ	surrounding
ܓ̰ܵܣܘܼܣܘܼܬܵܐ	survey
ܕܵܒܸܪ	survive
ܦܵܫܹܟ݂	suspect
ܬܸܠܝܵܐ	suspended
ܒܲܚܝܼܠܘܼܬܐ	suspicious
ܡܲܣܒܸܬ	sustain
ܡܸܬܩܲܕܝܵܢܵܐ	sustainable
ܣܘܼܢܘܼܢܝܼܬܵܐ	swallow
ܚܘܿܠܵܦܵܐ	swap
ܝܵܡܹܐ	swear
ܕܘܼܥܬܵܐ	sweat
ܙܩܘܿܪܵܐ	sweater
ܟܢܵܫܵܐ	sweep
ܚܲܠܝܵܐ	sweet
ܟܹܟܵܐ ܚܸܠܝܵܐ	sweet tooth
ܡܘܿܚܸܒܬܵܐ	sweetheart
ܙܵܘܹܐ	swell
ܢܦܝܼܚܘܼܬܵܐ	swelling
ܫܵܥܹܛ	swim
ܛܵܝܘܿܦܘܼܬܵܐ	swimming
ܙܪܝܼܙܘܼܩܵܐ	swing
ܫܲܠܒܘܼܛܹܐ	switch
ܣܲܦܣܝܼܪܵܐ	sword
ܐܵܬܘܵܬܸܐ	symbol
ܣܘܼܡܦܵܬܝܼܵܐ	sympathy
ܚܵܪܵܐ	symptoms
ܣܘܼܣܬܝܼܡܵܐ	system
ܡܝܼܙ	table
ܟ̰ܲܪܚ	tackle
ܦܵܠܹܛ	tag
ܛܘܼܦܪܵܐ	tail
ܢܣܵܒ݂ܵܐ	take
ܐܲܠܵܗܵܐ ܡܸܢܘܼܟ݂ \ ܡܸܢܵܟ݂ܝ	take care
ܢܣܝܼܒܵܐ	taken
ܫܘܼܥܝܼܬ݂ܵܐ	talk
ܦܵܘܦܲܚܬܵܐ	tall
ܦܸܬܝܘܿܢ	tap
ܬܸܟܬܐ	tape
ܢܸܫܲܢܩܵܐ	target
ܡܫܲܚܩܵܢܵܐ	task
ܛܲܥܡܵܐ	taste
ܛܲܥܡܵܢܬܵܐ	tasty
ܡܘܼܠܲܦܬܵܐ	taught
ܟ̰ܵܐܝ	tea
ܡܲܠܸܦ	teach
ܡܲܠܦܵܢܵܐ	teacher
ܗܲܣ	team
ܣܕܩ	tear
ܕܸܡܥܹܐ	tears
ܒܲܢܕ ܗܘܵܐ	tease
ܝܘܼܠܦܵܢܵܐ ܕܐܘܼܡܵܢܘܼܬܵܐ	technology
ܡܚܲܩܝܵܢܘܼܬܵܐ	teeth
ܦܵܐܠ ܦܬܵܚܵܐ	tell
ܐ̄ܡܘܿܪ ܠܝܼ	tell me
ܬܲܒܥ	temper
ܕܲܪܵܓ݈ܵܐ ܕܗܵܘܵܐ	temperature
ܗܲܝܟܠܵܐ	temple
ܥܸܕܵܢܵܝܵܐ	temporary
ܥܸܣܪܵܐ	ten
ܥܸܣܪܵܐ ܐܲܠܦܹ̈ܐ	ten thousand
ܐܲܓܵܪܵܝܵܐ	tenant
ܒ̈ܘܼܩܵܠܹܐ	tend
ܡܸܫܬܲܦܪܵܢܘܼܬܵܐ	tendency
ܡܚܲܬܪܵܐ	tender
ܡܛܲܪܦܵܢܵܐ	tense
ܪܫܝܼܠܘܼܬܵܐ	tension
ܝܵܪܝܼܥܬܵܐ	tent
ܢܛܠ	tentative
ܬܟܒ	tentative
ܬܢܝܐ	tentative
ܡܘܼܪܕܵܫܘܿܪ	term
ܣܸܢܘܼܪ	terms
ܓܢܝܼܚܵܐ	terrible
ܣܘܼܪܵܕܵܝܵܐ	terrific
ܙܘܼܒܛܸܢܵܐ	territory
ܨܲܚܘܵܐ	test
ܦܪܵܙܝܼܙ	text
ܒܝܼܫ ܒܝܼܫܵܐ ܡܸܢ	than
ܛܥܵܢܵܐ ܡܸܢܬܵܐ	thank
ܒܵܣܝܼܡܵܐ ܪܵܒܵܐ	thank you so much
ܒܲܣܝܼܡܵܐ ܪܵܒܵܐ	thank you very much
ܬܲܘܕܝܼ	thanks
ܬܵܘܕܝܼ ܩܵܐ ܡܲܦܠܸܚܸܬ ܬܘܼܚܡܵܠܲܢ	Thanks for using our app
ܗܘܵܐ	that
ܥܲܠܝܼ	that is
ܕ	the
ܓܹܢܵܒ݂ܘܼܬܵܐ	theft
ܐܸܠܲܝܗܝ	their
ܐܸܠܵܝ	them
ܥܸܠܬܵܐ ܕܡܲܡܠܠܵܐ	theme
ܡܸܬܥܲܠܠܵܢܵܐ	themselves
ܒܲܡ	then
ܬܸܐܘܿܪܝܼܡܵܐ	theory
ܬܲܡܵܢ	there
ܐܝܼܬ	there is
ܒܘܼܕ ܗܵܕܵܐ	therefore
ܐܲܢܝܵܐ	these
ܐܵܢܝܼ	they
ܐܝܼܢܵܐ	they are
ܥܲܒܝܼܛܵܐ	thick
ܓܲܢܵܒ݂ܵܐ	thief
ܥܲܛܡܵܐ	thigh
ܛܠܝܼܚܵܐ	thin
ܡܸܕܸܡ	thing
ܪܵܘܪ̈ܒ݂ܵܬ݂ܵܐ	things
ܪܢܵܐ	think
ܬܠܝܼܬ݂ܵܝܵܐ	third
ܨܗܝܐ	thirsty
ܬܠܵܬ݂ܲܥܣܲܪ	thirteen
ܬܠܵܬܝܼܢ	thirty
ܐܵܗܵܐ	this
ܐܵܗܵܐ ܐܝܼܠܹܗ	this is
ܣܵܟ݂ܵܢܵܐ	thorough
ܬܲܩܢܵܐܝܼܬ	thoroughly
ܐܲܢܹܐ	those
ܐܵܦܐܸܢ	though
ܪܸܢܝܵܐ	thought
ܬܲܚܡܸܢܵܢܵܐ	thoughtful
ܡܚܲܦܝܘܼܬܵܐ	thoughts
ܐܲܠܦܵܐ	thousand
ܚܘܼܛܵܐ	thread
ܠܘܼܚܵܡܵܐ	threat
ܓܵܙܹܡ	threaten
ܬܠܵܬ݂	three
ܐܸܣܟܘܼܦܬܵܐ	threshold
ܪܘܝܼܙܵܐ	thrilled
ܚܢܵܐ	thrive
ܓܲܓܲܪܬܵܐ	throat
ܓܵܘܵܐ ܓܵܘ	through
ܨܵܘܡܵܐ ܕܐܲܪܒܥܵܐ	throughout
ܫܕܵܐ	throw
ܟܪܵܬ݂ܵܐ	thumb
ܒܲܪܩܵܐ	thunder
ܚܡܫܒܫܒܐ	Thursday
ܗ݇ܕܵܗܵܐ	thus
ܩܲܪܕܵܐ	tick
ܥܕܵܝܵܐ	tide
ܕܘܼܒܠܸܒܵܐ	tidy
ܐܲܣܵܪ ܩܕ݂ܵܠܵܐ	tie
ܢܸܡܪܵܐ	tiger
ܚܠܘܼܨܬܵܐ	tight
ܥܕܵܢܵܐ	time
ܕܲܢܒܘܼܣܸܟܬ݂ܵܐ	tiny
ܪܝܼܩܘܼܬܵܐ	tip
ܪܹ̈ܫܵܘܵܬ݂ܵܐ	tips
ܡܟܵܠܸܦ	tire
ܓܸܗܝܵܐ	tired
ܙܲܪܒܵܦ̮ܬ	tissue
ܓܬܝܼܬ	title
ܩܵܐ   ܒܘܼܬ    ܠܟܸܣ	to
ܗܵܘܹܐ	to be
ܡܲܛܘܹܐ	toast
ܐܸܕܝܘܿܡ	today
ܫܲܒ݂ܪܵܐ	toddler
ܛܘܿܦܸܪܬܵܐ	toes
ܐܲܟ݂ܚܕܵܐ	together
ܣܵܩܘܿܠܘܼܬܵܐ	toilet
ܡܘܼܕܥܝܼܵܐ	told
ܡܣܲܝܒܪܵܢܘܼܬ݂ܵܐ	tolerance
ܣܒ݂ܵܠܵܐ	tolerate
ܝܲܒ̣ܪܘܼܚܵܐ	tomato
ܩܘܼܕܡܹܐ	tomorrow
ܠܸܫܵܢܵܐ	tongue
ܒܐܵܗ ܠܲܝܠܹܐ	tonight
ܙܹܐ	too
ܡܵܘܨܸܠ	took
ܣܩܹܘܵܐ	tool
ܡܲܠܛܲܫܬܵܐ	tools
ܥܲܪܫܵܐ	tooth
ܣܲܪܟ̰ܲܩ	top
ܥܸܠܬܵܐ ܕܡܲܡܠܠܵܐ	topic
ܣܬܘܿܪܵܐ	torn
ܫܸܢܕܵܐ	torture
ܟܘܼܠܵܢܵܝܵܐ	total
ܡܵܫܹܫ	touch
ܩܸܫܝܵܐ	tough
ܣܵܝܗܪ	tour
ܒܵܬ݇ܪܵܐܓܹܒ	toward
ܠܵܓܵܘ	towards
ܕܲܣܬܡܵܠ	towel
ܡܕܝܼܢ݇ܬܘܿܢܝܼܬܵܐ	town
ܣܲܡܵܢܵܐ	toxic
ܒܲܠܓܵܐ	trace
ܡܸܬܕܲܒܪܵܢܵܐ	track
ܨܵܘܕܵܐ	trade
ܣܵܦܝܵܢܘܼܬ݂ܵܐ	tradition
ܝܘܼܒ݂ܵܠܵܝܵܐ	traditional
ܒܵܙܹܪܓܵܢ	traffic
ܫܩܵܩܵܐ	trail
ܕܵܗܸܪ	train
ܬܲܥܠܝܼܡ	training
ܨܸܦܲܬ	trait
ܓ̰ܘܼܓ̰ܵܐ	transfer
ܫܘܼܢܵܝܵܐ	transition
ܬܲܪܓ̰ܸܡ	translate
ܡܒܲܪܲܚܬܵܐ	transparent
ܫܩܘܼܠܬܵܐ	transport
ܪܟܘܿܒ݂ܬܵܐ	transportation
ܨܵܠܝܼܬ݂ܵܐ	trap
ܙܘܼܒܠܵܐ	trash
ܚܵܣܵܐܪܵܬ	trauma
ܚܵܙܹܩ	travel
ܚܘܼܢ	tray
ܓܲܢܙܵܐ	treasure
ܡܝܲܩܘܿܪܹܐ	treat
ܡܣܵܘܣܝܵܢܘܼܬܵܐ	treatment
ܐܝܼܠܵܢܬܵܐ	tree
ܡܲܪܥܠܵܢܵܐ	tremendous
ܟܝܼܡܘܿܢܵܐ	trend
ܢܸܣܝܘܿܢܵܐ	trial
ܦܲܢܕ	trick
ܐܸܢܨܵܦ	tried
ܐܲܩܠܵܐ ܕܐܲܣܒܵܒ	trigger
ܟܪܡ	trim
ܚܙܘܼܩܝܵܐ	trip
ܙܲܗܡܲܬܘܼܬ݂ܵܐ	trouble
ܫܲܪܒ݂ܵܠܵܐ	trousers
ܣܲܒܙܹܟ̰ܝܼ	truck
ܫܲܪܝܼܪܵܐ	TRUE
ܣܲܢܕܘܼܩܵܐ	trunk
ܬܸܟܠܘܼܢܵܐ	trust
ܩܘܼܫܬܵܐ	truth
ܒܵܚܹܢ	try
ܠܘܼܠܵܐ	tube
ܬܠܬܒܫܒܐ	Tuesday
ܝܠܘܼܦܝܼܵܐ	tuition
ܟܬܵܝܬܵܐ ܕܡܸܣܝܼܪ	turkey
ܟܘܪܟܡܐ	turmeric
ܡܒܵܕܹܠ	turn
ܩܪܵܝܵܐ	turtle
ܡܲܠܦܵܢܵܐ	tutor
ܬܪܸܥܣܲܪ	twelve
ܥܸܣܪܝܼܢ	twenty
ܥܣܪܝܢ ܘܚܕ	twenty-one
ܚܵܕ݇ ܒܸܬܪܲܝ	twice
ܩܸܡܛܵܐ	twist
ܬܪܹܝ	two
ܬܘܼܦ̮ܣܵܐ	type
ܡܲܚܙܝܼܬܵܢܵܝܵܐ	typical
ܙܵܡܘܿܥܵܐ	ugly
ܝܲܬܝܼܪ ܕܟܠ ܪܲܚܝܼܩܵܐ	ultimate
ܡܲܢܓܘܼܪ	umbrella
ܒܨܝܼܪܵܐ	unable
ܚܵܠܵܐ	uncle
ܡܘܿܫܢܸܐ	unconscious
ܬܚܘܿܬ݂	under
ܬܲܚܬ	underneath
ܡܦܲܪܡܹܢ	understand
ܦܘܼܪܡܹܐܠܝܼ	understood
ܡܘܼܚܵܒܸܢ ܕ	unfortunately
ܠܒ݂ܝܼܫܬܵܐ ܪܘܼܫܡܵܝܬܵܐ	uniform
ܚܘܼܕܵܝܵܐ	unique
ܠܚܘܿܕܵܝܘܼܬܵܐ	unit
ܡܟܲܢܫܵܢܝܼܬܵܐ	university
ܠܵܐܡܬܲܚܡܵܐ	unknown
ܕܹܝܢ	unless
ܘܸܠ	until
ܠܵܐ ܥܝܵܕܵܝܵܐ	unusual
ܠܥܘܼܠܘܼܠ	up
ܟܲܝܦܘܼܟ݂	up to you
ܬܲܪܘܼܨܹܐ	update
ܡܫܲܚܠܸܦ	upgrade
ܡܲܙܪܵܩ	upon
ܟܪܝܼܒܵܐ	upset
ܬܘܼܚܬܵܝܵܐ	urban
ܟ̰ܵܐܸܣ	urge
ܠܵܐܙܹܡ	urgent
ܥܘܨ	us
ܚܘܼܫܵܚܵܐ	use
ܦܘܼܬ݂ܵܐ	used
ܡܵܘܬܪܵܢܵܐ	useful
ܣܪܝܼܩܵܐ	useless
ܥܝܵܕܵܢܵܝܵܐ	usual
ܡܲܝܟ݂ ܥܵܐܕܹܐ	usually
ܚܲܫܚܘܼܬܵܐ	utility
ܣܘܼܦܩܵܢܵܐ	vacation
ܫܲܠܩܵܐ	vaccination
ܫܲܠܩܵܐ	vaccine
ܣܪܝܼܩܘܼܬ݂ܵܐ	vacuum
ܥܲܦܸܠܵܝܵܐ	vague
ܡܲܚܫܘܼܫ	valid
ܒܲܪܩܵܩܐ	valley
ܡܵܪ ܛܝܼܡܐ	valuable
ܡܐܲܪܙܸܢ	value
ܙܘܿܡܪܘܼܕ	variety
ܬܵܗܵܪܹ̈ܐ ܬܵܗܵܪܹ̈ܐ	various
ܡܒܵܕܸܠ	vary
ܓܘܼܠܕܵܢ	vase
ܪܘܝܼܚܬܵܐ	vast
ܙܲܪܥܘܿܢܵܐ	vegetable
ܕܹܟܵܟܹ̈ܐ	vegetables
ܥܘܼܓ݂ܠܬܵܐ	vehicle
ܡܙܒܢܢܐ	vendor
ܟܘܼܟ̰ܝܼܠܵܐ	venom
ܓ̰ܵܣܸܪ	venture
ܕܘܟܐ	venue
ܫܘܪܪܐ	verify
ܡܫܪܪܬܐ	verify
ܡܸܬܠܲܚܡܵܢܵܐ	versatile
ܢܲܦܝܼܩܘܼܬܵܐ	version
ܩܵܐܬܹܝܛܵܝܬܵܐ	vertical
ܪܵܒܵܐ	very
ܪܵܒܵܐ ܨܦܵܝܝܼ	very good
ܟܲܢܵܐ	vessel
ܡܸܢ ܓܵܘ	via
ܫܥܫܐ	vibe
ܪܓܫܬܐ	vibe
ܢܕ   ܐܬܢܕܕ	vibes
ܟܪܘܿܠܬܵܐ ܣܟ݂ܝܼܪܬܵܐ	vicious
ܢܸܟܣܵܐ	victim
ܠܘܿܩܵܛܵܐ	video
ܡܸܬܚܲܙܝܵܢܘܼܬܵܐ	view
ܩܪܝܼܬ݂ܵܐ	village
ܚܲܠܵܐ	vinegar
ܩܛܵܦܬܵܐ	vintage
ܥܘܼܢܦܵܐ	violence
ܢܘܼܦܵܨܵܐ	violent
ܟܲܠܒܘܼܬܵܐ	viral
ܒܬ݂ܘܼܠܵܐ	virgin
ܚܫܒܐ	virtual
ܣܝܡܐ	virtual
ܟܫܝܼܛܘܼܬ݂ܵܐ	virtue
ܚܲܙܵܝ̈ܵܬ݂ܵܐ	vision
ܣܵܥܸܪ	visit
ܚܵܙܵܝܵܐ	visual
ܒܲܙܪܵܐ	vital
ܢܘܼܗܪܵܐ	vivid
ܠܘܿܓܵܛܵܐ	vocabulary
ܩܵܠܵܐ	voice
ܦܘܼܟ̰ܹܟ	void
ܦܸܢܩܝܼܬܵܐ	volume
ܕܵܘܛܵܠܵܒ	volunteer
ܡܚܝܠܐ	vulnerable
ܛܲܪܵܝܵܐ	wage
ܦܵܥܠܵܘܼܬ݂ܵܐ	wages
ܛܲܢܵܐ	waist
ܚܡܵܠܵܐ	wait
ܥܒܕܐ	waiter
ܡܫܡܫܢܐ	waiter
ܩܸܠܵܝܬܵܐ ܕܣܘܼܟܵܝܵܐ	waiting
ܡܲܪܥܸܫ	wake
ܪܥ̄ܘܿܫ	wake up
ܗܹܠܟܵܐ	walk
ܚܕܵܪܬܵܐ	walking
ܫܘܼܪܵܐ	wall
ܡܲܕܝܼܩܵܐ	wallet
ܬܘܵܫܵܐ	wander
ܪܓܝܓ ܐܢܬ	wanna
ܨܒܐ ܐܢܬ	wanna
ܒܥܵܝܵܐ	want
ܦܘܿܠܝܼܣܵܐ	wanted
ܩܪܵܒܵܐ	war
ܩܒ݂ܝܼܒ݂ܬܵܐ	wardrobe
ܐܲܘܨܪܵܐ	warehouse
ܫܲܚܝܼܢܵܐ	warm
ܡܲܚܒܘܼܪܹܐ	warn
ܡܙܲܗܪܵܢܘܼܬܵܐ	warning
ܩܪܵܒ݂ܬܵܢܵܐ	warrior
ܡܘܼܟ݂ܠܵܐ	was
ܨܲܒܸܥ	wash
ܨܲܕܝܘܼܬܵܐ	waste
ܫܵܥܲܬ	watch
ܡ̈ܝܼܵܐ	water
ܫܸܦܬܵܝܵܐ	watermelon
ܓܲܠܠܵܐ	wave
ܐܘܼܪܚܵܐ	way
ܐܲܢ݇ܚܢܲܢ	we
ܐܝܼܘܵܚܝ	we are
ܟܹܐ ܡܵܨܲܚ	we can
ܡܚܝܼܠܵܐ	weak
ܡܚܝܼܠܘܼܬܵܐ	weakness
ܥܲܬܝܼܪܘܼܬܵܐ	wealth
ܥܲܬܝܼܪܵܐ	wealthy
ܠܵܒ݂ܸܫ	wear
ܒܠܵܝܬܵܐ	wearing
ܐܵܬ݂ܝܼܪ	weather
ܚܠܘܼܠܵܐ	wedding
ܐܪܒܥܒܫܒܐ	Wednesday
ܙܝܼܘܵܢܵܐ	weed
ܫܲܒܬ݂ܵܐ	week
ܫܒܬܐ	weekend
ܒܘܛܠܢܐ	weekend
ܚܘܬܡ ܫܒܘܥܐ	weekend
ܝܘܼܩܪܵܐ	weight
ܚܲܪܸܫܵܢܵܐ	weird
ܒܫܲܝܢܵܐ ܘܒܲܫܠܵܡܵܐ	welcome
ܪܘܵܚܵܢܵܐ	welfare
ܛܵܒܵܐ  ̣ ܨܦܝ	Well
ܚܲܝܹܬ	well done
ܡܲܓܕܵܐ	went
ܬܠܝܼܩ ܠܵܗܿ ܐܸܠܝܼ	were
ܡܲܥܪܒ݂ܵܐ	west
ܬܲܠܝܼܠܵܐ	wet
ܩܸܐܛܵܐ	whale
ܡܵܢ	what
ܡܘܼܕܝܼ ܒܘܼܬ ܕܝܼܘܟܼ	what about you
ܡܘܼܕܝܼ ܝܘܸܬ ܥܒ݂ܵܕܵܐ ܐܲܕܝܼܵܐ؟	what are you doing right now
ܡܘܼܕܝܼܠܹܗ ܡܲܥܢܵܝܘܿܟܼ	what do you mean
ܡܘܼܕܝܼ ܟܹܐ ܒܵܥܹܝܬ؟	what do you want
ܡܘܼܕܝܼ ܗ̄ܘܹܠܐ	what happened
ܡܘܼܕܝܼܠܹܗ	what is
ܡܘܼܕܝܼܠܹܗ ܫܸܡܘܼܟ݂؟	what is your name
ܡܘܼܕܝܼ ܝܠܹܗ ܫܸܡܘܼܟ݂؟	what's your name
ܟܠ ܡܵܐ	whatever
ܚܵܝܵܢ	wheat
ܓܝܼܓ݂ܠܵܐ	wheel
ܐܝܼܡܵܢ	when
ܒܟܠ ܥܕܵܢܵܐ ܕ	whenever
ܐܲܝܟܵܐ	where
ܐܲܝܟܵܐ ܝ̄ܘܸܬ	where are you
ܐܲܝܟܵܐ ܝܼܘܸܬ ܐܵܕܝܵܐ	where are you now
ܐܲܝܟܵܐ	where do you live
ܐܲܝܟܵܐ ܝܠܹܗ.	where is
ܟܲܕ	whereas
ܟ̰ܹܐ	whether
ܐܲܝܡܢܲܝܗܝ	which
ܒܝܼܗ݇ܒ݂ܵܠܵܐ	while
ܡܬܲܫܸܫ	whisper
ܡܲܫܪܘܼܩܵܐ	whistle
ܚܸܘܵܪܵܐ	white
ܐܲܝܠܹܝܢ	who
ܕܵܐܟܼܝܼ ܝ̄ܘܸܬ	who are you
ܡܵܢܝܼ ܝܠܹܗ	who is
ܡܵܢܝܼ؟	who is this
ܫܠܲܡܠܡܵܐ	whole
ܕܵܪܘܼܓܵܐ	whom
ܡܸܗܡܲܢܕܵܪ	whose
ܩܵܐ ܡܘܼܕܝܼ	why
ܩܵܡܘܿ ܠܵܐ	why not
ܐܵܟܸܕܢܵܝܵܐ	wicked
ܦܸܬ݂ܘܵܢܵܐ	wide
ܐܲܪܡܸܠܬܵܐ	widow
ܦܸܬܝܘܼܬܵܐ	width
ܒܲܪܙܵܘܓܵܐ	wife
ܚܲܝܘܼܬ ܒܲܪܵܐ	wild
ܨܸܒ݂ܝܵܢܵܐ	will
ܨܸܒ݂ܝܵܢܵܝܵܐ	willing
ܙܵܟ݂ܹܐ	win
ܦܵܘܚܵܐ	wind
ܦܲܢܓ̰ܵܪܵܐ	window
ܗܵܘܵܐܝ	windy
ܚܲܡܪܵܐ	wine
ܣܸܬܘܵܐ	winter
ܟܦܲܪ	wipe
ܡܲܦܬܘܼܠ	wire
ܚܲܟܝܼܡܘܼܬܵܐ	wisdom
ܫܝܼܦܵܐ ܩܠܝܼܦܵܐ	wise
ܒܵܥܘܼܬܵܐ	wish
ܚܲܪܵܫܬܵܐ	witch
ܥܲܡ	with
ܟܘܵܙܵܐ	withdraw
ܒܲܠܚܘܿܕܵܝܘܼܬܵܐ	withdrawal
ܓܵܘܵܝܝܼ	within
ܕܠܵܐ ܐܲܠܵܗܵܐ	without
ܣܵܗܕܵܐ	witness
ܙܵܪܵܦܲܟ̰ܝܼ	witty
ܟܲܡܵܝܵܐ	wolf
ܐܸܢܫܹܐ	woman
ܢܸܫܘܿܢ̈ܝܵܬ݂ܵܐ	women
ܪܲܡ	won
ܕܡܝܼܪܘܼܬܵܐ	wonder
ܥܵܓ̰ܵܝܸܒ	wonderful
ܩܲܝܣܵܐ	wood
ܫܸܠܓܵܐ	wool
ܠܸܟܣܝܼܣ	word
ܒܢܵܬܩܵܠܹ̈ܐ	words
ܕܝܵܠܘܼܬܵܐ	work
ܙܸܒܵܪܵܐ	working
ܥܵܠܡܵܐ	world
ܦܵܠܵܐ	worm
ܒܸܠܝܵܐ	worn
ܡܢܲܟܢܸܟ	worried
ܠܙܝܼܙܘܼܬܵܐ	worry
ܒܝܼܫ ܒܝܼܫܵܐ ܡܸܢ	worse
ܥܹܒܵܐܕܲܬ	worship
ܢܵܒܘܿܕ	worst
ܛܪܝܼܡܝܼܣܝܼܢ	worth
ܡܸܣܬܝܼܗܸܠ	worthy
ܬܲܟܠܵܐ ܕ	would
ܕܸܪܒܬܵܐ	wound
ܕܘܡܪܐ ܡܥܓܒܢܐ	Wow
ܩܵܡܹܛ	wrap
ܪܘܼܓ݂ܙܵܐ	wrath
ܒܝܼܠܵܟܬܵܐ	wrist
ܟܵܬܸܒ݂	write
ܟܬܘܿܒ݂ ܠܲܐܟ݂ܵܐ	Write here
ܟܬܝܼܒ݂ܘܼܬܵܐ	writing
ܣܪܝܼܛܵܐ	written
ܠܵܐ ܛܪܝܼܨܵܐ	wrong
ܕܵܪܵܐ	yard
ܡܦܐܘܪܐ	yawn
ܫܢܬܢܐ	yawn
ܗܹܐ	Yeah
ܫܹܢ݇ܬܵܐ	year
ܒܲܪ ܬܸܠܵܬ	years
ܚܡܝܼܪܵܐ	yeast
ܟ̰ܲܪܟ̰ܘܪܹܐ	yell
ܙܲܪܕܵܐ	yellow
ܗܹܐ	Yes
ܗܹܐ ܥܲܙܝܼܙܬܵܐ	yes dear
ܗܹܐ ܕܘܼܫܝܼ	yes honey
ܗܹܐ ܡܘܚܸܒܝܼ	yes my love
ܐܹܝܢ ܗܲܠܒܲܬ	yes of course
ܬܡܵܠ	yesterday
ܐܸܬܡܵܠ	yesterday
ܐܹܝܢ	yet
ܥܒ݂ܘܼܪܵܐ	yield
ܐܲܢ݇ܬܘܿܢ	you
ܐܢ̄ܬ ܝܼܘܸܬ	you are
ܟܠ ܗܵܕܟ݂ܵܐ ܫܲܦܝܼܪܵܐ ܝܘܸܬ	you are so beautiful
ܠܵܐ ܕܲܩܪܵܐ	you are welcome
(ܐܵܢ̄ܬ) ܡܵܨܸܬ	you can
ܘ ܐܲܢ݇ܬܘܿܢ	you too
ܦܫܲܝܢܵܐ	you're welcome
ܓ̰ܸܗܹܠ	young
ܕܝܼܠܵܟ	your
ܠܵܠܘܼܟ݂	yourself
ܙܥܘܿܪܘܼܬ݂ܵܐ	youth
ܡܪܝܼܡܵܢܵܐ	zero
