a	ܚܲܕ݇
a little	ܩܲܠܝܼܠ
a lot	ܪܵܒܵܐ
a lot of	ܪܵܒܵܐ
abandon	ܬܵܪܘܿܓܹܐ
abandoned	ܒܹܐܡܵܪܵܐ
abide	ܕܘܪ
ability	ܢܵܒ݂ܘܿܚܘܼܬܵܐ
able	ܡܲܨܝܵܢܵܐ
about	ܡܸܩܕܲܪ
above	ܠܥܸܠ
abroad	ܒܢܘܼܟ݂ܪܵܝܘܼܬ݂ܵܐ
absence	ܓܠܝܼܙܘܼܬܵܐ
absent	ܦܪܝܼܕܘܼܬܵܐ
absolutely	ܒܲܓܪܝܼܡܘܼܬ݂ܵܐ
absorb	ܠܡܵܨܵܐ
abstract	ܫܡܵܐ ܣܘܼܟܵܠܵܝܵܐ
absurd	ܡܸܬܓܲܚܟܵܢܵܐ
abundance	ܝܲܬܝܼܬܵܐ
abundant	ܫܦܝܼܥܵܐܝܼܬ
abuse	ܡܨܵܥܸܪ
accent	ܗܵܓܝܵܢܵܐ
accept	ܩܵܒܘܼܠܹܐ
access	ܫܘܼܪܩܵܛܵܐ
accident	ܓܸܕܫܵܐ
accommodation	ܡܬܲܓܒܲܪܬܵܐ
accomplish	ܡܲܢܬܘܼܝܹܐ
accomplished	ܥܒ݂ܝܼܕܵܐ
according	ܛܘܼܒ݂ܬ݂ܵܢܵܐ
account	ܚܘܼܫܒܵܢ ܡܸܢܝܵܢܹ̈̈ܐ
accuracy	ܒܚܝܼܪܘܼܬܵܐ
accurate	ܚܵܬ
accused	ܡܩܲܛܪܓ݂ܵܢܘܼܬܵܐ
achieve	ܓܵܡܸܪ
achievement	ܟܲܫܝܼܪܘܼܬܵܐ
acknowledge	ܝܕ݂ܵܐ
acquaintance	ܐܝܕܥܬܐ
acquaintance	ܚܟܡܬܐ
acquire	ܩܵܢܹܐ
acquired	ܐܲܟܣܝܼܣܵܝܵܐ
acquisition	ܡܲܩܢܵܝܘܼܬܵܐ
across	ܬܵܦܹܩ ܒ
act	ܐܵܡܵܠ
action	ܥܒ݂ܵܕܵܐ
active	ܓܸܡܪܵܐ
activity	ܡܸܬܦܲܓ݂ܪܦܵܢܘܼܬܵܐ
actor	ܛܲܐܠܵܢܵܐ
actual	ܗܵܫܵܝܵܐ
actually	ܣܘܼܥܪܵܢܵܐܝܼܬ
acute	ܓܘܼܢܝܵܐ ܚܲܪܝܼܦܵܐ
adapt	ܬܲܪܬܘܼܒܹܐ
add	ܚܲܠܘܼܢܹܐ
addicted	ܡܲܟܣܸܠܵܢܵܐ
addition	ܓ̰ܲܡܥܵܝܵܐ
additional	ܡܹܬܡܲܙܝܸܕܵܢܵܐ
address	ܡܲܨܒܲܛܵܐ
adequate	ܣܵܦܩܵܐ
adjacent	ܢܲܩܝܼܦܵܐ
adjective	ܫܘܡܗܐ
adjust	ܡܲܡܪܘܼܕܹܐ
admire	ܥܙܓܒܐ   ܛܘܦܣܐ
admit	ܛܥܵܢܵܐ ܠܩܕܵܠܵܐ
adopt	ܩܒܵܠܵܐ
adorable	ܡܸܣܬܲܓܕܵܢܵܐ
advance	ܫܲܘܫܸܛ
advanced	ܐܲܬܝܼܩܵܐ
advantage	ܝܘܼܬܪܵܢܵܐ
adventure	ܒܸܣܬܵܐ
adverb	ܥܠ ܡܠܬܐ
adverb	ܐܝܟܢܘܬܐ
adverb	ܐܗܘܠ
advertisement	ܩܪܝܼܚܘܼܬܵܐ
advertising	ܓ̰ܵܐܪ ܕܪܵܝܬܵܐ
advice	ܡܸܠܟܵܐ
advise	ܡܲܪܓܸܫ
advocate	ܣܢܸܐܓ݂ܪܵܐ
aesthetic	ܫܙܦܪܝܐ
aesthetic	ܫܦܝܪܐ
aesthetic	ܣܩܝܠܐ
affair	ܚܸܕܡܲܬ
affect	ܟܵܪܥܒ݂ܵܕܵܐ
affection	ܚܲܒܝܼܒ݂ܵܐ
afford	ܝܗܒ ̤ ܓܪܦ
affordable	ܡܸܬܡܵܛܝܵܢܵܐ
afraid	ܟܘܝܼܙܵܐ
after	ܒܵܬ݂ܲܪ ܕܹܝܟ݂
afternoon	ܒܵܬܪܟܵܘܹܬܪܵܐ
again	ܡܸܢ ܕܪܝܼܫ
against	ܠܨܲܠܡܹܗ ܕ
age	ܣܸܢ
agency	ܕܲܠܵܠܘܼܬܵܐ
agent	ܝܵܝܵܢܵܐ
aggressive	ܡܲܣܟܠܵܢܵܝܵܐ
agile	ܦܲܙܝܼܙܵܐ
ago	ܩܲܕ݇ܡ ܐܵܕܝܼܵܐ
agree	ܟܦܵܫܵܐ
agreement	ܬܲܢܘܲܝ
agriculture	ܓܲܪܓܪܵܐ
ahead	ܠܵܩܲܕ݇ܡܘܼܗܝ
aid	ܐܸܡܕܵܕ
aim	ܕܵܒ݂ܸܩ ܐܵܡܵܓ̰
air	ܗܵܘܵܐ
airport	ܒܸܝܬ݂ ܛܲܘܣܵܐ
aisle	ܐܠܘܠܐ
aisle	ܡܥܠܢܐ
alarm	ܢܣܵܝܵܐ
alcohol	ܫܲܟ݂ܪܵܐ
alert	ܓܲܙܪܵܐ
alive	ܒܝܼܚܵܝܹܐ
all	ܣܵܟ݂ܵܢܘܼܬ݂ܵܐ
allow	ܡܲܢܫܘܼܩܹܐ
allowed	ܦܣܝܼܣܵܐ
almost	ܚܲܣܝܼܪ ܩܲܠܝܼܠ
alone	ܠܚܘܿܕܵܝܵܐ
along	ܒܝܼܵܐܒܝܼ
already	ܟܒܲܪ
Alright	ܛܵܒܵܐ
also	ܐܘܼܦ
alternative	ܚܹܐܪܘܼܬܵܢܵܝܘܼܬܵܐ
although	ܐܵܦܸܢ
always	ܟܠ ܙܲܒ݂ܢܵܐ
am	ܥܵܐܵܡ
amazing	ܡܲܫܝܼܚܵܢܵܐ
ambiguous	ܡܘܼܫܬܲܒܵܐ
ambition	ܐܵܡܵܢܓ̰
ambitious	ܥܢܬܢܐ
ambitious	ܠܗܝܩܐ ̤ ܣܘܝܚܐ
amend	ܛܵܘܹܪ
amid	ܒܠܸܒܵܐ
among	ܒܓܵܘܵܗܿ ܕ
among us	ܓܵܘܲܢ
amount	ܣܝܩܘܼܡܵܐ
an	ܝܵܐ
analysis	ܐܵܢܵܠܘܿܣܝܼܣ
ancestors	ܐܲܒ݂ܵܗܵܬܹ̈ܐ
anchor	ܡܲܪܣܵܐ
ancient	ܒܹܣܕܵܝܵܐ
and	ܘ
angel	ܡܲܠܲܐܟ݂ܵܐ
anger	ܪܘܼܓ݂ܙܵܐ
angle	ܬܪܝܼܨܬܵܐ
angry	ܟܪܝܼܒܵܐ
animal	ܚܲܝܘܼܬܵܢܵܝܵܐ
ankle	ܚܲܪܩܛܵܐ ܕܐܲܩܠܵܐ
anniversary	ܥܹܐܕ݂ܵܐ
announcement	ܡܲܫܡܘܿܥܹܐ
annoyed	ܬܟ݂ܝܼܫܵܐ
annoying	ܪܸܩܝܼ
annual	ܫܹܢ݇ܬܵܢܵܝܘܼܬܵܐ
another	ܐܘܼܚܕܵܕܹܐ
answer	ܦܙܢܝܐ
anticipate	ܡܩܵܕܸܡ
anxiety	ܢܝܼܓܵܪܵܢܘܼܬܵܐ
anxious	ܢܸܓܵܪܵܢ
any	ܒܘܼܫܵܠܵܐ
anyone	ܬܲܓܵܪܵܐ
anything	ܚܵܕ݇ ܡܸܢܕܝܼ
anyway	ܡܸܢܕܪܹܫ
anyways	ܡܐ ܛܒܐ ܘܡܐ ܫܦܝܪ
anyways	ܕܐܟܝ ܕܗܘܝܐ
apart	ܒܦܪܝܼܫܘܼܬ݂ܵܐ
apartment	ܡܲܫܪܝܵܐ
apologize	ܛܠܵܒܵܐ ܡܲܚܠܲܝܬܵܐ
apparent	ܡܸܬ݂ܚܲܙܝܵܢܵܐ
apparently	ܪܲܓܘܼܫܬܵܢܵܝܵܐ
appeal	ܒܲܓܢܵܐ
appear	ܒܲܝܸܢ
appearance	ܡܲܒܝܲܢܬܵܐ
appetite	ܐܸܫܬܵܗ݇ܘ
apple	ܚܲܒܘܼܫܵܐ
application	ܨܕܵܝܵܐ
apply	ܡܕܲܪܡܸܢ
appointment	ܘܲܥܕܵܐ
appreciate	ܬܲܥܠܸܡ
appreciation	ܒܵܦܵܐ
approach	ܓ̰ܵܐܸܓ
appropriate	ܚܫܝܼܚܵܐ
approval	ܪܕܵܝܬܵܐ
approve	ܫܵܠܸܡ
approved	ܐܵܪܬܵܕܘܿܟܣܵܝܵܐ
approximately	ܐܵܕܵܪ
april	ܢܝܼܣܵܢ
arbitrary	ܬܵܣܲܠܸܬ
architect	ܪܝܼܫ ܢܲܓܵܪܹ̈ܐ
architecture	ܐܲܪܕܲܟ݂ܠܘܼܬܵܐ
archive	ܐܲܒܙܵܪܵܐ ܐܸܫܛܵܪܵܐ
are	ܝܼܘܵܚ
are you married	ܓܒܼܝܼܪܵܐ ܝ̄ܘܸܬ؟
Are you still there?	ܗܸܫ ܬܵܡܵܐ ܝܘܸܬ؟
area	ܡܹܐܟ݂̈ܠܵܬܹܐ ܕܡܕܝܼܢ݇ܬܵܐ
argue	ܡܒܵܚܸܢ ܥܲܡ
argument	ܡܸܬ݂ܗܵܘܢܵܢܘܼܬܵܐ
arise	ܩܘܼܡ
arm	ܕܪܵܥܢܵܐ
army	ܩܵܘܫܘܿܢ
around	ܚܵܕܪܵܢ
arrange	ܡܛܵܟܸܣ
arrangement	ܐܲܩܵܠܘܿܬܝܼܵܐ
arrival	ܡܸܐܬܝܵܐ
arrive	ܡܛܵܐ
arrived	ܬܝܼܡܵܐ
arrogant	ܚܬܝܪܐ
arrogant	ܫܘܗܪܢܐ
arrow	ܓܐܹܪܵܐ
art	ܪܵܫܡܘܼܬܵܐ
article	ܚܕܵܐ
artificial	ܡܨܲܢܥܵܐ
artist	ܐܲܡܢܵܪܵܐ
as	ܟܡܵܐܕ
as well	ܐܵܦ
ash	ܩܸܛܡܵܐ
ashamed	ܟܘܿܡ ܦܵܐܬ݂ܵܐ
ask	ܛܠܵܒܵܐ
asked	ܡܸܫܬܲܐܠܵܝܵܐ
asleep	ܐܸܬܛܠܲܥ
aspect	ܚܘܼܪܵܐ
assault	ܒܹܪܵܐ
assembly	ܐܲܢܓ̰ܘܼܡܵܢ
assertive	ܓܪܝܡܘܬܐ
assertive	ܫܘܪܪܐ
assertive	ܡܫܪܪ
assertive	ܡܫܪܪܐ
assess	ܒܪܘܼܬܒ݂ܵܐ
assessment	ܚܲܪܓ̰ ܕܐ݇ܪܥܵܐ
asset	ܛܘܼܒ݂ܵܐ
assets	ܡܵܐܝܵܐ
assign	ܡܣܵܓ̰ܸܠ
assignment	ܣܒܠ
assist	ܐܝܼܵܠܵܐ
assistant	ܡܥܲܕܪܵܢܵܐ
associate	ܚܒܪ
associated	ܐܘܿܪܫܠܸܡ
association	ܡܸܬܬܲܠܠܘܼܬܵܢܘܼܬܵܐ
assume	ܙܐܵܪܵܐ
assumption	ܐܫܝܼܠܘܼܬܵܐ
at	ܠܘܵܬ    ܠܟܸܣ
ate	ܐܵܟ݂ܸܠ
athlete	ܐܲܬܠܹܝܛܵܐ
attach	ܡܕܵܒܹܫ
attached	ܬܒܝܼܥܵܐ
attachment	ܫܬܘܼܦܝܵܐ
attack	ܒܵܥܹܬ
attempt	ܡܲܢܣܹܐ
attend	ܫܵܡܘܿܫܹܐ
attendance	ܐܘܼܦܝܼܩܘܼܬܵܐ
attention	ܕܸܩܲܬ
attitude	ܡܲܣܲܒ݂ ܒܐܲܦܘܼܬ݂ܵܐ
attract	ܗܝܼܣܬ
attraction	ܢܵܬܘܼܦܘܼܬܵܐ
attractive	ܡܪܲܓܓ݂ܵܢܵܐ
attribute	ܕܝܼܠܵܝܘܼܬܵܐ
audience	ܡܲܚܒ݂ܵܢܵܐ
august	ܛܲܒܵܚ
aunt	ܥܲܡܬ݂ܵܐ
aunty	ܚܠܬܝ
aunty	ܥܡܬܝ
authentic	ܐܘܿܬܸܢܛܝܼܩܵܐ
author	ܣܵܝܘܼܡܵܐ
authority	ܡܫܲܠܛܵܐ
autumn	ܬܫܹܪܝܼܹܐ
available	ܦܪܲܩܛܝܼܩܵܝܵܐ
average	ܡܸܨܥܵܢܵܝܵܐ
avoid	ܓܗܵܐ
awake	ܪܥܝܼܫܵܐ
award	ܦܝܼܫܟܵܫ
aware	ܥܝܼܪܘܼܬܵܐ
awareness	ܝܼܪܲܥܬܵܐ
away	ܡܘܼܚܪܩܵܐ
awesome	ܓܢܝܼܚܵܐ
awful	ܡܲܪܥܠܵܢܵܐ
awkward	ܟܡܝܼܫܵܐ
baby	ܣܛܘܿܦܵܐ
bachelor	ܥܠܝܼܡܘܼܢܵܐ
back	ܒܸܣܬܪܵܐ
background	ܐܘܼܓ̰ܵܓ݂
bad	ܩܵܪܵܚܵܒܵܪ
bag	ܚܸܬܵܐ
bait	ܛܥܘܼܡܵܐ
bake	ܐܦܵܐ
bakery	ܡܹܐܦܝܼܬܵܐ
balance	ܡܲܫܩܘܼܠܬܵܐ
ball	ܓܘܼܬܵܐ
banana	ܡܘܼܙܵܐ
band	ܐܸܘܩܝܼܬܵܐ
bank	ܒܵܪܲܬ
bar	ܐܸܚܵܕܬܵܐ
barely	ܠܡܲܚܣܸܢ
bargain	ܫܲܓ݂ܢܹܐ
bark	ܡܲܒ݂ܚܵܐ
barley	ܩܪܝܼܬ݂ܐ
barrier	ܡܘܼܗܲܓ̰ܵܪ
base	ܟܬܝܼܡܵܐ
based	ܢܘܼܚܵܫܵܐ
basement	ܙܹܪܙܵܡܝܼܢ
basic	ܫܲܬܐܸܣܬܵܝܵܐ
basil	ܚܵܘܟܵܐ
bastard	ܡܲܡܙܝܼܪܵܐ
batch	ܓܪܒܬܐ
batch	ܕܣܬܐ
batch	ܕܚܩܐ
bath	ܣܚܵܝܬܵܐ
bathroom	ܡܚܪܝܵܐ
battery	ܕܲܡܕܵܡܵܐ
battle	ܬܲܟܬܘܼܫܵܐ
bay	ܒܹܝܬ݂ ܟܪܝܼܗܹܐ
be	ܓܕܵܐ
beach	ܟܸܢܦܵܐ ܕܝܲܡܵܐ
beam	ܓܫܘܼܪܵܐ
beans	ܒܲܩܠܹ̈ܐ
bear	ܕܸܒܵܐ
beard	ܕܲܩܢܵܐ
bearing	ܝܠܵܕܬܵܐ
beast	ܚܲܝܘܼܬܵܐ ܣܵܪܘܿܚܬܵܐ
beat	ܬܟܲܣ
beautiful	ܫܲܦܝܼܪܵܐ
beauty	ܫܘܼܦܪܵܐ
became	ܗ݇ܘܹܠܵܗ
because	ܒܗܵܝܕ
become	ܚܡܵܨܵܐ
bed	ܕܘܼܟܬܵܐ ܕܕܡܵܟ݂ܵܐ
bedroom	ܒܹܝܬ݂ ܡܲܫܟܒ݂ܵܐ
bee	ܕܵܒܵܫܵܐ
beef	ܩܸܢܝܵܢܵܐ ܟܘܼܡܵܐ
been	ܟܬܝܼܒ݂ܵܐ
beer	ܚܸܫܠܵܐ
before	ܩܵܕ݇ܡ ܕ
began	ܡܫܪܝ
began	ܫܘܪܝܐ
begin	ܟܘܼܢ
beginning	ܫܘܼܪܵܝܵܐ
behalf	ܥܲܠ ܐܲܦܲܝ̈
behave	ܫܒ݂ܵܪܵܐ
behavior	ܪܲܦ̮ܬܵܪ
behaviour	ܪܲܦ̮ܬܵܪ
behind	ܒܵܬ݇ܪܵܝܼ
being	ܚܫܵܚܬܵܐ
belief	ܗܲܝܡܵܢܘܼܬ݂ܵܐ
believe	ܗܲܡܘܼܢܹܐ
belly	ܒܵܛܵܢܵܐ
belong	ܗܘܵܝܵܐ ܩܵܐ
beloved	ܪܘܼܚܵܡܵܐ
below	ܐܸܠܬܸܚܬ
belt	ܗܵܠܵܛܝܼ
bench	ܣܩܲܡܢܝܼܢ
bend	ܛܝܵܦܵܐ
beneath	ܬܲܚܬ
benefit	ܗܵܢܹܐ
benefits	ܡܸܢܹ̈ܐ
beside	ܒܕܸܦܢܵܐ ܕ
besides	ܫܒ݂ܘܿܩ ܡܸܢ
best	ܚܕ݂ܓܵܐ
better	ܒܸܫܛܵܒ݂
between	ܒܹܝܠ
beverage	ܫܲܟ݂ܪܵܐ
beyond	ܒܲܣܛܲܪ ܡܸܢ
bias	ܥܵܘܵܠܘܼܬ ܕܝܼܢܵܐ
biased	ܡܢܵܬܵܢܵܝܵܐ
bicycle	ܬܸܢܓܝܓ݂ܠܵܐ
bid	ܡܙܲܡܢܵܐ
big	ܓܘܼܪܵܐ
bike	ܬܸܢܓܝܓ݂ܠܵܐ
bill	ܒܝܼܠܐܘܿܣ
bind	ܐܵܣܸܪ
bird	ܛܲܝܪܵܐ
birthday	ܒܹܝܬܝܵܠܕܵܐ
bit	ܠܘܼܓ݂ܡܵܐ
bite	ܢܵܓܸܙ
bitter	ܡܲܪܝܼܪܬܵܐ
black	ܟܘܼܡܵܐ
blade	ܫܘܼܠܦܵܐ
blame	ܠܝܵܡܵܐ
blank	ܦܘܼܟ
blanket	ܩܲܢܕܸܟ݂
blast	ܝܘܼܒܵܒ݂ܵܐ
blend	ܓܒ݂ܵܠܵܐ
bless	ܒܵܪܘܼܟ݂ܹܐ
blessed	ܛܘܼܒ݂ܵܢܵܐ
blind	ܥܲܡܝܵܐ
bliss	ܥܕܝܼܢܘܼܬܵܐ
block	ܟܲܡܪܵܐ
blood	ܕܸܡܵܐ
bloom	ܗܒܵܒܵܐ
blow	ܢܦܵܚܵܐ
blue	ܡܝܼܠܵܐ
blunt	ܟܘܼܢܕ
board	ܕܲܦܵܐ
boat	ܩܲܪܩܘܼܪܵܐ
body	ܓܲܝܵܐ
boil	ܡܛܵܘܹܐ
bold	ܡܫܲܥܝܵܢܵܐ
bond	ܚܸܢܩܵܐ
bone	ܓܲܪܡܵܐ
book	ܟܬܵܒ݂ܵܐ
boost	ܡܲܪܒ݂ܹܐ
booster	ܚܣܢ
booster	ܣܘܡܟܢܐ
boot	ܟ̰ܲܟܡܝܼܬܵܐ
boots	ܓܲܡܒܘܼܨܹ̈ܐ
border	ܬܚܘܿܡܵܐ
bore	ܢܩܲܒ݂
bored	ܨܘܝܚܐ
boring	ܒܹܠܛܝܼܬܵܐ
born	ܝܲܠܕܵܐ
borrow	ܡܲܕܝܘܼܢܹܐ
boss	ܦܩܝܼܥܵܐ
both	ܐܸܕܸܘܹ̈ܐ
bother	ܡܠܲܙܠܸܙ
bottle	ܫܝܼܫܬܵܐ
bottom	ܕܵܐܒܵܢ
bought	ܙܒܢܐ
bounce	ܦܩܵܛܵܐ
bound	ܠܵܐ ܡܸܬ݂ܥܲܪܩܵܢܵܐ
boundaries	ܡܸܣܬܲܝܟܵܢܵܐ
bow	ܓܘܼܓܵܚܵܐ
bowl	ܕܵܘܪܝܼ
box	ܣܲܢܕܘܼܩܵܐ
boy	ܝܵܠܵܕ݇ܐ
boyfriend	ܚܲܒ݂ܪܝܼ
bracelet	ܫܹܐܪܵܐ
brain	ܡܘܼܚܵܐ
branch	ܦܲܫ̰ܵܢܵܐ
brand	ܕܵܡܘܼܓܸܐ
brave	ܢܲܚܫܝܼܪܬܵܢܵܐ
breach	ܬܪܵܥ݇ܝܬܵܐ
bread	ܠܲܚܡܵܐ
break	ܬܒܲܪ
breakfast	ܛܲܡܬܵܐ
breast	ܚܲܕ݂ܝܵܐ
breath	ܢܸܫܡܵܐ
breathe	ܓܪܵܫܵܐ ܢܵܦܵܣ
breed	ܡܦܵܪܸܚ
brick	ܩܲܪܡܝܼܕܬܵܐ
bride	ܟܲܠܬܵܐ
bridge	ܓܫܵܪܵܐ
brief	ܩܦܝܼܣܵܐ
bright	ܛܵܣܝܼ
brilliant	ܙܲܗܪܵܢܵܐ
bring	ܡܫܵܒ݂ܛܹܐ
bro	ܐܲܚܘܿܢܵܐ ܙܥܘܿܪܵܐ
broad	ܪܵܢܵܐ
broadcast	ܡܒܵܙܒܸܩ
broke	ܟܹܝܡ ܙܘܼܙܹ̈ܐ
broken	ܬܒ݂ܝܼܪܵܐ
broom	ܟܵܢܘܼܫܬܵܐ
brother	ܐܲܚܘܿܢܵܐ
brought	ܗܘܼܨܠܵܐ
brown	ܣܘܼܪܚܘܿܢ
brush	ܟ݈ܵܘܬܩܵܐ
bucket	ܣܝܼܛܠܵܐ
buddy	ܒܲܪܚܘܼܒܵܐ
budget	ܚܠܘܼܨܬܵܐ
bug	ܥܲܓ̰ܘܼܙܹܐ
build	ܒܢܵܝܵܐ
building	ܒܹܢܝܵܢܵܐ
built	ܚܲܪܦܘܼܫܬܵܐ
bulk	ܓܹܡܕܵܐ
bull	ܬܲܘܪܬܵܐ
bully	ܓܣܪ
bully	ܙܠܝܠܐ
bump	ܚܘܿܛܲܪܬܵܐ
bunch	ܩܘܼܛܵܝܦܵܐ
bundle	ܒܘܼܓ݂ܟ̰ܵܐ
burden	ܝܘܼܩܪܵܐ
buried	ܛܡܘܼܪܬܵܐ
burn	ܡܫܲܠܗܸܡ
burst	ܡܗܲܪܗܸܪ
bury	ܩܵܒ݂ܸܪ
bus	ܒܵܨܵܐ ܕܥܵܒ݂ܪ̈ܵܢܹܐ
bush	ܣܲܢܝܵܐ
business	ܬܲܓܵܪܘܼܬ݂ܵܐ
bust	ܩܵܦܠܵܐ
busy	ܠܒܝܼܟܵܐ
but	ܐܝܼܢܵܐ
butter	ܟܲܪܥܵܐ
butterfly	ܛܝܼܠܵܝܬܵܐ
button	ܡܚܲܪܒܸܩ
buy	ܙܵܒ݂ܸܢ
by	ܒܝܼ   ܒܝܲܕ
bye	ܛܵܠܸܒ
cabbage	ܟܵܠܵܡܵܐ
cabinet	ܚܸܕܵܟܵܪ
cage	ܒܲܝܬܵܐ ܕܨܲܝܕܵܐ
cake	ܟܵܘܟܵܐ
calf	ܥܸܓ݂ܠܵܐ
call	ܙܥܵܩܵܐ
called	ܐܘܿܪܗܵܝ
calm	ܪܡܝܼܣܵܐ
came	ܐ݇ܬܹܐܠܝܼ
campaign	ܗܦܝܼܟ݂ܬܵܐ
can	ܓܐܢ
Cancel	ܒܛܠ ܐܒܛܠ  ܫܪܐ
cancer	ܚܘܵܪܝܼ
capable	ܓܲܚܘܼܟ݂ܬܵܢܵܐ
capacity	ܡܸܬܪܲܓܫܵܢܘܼܬܵܐ
capital	ܪܝܼܫܡܵܠܵܐ
caption	ܡܢܗܪܬܐ
caption	ܦܘܫܩܐ
capture	ܫܒ݂ܵܐ
car	ܪܵܕܝܼܬܵܐ
career	ܨܲܢܥܲܬ
careful	ܐܹܗܡܵܠ
carefully	ܐܲܟܝܼܦܵܐܝܼܬ
caring	ܐܵܢܵܝܵܐ
carpenter	ܢܲܓܵܪܵܐ
carpet	ܚܵܠܝܼ
carrot	ܓܹܙܵܪܵܐ
carry	ܛܵܥܹܢ
case	ܢܘܼܥ
cash	ܢܲܩܕ
cast	ܦܵܣܹܣ
castle	ܚܸܣܢܵܐ
casual	ܠܐ ܪܘܫܡܝܐ
cat	ܩܵܛܘܿ
catch	ܡܨܵܝܸܕ݂
category	ܩܲܛܝܼܓ݂ܘܿܪܝܼܵܐ
cattle	ܩܸܢܝܵܢܵܐ
caught	ܨܸܢܵܪܬܵܐ
cause	ܡܲܥܘܘܿܝܹܐ
caution	ܙܗܝܼܪܘܼܬܵܐ
cautious	ܗܸܫܝܵܪ
cave	ܡܥܲܪܬܵܐ
cease	ܟܠܵܝܬܵܐ ܡ̣ܢ
ceiling	ܫܡܲܝ̈ ܒܲܝܬܵܐ
celebrate	ܥܒ݂ܲܕ ܥܹܐܕܵܐ
cell	ܒܹܝܬܘܼܢܵܐ
center	ܡܸܨܥܵܐ
century	ܕܘܿܪܵܐ
cereal	ܡܸܬܛܲܚܢܵܢܵܐ
ceremony	ܙܘܼܝܵܚܵܐ
certain	ܐܲܣܣܵܐ
certainly	ܒܲܓܪܝܼܡܘܼܬ݂ܵܐ
certificate	ܦܪܘܿܕܲܕܩܵܐ
chain	ܫܝܼܫܠܵܐ
chair	ܟܘܼܪܣܝܵܐ
challenge	ܩܲܫ̰ܕܲܪܬܵܐ
chance	ܣܘܼܩܒܵܠܵܐ
change	ܡܸܫܬܲܚܠܦܵܢܘܼܬܵܐ
chaos	ܬܘܼܗ ܘܒܘܼܗ
character	ܕܝܼܠܵܝܬܵܐ
characteristics	ܫܵܐܗܙܵܕܘܼܬܵܐ
charge	ܒܲܪܒܘܼܪܹܐ
charity	ܦܸܬܪܵܐ
charming	ܐܲܦ̮ܣܘܿܢܘܼܬܵܐ
chart	ܛܲܒ݂ܠܝܼܬܵܐ
chase	ܛܪܵܕܵܐ
chat	ܟ̰ܲܟ̰ܪܵܐ
cheap	ܚܲܣܝܼܣ
cheat	ܙܵܓ݂ܸܠ
cheating	ܕܲܓ݂ܵܠܘܼܬܵܐ
check	ܫܛܵܪ ܣܝܼܡܬܵܐ
cheek	ܚܲܒܘܼܫܬܵܐ ܕܦܵܬܵܐ
cheer	ܡܲܒܣܸܡ
cheerful	ܫܵܕ
cheers	ܡܲܩܢܲܥܬܵܐ
cheese	ܓܹܒܬܵܐ
chemistry	ܟܝܼܡܝܵܐ
cherish	ܐܬܥܙܙ
cherish	ܥܙ ܒܗ
chess	ܛܠܲܦܣܵܢܹ̈ܐ
chest	ܨܲܕܪܵܐ
chew	ܡܒܲܠܥܸܣ
chicken	ܐܸܟܕܲܝܬܵܐ
chief	ܪܝܼܫܵܢܵܝܵܐ
child	ܦܲܪܘܵܪܝܼ
childhood	ܙܥܘܿܪܘܼܬ݂ܵܐ
children	ܓܲܪܘܸܣ
chill	ܡܲܡܲܙܬܵܐ
chimneys	ܩܦܐ
chimneys	ܬܢܢܐ
chimneys	ܡܘܓܐ
chin	ܟܲܠܙܘܼܙܵܐ
chocolate	ܫܪܢܝܝܐ
chocolate	ܫܘܟܘܠܬܐ
chocolate	ܚܠܝܘܬܐ
choice	ܡܓܘܼܒܝܵܐ
choose	ܡܓܲܒܘܿܝܹܐ
chop	ܡܨܵܠܸܚ
chores	ܦܘܠܚܢܐ ܥܝܕܝܐ
chores	ܘܠܝܬܐ ܕܒܝܬܐ
chubby	ܙܲܦܹܐ
church	ܥܸܕܬܵܐ
cinnamon	ܩܘܼܢܵܡܵܐ
circle	ܕܵܐܝܼܪܵܐ
circumstances	ܗܝܵܝܘܼܬܵܐ
citizen	ܒܲܪ ܐܲܬ݂ܪܵܐ
city	ܡܕܝܼܢ݇ܬܵܐ
claim	ܥܸܕܥܵܐ ܥܒ݂ܵܕܵܐ
clarify	ܨܵܦܘܿܝܹܐ
class	ܟܠܵܣ
clay	ܛܝܼܢܵܐ
clean	ܕܟ݂ܵܝܵܐ
clear	ܙܗܵܪܵܐ
clerk	ܟܲܪܛܘܿܠܵܪܵܐ
clever	ܝܲܕܘܼܥܝܵܐ
client	ܙܒܘܢܐ
cliff	ܫܸܢܵܐ
climate	ܩܠܝܼܡܵܐ
climb	ܣܵܠܹܩ
clingy	ܫܘܠܬܐ
clingy	ܕܒܘܫܢܐ
clingy	ܕܒܘܩܢܐ
clock	ܟܘܼܬ݂ܵܪܵܐ
close	ܟ̰ܥܵܡܵܐ
closet	ܒܹܝܬ݂ ܡܲܚܪܝܵܐ
cloth	ܐܵܦܵܝܬܵܐ
clothes	ܓܘܼ̈ܠܹܐ
cloud	ܥܲܝܒ݂ܵܐ
cloudy	ܥܢܵܢܵܝܵܐ
clown	ܡܘܿܝܕܵܐ
clue	ܒܲܠܓܵܐ
clumsy	ܥܘܪܙܠܐ
clumsy	ܥܣܣܐ
cluster	ܩܘܼܒܘܼܚܬܵܐ
coach	ܟܵܠܸܣܟܵܐ
coal	ܦܲܚܡܵܐ
coast	ܣܸܦܬ݂ܐ ܕܝܵܡܵܐ
coat	ܐܲܒܪܵܐ
coffee	ܩܲܗܘܵܐ
cognitive	ܡܸܣܬܲܟܠܵܢܘܼܬܵܐ
coincidence	ܟܘܼܝܵܢܵܐ
cold	ܩܲܪܬ݂ܵܐ
collapse	ܡܣܲܚܦܘܼܬܵܐ
collar	ܒܲܪ ܩܕܵܠܵܐ
colleague	ܒܲܪ ܬܸܓ݂ܡܵܐ
colleagues	ܟܢܵܘ̈ܵܬܹܐ
collect	ܡܒܲܝܘܿܫܹܐ
collection	ܒܵܪܲܒܘܼ
college	ܣܵܟ݂ܵܢܘܼܬ݂ܵܐ
color	ܪܘܼܢܓ݂ܸܢܵܐ
colour	ܪܲܢܓܵܐ
column	ܣܵܕܹܪ
comb	ܡܲܣܘܼܪܩܵܐ
combination	ܡܵܙܘܿܓܘܼܬܵܐ
combine	ܚܵܠܹܛ
come	ܡܛܵܝܵܐ
come here	ܐ݇ܬܵܐ ܠܵܐܟ݂ܵܐ
comfort	ܪܵܗܲܬ
comfortable	ܪܵܗܲܬ
coming	ܡܸܐܬܝܵܐ
command	ܦܘܼܩܕܵܢܵܐ
comment	ܐܲܢܗܲܪ
commercial	ܬܸܐܓ݂ܘܿܪܬܵܢܵܝܵܐ
commission	ܣܝܼܥܬܵܐ
commit	ܓܵܐܸܪ
commitment	ܡܸܫܬܲܐܠܵܢܘܼܬ݂ܵܐ
committed	ܡܲܚܠܘܼܝܹܐ
commodity	ܟܘܵܪܵܐ
common	ܥܝܵܕܵܝܵܐ
communicate	ܩܵܪܸܒ݂
communication	ܨܚܵܚܬܵܐ
community	ܩܲܝܢܘܿܢ
companion	ܟܢܵܬܵܐ
company	ܠܘܵܝܵܐ
compare	ܦܲܚܸܡ
comparison	ܦܘܼܚܵܡܵܐ
compassion	ܓܵܝܘܼܠܘܼܬܵܐ
compassionate	ܪܲܚܦܵܢܵܐ
compete	ܠܲܓ̰
competent	ܡܗܝܼܢܵܐ
competition	ܡܘܼܪܵܝܵܐ
competitive	ܥܒ݂ܵܕ ܐܵܓܘܼܢܵܐ
complain	ܐܸܫܬܲܝܚܲܢ
complaint	ܥܘܼܕܵܠܵܐ
complement	ܡܲܟܡܠܵܢܵܐ
complete	ܒܹܬܘܼܢ
completely	ܟܘܼܠܵܢܵܐܝܼܬ
complex	ܒܗܝܼܠܵܐ
compliance	ܡܲܨܝܲܬܬܵܐ
complicated	ܡܩܲܛܪܵܐ
compliment	ܚܵܒܵܪܬܵܐ
comply	ܕܢܵܐ
composition	ܪܘܼܟܵܒ݂ ܡܸܠܹܐ
compound	ܫܡܵ̈ܗܹܐ ܡܪܲܟܒ݂ܹܐ
comprehension	ܡܲܕܪܟܵܢܘܼܬܵܐ
comprehensive	ܚܵܒ݂ܘܼܫܵܐ
compromise	ܣܵܘܹܕ
compulsory	ܡܸܬܒܲܥܝܵܢܵܐ
computer	ܚܲܫܘܼܒ݂ܵܐ
concentrate	ܐܨܕ
concentrate	ܪܒܨ
concentrate	ܩܛܪܢ
concept	ܬܹܐܘܼܪܝܼܵܐ
concern	ܕܘܼܥܵܪܵܐ
concerned	ܡܗܲܕܣܵܢܵܐ
concert	ܫܲܘܝܘܼܬ ܩܵܠܵܐ
conclusion	ܥܒ݂ܝܼܕܵܐ
concrete	ܫܡܵܐ ܡܸܬܪܲܓ݂ܫܵܢܵܐ
condition	ܟܵܗܲܪ
conditions	ܥܲܗܝܼܢܵܐ
conduct	ܣܸܥܪܸܬܵܐ
conference	ܠܘܼܡܵܕ݂ܵܐ
confess	ܛܥܵܢܵܐ ܠܩܕܵܠܵܐ
confidence	ܬܘܼܟ݂ܠܵܢܵܐ
confident	ܐܲܪܚܵܝܹܢ
confirm	ܬܲܓ̰ܪܝܼܒܵܐ
conflict	ܬܲܟܬܘܼܫܵܐ
confused	ܫܵܝܘܿܫܵܐ
confusion	ܫܘܼܓ݂ܢܵܝܵܐ ܕܗܲܘܢܵܐ
congrats	ܗܘܼܢܵܝܹ̈ܐ
congratulations	ܗܘܼܢܵܝܹ̈ܐ
conjunction	ܣܘܿܢܵܕܝܼܣܵܐ
connect	ܚܢܵܡܘܼܬ݂ܵܐ
conquer	ܓ݂ܠܵܒܵܐ
conscious	ܪܥܝܵܢܹܗ
consciousness	ܗܘܼܫܘܼܬ݂ܵܐ
consent	ܫܵܠܡܘܼܬ݂ܵܐ
consequences	ܚܸܪܒܵܐ
conservative	ܡܢܛܪܢܐ
conservative	ܢܛܘܪܐ
conservative	ܐܘܦܪܟܐ
consider	ܗܵܪܸܓ
considered	ܪܲܓ̰ܵܒ
consistency	ܕܲܒܘܼܩܵܐ
consistent	ܡܠܝܼܠܵܐ
constant	ܚܲܡܣܢܵܢܵܐ
constantly	ܕܵܐܝܹܡ
construction	ܟ̰ܹܠܵܙܵܐ
consume	ܐ݇ܟ݂ܘܿܠ
consumption	ܡܕܲܝܒܵܢܘܼܬܵܐ
contact	ܛܲܦܝܵܢܵܐ ܡܲܪܥܵܐ
contagious	ܡܛܦܐ
contagious	ܚܘܒܠܢܝܐ
contain	ܚܒ݂ܵܫܵܐ
contains	ܐܲܪܙܵܐ
contemporary	ܒܲܪܙܲܒ݂ܢܵܐ
contempt	ܓܘܼܢܵܨܵܐ
content	ܡܲܒܣܸܡ
contest	ܡܘܼܪܵܝܵܐ
context	ܡܲܪܕܝܼܬ ܡܸܠܬܵܐ
continent	ܒܹܝܬ ܐܵܡܸܪܝܼܓ
continue	ܥܙܵܐ
contract	ܡܕܲܝܘܿܢܹܐ
contrast	ܬܹܐܘܿܪܝܼܛܝܼܩܵܝܵܐ
contribute	ܫܘܦܬܦ ܡܫܘܬܦ
contribution	ܡܫܵܘܬܦܘܼܬܵܐ
control	ܙܲܒܛܲܢܬܵܐ
controversial	ܡܕܪܫܢܐ
controversial	ܐܪܘܥܝܐ
convenience	ܫܘܼܪܫܵܝܵܐ
convenient	ܥܒ݂ܵܕܵܝܵܐ
conversation	ܫܘܼܥܝܼܬ݂ܵܐ
convert	ܩܲܬܠܘܿܩܹܐ
convey	ܠܵܒܘܿܠܹܐ
convince	ܡܗܲܡܸܢ
cook	ܡܒܲܫܠܵܢܵܐ
cooking	ܒܫܵܠܵܐ
cool	ܦܵܝܓܵܐ
cooperation	ܣܵܡܘܿܟ݂ܘܼܬܵܐ
cope	ܦܲܩܝܼܠܵܐ
copper	ܨܸܦܵܪܵܝܵܐ
core	ܡܣܵܣܵܐ
corn	ܟܵܬ݂ܵܐ
corner	ܩܘܼܢܓ̰ܝܼܬܵܐ
correct	ܪܲܓܘܼܫܬܵܢܵܝܵܐ
cost	ܕܩܵܪܵܐ
costume	ܡܲܪܛܘܼܛܵܐ
cottage	ܩܪܝܼܫܵܐ
cotton	ܫܲܕܝܵܢܵܐ ܕܟܬܵܢܵܐ
couch	ܓܪܵܣܛܝܼܐ
cough	ܫܥܘܿܠܵܐ
could	ܡܸܪܕܵܐ
council	ܣܘܿܢܗܵܕܝܼܩܵܝܵܐ
count	ܡܢܵܐ
counter	ܡܲܢܝܵܢܵܐ
country	ܐܲܬ݂ܪܵܐ
countryside	ܒܢܲܝ ܡܵܬ݂ܵܐ
couple	ܙܲܘܸܓ
courage	ܡܲܪܵܚܘܼ
course	ܐܵܦܗܵܡܵܐ
court	ܒܹܝܬܕܝܼܢܵܐ
courtesy	ܫܘܼܕܵܠܵܐ
cousin	ܒܲܪܥܵܡܵܐ
cover	ܠܦܵܦܵܐ
cow	ܬܘܿܪܬܵܐ
coward	ܙܲܝܵܥܵܐ
cozy	ܪܵܗܲܬ
crab	ܣܲܪܛܵܢܵܐ
crack	ܙܵܠܸܥ
craft	ܡܕܲܪܡܘܼܬܵܐ
crap	ܠܵܪܣܘܼܬ݂ܵܐ
crash	ܟ̰ܲܚܟ̰ܘܼܚܹܐ
crawl	ܫܲܦܫܸܦ
crazy	ܚܲܒܵܫܵܐ
create	ܡܪܲܙܘܼܓܹܐ
creative	ܗܘܼܢܵܪܒܵܢܕ
credit	ܢܸܣܝܵܐ
creep	ܓ݂ܓ̰ܵܓܸܓ̰
creepy	ܡܲܙܕܸܥܵܢܵܐ
crew	ܣܝܣܪܬܐ
crew	ܝܗܠܐ ̤ ܕܣܬܐ
crime	ܥܲܢܵܬܵܐ
cringe	ܟܪܡܫ
cringe	ܩܦ
crisis	ܥܕܵܢܵܐ ܥܹܩܬܵܐ
criteria	ܡܫܘܚܬܐ
criteria	ܡܬܩܠܐ
criteria	ܟܝܠܐ
critical	ܩܪܝܼܛܝܼܩܵܝܵܐ
criticism	ܪܸܫܝܵܢܵܐ
crop	ܕܲܟ݂ܠܵܐ
crops	ܥܘܼܓܵܠܵܐ
cross	ܨܠܝܼܒ݂ܵܐ
crow	ܩܪܵܝܬܵܐ ܕܩܵܪܘܿܘܵܐ
crowd	ܚܟ̰ܵܪܵܐ
crowded	ܡܬܲܦܪܸܩ
crown	ܬܵܓ݂ܵܐ
crucial	ܡܵܪܵܟܵܐ
cruel	ܙܵܐܠܹܡ
crush	ܛܚܵܢܵܐ
cry	ܓܵܘܸܚ
cucumber	ܟ݂ܝܵܪܵܐ
cuddle	ܥܢܩܐ
cuddle	ܚܦܩܐ
culture	ܡܲܪܕܘܼܬ݂ܵܐ
cunning	ܢܟܘܠܬܢܐ
cunning	ܢܟܝܠܘܬܐ
cunning	ܦܢܕܢܐ
cup	ܟܵܣܵܐ
cupboard	ܣܬܪܐ
cupboard	ܕܘܠܒܐ
cupboard	ܚܙܝܢܐ
cupboard	ܓܙܐ
curb	ܙܓܵܪܵܐ
cure	ܡܒܵܣܲܡܬܵܐ
curfew	ܥܘܟܪ ܓܠܘܬܐ
curfew	ܟܠܝ ܚܕܪܐ
curfew	ܓܠܝܙܘܬ ܓܠܘܬܐ
curiosity	ܗܵܕܘܿܣܵܐܝܼܬ
curious	ܗܵܕܘܿܣܵܐ
curly	ܟܸܪܛܵܢܵܐ
currency	ܫܸܠܝܼܢܓ
current	ܒܲܪܙܲܒ݂ܢܵܝܵܐ
currently	ܗܫܐܝܬ
curse	ܠܝܵܛܵܐ
curtain	ܦܲܪܕܵܐ
cushion	ܒܹܣܵܕܝܵܐ
custom	ܥܝܵܕܵܐ
customer	ܡܘܼܫܬܵܪܝܼ
customs	ܕܲܡܓ݂ܵܐ
cut	ܦܲܪܸܬ݂
cute	ܚܠܝܐ ܫܦܝܪܐ
cycle	ܩܘܿܩܠܝܼܘܿܢ
cycling	ܐܲܪܘܼܦܵܐ
dad	ܟܵܟܘܿ
daddy	ܐܲܕܵܐ
daily	ܝܘܿܡܵܢܵܝܵܐ
dairy	ܙܲܗܡܵܐ
dam	ܣܸܟܪܵܐ
damage	ܙܵܦܵܪ
damn	ܠܘܛܬܐ
damp	ܢܲܛܘܼܠܵܐ
dance	ܪܸܩܕܵܐ
danger	ܩܲܢܝܼܛܘܼܬܵܐ
dangerous	ܒܙܕܘܼܥܬܵܐ
dark	ܚܸܫܘܼܟܵܐ
darling	ܚܲܒܝܼܒܬܵܐ
dash	ܛܪܵܦܵܐ
data	ܦܬܚܐ
data	ܒܘܝܢܐ
data	ܡܠܝܠܘܬܐ
date	ܬܲܡܪܵܐ
daughter	ܒܪܵܬ݂ܵܐ
day	ܝܵܘܡܵܐ
dead	ܡܝܼܬ݂ܵܐ
deadline	ܣܘܼܩܵܡܵܐ
deaf	ܕܘܼܓܵܐ
deal	ܡܸܢܝܵܢܵܐ ܟܲܒܝܼܪܵܐ
dear	ܓܪܵܢܝܼ
Dear Parents	ܝܵܐ ܐܲܒ݂ܵܗܹ̈ܐ ܡܘܼܚܸܒܹ̈ܐ
Dear Sir	ܝܵܐ ܡܝܲܩܪܵܐ
Dear students	ܝܵܐ ܐܸܣܟܘܿܠܵܝܹ̈ܐ
Dear Team	ܝܵܐ ܐܹܕܵܪܵܐ
death	ܡܵܘܬ݂ܵܐ
debate	ܒܹܝܬܕܘܼܪܵܫܵܐ
debit	ܕܲܝܢܵܢܵܐ
debris	ܒܲܪܒܵܐܕ
debt	ܕܲܝܢܵܐ
decade	ܥܣܝܼܪܘܼܬܵܐ
decay	ܗܲܠܗܘܼܠܹܐ
deceased	ܥܲܢܝܼܕܬܵܐ
december	ܛܸܒܸܬ
decent	ܩܒܝܠܵܐ
decide	ܐܦܵܣܵܐ
decided	ܩܛܝܼܥܵܐ
decision	ܦܘܼܣܩܵܢܵܐ
deck	ܡܲܫܩܘܼܠܹܐ
decline	ܣܘܼܛܵܝܵܐ
decrease	ܒܘܼܨܵܪܵܐ
dedicated	ܒܹܝܬ ܣܵܗ݇ܕܹܐ
dedication	ܡܟܲܗܢܵܢܘܼܬܵܐ
deed	ܓܵܪܸܫ ܕܪܵܥܢܵܐ
deep	ܣܘܼܪܡܵܝܝܼ
deer	ܐܲܝܠܵܐ
default	ܒܨܝܪܘܬܐ  ܚܘܫܒܐ
defeat	ܬܒܵܪܬܵܐ
defend	ܕܵܒ݂ܸܩ ܚܵܨܵܐ ܕ
define	ܬܚܸܡ
definitely	ܕܠܵܐ ܟܒܲܪ
definition	ܡܬܲܚܡܵܢܘܼܬܵܐ
degree	ܕܲܪܓܪܵܐ
delay	ܬܵܘܚܲܪܬܵܐ
delayed	ܡܬܵܘܚܸܪ
delete	ܙܵܪܸܛ
deliberate	ܗܘܼܓܝܵܐ
delicate	ܢܲܩܕܘܼܢܵܐ
delicious	ܒܲܣܝܼܡܵܐ
delight	ܡܲܦܨܘܿܚܹܐ
delighted	ܓܹܐܘܼܬܵܢܵܐ
deliver	ܡܲܝ݇ܠܘܼܕܹܐ
delivered	ܗܘܼܓ݈ܲܬ
delivery	ܣܘܼܦܵܝܵܐ
demand	ܬܒܵܥܵܐ
demanding	ܡܲܥܡܠܵܢܵܐ
democracy	ܕܝܡܘܩܪܛܝܘܬܐ
demon	ܣܵܛܵܢܵܐ
demonstrate	ܡܲܙܒܘܼܛܹܐ
density	ܥܲܒܘܼܛܘܼܬܵܐ
dentist	ܕܲܢܕܵܐܢܣܵܐܙ
deny	ܕܲܠܩܸܒ݂
department	ܐܸܓܡܘܿܢܵܐ
departure	ܡܐ݇ܙܵܠܬܵܐ
depend	ܡܗܘܼܝܡܢܵܐ
deposit	ܦܲܪܲܬܝܼܩܵܐ
depressed	ܐܠܵܨܵܐ
depression	ܩܵܘܛܵܦܵܐ
depth	ܥܘܼܡܩܵܐ
describe	ܕܘܢ
description	ܬܵܪܝܼܦ
desert	ܒܲܪܝܼܵܐ
deserve	ܛܵܐܸܒ݂
design	ܐܵܪܕܸܚܠܵܐ
designation	ܡܸܬܬܲܣܪܚܵܢܘܼܬܵܐ
desire	ܣܘܝܚܘܼܬܵܐ
desk	ܛܲܒܠܝܼܬܵܐ
despair	ܡܵܘܚܠܘܼܬܵܐ
desperate	ܥܲܠܝܼܨܵܐ
despite	ܡܲܣܠܵܝܬܵܐ
dessert	ܫܪܢܝܝܐ
dessert	ܚܠܝܘܬܐ
destination	ܡܲܡܛܘܼܝܹܐ
destiny	ܚܸܠܩܵܐ
destroy	ܚܲܒܸܠ
destruction	ܦܘܼܢܝܵܢܵܐ
detail	ܬܲܦ̮ܨܝܼܠ
details	ܫܹܡ ܣܘܼܪܵܢܵܐ
detect	ܚܵܫܹܫ
determination	ܩܘܼܕܪܘܼܬ݂ܵܐ
determine	ܓܪܵܡܵܐ
determined	ܩܛܝܼܥܵܐ
devastated	ܬܠܚ
devastated	ܫܡܛܢܐ
devastated	ܐܒܕ
develop	ܡܲܘܥܝܵܢܵܐ
developed	ܫܲܦܝܼܪܘܼܬ ܓܲܒ݂ܪܘܼܬܵܐ
development	ܒܫܝܼܠܘܼܬܵܐ
device	ܛܘܿܟ݂ܵܢܵܐ
devil	ܣܵܛܵܢܵܐ
devoted	ܫܘܼܦܪܵܢܵܝܵܐ
diabetes	ܡܵܪܥܵܐ ܕܫܸܟܵܪ ܙܢܵܐ ܕܚܵܕ
diarrhea	ܠܟܸܒ݂ܟܲܪܣܵܐ
diary	ܡܲܥܗܕܵܢܝܼܬܵܐ
dictionary	ܦܵܫܘܼܩ ܡܸܠܹ̈ܐ
did	ܠܵܐ ܒܪܹܐ ܠܵܗܿ
die	ܡܵܘܗܪܬܵܣ
died	ܡܝܼܬ݂ܵܐ
diet	ܡܹܐܟ݂ܘܼܠܬܵܐ
difference	ܦܘܼܪܵܫܵܐ
different	ܡܫܲܚܠܦܵܐ
difficult	ܥܲܣܩܵܐ
dig	ܚܦܵܪܵܐ
dignity	ܐܵܒܘܼܪ
dinner	ܐܟ݂ܵܠ݇ܪܲܡܫܵܐ
dip	ܨܒܥ
direct	ܡܲܨܸܚ
direction	ܣܲܡܬ
director	ܫܲܒ݂ܵܠܵܐ
dirt	ܩܸܪܝܼܫ
dirty	ܨܲܥܠܵܐ
disable	ܥܲܓܘܼܒܹܐ
disabled	ܩܘܼܠܣܸܢܵܐ
disappear	ܡܝܼܣܬ
disappointed	ܒܐܝܫ ܓܕܐ
disaster	ܒܲܠܵ̈ܝܹܐ
discard	ܓܵܘܸܠ
discharge	ܪܲܫܵܒܹܐ
discipline	ܬܵܐܪܘܼܬܵܐ
discount	ܬܲܢܙܝܼܠ
discover	ܟܵܫܸܦ
discrimination	ܓܙܝܼܡܵܐܝܬ
discuss	ܡܲܕܟ݂ܘܼܪܹܐ
discussion	ܒܹܝܬܕܘܼܪܵܫܵܐ
disease	ܡܲܪܥܵܐ
diseases	ܡܲܪܥܵܝܵܐ
disguise	ܡܛܫܝܬܐ
disguise	ܣܪܒܐ
disguise	ܣܪܒ
disgusting	ܓܲܢܓܸܙܵܢܵܐ
dish	ܩܵܩܘܿܢܬܵܐ
dishes	ܡܩܲܪܕܸܚ
dismiss	ܡܫܵܡܸܪ
dispatch	ܫܠܲܚ
display	ܓܠܝܼܚܘܼܬܵܐ
dispute	ܡܲܣܒ݂ܵܐ ܘܡܲܬܠܵܐ
distance	ܪܘܼܚܩܵܐ
distinct	ܒܲܠܘܼ
distinguish	ܒܕܵܠ
distress	ܐܲܢܘܼܣܝܼܵܐ
distribution	ܡܕܲܒܪܘܼܬܵܐ
district	ܫܬܵܙܸܢ
disturb	ܫܚܩ
disturb	ܕܠܚ
disturb	ܕܘܕ
ditch	ܡܲܬܲܒ݂ܬܵܐ ܕܘܵܪ
dive	ܥܵܡܹܫ
diverse	ܦܪܝܫܐ
diverse	ܙܢܝܐ
diversity	ܙܢܵܢܵܝܘܼܬ݂ܵܐ
divide	ܡܩܲܛܩܸܛܥ
divine	ܐܲܠܵܗܵܝܵܐ
divorce	ܕܘܼܠܵܠܵܐ
dizzy	ܨܕܪ
dizzy	ܨܘܪܐ
do	ܥܵܒ݂ܸܕ݂
do you love me	ܟܹܐ ܡܲܚܸܒܸܬ ܠܝܼ؟
doctor	ܐܵܣܝܵܐ
document	ܕܝܼܩܵܐܘܿܡܲܛܵܐ
does	ܠܵܐ ܕܵܒ݂ܩܵܐ
dog	ܟܲܠܒܵܐ
doing	ܥܒ݂ܵܕܬܵܐ
doll	ܒܘܼܩܬܵܐ
domestic	ܒܲܝܬܵܝܵܐ
dominant	ܦܲܩܕܵܢܵܐ
don't	ܠܐ ܥܒܕܬ
don't	ܠܐ
done	ܥܒ݂ܝܼܕܵܐ
donkey	ܚܡܵܪܵܐ
dope	ܙܪܙ
dope	ܚܠܝܨܘܬܐ
double	ܚܲܕ݇ ܒܬܪܹܝ
doubt	ܢܵܛܹܠ
dough	ܠܲܝܫܵܐ
down	ܥܸܠܹܠ ܐܸܠܬܹܚܬ
download	ܦܘܿܕܩܲܣܛ
draft	ܝܵܐܒܝܼ
drag	ܡܓܲܪܓܸܫ
drain	ܡܲܢܫܘܼܦܹܐ
drama	ܕܪܵܡܵܐ
draw	ܕܠܝ
drawing	ܣܘܼܪܵܛܵܐ
dread	ܕܸܚܠܬܵܐ
dream	ܚܸܠܡܵܐ
dress	ܣܘܼܕܪܵܐ
drill	ܡܲܩܲܒܬܵܐ
drink	ܡܲܫܬܝܵܐ
drive	ܡܲܕܸܠ
drop	ܛܘܼܦܬ݂ܵܐ
dropped	ܢܦܝܼܠܵܐ
drought	ܝܲܒ݂ܫܵܢܵܐ
drunk	ܫܲܬܵܝܵܐ
dry	ܒܵܪܘܿܙܵܐ
duck	ܒܲܛܵܐ
dude	ܚܒܪܝ
dude	ܠܘܝܝ
due	ܠܩܝܼܫܵܐܝܼܬ
dull	ܣܘܼܣܵܢܝܼ
dumb	ܕܠܵܐ ܡܲܡܠܠܵܐ
dump	ܩܸܩܸܠܬܵܐ
duration	ܢܲܓܝܼܪܘܼܬܵܐ
during	ܓ̰ܘܲܡܠܵܢܵܐ
dust	ܚܸܠܵܐ
duty	ܘܵܓ̰ܹܒܘܼܬ݂ܵܐ
dwell	ܒܝܵܬ݂ܵܐ
dying	ܡܝܼܬ݂ܘܼܬ݂ܵܐ
each	ܥܘܼܚܕܵܕܹܐ
eager	ܡܘܼܫܬܵܟ
eagle	ܢܸܫܪܵܐ
ear	ܢܵܬ݂ܵܐ
earlier	ܩܘܼܕܡܵܐܝܼܬ
early	ܡܸܛܪܵܐ ܗܵܪܵܘܵܫ
earn	ܩܛܵܦܵܐ
ears	ܢܵܬ̈ܝܵܬܹܐ
earth	ܥܲܦܪܵܐ
earthquake	ܙܘܼܠܙܵܠܵܐ
ease	ܫܘܼܪܫܵܝܵܐ
easily	ܒܣܲܢܵܝܘܼܬ݂ܵܐ
east	ܡܲܕܢܲܚ ܓܲܪܒܵܝ
easy	ܗܵܣܵܢܵܝ
eat	ܐܵܟ݂ܸܠ
eating	ܟ݂ܘܵܪ ܓܲܪ̈ܡܹܐ
economic	ܐܸܩܘܿܢܘܿܡܝܼܵܐ
economy	ܐܸܩܘܿܢܘܿܡܝܼܵܐ
edge	ܛܲܪܦܘܼܛܸܐ
education	ܝܘܼܠܦܵܢܵܐ
effect	ܡܸܬܲܒ݂ܕܵܢܘܼܬܵܐ
effective	ܡܲܥܒܕܵܢܵܐ
efficiency	ܡܗܝܪܘܬܐ
efficiency	ܣܦܩܘܬܐ
efficient	ܡܗܝܼܢܵܐ
effort	ܝܵܨܘܿܦܘܼܬܵܐ
egg	ܒܝܼܥܬܵܐ
eggplant	ܒ̈ܢܵܬ݂ ܓܲܢܹ̈ܐ
ego	ܡܫܲܩܠܘܼܬܵܐ
eight	ܬܡܵܢܹܐ
eighteen	ܬܡܵܢܸܥܣܲܪ
eighty	ܬܡܵܢܝܼܢ
either	ܝܵܐ
elaborate	ܡܩܲܛܪܵܐ
elbow	ܝܲܨܝܼܠܵܐ
elder	ܩܲܫܝܼܫܵܐ
elderly	ܣܵܒ݂ܵܐ
elegant	ܦܲܨܵܚܵܐ
element	ܐܸܣܛܘܿܟܣܵܐ
elephant	ܦܝܼܠܵܐ
eleven	ܚܲܕܸܥܣܲܪܘܿܢܬܲܝܗܝ
eligible	ܡܸܬܩܲܒܠܵܢܵܐܝܼܬ
eliminate	ܡܛܵܠܸܩ
else	ܐܸܢܸܚܘܵܐ
embarrassed	ܐܠܝܨܐ  ܠܙܝܙܐ
embarrassing	ܡܲܒܗܬܵܢܵܐ
embrace	ܥܦܘܿܩܝܵܐ
emerge	ܢܒ݂ܵܨܵܐ
emergency	ܥܕܵܢܵܐ ܥܹܩܬܵܐ
emotional	ܚܵܣܵܐܪܵܬ
empathy	ܚܢܢܐ
empathy	ܥܛܘܦܝܐ
emphasis	ܡܲܚܙܵܝܬ ܚܲܝܠܵܐ
emphasize	ܡܫܪܪܬܐ
employee	ܦܵܠܵܚܵܐ
employees	ܟܘܼܢܵܫ ܦܵܠܚܹ̈ܐ
employer	ܡܕܲܝܠܵܢܵܐ
employment	ܠܘܿܓܝܼܩܘܿܢ
empty	ܣܦܝܼܩܵܐ
enable	ܡܲܡܨܹܐ
encounter	ܐܵܪܘܿܥܘܼܬܵܐ
encourage	ܡܠܲܒܸܢ
end	ܚܘܼܬܵܡܵܐ
endeavor	ܟ̰ܵܠܝܼܫ
endurance	ܡܩܵܘܝܵܢܘܼܬܵܐ
endure	ܬܲܩܝܼܦܘܼܬܵܐ
enemy	ܕܸܫܡܸܢ
energy	ܒܘܼܠܓܵܢܵܐ
engage	ܫܓ݂ܵܡܵܐ
engaged	ܝܵܨܘܿܦܵܐ
engagement	ܫܸܓ݂ܡܵܐ
engine	ܟܸܪܟ݂ܵܢܵܐ
engineer	ܡܲܟܢܝܼܩܵܐ
English	ܐܢܓܠܝܫܝܐ   ܐܢܓܠܝܫ
enhance	ܡܟܵܡܸܠ
enjoy	ܡܲܒܣܸܡ
enormous	ܓܕܝܼܪܘܼܬܵܐ
enough	ܒܲܣܵܐ
ensure	ܥܪܒܘܬܐ
ensure	ܡܫܪܪ
enter	ܥܲܠ
entertainment	ܫܲܒܵܚܵܝܪ
enthusiasm	ܓ݂ܵܝܪܵܬ
enthusiastic	ܚܵܣܘܿܡܵܐ
entire	ܡܫܲܠܡܵܢܵܐ
entitled	ܓܵܒܝܵܢܵܐ
entity	ܗܿܘ ܕܠܲܝܬ
entrance	ܡܲܥܠܵܢܵܐ
entrepreneur	ܦܪܩܢܐ
entrepreneur	ܩܨܨܢܐ
envelope	ܦܵܟܝܼܕ
environment	ܡܵܚܕܘܼܪܵܐ
envy	ܚܲܣܡܘܼܬܵܐ
epic	ܗܘܼܡܵܣܵܝܵܐ
epidemic	ܬܘܼܢܒܵܝܵܐ
equal	ܫܲܘܝܵܐ
equipment	ܡܙܲܝܢܘܼܬܵܐ
equity	ܙܲܟܵܝܘܼܬܵܐ
equivalent	ܫܲܘܝܵܐ
eraser	ܡܗܝܐ
eraser	ܫܝܦܢܬܐ
eraser	ܫܝܦܐ
error	ܛܸܥܝܘܼܬ݂ܵܐ
escape	ܡܲܡܕܵܢܘܼܬܵܐ
especially	ܝܼܚܝܼܕ݂ܵܐܝܼܬ݂
essay	ܓ̰ܲܪܲܒܬܵܐ
essence	ܐܝܼܬܘܼܬܵܐ
essential	ܐܘܼܣܝܼܵܝܵܐ
establish	ܡܨܲܚܸܚ
established	ܫܘܼܬܐܵܣܵܐ
estate	ܐܵܓܘܿܪܣܵܐ
estimate	ܟܢܝܼܟ݂ܵܐ
estimated	ܡܝܩܪܐ
estimated	ܡܬܡܨܝܢܘܬܐ
estimated	ܛܒܝܒܐ
etc	ܘܫܲܪ
eternal	ܐܲܡܝܼܢܵܐ
ethics	ܐܝܼܬ݂ܝܼܩܘܿܢ
evaluate	ܩܝܡ
evaluate	ܝܩܝܪ ܕܡܐ
evaluation	ܡܬܩܝܡܢܘܬܐ
even	ܐܵܦ ܐܸܢ
evening	ܪܲܡܫܵܐ
event	ܓܸܕܫܵܐ
eventually	ܣܵܟ݂ܢܵܐܝܼܬ
ever	ܬܚܘܿܬܵܐ ܬܚܘܿܬ
every	ܟܘܼܕ ܓܲܗܵܐ
everybody	ܟܠܢܵܫ
everyone	ܟܠܢܵܫ
everything	ܟܠ ܡܸܢܕܝܼ
evidence	ܣܵܒܘܼܬ݂ܵܐ
evil	ܒܝܼܫܵܐ
evolution	ܡܛܵܘܪܵܢܘܼܬ݂ܵܐ
ex	ܨܪܝܼܡܵܐܝܼܬ
exact	ܚܵܬ
exactly	ܬܝܼܠܵܐܝܼܬ
exam	ܨܲܚܘܵܐ
examine	ܡܨܲܚܨܹܐ
example	ܐܲܟ݂ܙܢܵܐ
exceed	ܥܠܵܒ݂ܵܐ
excellent	ܦܸܨܵܠ
except	ܐܸܠܵܐ ܐܸܢ
exception	ܫܢܘܿܙܝܵܐ
excess	ܫܸܕܲܬ
excessive	ܡܸܬܚܙܵܘܙܝܵܢܘܼܬܵܐ
exchange	ܚܸܠܦܵܐ
excited	ܡܘܼܫܬܵܟ
excitement	ܥܘܼܛܵܝܵܐ
exciting	ܡܝܲܒܠܵܐ
exclusive	ܐ݇ܝܼܚܝܼܕܵܝܵܐ
excuse	ܕܵܒ݂ܸܩ ܗܲܓ̰ܲܬ
excuse me	ܡܲܚܠܲܝܬܵܐ
execute	ܛܲܟ݂ܣܐܘܼܛܵܐ
execution	ܩܲܣܛܘܿܢܵܪܘܼܬܵܐ
executive	ܐܝܼܕܵܐܪܵܐ
exercise	ܕܘܼܪܵܫܵܐ
exhaust	ܡܲܣܢܸܩ
exhausted	ܪܸܓܝܵܐ
exhibit	ܝܲܗܒ݂ܫܘܘܼܕܵܥܵܐ
exhibition	ܐܲܦܘܼܕܝܼܟܝܼܣ
exist	ܟܘܢ
existence	ܐܝܼܬܘܼܬܵܐ
existing	ܒܲܪܙܲܒ݂ܢܵܐ
exit	ܡܲܦܩܵܐ
expand	ܪܘܵܚܵܐ
expect	ܣܟܐ
expected	ܡܸܣܬܲܟ݂ܝܵܢܵܐ
expenses	ܡܲܨܪܵܦܵܐ
expensive	ܕܵܩܪܵܢܵܐ
experience	ܐܸܠܦܲܢ
experiment	ܬܲܓ̰ܪܝܼܒܵܐ
expert	ܐܵܗܠܝܼ
explain	ܐܲܢܗܲܪ
explanation	ܡܓܲܠܚ݂ܬܵܐ
exploit	ܢܸܨܚܵܢܵܐ
explore	ܒܕܵܩܵܐ
expose	ܓ̰ܲܘܘܼܢܹܐ
exposed	ܠܓܸܠܝܵܐ
exposure	ܩܝܼܢܕܘܿܢܘܿܣ
express	ܡܲܨܘܼܚܹܐ
expression	ܘܲܝ
extend	ܓܠܵܓ̰ܵܐ
extended	ܓܠܝܼܓ̰ܵܐ
extension	ܡܘܼܙܵܪܵܐ
extent	ܝܘܼܪܟ݂ܵܐ
external	ܓܲܪܓܘܼܡܵܐ
extinct	ܐܒܕ
extinct	ܐܒܝܕܘܬܐ
extra	ܩܘܼܛܵܥܵܐ
extract	ܥܲܨܪܵܐ
extraordinary	ܪܵܘܪ̈ܒ݂ܵܬ݂ܵܐ
extreme	ܓܲܙܓܲܙܬܵܐ
extremely	ܚܲܝܠܵܢܬ݂ܵܢܵܐ
eye	ܥܲܝܢܵܐ
eyes	ܥܲܝܢܵܐ
fabric	ܥܘܼܕܵܢܵܐ
fabulous	ܡܕܲܡܪܵܢܵܐ
face	ܦܵܬ݂ܘܦܵܬ݂
facilitate	ܡܲܡܨܹܐ
facilities	ܒܹܝܬ ܡܲܚܪܝܵܐ
facility	ܕܠܝܼܠܘܼܬܵܐ
fact	ܡܸܬܬܲܘܕܝܵܢܘܼܬܵܐ
factor	ܡܲܥܒ݂ܸܕܵܢܵܐ
factory	ܒܹܝܬ ܦܘܼܠܚܵܢܵܐ
facts	ܥܒ݂ܝܼ̈ܕ݂ܵܬ݂ܵܐ
fade	ܟܡܵܕܵܐ
fail	ܓܝܵܙܵܐ
failed	ܠܵܐ ܒܪܹܐ ܠܵܗܿ
failure	ܡܸܬܩܲܠܩܠܵܢܘܼܬܵܐ
faint	ܫܵܢܹܐ
fair	ܙܲܕܝܼܩܐܝܼܬ
fairly	ܦܲܫܦܫܵܐ
fairy	ܕܲܝܘܵܐ
faith	ܗܲܝܡܵܢܘܼܬ݂ܵܐ
faithful	ܕܒܹܝܬ ܐܲܠܵܗܵܐ
fake	ܕܦܵܬܵܐ
fall	ܢܵܦܸܠ
fame	ܛܒ݂ܝܼܒ݂ܘܼܬܵܐ
familiar	ܡܥܲܝܕܵܐ
family	ܟܸܠܦܵܬ
famous	ܛܒ݂ܝ݂ܒ݂ܵܐ
fan	ܦܲܢܟܵܐ
fancy	ܕܵܡܵܓ
fantastic	ܗܲܓܵܓܵܝܵܐ
far	ܪܘܼܚܩܵܐ
farewell	ܕܡܚܵܘܫܘܼܬܵܐ
farm	ܚܲܩܠܵܐ
farmer	ܐܲܟܵܪܵܐ
fascinating	ܡܥܓܒܢܐ
fascinating	ܬܡܝܗܐ
fashion	ܓܒ݂ܝܼܬܵܐ
fast	ܒܓ̰ܲܠܕܘܼܬܵܐ
fat	ܬܲܪܒܵܐ
fatal	ܕܡܵܘܬܵܐ
fate	ܐܵܓ̰ܵܠ
father	ܒܵܒܵܐ
fatigue	ܟܕܝܼܪܘܼܬܵܐ
fault	ܙܠܵܡܵܐ
favorite	ܡܚܝܼܪܵܐ
favour	ܡܩܲܕܡܵܢܘܼܬܵܐ
favourite	ܡܲܛܐܒ݂ܵܐ
fear	ܕܸܚܠܬܵܐ
feast	ܡܸܫܬܘܼܬ݂ܵܐ
feather	ܬܸܦܬܸܓ
feature	ܫܘܘܼܕܵܗܵܐ
features	ܡܘܼܙܝܼܩ
february	ܟܵܢܘܿܢ ܐ݇ܚܵܪܵܝܵܐ
fee	ܟܘܼܣܵܦܵܐ
feed	ܡܲܟ݂ܘܿܠܹܐ
feedback	ܫܡܝܥܘܬܐ ܡܬܦܢܝܢܘܬܐ
feel	ܡܗܲܪܟܸܫ
feeling	ܪܸܓ݂ܫܵܐ
feet	ܙܵܘܓܘܼܠܬܵܐ
fell	ܙܵܪܸܦ
fellow	ܒܲܪܐܘܼܡܵܪܘܼܬܵܐ
felt	ܠܸܒ݂ܕܵܐ
female	ܢܸܩܒ݂ܵܐ
fence	ܣܝܵܓ݂ܵܐ
fertile	ܫܲܡܝܼܢܵܐ
festival	ܥܹܐܕ݂ܵܐ
fetch	ܒܵܠܘܼܟ݂ ܡܲܐܕܸܬ
fever	ܚܲܡܚܲܡܬܵܐ
few	ܚܲܕ݇ ܚܕܵܢܵܐ
fewer	ܡܲܚܣܘܼܪܹܐ
fiance	ܛܠܝܼܒܬܵܐ
fiction	ܓܒ݂ܘܼܠܝܵܐ
field	ܢܵܒܘܿܕ
fierce	ܒܲܥܪܝܼܪܵܐ
fifteen	ܚܲܡܫܲܥܣܲܪ
fifty	ܢܢ
fight	ܦܠܵܫܵܐ
fighting	ܦܠܵܫܬܵܐ
figure	ܪܲܩܸܡ
file	ܩܲܘܪܵܐ
fill	ܡܠܵܐ
filled	ܙܡܝܼܛܵܐ
film	ܓ̰ܲܢܓ
filthy	ܨܲܥܠܵܐ
finally	ܐ݇ܚܪܵܝܲܬ
finance	ܪܒܵܝܵܐ
financial	ܗܵܩܵܐ
find	ܐܸܫܟܲܚ
fine	ܦܵܬܸܣܩܵܐ
finger	ܨܸܒܥܵܐ
finish	ܓܡ݂ܪܝܵܐ
finished	ܬܝܼܡܵܐ
fire	ܢܘܼܪܵܐ
firm	ܡܘܼܚܟܸܡ
first	ܐܘܼܫܦܵܐ ܩܲܕ݇ܡܵܝܵܐ
first name	ܫܡܵܗܵܐ ܩܲܕ݇ܡܵܝܵܐ
fish	ܢܘܼܢܵܐ
fit	ܠܚܝܼܡܵܐ
five	ܚܲܡܸܫ
fix	ܐܲܩܸܬ ܩܲܬܸܬ
fixed	ܩܒܝܼܥܵܐ
flag	ܒܵܝܕܵܓ݂
flash	ܒܲܪܩܵܐ
flat	ܓܸܪܕܲܝܵܐ
flaw	ܐܵܝܒ
flee	ܡܲܥܪܘܼܩܹܐ
flesh	ܢܸܟܣܵܐ
flexible	ܛܵܝܘܼܦܵܐ
flight	ܛܲܝܵܪܘܼܬ݂ܵܐ
flirt	ܫܘܼܕܵܠܵܐ
flirting	ܬܡܫܐ
flirting	ܡܢܬܦ
float	ܦܝܵܫܵܐ ܠܦܵܬܵܐ
flood	ܛܦܵܦܵܐ
floor	ܐܲܪܕܵܐ
flour	ܩܲܡܚܵܐ
flow	ܡܲܓ̰ܪܘܼܝܹܐ
flower	ܘܲܪܕܵܐ
flu	ܐܢܦ̮ܠܘܿܘܲܢܙܵܐ
fluent	ܡܠܝܠܐ
fluent	ܐܫܝܕ ܡܡܠܠܐ
fluently	ܠܫܝܢܘܬܐ
fluently	ܛܠܝܩܘܬܐ
fluently	ܡܠܝܠܘܬܐ
fluffy	ܦܘܼܢܦܸܚܵܐ
fluid	ܒܸܪܕܵܢܵܐ
fly	ܕܒܵܒܵܐ
focus	ܐܨܕ
focus	ܪܒܨ
focus	ܩܛܪܢ
fog	ܥܲܪܦܸܠܵܐ
fold	ܚܵܕܸܥ
folks	ܥܵܠܡܹ̈ܐ
follow	ܐܩܵܦܵܐ
following	ܛܘܼܪܵܐ ܛܘܼܪܵܐ
food	ܡܹܐܟ݂ܘܼܠܬܵܐ
fool	ܓ̰ܸܫܓ̰ܸܫ
foolish	ܢܵܦܲܗܲܡ
foot	ܪܸܓ݂ܠܵܐ
football	ܡܢܲܝܫܵܢܵܐ
for	ܒܢܸܣܒܵܬ    ܡܣܵܒܵܒ
For example	ܩܵܐ ܛܘܼܦ̮ܣܵܐ
for instance	ܩܵܐ ܛܘܼܦ̮ܣܵܐ
for you	ܩܵܐܠܘܼܟ݂
forbidden	ܝܲܣܵܚ
force	ܬܲܩܝܼܦܘܼܬܵܐ
forecast	ܡܘܼܙܓܵܐ ܕܐܵܐܲܪ
forehead	ܩܸܨܵܐ
foreign	ܡܸܬܩܵܠ
forest	ܓܢܝܼܬܵܐ
forever	ܒܕܵܝܸܡܘܼܬ݂ܵܐ
forget	ܡܲܢܫܘܼܝܹܐ
forgive	ܡܲܚܠܘܼܝܹܐ
fork	ܡܲܫܠܝܘܿܢܵܐ
form	ܫܸܟ݂ܲܠ
formal	ܪܘܼܫܡܵܝܵܐ
former	ܡܘܼܩܲܕܸܡ
fortune	ܙܵܬܵܐ
forty	ܐܲܪܒܥܝܼ
forty-two	ܥܣܪܝܢ ܘܚܕ
forward	ܠܩܵܕ݇ܡ
foster	ܝܢܵܩܬܵܢܵܝܵܐ
found	ܡܘܼܫܟ̰ܚܵܐ
foundation	ܫܘܼܬܵܣܵܐ
four	ܐܲܪܒܲܥ
fourteen	ܐܲܪܒܲܥܣܲܪ
fox	ܬܲܥܠܵܐ
fragile	ܚܘܝܼܚܵܐ
frame	ܠܵܒܹܢ
framework	ܡܲܠܒܵܢܵܐ
fraud	ܙܸܐܦܵܐ
freak	ܥܘܕܝܝܐ
freak	ܥܘܕܝܝ ܛܘܪܐ
free	ܡܲܓ̰ܵܢ
freedom	ܐܵܙܵܕܘܼܬܵܐ
freeze	ܡܲܓܕܘܼܠܹܐ
frequency	ܬܢܝܐ
frequency	ܥܦܝܦܘܬܐ
frequent	ܬܢܝܐ
frequent	ܬܝܪܢ ܛܩܐ
frequent	ܥܦܝܦܐ
frequent	ܬܪܬܝܢ
frequently	ܗܵܐ
fresh	ܚܲܕ݇ܬ݂ܵܐ
friday	ܥܪܘܼܒ݂ܬܵܐ
fridge	ܡܲܩܪܵܢܵܐ
friend	ܚܲܒ݂ܪܵܐ
friendly	ܚܘܼܒܵܢܵܝܵܐ
friends	ܐܲܠܝܼܨܵܝܵܐ
friendship	ܕܵܘܣܬܘܼܬܵܐ
frightened	ܙܕܝܥܐ
frightened	ܪܗܝܒܐ
frog	ܦܸܩܝܼܬ݂ܵܐ
from	ܡܸܢ
front	ܩܲܕ݇ܡܵܝܝܼ
frozen	ܣܸܠܘܼܪ
fruit	ܝܹܡܝܼܫܝܹ
frustrated	ܡܘܼܫܲܡܸܪ
fuel	ܕܲܠܘܼܩܵܐ
full	ܕܵܘܓ݂ܡܵܐ
fun	ܩܲܙܕܵܢܵܐ
function	ܡܪܲܒܥܵܢܘܼܬܵܐ
fundamental	ܐܘܼܣܝܵܝܵܐ
funeral	ܚܲܝܪܘܼܫܵܪ
funny	ܡܓܲܚܟ݂ܵܢܵܐ
fur	ܡܸܢܵܐ
furious	ܕܘܼܪܬܡܵܐ
furniture	ܨܒ݂ܘܿܬܵܐ ܕܒܵܬܹܐ
further	ܡܹܬܡܲܙܝܸܕܵܢܵܐ
furthermore	ܫܒ݂ܘܿܩ ܡܸܢ
future	ܕܵܥܬ݂ܝܼܕ݂
gain	ܡܵܠܸܟ
game	ܫܸܟܵܪ
gap	ܫܥܵܝܬܵܐ
garbage	ܩܸܩܸܠܬܵܐ
garden	ܓܲܢܬ݂ܵܐ
garlic	ܬܘܼܡܵܐ
gate	ܡܲܥܠܵܵܢܵܐ
gather	ܡܩܲܪܦܹܐ
gathering	ܓ̰ܲܡܥܵܝܵܐ
gauge	ܟܲܝܠܵܐ
gave	ܝܼܫܘܿܥܝܼܗ݇ܒ݂
gear	ܒܲܪܒ݂ܣܬܪܵܐܝܼܬ
gender	ܓܸܢܣܵܐ
general	ܡܝܼܪܦܲܢܓ̰
generally	ܝܵܗ݇ܒ݂ܸܠ
generate	ܡܲܢܙܘܼܠܹܐ
generation	ܕܵܪܵܐ
generous	ܓܲܪܦܵܐ
genre	ܙܢܐ
genre	ܦܨܠܐ
gentle	ܐܵܕܵܒ
genuine	ܒܲܪ ܛܘܼܗܡܵܐ
gesture	ܐܸܫܵܪܵܬ
get	ܐܝܼܬ ܠܝܼ
get dressed	ܠܵܒ݂ܹܫ
get up	ܩܘܼܡ
getting	ܩܵܝܘܿܪܵܐ
ghost	ܗܲܓܵܓ݂ܵܐ
ghosting	ܛܠܠܐ
ghosting	ܩܠܩܢܝܬܐ
giant	ܓܲܢ݇ܒܵܪܵܐ
gift	ܕܝܼܵܪܝܼ
ginger	ܙܲܢܓ̰ܵܦܝܼܠ
girl	ܒܪܵܬܵܐ
girlfriend	ܚܲܒ݂ܘܼܪܬܝܼ
give	ܝܵܗܹܒ݂
given	ܡܫܲܠܛܵܢܘܼܬܵܐ
glad	ܦܵܨܸܚ
glance	ܪܗܵܐ
glass	ܫܘܼܫܵܐ
glasses	ܒܢܵܬ ܥܲܝܢܹ̈ܐ
glimpse	ܪܓ݂ܵܫܵܐ
global	ܥܵܠܡܵܢܵܝܵܐ
gloves	ܒܪܵܬ݇ܐܝܼܕܵܐ
glow	ܡܲܚܡܵܢܘܼܬܵܐ
glue	ܬܸܬܵܐ
go	ܐܵܙܸܠ
go away	ܪ݇ܚܘܼܫ ܡܲܐܟ݂ܵܐ
go to bed	ܥܵܒ݂ܹܪ ܕܵܡܹܟ݂
goal	ܢܝܼܬܵܐ
goals	ܣܘܼܘܵܣܵܐ
goat	ܥܸܙܵܐ
god	ܐܲܠܵܗܵܐ
god bless you	ܐܲܠܵܗܵܐ ܒܲܪܸܟ݂ ܠܘܼܟ݂
goes	ܣܵܠܘܿܩܵܐ
going	ܡܩܲܪܩܣܵܢܵܐ
going to	ܒܸܬ
gold	ܕܲܗܒ݂ܵܐ
gone	ܦܠܝܼܛܵܐ
gonna	ܦܠܚܢܐ
goo	ܫܡܵܐ
good	ܨܦܵܝܝܼ
good bye	ܦܘܿܫ ܒܫܲܝܢܵܐ
good day	ܝܵܘܡܵܐ ܒܪܝܼܟ݂ܵܐ
good evening	ܪܲܡܫܵܐ ܛܵܒ݂ܵܐ
good job	ܚܲܝܹܬ
good looking	ܫܲܦܝܼܪܵܐ
goodbye	ܦܘܿܫ ܒܫܲܝܢܵܐ
goods	ܬܲܓܵܪܘܼܬܵܐ ܠܵܐ ܩܵܢܘܿܢܝܼܬܵܐ
goose	ܘܵܙܵܐ
gorgeous	ܫܘܼܥܠܵܝܵܐ
gossip	ܢܲܡܵܡܘܼܬ݂ܵܐ
got	ܦܵܪܸܟ
government	ܫܘܼܠܛܵܢܘܼܬܵܐ
grab	ܢܵܬܸܫ
grade	ܓ̰ܲܠܵܐܕ
gradually	ܕܵܪܓܲܐܝܬ
graduate	ܙܵܪܘܼܙܹܐ
grain	ܚܲܒܵܐ
grant	ܐܸܢܫܲܠܲܗ
granted	ܐܫܝܼܠܵܐܝܬ
grapes	ܥܲܢ̈ܒ݂ܹܐ
grasp	ܚܡܵܣܵܐ
grass	ܓܸܠܵܐ
grateful	ܛܵܥܢܵܢܵܐ ܕܡܸܢܬܵܐ
gratitude	ܫܸܟܸܪ
grave	ܩܲܒ݂ܪܵܐ
gray	ܓܵܘܪܵܢܵܝܵܐ
great	ܟܲܒܝܼܪܵܐ
greed	ܝܲܥܢܘܼܬܵܐ
greedy	ܛܲܡܲܥܟܵܪ
green	ܝܩܝܼܢܵܐ
greet	ܝܲܗܒ݂ܫܠܵܡܵܐ
greeting	ܚܵܒܵܪܬܵܐ
greetings	ܫܠܵܡܵܐ
grey	ܓܵܘܪܵܐ
grid	ܫܲܒܵܟܬܵܐ
grief	ܚܲܫܵܐ
grind	ܛܚܵܢܵܐ
grip	ܓܹܡܫܵܐ
grocery	ܓܠܠܐ
grocery	ܝܪܘܩܐ
groom	ܡܣܵܘܣܝܵܢܵܐ
gross	ܒܹܣܪܵܢܵܐ
ground	ܒܹܪܙܵܐ
group	ܣܝܼܥܬܵܐ
grow	ܒܲܛܪܘܼܢܹܐ
growth	ܡܛܵܘܪܵܢܘܼܬ݂ܵܐ
grumpy	ܛܪܛܡܬܐ
grumpy	ܪܛܢܐ
guarantee	ܣܲܢܵܕ
guard	ܢܵܛܘܿܪܵܐ
guess	ܚܵܕܹܣ
guest	ܐܵܪܚܵܐ
guidance	ܗܘܼܕܵܝܵܐ
guide	ܡܕܲܒܪܵܢܘܼܬܵܐ
guilty	ܟܵܘܟ݂ܒ݂ܵܐ ܨܘܿܨܝܵܢܵܐ
guy	ܫܝܼܦܵܐ ܩܠܝܼܦܵܐ
guys	ܚܲܪ̈ܵܡܵܬܵܐ
gym	ܓܘܼܡܢܵܣܝܼܵܢ
habit	ܥܝܵܕܵܐ
habitat	ܡܲܥܡܪܵܐ
had	ܛܸܥܝܵܐ
hail	ܒܲܪܕܵܐ
hair	ܟܵܘܣܵܐ
half	ܦܸܠܓܵܐ
hall	ܒܹܝܬ݂ ܢܘܼܦܵܩܵܐ
hand	ܐܝܼܕܵܐ
handle	ܬܵܬܸܟܬܵܐ
handsome	ܫܸܛܪܵܢܵܐ
hang	ܐܹܝܘܼ
happen	ܟܵܝܹܢ
happened	ܓܪܝܼܫ ܠܵܗܿ
happiness	ܦܨܝܼܚܘܼܬܵܐ
happy	ܦܨܝܼܚܵܐ
happy birthday	ܝܵܘܡܵܐ ܕܡܵܘܠܵܕܘܼܟ݂ ܗܵܘܹܐ ܒܪܝܼܟ݂ܵܐ
happy birthday to you	ܗܵܘܹܐ ܒܪܝܼܟ݂ܵܐ ܝܵܘܡܵܐ ܕܡܵܘܠܵܕܘܼܟ݂
happy new year	ܫܹܢ̄ܬܵܐ ܚܲܕ̄ܬܵܐ ܒܪܝܼܟܼܬܵܐ
hard	ܪܲܩ
hardly	ܥܲܛܠܵܐܝܼܬ
hardly ever	ܥܲܛܠܵܐܝܼܬ
harm	ܚܲܙܕܸܓ
harmful	ܚܲܙܕܸܓܵܢܵܐ
harmony	ܩܘܼܢܩܵܝܵܐ
harsh	ܩܲܫܝܵܐ
harvest	ܚܨܵܕܵܐ
has	ܐܵܓ݂ܵܝܬܵܐ
hate	ܣܸܢܝܘܼܬ݂ܵܐ
have	ܐܝܼܬ ܠܝܼ
have breakfast	ܐܵܟ݂ܸܠ ܛܲܡܬܵܐ
have fun	ܡܲܒܣܸܡ
have you eaten	ܐ݇ܟ݂ܝܼܠܵܐ ܝܘܸܬ؟
having	ܟ̰ܲܚܡܘܿܪ
hazard	ܛܵܐܠܲܥ
haze	ܥܲܝܡܵܐ
he	ܗܿܘܘܵܐ
he has	ܗܿܘ ܐܝܼܬܠܹܗ
he is	ܗܿܘ ܝܼܠܹܗ
head	ܪܹܫܵܐ
headache	ܡܲܪܥܵܐ ܕܪܹܫܵܐ
heal	ܐܲܣܵܐ
healing	ܚܘܼܠܡܵܢܵܐ
health	ܨܲܚܝܼܚܘܼܬ݂ܵܐ
healthy	ܫܠܝܼܡܵܐ
hear	ܨܘܬ
heard	ܡܸܫܬܲܡܥܵܢܵܐ
heart	ܠܸܒܵܐ
heat	ܚܲܡܝܼܡܘܼܬܵܐ
heaven	ܫܡܲܝܵܐ
heavy	ܝܵܩܘܿܪܵܐ
hectic	ܚܡܝܡܐ
hectic	ܪܬܝܚܐ
hectic	ܡܪܘܣܬܢܐ
height	ܪܲܘܡܵܐ
heist	ܣܠܒܐ
heist	ܓܠܘ
heist	ܓܢܒܐ
held	ܡܝܲܩܲܪܬܵܐ
hell	ܒܹܝܬ݂ ܐܲܒ݂ܕܵܢܵܐ
Hello	ܫܠܵܡܵܐ ܠܘܼܟ݂
hello dear	ܫܠܵܡܵܐ ܠܘܿܟܼ ܥܲܙܝܼܙܵܐ
helmet	ܣܲܢܘܲܪܬܵܐ
help	ܗܲܝܲܪܬܵܐ
helpful	ܗܲܝܹܪܵܢܵܐ
hence	ܡܐܲܟ݂ܵܐ
her	ܠܟܸܣܠܵܗ
herd	ܒܸܩܪܵܐ
here	ܐܵܟ݂ܵܐ
heritage	ܝܘܼܪܬܵܢܵܐ
hesitate	ܚܦܵܠܵܐ
Hey	ܫܠܡܐ
Hi	ܫܠܵܡܵܐ ܠܘܼܟ݂
hi how are you	ܫܠܵܡܵܐ! ܕܵܐܟܼܝܼ ܝ̄ܘܸܬ
hidden	ܛܘܼܫܝܵܐ
hide	ܟܵܡܹܢ
hierarchy	ܐܲܒ݂ܵܐ ܕܐܲܒ݂ܵܗܵܬܹ̈ܐ
high	ܐܘܼܪܚܵܐ ܕܦܵܪܝܼܫܵܗ
hike	ܣܲܢܓܸܠ
hiking	ܚܕܵܪܬܵܐ
hilarious	ܓ̰ܘܲܠܵܩܝܼ
hill	ܪܘܼܡܬ݂ܵܐ
him	ܩܵܬܸܗ
hint	ܡܲܬ݂ܡܗܵܢܘܼܬܵܐ
hip	ܓܸܢܸܫܝܵܐ
hips	ܬܲܪܒܵܢܩܵܐ
hire	ܝܵܓ݇ܪ
hiring	ܐܲܓܝܼܪܘܼܬܵܐ
his	ܕܝܼܹܗ
history	ܬܲܫܥܝܼܬ݂ܵܐ
hit	ܡܵܚܹܐ
Hmm	ܬܢ ܐܢ
Hmm	ܛܒܐܝܬ
hobby	ܦܸܓܙܝܼܕܝܼܵܐ
hold	ܡܓ̰ܵܢܸܒ
hold on	ܟܠܝܼ
hole	ܒܹܙܥܵܐ
holiday	ܥܲܕ݂ܥܹܐܕ݂ܵܐ
hollow	ܚܲܠܚܘܼܕܹܐ
home	ܒܲܝܬܵܐ
honest	ܙܲܕܝܼܩܵܐ
honestly	ܒܬܪܘܼܨܬܵܐ
Honey	ܕܸܒ݂ܫܵܐ
honor	ܐܵܒܪܘܼ
hood	ܥܲܦܵܪܵܐ
hook	ܟ̰ܲܪܓܵܟ̰ܵܪ
hop	ܟ̰ܵܝ ܟ̰ܵܝ
hope	ܣܲܒ݂ܪܵܐ
horizontal	ܐܘܼܦܩܵܝܵܐ
horn	ܩܲܪܢܵܐ
horrible	ܓܢܝܼܚܵܐ
horror	ܓܢܝܼܚܘܼܬܵܐ
horse	ܣܘܼܣܵܐ
hospital	ܒܹܝܬ݂ ܟܪܝܼܗܹܐ
hospitality	ܩܘܼܒܵܠܘܼܬ݂ܵܐ
host	ܡܩܲܒܠܵܢܵܐ
hostile	ܕܲܠܩܘܼܒ݂ܵܝܵܐ
hot	ܚܸܡܵܐ
hotel	ܦܘܼܬܩܵܐ
hour	ܫܵܥܬܵܐ
hours	ܐܝܼܡܵܡܵܐ
house	ܒܲܝܬܵܐ
household	ܒܲܝܬܘܼܬ݂ܵܐ
how	ܟܡܵܐ
how are you today	ܕܐܲܝܟ݂ ܝܼܠܵܗ ܟܲܝܦܘܿܟ݂ ܐܸܕܝܘܿܡ
how do you do	ܕܵܐܟܼܝ ܝ̄ܘܸܬ
how many	ܟܡܵܐ؟
how much	ܟܡܵܐ
how often	ܟܠ ܟܡܵܐ
however	ܥܲܡ ܗܵܕܹܐ
hub	ܟܘܼܢܕܵܐ ܕܬܘܦܵܐ
hug	ܡܚܲܪܡܸܫ
huge	ܣܝܼܟ݂ܘܿܪܵܐ
human	ܒܲܪܢܵܫܵܝܵܐ
humble	ܡܲܟܝܼܟ݂ܵܐ
humidity	ܬܲܪܝܘܼܬܵܐ
hundred	ܚܵܕ݇ ܒܐܸܡܵܐ
hungry	ܟܦܝܼܢܵܐ
hunt	ܨܘܕ
hurricane	ܦܪܝܼܣܛܝܼܪ
hurry	ܣܲܪܗܸܒ݂
hurry up	ܡܲܠܝܸܙ
hurt	ܡܚܲܙܕܸܓ
husband	ܓܲܒ݂ܪܵܐ
hustle	ܪܥܝܼܠܘܼܬܵܐ
hut	ܟܘܼܪܚܵܐ
hygiene	ܗܘܼܓܝܢܝܼܩܝܼ
I	ܐܵܢܵܐ
I am	ܐܵܢܵܐ ܝܼܘܸܢ
I can	(ܐܵܢܵܐ) ܡܵܨܸܢ
I can't	(ܐܵܢܵܐ) ܠܹܐ ܡܵܨܸܢ
I do not understand	ܠܹܐ ܝܘܸܢ ܦܲܪܡܘܼܝܹܐ
I don't know	ܐܵܢܵܐ ܠܹܐ ܝܲܕܥܸܢ
I don't understand what you mean	ܠܵܐ ܦܘܼܪܡܹܐ ܠܝܼܸ ܡܲܥܢܵܝܘܼܟ݂
I don't understand you	ܠܹܐ ܝܘܸܢ ܦܲܪܡܘܼܝܘܼܟ݂
I don’t know	ܠܹܐ ܝܵܕܥܹܢ
I don’t understand	ܠܗܘܿܢ ܡܦܲܪܡܹ
i guess	ܒܚܫܲܒܼܬܝܼ
I had	ܐܝܼܬ݂ ܗ݇ܘܵܐ ܠܝܼ
I have	( ܐܵܢܵܐ)  ܐܝܼܬܠܝܼ
I have been	ܗ݇ܘܹܐ ܠܝܼ
I hope so	ܐܝܼܬ ܠܝܼ ܣܲܒ݂ܪܵܐ
I know	ܐܵܢܵܐ ܝܲܕܥܸܢ
I like you	ܡܚܘܒܵܟܼ ܝܘܸܢ
I love	ܡܲܚܸܒܸܢ
I love my big brother	ܟܹܐ ܡܲܚܸܒܸܢ ܐܲܚܘܿܢܝܼ ܪܲܒܵܐ
I love my big sister	ܟܹܹܐ ܡܲܚܸܒܸܢ ܚܵܬ݂ܝܼ ܪܲܒܬ݂ܵܐ
I love you so much	ܐܵܢܵܐ ܟܹܐ ܒܵܥ̄ܝܼܢܘܿܟܼ ܟ̰ܡ ܪܵܒܵܐ
I love you too	ܐܘܼܦ ܐܵܢܵܐ ܟܹܐ ܡܲܚܸܒܸܢܲܟ݂ܝ
I mean	ܡܵܥ̄ܢܵܝ ܝܼܠܹܗ
I miss you	ܡܘܼܚܢܝܼܵܘܸܢ ܡܸܢܘܟ݂
I understand	(ܐܵܢܵܐ) ܦܘܼܪܡܹܠܝܼ
I want	ܐܵܢܵܐ ܒܵܥܸ
I was	ܐܵܢܵܐ ܐܝܼܢܗ̄ܘܵܐ
I would be	ܒܸܬ ܗܵܘܹܝܢ ܗ݇ܘܵܐ
I'm	ܐܢܐ
I'm fine	ܐܵܢܵܐ ܨܦܵܝܼܘܸܢ
I'm here	ܠܲܐܟ݂ܵܐ ܝܘܸܢ
I'm sorry	ܦܲܚܲܠܬܵܐ
ice	ܓܕܝܼܠܵܐ
ice cream	ܓܠܝܼܕܬܵܐ
idea	ܚܘܼܫܵܒ݂ܵܐ
ideal	ܕܘܼܡܝܵܢܵܝܵܐ
identical	ܗܵܡܝܼܢ
identify	ܪܲܙܸܙ
identity	ܗܵܝܟܲܕܗܝܘܼܬܵܐ
idiot	ܐܲܗܡܵܩ
idle	ܒܲܛܝܼܠܬܵܐ
if	ܐܲܓܲܪ
ignore	ܫܘܵܛܵܐ
ill	ܡܲܪܥܵܢܵܐ
illegal	ܗܵܪܵܡ
illness	ܟܪܝܼܗܘܼܬܵܐ
image	ܨܘܼܪܬܵܐ
imagine	ܨܲܠܡܘܼܢܹܐ
immediate	ܐܲܠܨܵܢܵܐ
immediately	ܐܵܕܝܼܵܐ
immense	ܦܸܬܝܵܐ
impact	ܫܲܩܦܵܐ
implement	ܡܲܟܢܲܫܬܵܐ
import	ܐܝܼܬܘܼܬܵܐ
important	ܐܵܕܫܵܢܵܝܵܐ
impose	ܦܩܵܕܵܐ
impossible	ܢܵܐܡܘܼܡܟܹܢ
impress	ܝܩܵܢܵܐ
impression	ܡܸܬܛܲܒ݂ܥܵܢܘܼܬܵܐ
impressive	ܡܲܫܝܼܚܵܢܵܐ
improve	ܒܲܠܒܘܼܠܹܐ
improvement	ܡܛܵܘܪܵܢܘܼܬ݂ܵܐ
in	ܓܵܘ   ܓܵܘܵܐ
in front of	ܩܲܕ݇ܡܵܝܝܼ
in order to	ܩܵܐ ܕ.
incentive	ܓܘܼܪܵܓܵܐ
incident	ܥܵܪܨܵܐ
include	ܚܒ݂ܵܫܵܐ
including	ܒܹܒ
income	ܡܘܼܕܵܚܹܠ
inconvenience	ܕܘܼܢܵܩܵܐ
increase	ܙܵܘܕܵܢܘܼܬ݂ܵܐ
increased	ܬܵܐܡܵܐ
incredible	ܪܵܘܪ̈ܒ݂ܵܬ݂ܵܐ
indeed	ܐܸܠܹܐ
independent	ܬܲܪܚܵܢ
India	ܗܢܕ ܗܢܕܘܝܐ
indicate	ܡܲܘܕܸܥ
indigenous	ܫܵܟܢܵܢܹ̈ܐ ܫܸܪ̈ܫܵܝܹܐ
individual	ܐܲܡܝܼܢܵܝ
industry	ܩܲܪܩܵܪܵܐ
inevitable	ܓܙܡܐ
inevitable	ܓܙܪܐ
infant	ܛܸܦ̮ܠܵܐ
infection	ܟܵܦܵܠܵܟ
inflammation	ܦܵܕܲܓܪܵܐ
inflation	ܡܲܙܘܵܝܬܵܐ
influence	ܨܵܗ݇ܘ
inform	ܡܲܕܥܘܹܝܹܐ
information	ܡܲܘܕܥܵܢܘܼܬܵܐ
ingredients	ܦܹܪ̈ܚܹܐ
inheritance	ܝܵܪܬܘܼܬ݂ܵܐ
initial	ܩܲܕܝܼܡܵܝܵܐ
initiative	ܒܟܪ
initiative	ܣܘܚ
injured	ܡܡܲܚܝܵܐ
injury	ܡܕܲܪܵܐ
innocent	ܬܲܡܝܼܡܵܐ
innovation	ܢܵܨܪܵܝܘܼܬܵܐ
inquiry	ܡܥܲܩܒܵܢܘܼܬܵܐ
insane	ܚܲܒܵܫܵܐ
insect	ܢܵܐܸܨ
insecure	ܕܠܐ ܫܝܢܐ
insecure	ܠܐ ܫܝܢܝܐ
insert	ܦܲܛܪܘܼܡܹܐ
inside	ܓܵܘܵܝ
insight	ܦܲܪܡܹܐ
insist	ܠܙܝܙܐܝܬ
insist	ܚܝܢ
insist	ܟܠܐ ܒܨܒܝܢܗ
insist	ܐܩܝܡ ܨܒܝܢܗ
inspiration	ܢܵܒܵܝܬܵܐ
inspire	ܨܕܵܗ
install	ܨܲܠܘܼܝܹܐ
instance	ܡܵܣܵܠܲܢ
instant	ܒܥܸܕܵܢܵܐ
instead	ܚܠܵܦ
instead of	ܡ̣ܢ ܓܹܒܵܐ ܕ.
instructions	ܡܸܬܬܲܪܬܝܵܢܵܐ
instrument	ܐܘܿܪܓܵܢܵܐ
insult	ܒܹܙܚܵܐ
insurance	ܡܗܝܡܢܬܐ
insurance	ܥܘܪܒܢܘܬܐ
intact	ܣܵܠܝܼܡ
integrity	ܗܵܠܵܠܘܿܬܵܐ
intellectual	ܣܘܼܟܵܠܵܝܵܐ
intelligence	ܝܲܕܘܼܥܬܵܢܘܼܬܵܐ
intelligent	ܚܲܟܝܼܡܵܐ
intend	ܨܪܝܡܘܬܐ
intend	ܚܐܦܐ
intend	ܥܘܬܕܐ
intended	ܬܲܢܬܵܠ
intense	ܩܘܼܪܫܵܐ
intention	ܢܝܼܬܵܐ
interaction	ܡܥܒܕܢܘܬܐ
interest	ܪܸܒܝܼܬ݂ܵܐ
interested	ܦܸܓܢܝܼܕܵܐ
interesting	ܓܵܪܘܿܫܵܐ
interfere	ܡܦܵܙܸܠ
intermediate	ܦܲܠܓܵܝܵܐ
internal	ܓܵܘܵܝܵܐ
international	ܒܲܝܢܲܝ ܐܘܼܡܬܵܢܵܝܵܐ
interpret	ܬܲܪܓ̰ܸܡ
interpreter	ܦܲܫܵܩܵܐ
interrupt	ܓ̰ܵܠܸܓ
interview	ܣܘܿܢܛܵܟ݂ܝܼܵܐ
intimate	ܐܲܠܝܼܨܵܝܵܐ
into	ܒܚܲܣܒܹܐ
introduce	ܚܵܒ݂ܸܟ݂
introduction	ܡܵܘܕܥܵܢܘܼܬ݂ܵܐ
introvert	ܐܬܥܝܦ
introvert	ܥܦ ܥܠ
introvert	ܩܢܙ
intuition	ܦܲܪܡܹܐ
invalid	ܩܘܼܠܣܸܢܵܐ
inventory	ܓܢܘܼܣܝܼܣ
invest	ܚܵܪܸܓ̰
investigate	ܒܨܵܐ
invitation	ܙܘܼܡܵܢܵܐ
invite	ܥܵܙܸܡ
invoice	ܫܸܩܠܵܐ
involve	ܡܲܓܙܘܼܪܹܐ
involved	ܟܘܼܬܠܸܢܵܐ
iron	ܦܲܪܙܠܵܝܵܐ
is	ܐܝܼܬ݂
island	ܓܵܙܲܪܬܵܐ
isolated	ܐܲܟ݂ܬܘܼܢ
issue	ܡܲܓ̰ܪܵܝܬܵܐ
issues	ܥܲܠܲܡܩܲܠܲܡܹ̈ܐ
it	ܠܵܐ ܒܪܹܐ ܠܵܗܿ
it is	ܐܝܼܠܹܗ
it is	ܐܝܼܠܵܗܿ
it was	ܝܼܗ݇ܘܵܐ
it's ok	ܝܵܘܹܐ ܩܒܠܬܐ
item	ܚܸܫܒܘܼܢܵܐ
items	ܡܲܬܵܐܥ
its	ܒܲܝܵܪܘܼܬܵܐ
jacket	ܟܲܙܵܟ݂ܵܐ
jail	ܒܹܝܬ ܐܲܣܝܼܪܵܐ
January	ܟܢܘܢ ܬܪܝܢܐ
jar	ܓܪܵܒܵܐ
jaw	ܠܘܿܥܛܵܐ
jealous	ܒܲܚܝܼܠܵܐ
jerk	ܪܵܦܸܬ݂
jewelry	ܚܫܝܼܠܵܐ
job	ܫܘܼܠܵܐ
join	ܕܵܒܸܩ
joint	ܘܲܨܠܵܐ
joke	ܫܸܥܝܵܐ
journalist	ܓܠܝܘܢܪܐ
journey	ܚܙܘܼܩܝܵܐ
joy	ܚܲܕ݂ܘܼܬ݂ܵܐ
judge	ܕܲܝܵܢܵܐ
juice	ܡܲܝܵ̈ܐ ܕܚܲܒܘܼܫܵܐ
july	ܐܲܒ
jump	ܩܵܘܹܙ
june	ܚܙܝܼܪܵܢ
junk	ܩܲܪܦܫܘܿܫܵܢܵܝܵܐ
just	ܟܫܝܼܛܵܐ
just do it	ܐܲܚܟ̰ܝܼ ܥ̄ܒܼܘܼܕܠܹܗ
justice	ܙܲܕܝܼܩܘܼܬܵܐ
justify	ܡܙܲܟܘܿܝܹܐ
keen	ܒܝܼܙ
keep	ܚܵܡܹܐ
kept	ܕܘܼܒܠܸܒܵܐ
kettle	ܩܘܼܩܵܐ
key	ܩܕܝܼܠܵܐ
kick	ܪܵܦܸܣ
kid	ܫܲܒ݂ܪܵܐ
kidney	ܟܘܿܠܝܵܐ
kids	ܓܸܣܹ̈ܐ
kill	ܩܵܛܸܠ
kind	ܛܲܝܒܘܼܬܵܢܵܝܵܐ
kindly	ܚܲܒܝܼܒܵܐܝܼܬ
kindness	ܗܵܘܘܼܬ݂ܵܐ
king	ܡܲܠܟܵܐ
kiss	ܢܘܼܫܲܩܬܵܐ
kitchen	ܒܹܝܬܛܲܒ݂ܚܹܐ
kite	ܒܲܕܘܵܢ
kitten	ܩܵܛܘܿܢܬܵܐ
knee	ܒܘܼܪܟܵܐ
knew	ܚܵܩܘܼܬ݂ܵܐ
knife	ܣܲܟܝܼܢܵܐ
knight	ܦܵܪܲܙ
know	ܝܼܕ݂ܵܥܵܐ
knowledge	ܚܸܕܡܵܐ
known	ܡܲܥܠܘܼܡ
label	ܒܹܠܝܼܬ
labor	ܡܘܼܓ݂ܠܵܐ
labour	ܢܘܼܕܵܪܵܐ
lack	ܓܹܗܪܵܐ
ladder	ܣܹܡܲܠܬܵܐ
lady	ܚܵܐܢܹܡ
laid	ܦܲܪܣܝܼ
lake	ܝܲܡܬܵܐ
lamb	ܦܲܪܵܐ
lame	ܠܲܢܓܵܐ
lamp	ܫܪܵܓ݂ܵܐ
land	ܒܹܪܙܵܐ
landscape	ܚܲܫܵܢܵܐ
language	ܣܘܼܪܸܬ݂
lap	ܡܠܲܛܠܸܛ
large	ܓܘܼܪܵܐ
last	ܐ݇ܚܵܪܵܝܵܐ
last name	ܫܡܵܗܵܐ  ܐ݇ܚܵܪܵܝܵܐ
late	ܕܪܵܢܓ
lately	ܡܘܿܪܕܸܪܵܐ
later	ܒܵܬ݇ܪ
latest	ܚܲܪܬܵܐ
latter	ܠܩܝܼܫܵܝܵܐ
laugh	ܓܵܚܸܟ
laughing	ܗܲܪܗܲܪܬܵܐ
laughter	ܡܓܲܚܟܵܢܘܼܬܵܐ
launch	ܫܘܪܝܐ ܛܠܩܬܐ
laundry	ܚܲܛܸܪܬܵܐ
law	ܢܵܡܘܼܣܵܐ
lawyer	ܢܘܼܡܝܼܩܵܐ
lay	ܡܓܵܠܹܐ
layer	ܬܵܩ
layout	ܛܟܣ
layout	ܣܕܝܪܘܬܐ
lazy	ܚܒܸܢܵܢܵܐ
lead	ܪܨܵܨܵܐ
leader	ܪܝܼܫܵܐ
leaf	ܛܲܪܦܵܐ
leak	ܕܸܠܦܵܐ
lean	ܬܵܟܹܐ
leap	ܢܵܕܹܐ
learn	ܝܼܠܵܦܵܐ
learning	ܝܵܠܘܼܦܘܼܬܵܐ
lease	ܐܓܵܪܵܐ
least	ܩܸܨܵܐ ܡܵܐ ܕܗܵܘܹܐ
leather	ܡܲܝܫܵܢ
leave	ܒܪܝܼ
leaves	ܓ̰ܪܵܕܵܐ
led	ܛܸܥܝܵܐ
left	ܣܸܡܵܠܵܐ
leg	ܕܲܪܦܸܠܬܵܐ
legacy	ܠܝܼܓܵܐܛܿܢ
legal	ܙܹܕܩܵܝܵܐ
legend	ܒܵܕܘܿܠܬܵܐ
leisure	ܒܲܬܪܵܢܘܼܬܵܐ
lend	ܝܵܗܹܒ݂ ܢܵܬܵܐ
length	ܐܘܼܪܟ݂ܵܐ
less	ܒܵܨܘܿܪܵܐ
lesson	ܕܲܪܣ
let	ܡܵܐܓܹܪ
letter	ܐܸܓܲܪܬܵܐ
lettuce	ܟܵܐܗܹܐ
level	ܛܠܝܼܚܵܐ
leverage	ܨܵܗ݇ܘ
liability	ܡܸܫܬܲܠܵܢܘܼܬܵܐ
library	ܒܹܝܬ ܐܲܪ̈ܟܹܐ
lick	ܠܵܛܸܐ
lie	ܕܘܼܓܠܵܐ
lies	ܐܸܣܟܘܼܦܬܵܐ
life	ܚܲܝܘܼܬ݂ܵܐ
lift	ܪܘܡ
light	ܒܲܗܪܵܐ
lightning	ܒܲܪܩܵܐ
like	ܡܲܚܸܒ
likely	ܡܸܬ݂ܗܲܠܟ݂ܵܢܵܐ
likewise	ܐܘܼܦ
line	ܙܸܪܬܵܐ
link	ܢܲܩܝܼܦܘܼܬܵܐ
lion	ܐܲܪܝܵܐ
liquid	ܓ̰ܵܪܘܼܝܵܐ
list	ܣܸܕܪܵܐ
listen	ܨܵܐܸܬ݂
literally	ܥܪܘܼܬܵܐ
literature	ܫܵܪܝܼܬܵܐ
litter	ܙܹܠܸܟܵܐ
little	ܩܲܠܝܼܠ
live	ܥܵܐܸܫ
liver	ܟܲܒ݂ܕܵܐ
lives	ܥܵܡܪܵܢܵܐ
living	ܒܹܝ ܚܲ̈ܝܹܐ
living room	ܬܵܘܵܢܵܐ ܕܐܲܪ̈ܚܹܐ
lizard	ܡܸܨܥܸܙܵܐ
load	ܛܲܥܘܿܢܬܵܐ
loaf	ܪܓܝܦܐ
loaf	ܙܝܕܝܐ
loan	ܡܲܟܣܘܼܦܹܐ
local	ܕܘܼܟܬܵܢܵܝܵܐ
location	ܕܘܼܟܬܵܐ
lock	ܩܘܼܦܠܵܐ
lockdown	ܣܟܪ
lockdown	ܕܥܟ
lockdown	ܓܠܩ
log	ܒܲܩܡܵܐ
lol	ܓܘܚܟܐ ܩܗܩܗ
lonely	ܬܲܢܗܵܐ
long	ܪܘܼܡܚܵܐ
long time no see	ܡ̣ܢ ܟܡܵܐ ܥܕܵܢܵܐ ܠܹܐ ܝܘܲܚ ܚܸܙܝܵܐ ܐܸܚܕܵܕܹܐ
look	ܓܵܫܹܩ
loop	ܗܵܠܩܘܼܢܹܐ
loose	ܪܲܦܝܼ
lord	ܡܵܪܝܵܐ
lose	ܦܵܫܹܥ
loss	ܐܲܒܝܼܕܘܼܬܵܐ
lost	ܬܠܝܼܩܵܐ
lot	ܦܸܫܟܵܐ
loud	ܩܲܥܵܝܵܐ
lounge	ܚܵܕܲܪܬܵܐ
love	ܚܘܼܒܵܐ
love you	ܐܵܢܵܐ ܟܹܐ ܡܲܚܸܒܸܢܲܟ݂ܝ
lovely	ܗܘܼܪܹܐ
low	ܚܬ݂ܘܿܝܵܐ
lower	ܬܲܚܬܝܼܢܵܝܵܐ
loyal	ܫܲܪܝܼܪܵܐ
loyalty	ܡܪܬܝܢܘܬܐ
luck	ܓܲܕܵܐ
lucky	ܛܵܒ݂ ܓܵܕܵܐ
luggage	ܝܼܩܲܪܬܵܐ
lump	ܓܲܢܕܘܼܠܵܐ
lunch	ܟܘܼܬ݂ܵܪܵܐ
lungs	ܪܵܐܬܵܢܵܝܵܐ
luxury	ܢܸܥܡܲܬ
lying	ܦܘܼܡܵܐ ܦܘܼܡܵܚܬܵܐ
machine	ܡܵܛܘܿܪܵܐ
mad	ܨܪܝܼܚܵܐ
madam	ܐܡܝܼܪܬܵܐ
made	ܥܒ݂ܝܼܕܵܐ
magazine	ܐܝܼܫܐ݇ܦܵܬ݂ܵܐ
magnificent	ܪܲܒ ܦܲܐܝܘܼܬܵܐ
maid	ܚܲܕܸܡܬܵܐ
main	ܐܸܣܛܘܼܡܟܵܐ
maintain	ܚܲܕܘܼܬܹܐ
maintenance	ܬܲܪܘܼܨܹܐ
major	ܝܲܘܵܪ
majority	ܫܸ̈ܢܹܐ ܕܡܛܵܝܬܵܐ
make	ܕܟܪ
male	ܕܸܟ݂ܪܵܢܵܝܘܼܬܵܐ
man	ܒܲܪܢܵܫܵܐ
manage	ܦܲܪܢܘܼܣܹܐ
management	ܣܲܕ݂ܵܢܘܼܬ݂ܵܐ
manager	ܦܲܪܢܵܣܵܐ
mandatory	ܩܛܝܪܐܝܬ ܒܚܝܠܐ
manifest	ܓܠܝܼܚܵܐ
manner	ܙܢܵܐ
manual	ܒܲܪܐܝܼܕܵܐ
many	ܗܸܢܕ
march	ܐܵܕܵܪ
margin	ܡܨܲܥܬ݂ܵܐ
market	ܫܘܼܩܵܐ
marriage	ܓܒ݂ܵܪܬܵܐ
married	ܓܒ݂ܝܼܪܵܐ
mask	ܡܲܩܢܲܥܬܵܐ
mass	ܒܵܛܘܿܒ݂ܵܐ
massive	ܓܹܡܕܵܢܵܐ
master	ܡܸܥܡܵܪ
match	ܡܲܕܒܸܩ
mate	ܒܲܪܦܘܼܠܚܵܢܵܐ
material	ܗܘܼܠܵܢܵܝܵܐ
matter	ܗܵܫܬܵܐ
maturity	ܒܫܝܼܠܘܼܬܵܐ
may	ܐܸܢܫܲܠܲܗ
maybe	ܒܲܠܟܵܐ
me	ܩܵܬܝܼ
me too	ܐܵܦ ܐܵܢܵܐ
meal	ܐܪܓܡܘܣ ( ar ga mus
mean	ܪܲܙܝܼܠ
meaning	ܫܘܼܘܕܵܪܵܥܵܐ
means	ܦܘܼܪܣܵܐ
meant	ܫܘܼܪܥܵܐ ܕܠܸܫܵܢܵܐ
meanwhile	ܒܗܝ ܥܕܢܐ
meanwhile	ܬܚܘܬ ܗܘ ܙܒܢܐ
measure	ܐܲܟܝܼܠ
measures	ܒܵܘܵܐ
meat	ܒܸܣܪܘܿܢܵܐ
medical	ܬܲܪܒܘܼܬܵܐ
medicine	ܕܲܪܡܵܢܵܐ
meditation	ܡܸܬܗܲܓܓܵܢܘܼܬܵܐ
medium	ܒܐܘܼܪܚܵܐ
meet	ܡܨܵܒܸܚ
meeting	ܟܢܘܼܫܝܵܐ
melt	ܡܲܡܘܼܓ̰ܹܐ
memories	ܥܘܼܗܕܵܢܵܐ
memory	ܥܘܼܗܕܵܢܵܐ
mental	ܚܘܼܫܵܒ݂ܵܝܬܵܐ
mention	ܡܲܕܟ݂ܘܼܪܹܐ
mentioned	ܥܗܝܼܕ݂ܵܐ
mentor	ܪܵܝܝܼܟܵܪ
merchant	ܬܲܓܵܪܵܐ
mercy	ܪܵܚܡܵܢܘܼܬܵܐ
merely	ܫܚܝܼܡܵܐܝܼܬ
merry christmas	ܗܵܘܹܐ ܒܪܝܼܟ݂ܐ ܡܵܘܠܵܕܹܗ ܕܡܵܪܲܢ ܝܼܫܘܿܥ ܡܫܝܼܚܵܐ ܥܲܠܵܘܟ݂ܘܿܢ
mess	ܦܘܼܚܪܵܐ
message	ܟܬܝܼܒ݂ܵܐ
messy	ܡܒܲܠܡܸܠ
metal	ܙܸܪܸܫܟ
method	ܡܸܗܬܘܿܕܘܿܣ
mice	ܡܘܼܟܲܒܵܐ
middle	ܡܸܨܥܵܝܵܐ
midnight	ܦܸܠܓܵܐ ܕܠܸܠܝܵܐ
might	ܩܵܘܡܵܐ
mild	ܡܲܟܝܼܟ݂ܵܐ
milestone	ܐܬܐ
milestone	ܥܛܘܦܝܐ
military	ܩܪܵܒܵܝܵܐ
milk	ܚܲܠܒ݂ܵܐ
million	ܡܝܼܠܝܘܿܢ
mind	ܒܵܩܹܪ
mine	ܡܸܛܲܐܠܘܿܢ
minor	ܓܝܼܓ݂ܠܵܐ ܙܥܘܿܪܬܵܐ
minute	ܩܲܛܝܼܢܬܵܐ
minutes	undefined
miracle	ܕܘܿܡܵܪܵܐ
mirror	ܡܲܚܙܝܼܬ݂ܵܐ
miscellaneous	ܬܵܗܵܪܹ̈ܐ ܬܵܗܵܪܹ̈ܐ
mischievous	ܡܣܩܕܢܐ
mischievous	ܒܝܫܐ
miserable	ܫܲܩܝܼ
misery	ܥܝܼܩܘܼܝ
miss	ܐܵܡܝܼܪܬܵܐ
miss you	ܡܘܼܚܢܝܼܵܘܸܢ ܡܸܢܘܟ݂
missing	ܬܲܪܩܲܠܬܵܐ
mission	ܬܲܫܕܲܪܬܵܐ
mist	ܗܵܘܓܵܐ
mistake	ܚܸܠܛܵܐ
mobile	ܬܵܝܠܝܼܦ̮ܘܿܢ ܡܸܫܬܲܢܝܵܢܵܐ
mock	ܡܗܲܙܸܠ
model	ܕܘܼܡܝܵܢܵܐ
moderate	ܢܛܵܝܘܼܬܵܐ
modern	ܚܲܕ݇ܬ݂ܵܐ
modest	ܒܲܗܘܼܬܬܵܢܵܐ
moist	ܬܲܠܝܼܠܵܐ
moisture	ܬܲܠܝܼܠܘܼܬܵܐ
mold	ܬܦܵܢܵܐ
mole	ܚܘܼܠܕܵܐ
mom	ܝܸܡܵܐ
moment	ܪܦܵܬ݂ܬܵܐ
monday	ܬܪܵܒ݂ܫܹܒܵܐ
money	ܙܘܼܙܵܐ
monitor	ܨܪܘܿܪܝܼܬܵܐ
monkey	ܡܲܝܡܘܿܢܵܝܵܐ
month	ܝܲܪܚܵܐ
mood	ܙܢܵܐ ܡܚܵܘܝܵܢܵܐ
moon	ܣܲܗܪܵܐ
moral	ܪܲܕܝܘܼܬܵܐ
more	ܝܲܬܝܼܪ ܡܸܢ
moreover	ܟܸܢ
morning	ܩܕܲܡܬܵܐ
mortgage	ܗܡܲܪܬܵܐ
most	ܒܐܲܓ݂ܠܲܒܵܐ
mostly	ܣܘܿܓ݂ܐܲܬ
mother	ܝܸܡܵܐ
motion	ܗܵܪܵܟܲܬ
motivation	ܩܪܵܝܬ݂ܵܐ
mountain	ܛܘܼܪܵܐ
mouse	ܥܵܩܘܿܒܪܵܐ
mouth	ܦܘܼܡܵܐ
move	ܝܲܠܲܗ
movement	ܕܲܗܠܵܢܵܐ
much	ܡܲܩܲܕܪܵܐ
mud	ܛܝܼܢܵܐ
mug	ܩܘܿܩܵܐ
muscle	ܥܘܼܩܒܲܪܬܵܐ
museum	ܒܹܝܬ݂ ܥܸܬܩܹ̈ܐ
mushroom	ܦܵܛܘܿܪܬܵܐ
music	ܡܘܿܣܝܼܩܝܼ
must	ܡܝܼܠܵܢܹ̈ܐ
mute	ܟ݂ܲܪܣܵܐ
mutual	ܫܘܼܓ݂ܵܒ݂ܵܐ
my	ܪܵܒܝܼܝܼ
My dear	ܥܲܙܝܼܙܝܼ
my love	ܚܘܼܒܝܼ
my name is	ܫܸܡܝܼ ܝܠܹܗ
myself	ܠܵܠܝܼ
mysterious	ܣܸܪܵܢܵܐ
mystery	ܪܵܐܙܵܐ
myth	ܫܛܘܿܪܵܐ
nail	ܨܸܨܵܐ
naive	ܒܘܿܪܵܝܵܐ
name	ܫܡܵܗܵܐ
narrative	ܗܵܩܝܲܬ
narrow	ܥܝܼܩܵܐ
nasty	ܢܲܣܬ
national	ܐܲܬܪܵܝܵܐ
nationality	ܡܸܠܲܬ
native	ܐܲܬܪܵܢܵܝܵܐ
natural	ܝܵܬܵܢܵܝܵܐ
nature	ܟܝܵܢܵܐ
nausea	ܓܘܵܠܬܵܐ ܕܠܹܒܵܐ
near	ܩܘܼܪܒܵܐ
nearby	ܒܫܒ݂ܵܒ݂ܘܼܬܵܐ
nearly	ܙܵܕܘܵܐ ܒܵܨܘܿܪܵܐ
neat	ܡܩܲܛܣܵܐ
necessary	ܐܵܢܲܢܩܵܝܵܐ
neck	ܥܵܦܹܩ
necklace	ܓܵܪܕܵܢ ܒܵܢܕ
need	ܡܸܬܬܚܝܼܒ݂ܵܢܘܼܬܵܐ
negative	ܡܪܝܼܡܵܢܵܐ
neglect	ܡܲܫܡܘܼܪܹܐ
negotiate	ܣܵܘܹܕ
neighbor	ܒܲܪ ܬܚܘܼܡܵܐ
neighborhood	ܩܘܼܪܒܸܢܝܘܼܬܵܐ
neither	ܐܵܦܚܲܕ
nephew	ܒܲܪ ܐܲܚܵܐ
nerd	ܙܪܝܙܐ
nerd	ܛܫܝܪܐ
nerd	ܡܚܦܛܢܐ
nervous	ܟܵܪܘܿܒܵܐ
nest	ܩܸܢܵܐ
net	ܫܵܒܵܟܬܵܐ
network	ܩܲܪܩܸܠ
neutral	ܐܘܼܕܗܵܛܪܵܐ
never	ܟܠ ܟܠܵܢܵܐܝܼܬ
never mind	ܠܵܐ ܬܲܚܸܡܢܸܬ
nevertheless	ܥܲܡ ܗܵܕܹܐ
new	ܚܵܕ݇ܬ݂ܵܐ
news	ܛܸܒܵܐ
next	ܕܲܝܪܲܬ ܝܵܘܡܵܐ
next to	ܒܕܸܦܢܵܐ ܕ
nice	ܨܦܵܝܝܼ
niece	ܚܘܲܪܙܵܝܬܵܐ
night	ܠܲܝܠܹܐ
nightmare	ܢܵܠܵܐ
nine	ܬܫܲܥ
nineteen	ܬܫܥܣܪ
ninety	ܬܸܫܥܝܼ
No	ܠܵܐ
nobody	ܠܵܐܢܵܫܵܐ
noise	ܒܵܒ݂ܠܵܐ
noisy	ܩܵܠܡܵܩܵܠܵܢܵܐ
none	ܐܵܦ ܠܵܐ ܚܲܕ
noon	ܟܵܘܸܬ݂ܪܵܐ
nope	ܠܐ
nor	ܘܠܵܐ
normal	ܕܠܵܐ ܒܘܼܨܵܪܵܐ
north	ܓܲܪܒܝܵܐ
nose	ܢܚܝܼܪܵܐ
nostalgic	ܚܢܝܢܘܬܐ
not	ܗܲܡ ܠܵܐ ܚܕ݂ܵܐ ܓܲܗܵܐ
not bad	ܠܹܐ ܝ̄ܠܹܗ ܚܸܪܒܵܐ
Not now	ܠܵܐ ܐܲܕܝܼܵܐ
not yet	ܗܲܠܐ ܠܐ
note	ܨܚܵܚܬܵܐ
noted	ܡܸܬܥܲܗܕܵܢܵܐ
nothing	ܠܵܐ ܡܸܢܕܝܼ
notice	ܘܵܪܵܘܘܼܪܕ ܥܒ݇ܵܕܵܐ
noticed	ܦܫܠܗ ܚܙܝܐ
noun	ܝܘܼܪܩܵܢܵܐ
novel	ܫܛܘܿܪܵܐ
november	hubby
now	ܐܲܕܝܼܵܐ
nowadays	ܒܐܵܗܵܐ ܥܕܵܢܵܐ
nuisance	ܡܲܣܩܕܵܢܘܼܬܵܐ
numb	ܟܕܪ
numb	ܬܘܢ ̤ ܫܢܬ
numb	ܥܓܕ
number	ܚܲܫܒܸܢ
nurse	ܢܝܼܪܨ
nut	ܚܵܙܘܿܩܬܵܐ
nutrition	ܡܵܘܟܠܵܢܘܼܬܵܐ
oath	ܐܸܢܓܵܐ
obesity	ܥܲܒ݂ܝܘܼܬܵܐ
obey	ܛܵܐܸܥ
object	ܨܲܝܒܲܪܬܵܐ
objective	ܚܵܫܘܿܫܵܝܵܐ
obligation	ܡܸܢܲܬ
obscure	ܚܸܫܘܼܟܵܐ
observation	ܡܸܬܒܲܝܵܢܘܼܬܵܐ
observe	ܕܘܵܩܵܐ
obsessed	ܚܘܼܕܘܼܪܝܼ
obsession	ܬܐܹܠܵܐ
obsolete	ܪܘܼܦܝܵܐ
obstacle	ܦܘܼܓܵܚܵܐ
obtain	ܐܵܡܵܓ̰
obtained	ܫܵܬܵܠ
obvious	ܦܘܼܪܡܝܼܵܐ
obviously	ܓܠܝܼܚܵܐܝܼܬ
occasionally	ܓܲ̈ܗܹܐ ܓܲ̈ܗܐ
occupation	ܕܠܵܐ ܫܘܼܠܵܐ
occupied	ܩܒ݂ܝܼܫܵܐ
occur	ܓܵܕܹܫ
occurred	ܒܸܥܒ݂ܵܪܵܐ
occurs	ܬܲܦܩܘܼ
ocean	ܝܲܡܵܐ
odd	ܦܵܪܵܕ݇ܐ
odds	ܐܵܗܵܘܘܹ̈ܐ
of	ܕܝܼ  ܡ̣ܢ
of course	ܗܲܠܒܲܬ
off	ܩܟ̰ܵܦܵܐ
offensive	ܒܲܕܨܹܦܵܬ
offer	ܡܩܪܘܼܒ݂ܹܐ
office	ܗܘܼܓ̰ܪܵܐ
official	ܪܘܼܫܡܵܝܵܐ
often	ܕܒܣܘܿܓ݂ܐܵܐ
Oh	ܐܘܗ ܐܘܝ
oil	ܢܲܝܪܵܐ
ok	ܡܩܲܒܠܵܐ
ok my love	ܗܹܐ ܚܘܼܒܝܼ
okay	ܡܩܲܒܠܵܐ
okay dear	ܨܦܵܝ  ܥܙܝܼܙܬܵܐ
okay dear	ܗܹܐ
okay honey	ܗܹܐ ܕܸܒ݂ܫܵܐ
old	ܥܲܬܝܼܩܵܐ
on	ܥܲܠ
once	ܚܕܵܐ ܓܲܗܵܐ
one	ܚܲܕ݇
one language is never enough	ܚܲܕ̄ ܠܸܫܵܢܵܐ ܠܹܐ ܝ̄ܠܹܗ ܡܲܠܝܵܢܵܐ
onion	ܒܸܨܠܵܐ
online	ܡܘܛܝܐ
online	ܕܦܐ ܢܘܠܝܐ
online	ܐܝܣܘܪܐ ܓܘܓܝܐ
only	ܒܲܠܚܘܿܕ
open	ܦܬܵܚܵܐ
operation	ܨܘܼܪܵܝܵܐ
opinion	ܚܘܼܫܵܒ݂ܵܐ
opportunity	ܕܲܪܦܲܬ
opposite	ܒܲܠܩܘܼܒ݂ܠ
optimistic	ܓܕܢܐ
optimistic	ܣܒܪܢܐ
option	ܚܹܐܪܘܼܬܵܢܵܝܘܼܬܵܐ
optional	ܕܲܣܬܵܠܲܬ
or	ܐܸܢܸܚܘܵܐ
orange	ܢܵܪܸܢܓ̰
order	ܣܘܿܢܛܲܐܟ݂ܣܝܼܣ
ordinary	ܝܼܕܝܼܥܵܐ
organization	ܡܸܫܬܲܬܐܣܵܢܘܼܬܵܐ
orientation	ܣܵܛܝܘܼܬܵܐ
origin	ܐܵܣܠ
original	ܬܲܦܢܟ݂ܵܝܵܐ
orphan	ܝܲܬܘܼܡܵܐ
other	ܐ݇ܚܹܪ݇ܢܵܐ
otherwise	ܐ݇ܚܪܵܢܵܝܵܐ
ought	ܘܵܓ̰ܸܒ
our	ܕܝܼܠܲܢ
out	ܠܒܲܪ
outcome	ܦܹܐܪܵܐ
outfit	ܡܙܵܪܸܙ
outgoing	ܫܵܢܘܿܝܵܐ
outlet	ܬܲܪܥܘܿܢܵܐ
outline	ܣܲܩܪܝܼܦܘܿܣ
outside	ܠܒܲܪ
outstanding	ܠܒܲܪ ܡܸܢ ܥܝܵܕܵܐ
oven	ܦܘܼܪܢܵܐ
over	ܠܗܵܘ ܪܹܫܵܐ
over there	ܬܵܡܵܐ
overall	ܓܵܘܵܢܵܝܵܐ
overcome	ܥܫܢ
overthinking	ܡܬܚܡܢܬܐ ܝܬܝܪ
overthinking	ܡܬܚܡܢܬܐ ܪܒܐ
overwhelmed	ܥܵܓ̰ܘܿܒܹܐ
overwhelming	ܡܲܥܓ̰ܒܬܵܐ
owe	ܚܘܒ
owl	ܒܘܼܡܵܐ
own	ܕܝܼܹܗ
owner	ܡܵܪܵܐ
ox	ܬܘܿܪ
pace	ܟܲܝܠܵܐ ܕܗܸܠܟ݂ܵܐ
pack	ܨܵܡܹܕ
package	ܡܹܐܣܵܪܬܵܐ
paid	ܪܒܵܝܵܐ
pain	ܨܲܠܚܵܢܘܼܬܵܐ
paint	ܣܲܡܵܐ ܕܓܵܘܢܵܐ
painting	ܪܵܫܘܿܡܘܼܬܵܐ
pair	ܨܵܘܘܼܠܵܬ݇ܐ
pale	ܣܸܪܟܵܝܝܼ
palm	ܕܸܩܠܵܐ
pan	ܟ̰ܸܠܵܐ
pandemic	ܬܘܼܢܵܒ݂ܵܐ
panic	ܗܲܘܠ
pants	ܫܲܪܒ݂ܵܠܵܐ
paper	ܘܵܪܵܩܵܐ
paradise	ܦܲܪܕܵܝܣܵܐ
parallel	ܦܲܪܵܠܝܼܠܘܿܣ
parcel	ܦܲܠܘܼܓܹܐ
pardon	ܫܘܼܒ݂ܩܵܢܵܐ
parents	ܐܲܒ݂ܵܗܵܬܹ̈ܐ
park	ܕܵܪܵܒܵܐ
parrot	ܒܲܒܓܵܐ
part	ܡܢܵܬܵܐ
participate	ܫܲܬܘܼܦܹܐ
particular	ܕܝܼܠܵܢܵܝܵܐ
particularly	ܕܝܼܠܵܢܵܐܝܼܬ݂
partner	ܫܵܘܬܵܦܵܐ
party	ܡܲܫܩܝܵܐ
pass	ܓܵܕܘܼܓ
passage	ܡܲܥܒ݂ܲܪܬܵܐ
passed	ܥܒ݂ܝܼܪܵܐ
passion	ܡܲܚܫܘܼܬܵܐ
passionate	ܪܵܥܘܿܡܵܐ
passive	ܡܸܬܬܲܚܫܵܢܵܐ
password	ܦܣܵܣ ܚܲܒܪܵܐ
past	ܡܸܠܲܬܫܡܵܐ ܚܵܫܘܿܫܬܵܐ
patch	ܡ݇ܥܵܪܵܝܬܵܐ
path	ܐܵܦܝܼܩܘܿܣ
pathetic	ܡܲܦܫܡܵܢܵܐ
patience	ܡܣܲܝܒܪܵܢܘܼܬ݂ܵܐ
patient	ܡܣܲܝܒܪܵܢܵܐ
pattern	ܦܲܪܕܝܼܓܡܵܐ
pause	ܒܸܗܠܵܐ
pavement	ܦܲܪܫ
pay	ܕܵܒ݂ܸܩ ܢܵܬܵܐ
payment	ܦܘܼܪܥܵܢܵܐ
peace	ܫܠܵܡܵܐ
peaceful	ܫܲܝܢܵܝܵܐ
peach	ܫܲܠܝܼܠܵܐ
peak	ܒܵܓܹܪ
pear	ܟܘܼܡܲܬܪܵܐ
peas	ܫܘܼܪܛܝܼܬܵܐ
peculiar	ܕܝܼܠܵܝܵܐ
pee	ܓ̰ܐܪܵܐ
peel	ܩܠܵܦܵܐ
peer	ܬܵܐܝ
peers	ܥܸܠܵܝܘܼܬ ܐܲܨܠܵܐ
pen	ܩܵܠܵܡܵܐ
pencil	ܩܵܠܵܡܵܐ
pending	ܟܲܕ ܒܸܣܒܵܪܵܐ ܠ
people	ܐ݇ܢܵܫܹ̈ܐ
pepper	ܓܸܓܹ̈ܐ ܚܲܝ̈ܡܹܐ
perceive	ܚܵܫܹܫ
perception	ܝܲܕܘܼܬܵܢܘܼܬܵܐ
perfect	ܫܲܠܡܵܐ
perform	ܡܵܬܹܠ
performance	ܡܸܫܬܲܥܝܵܢܘܼܬܵܐ
perhaps	ܟܒܲܪ
period	ܕܵܘܪܵܢ
permanent	ܐܲܡܝܼܢܵܐ
permission	ܦܣܵܣܵܐ
permit	ܡܲܓ̰ܸܙ
perseverance	ܙܪܝܙܐ
perseverance	ܟܫܝܪܐ
perseverance	ܡܚܦܛܢܐ
persistent	ܨܪܝܼܡܵܐ
person	ܦܲܪܨܘܿܦܵܐ
personal	ܚܠܵܦܫܡܵܐ ܦܲܪܨܘܼܦܵܝܵܐ
personality	ܦܲܪܨܘܼܦܵܝܘܼܬܵܐ
perspective	ܚܕ ܫܟܠܐ
perspective	ܚܕܐ ܬܚܡܢܬܐ
persuade	ܡܗܲܡܸܢ
pervert	ܛܥܫ
pervert	ܣܛܐ
pervert	ܨܠܝ
pet	ܡܘܿܚܸܒܬܵܐ
phase	ܡܸܬܠܲܝܬܝܵܢܘܼܬܵܐ
phenomenon	ܡܸܬܓܲܕܫܵܢܘܼܬܵܐ
philosophy	ܦܝܼܠܵܣܘܿܦܘܼܬ݂ܵܐ
phone	ܬܵܝܠܝܼܦ̮ܘܿܢ ܡܸܫܬܲܢܝܵܢܵܐ
phrase	ܦܪܵܙܝܼܙ
physical	ܕܦܲܓ݂ܪܵܐ
pick	ܡܫܲܪܩܸܛ
picture	ܨܘܼܪܬܵܐ
piece	ܛܵܒܵܐ
pieces	ܫܡܝܼܛܵܐ
pig	ܚܙܝܼܪܵܐ
pigeon	ܝܵܘܢܵܐ
pile	ܙܲܒܩܵܐ
pillow	ܒܲܪ ܪܹܫܵܐ
pilot	ܩܘܼܒܸܪܢܝܼܛܵܐ
pin	ܙܵܩܝܼܦܬܵܐ
pineapple	ܐܵܢܵܢܵܐܣ
pink	ܩܲܪܢܦܘܼܠܵܝܵܐ
pit	ܦܸܚܬܘܼܢܵܐ
pitch	ܩܝܼܪܵܐ
pity	ܚܛܝܼܬܵܐ ܐ݇ܬܲܝܬܵܐ
place	ܡܲܟܵܢ
places	ܒܟܠܵܝܗܝ ܦܸܢܝܵ̈ܬܹܐ
plague	ܫܲܪܥܘܼܛܵܐ
plain	ܬܲܪܓܵܘܵܪ
plan	ܚܛܵܛܬܵܐ
plane	ܛܲܝܵܣܬܵܐ
plant	ܢܨܸܒ݂ܬܵܐ
plants	ܡܕܲܠܕܸܠ
plate	ܫܲܒܘܼܛܵܐ
platform	ܩܵܬ݂ܕܵܪܵܐ
play	ܟܵܫܸܠ
playing	ܫܲܦܘܼܪܬ݂ܢܵܐ
pleasant	ܫܲܒܵܚܵܝܪ
please	ܒܵܣܸܡ ܠ
pleased	ܗܢܵܐ
pleasure	ܦܘܼܪܓ݂ܵܝܵܐ
pledge	ܓܘܼܥܠܵܢܵܐ
plenty	ܦܸܪܝܵܐ
plot	ܟܲܪܕܵܐ
plug	ܙܵܓܹܪ
plum	ܨܵܪܵܠܘܿܓ
plural	ܣܲܓܝܵܢܵܝܵܐ
podcast	ܦܘܿܕܩܲܣܛ
poem	ܫܲܥܪ
poetry	ܦܘܿܐܝܼܛܘܿܬܵܐ
point	ܢܘܼܩܕܵܐ
poison	ܣܲܡܵܐ
police	ܦܘܿܠܝܼܣܵܐ
policy	ܣܘܼܘܣܵܝܵܐ
polite	ܡܛܲܟ݂ܣܵܐ
pollution	ܡܸܬܛܵܘܫܵܢܘܼܬܵܐ
pond	ܓܵܘܠ
pool	ܓܕܵܪܵܐ
poop	ܐܸܚܪܹ̈ܐ
poor	ܢܚܝܼܒ݂ܵܐ
pop	ܬܪܲܩܵܝܢܝܼ
popular	ܥܹܒܵܐܪܵܬܝܼ
population	ܫܵܟܢܵܢܹ̈ܐ ܫܸܪ̈ܫܵܝܹܐ
pork	ܒܹܣܪܵܐܕܚܙܘܼܪܵܐ
porridge	ܗܵܪܝܼܣܵܐ
port	ܒܲܢܕܵܪ
position	ܝܪܵܟ݂ܬܵܐ
positive	ܚܵܛܹܪܓ̰ܵܡܥ
possess	ܡܵܠܸܟ
possession	ܕܲܝܘܵܢܘܼܬܵܐ
possessive	ܡܘܠܟܢܘܬܐ
possible	ܡܟܵܢܵܐ
post	ܟ̰ܵܦܵܪܚܵܢܵܐ
postpone	ܬܗܝ
postpone	ܐܘܚܪ
potato	ܟܸܪܬܵܘܦܵܐ
potential	ܡܲܗܘܝܵܐ
pound	ܘܲܩܝܼܵܐ
poverty	ܦܲܩܝܼܪܘܼܬܵܐ
power	ܚܘܼܪܕܘܼܬ݂ܵܐ
powerful	ܚܲܝܠܵܢܬ݂ܵܢܵܐ
practical	ܥܒ݂ܵܕܵܝܵܐ
practice	ܢܵܚܸܫ
praise	ܩܲܠܹܣ
pray	ܨܠܐ
precious	ܚܵܪܘܿܓܵܐ
precise	ܬܲܩܝܼܢܵܐ
precisely	ܕܸܩܵܬ
predict	ܒܵܚܘܼܪܹܐ
prefer	ܡܝܵܬܹܪ
preference	ܛܵܘܒܵܐ
pregnant	ܒܛܝܼܢܬܵܐ
prejudice	ܓܲܒܵܢܘܼܬܵܐ
premises	ܣܘܼܠܘܿܓܝܼܣܵܐ
premium	ܦܝܼܫܟܵܫ
preparation	ܩܲܕܝܼܡܘܼܬ ܥܘܼܬܵܕܵܐ
prepare	ܛܲܝܸܒ݂
prepared	ܡܫܵܘܕܝܵܢܵܐ
presence	ܩܲܝܵܡܘܼܬܵܐ
present	ܡܒܲܓ݂ܒܸܫ
presentation	ܡܲܓܠܝܵܢܘܼܬܵܐ
preserve	ܐܲܪܥܵܐ ܢܛܝܼܪܵܐ ܠܨܵܝܕܵܐ
president	ܪܝܼܫ ܡܲܘܬܒ݂ܵܐ
press	ܩܵܟ̰ܹܐ
pressure	ܟܒܵܫܵܐ
pretend	ܢܵܣܸܒ݂ ܒܐܲܦܹܐ
pretty	ܫܲܦܝܼܪܵܐ
prevent	ܟܵܠܘܼܝܵܐ
previous	ܩܕ݂ܝܼܡ
prey	ܬܲܚܠܘܼܨܵܐ
price	ܙܒ݂ܝܼܢܬܵܐ
pride	ܪܵܡܘܼܬܵܐ
priest	ܟܵܗܢܵܐ
primary	ܫܝܼܬܢܵܝܵܐ
prime	ܓ̰ܘܵܫ
princess	ܐܲܡܝܼܪܬܵܐ
principal	ܪܹܫܵܝܵܐ
prior	ܩܘܼܕܡܵܢܵܝܵܐ
priority	ܒܟ݂ܝܼܪܵܝܘܼܬܵܐ
prison	ܒܹܝܬ ܐܲܣܝܼܪܵܐ
privacy	ܡܸܬܟܲܝܫܵܢܘܼܬܵܐ
private	ܚܲܠܘܲܬܚܵܢܵܐ
privilege	ܥܝܵܪܵܐ
prize	ܥܵܢܵܡ
probably	ܒܲܠܟܵܐ
problem	ܚܪܝܼܩܵܐ
procedure	ܦܲܢܕ
proceed	ܙܘܵܚܵܐ
process	ܡܣܲܚܦܵܢܵܐ
produce	ܗܲܨܝܼܠ
product	ܡܲܗܨܘܼܠ
production	ܡܸܬܬܲܩܢܵܢܘܼܬܵܐ
profession	ܟܲܠܡܵܗ ܫܵܗܕܲܬ
professional	ܡܢܲܣܝܵܐ
profile	ܒܵܪ ܘܲܪܟܝܼ
profit	ܝܘܼܬܪܵܢܵܐ
profound	ܬܗܘܿܡܵܝܵܐ
progress	ܫܘܼܘܫܵܛܵܐ
project	ܓܒ݂ܝܼܚܵܐ
prominent	ܫܘܘܼܕܵܗܵܐ
promise	ܫܘܼܘܕܵܝܵܐ
promote	ܕܲܪܸܓ݂
promotion	ܡܸܬܕܲܪܓ݂ܵܢܘܼܬܵܐ
prompt	ܙܪܝܼܙܘܼܬܵܐ
prone	ܝܪܵܟ݂ܬܵܐ
pronouns	ܫܡܗܐ
pronunciation	ܓܲܟ̰ܵܢܵܬܵܐ
proof	ܡܚܵܘܝܵܢܘܼܬ݂ܵܐ
proper	ܚܢܵܢܝܼܫܘܿܥ
properly	ܒܲܝܬܵܐܝܼܬ
properties	ܒܹܐܫܬܵܐ
property	ܩܸܢܝܵܐ
proposal	ܡܵܘܫܛܵܢܘܼܬܵܐ
prospect	ܡܸܬܡܲܨܝܵܢܘܼܬܵܐ
prosperity	ܟܘܼܫܵܪܵܐ
protect	ܟܲܢܸܦ
proud	ܫܘܼܒ݂ܗܵܪܵܐ
prove	ܡܲܙܒܘܼܛܹܐ
provide	ܙܲܘܸܕ
provided	ܒܫܵܪܬ
province	ܦܢܝܼܬܵܐ
provision	ܣܵܪܘܿܒܵܪ
puberty	ܓܒܪܐ ܦܫܠܗ ܙܠܡܐ
public	ܕܝܼܡܣܝܼܢ
pull	ܓܵܪܸܫ
pumpkin	ܩܲܪܵܐ
pupil	ܒܵܒ݂ܬܵܐ
purchase	ܦܪܝܼܥܵܐ
pure	ܢܲܩܕܵܐ
purple	ܒܵܢܲܦ̮ܫܵܐ
purpose	ܩܲܕܝܼܡܘܼܬ ܛܲܟ݂ܣܵܐ
purse	ܡܲܪܣܘܼܦܵܐ
pursue	ܐܡܵܢܵܐ
pursuit	ܟܵܬܘܿܒ݂ܘܼܬܵܐ
push	ܙܥܵܦܵܐ
put	ܡܲܥܝܸܒ
qualification	ܚܵܫܚܘܼܬܵܐ
quality	ܕܵܐܟ݂ܝܼܘܼܬ݂ܵܐ
quantity	ܩܵܕܸܪ
quarantine	ܚܓܪܐ ܡܛܠ ܚܠܝܡܘܬܐ
quarter	ܪܘܼܒܥܵܐ
queen	ܡܲܠܸܟܬܵܐ
queer	ܥܘܼܕܝܵܝܵܐ
query	ܒܵܩܲܪܬܵܐ
question	ܒܘܼܩܵܪܵܐ
queue	ܨܘܿܨܝܼܬ݂ܵܐ
quick	ܪܵܗܘܿܒ݂ܵܐ
quickly	ܒܓ̰ܲܠܕܘܼܬܵܐ
quiet	ܒܲܗܝܼܠܵܐ
quilt	ܠܚܵܝܦܵܐ
quit	ܗܲܓ̰ܹܡ
quite	ܥܵܝܙܲܢ
quiz	ܒܘܼܩܝܵܢܵܐ
quotation	ܙܵܝܢܹܐ
quote	ܦܵܣܘܿܩܵܐ
rabbit	ܟܸܪܘܝܼܫ
race	ܛܘܼܗܡܵܐ
rage	ܐܸܠܡܵܐ
rain	ܡܸܛܪܵܐ
raise	ܡܥܲܨܹܐ
raised	ܡܲܨܛܲܒܬ݂ܵܐ
random	ܐܝܼܩܝܼ
range	ܐܘܼܦܩܵܐ ܕܲܚܙܲܝܬܵܐ
rapid	ܠܝܼܓܵܐ
rapidly	ܩܲܠܝܼܠܵܝܼܬ݂
rare	ܠܵܟܸܣ
rarely	ܝܼܫܘܿܥܵܝܵܐ
rash	ܬܠܝܼܟ݂ܵܐ
rat	ܐܲܪܢܓ݂ܵܐ
rate	ܦܘܼܚܵܡܵܐ ܠܘܵܬ
rather	ܙܥܘܿܪܢܵܝܵܐ
ratio	ܦܘܼܚܵܡܵܐ ܠܘܵܬ
rational	ܡܠܝܼܠܵܐ
raw	ܦܕ݂ܝܼܥܵܐ
re	ܡܕܲܪܫܵܢܘܼܬܵܐ
reach	ܡܛܵܐ
reached	ܩܲܕ݇ܡ ܐܝܼܕܵܐ
reaction	ܗܸܦܟ݂ܝܘܼܬܵܐ
read	ܕܵܒ݂ܸܩ ܡܸܢ ܪܹܫܵܐ
reading	ܩܪܵܝܵܐ
ready	ܗܵܙܹܪ
real	ܩܢܘܿܡܵܝܵܐ
reality	ܥܒ݂ܵܕܵܢܵܝܘܼܬܵܐ
realize	ܡܦܲܪܡܹܐ
realized	ܪܸܓ݂ܫܵܢܵܝܬܵܐ
really	ܫܲܪܝܼܪܵܐܝܼܬ
rear	ܒܪܵܐ ܒܵܬ݂ܲܪ
reason	ܡܠܝܼܠܘܼܬܵܐ
reasonable	ܡܠܝܼܠܵܝܵܐ
recall	ܒܵܠܘܼܟ݂ ܡܲܐܕܸܬ
receipt	ܙܵܦܸܣܟܵܐ
receive	ܟܒܠ
received	ܒܵܦܵܐ
recent	ܫܲܪܘܵܐ
recently	ܐ݇ܚܵܪܵܐܝܼܬ
reception	ܒܹܝܬ ܙܡ̈ܝܼܢܹܐ
recipe	ܪܘܼܟܵܒ݂ܵܐ
reckless	ܦܗܝܐ
reckless	ܚܦܝ
reckless	ܛܥܘܫܐ
recognition	ܡܫܲܡܗܵܐ
recognize	ܡܲܡܘܼܚܹܐ
recommend	ܡܵܘܨܘܿܝܹܐ
recommended	ܡܠܵܟܵܐ
record	ܫܵܛܹܪ
recover	ܒܲܠܒܘܼܠܹܐ
recovery	ܡܐܲܣܝܵܢܘܼܬܵܐ
rectangle	ܬܵܘܪܝܼܟ݂ܵܐ
red	ܣܡܘܼܩܵܐ
redeem	ܫܲܠܸܡ
redemption	ܡܸܫܬܲܘܙܒܵܢܘܼܬܵܐ
reduce	ܕܩܵܩܵܐ
redundant	ܥܦܝܦܐ
redundant	ܙܘܕܢܐ
refer	ܡܲܕܟ݂ܘܼܪܹܐ
reference	ܐܸܫܵܪܵܬ
reflect	ܪܢܵܐ
reflection	ܫܘܼܪܵܪܬܵܐ
refrain	ܚܵܣܸܟ݂
refrigerator	ܡܲܩܪܵܢܵܐ
refund	ܡܲܟܘܼܫܹܐ
refuse	ܣܘܼܠܵܢܵܐ
refused	ܠܵܐ ܩܒܝܼܠܵܐ
regard	ܐܸܟܪܵܡ
regarding	ܡܕܝܼܩܘܼܬܵܐ
regardless	ܕܐܟܝ ܕܗܘܝܐ
regardless	ܓܠܙ ܚܙܘܐ
regards	ܥܲܢ
region	ܩܠܝܼܡܵܐ
register	ܨܲܪܨܵܪܵܐ
regret	ܬܝܵܒ݂ܘܼܬܵܐ
regular	ܡܸܠܬ݂ܵܐ ܐܲܝܟ݂ ܣܘܼܪܥܵܦܵܐ
regularly	ܡܩܵܘܝܵܢܵܐܝܼܬ
reject	ܕܵܚܹܩ
relate	ܛܲܗܸܡ
related	ܐ݇ܚܝܵܢܵܝܵܐ
relationship	ܡܛܲܗܡܘܼܬܵܐ
relative	ܚܠܵܦ ܫܡܵܐ ܚܝܵܢܵܝܵܐ
relatives	ܥܵܫܝܼܪܝܵܬ
relax	ܓܢܵܢܵܐ
release	ܡܲܪܦܘܼܝܹܐ
released	ܩܘܼܦܠܵܐ
relevant	ܚܵܝܹܢ
reliable	ܡܲܐܫܪܵܐ
relief	ܫܪܵܝ ܕܥܝܼܩܘܼܬܵܐ
relieve	ܐܸܪܘܵܢܵܐ
relieved	ܣܵܟܸܢ
religion	ܕܐ݇ܝܼܢ
religious	ܩܵܙܵܘܲܬ
reluctant	ܨܘܿܪܝܼܢܬܘܿ
rely	ܣܵܡܸܟ݂
remain	ܦܵܝܹܫ
remaining	ܦܝܵܫܬܵܐ
remarkable	ܕܠܵܐ ܒܲܥܝܵܕܵܐ
remedy	ܣܲܡܣܸܡ
remember	ܒܵܠܘܼܟ݂ ܡܲܐܕܸܬ
remind	ܡܲܕܟ݂ܘܼܪܹܐ
reminder	ܥܝܼܪܘܼܬܵܐ
remote	ܡܲܒ݂ܥܕܵܐ
remove	ܫܩܵܣܵܐ
render	ܒܵܐܬܹܠ ܥܒ݂ܵܕܵܐ
rent	ܣܘܼܕܵܩܵܐ
repair	ܬܲܪܸܨ
repeat	ܙܲܪܙܸܡ
replace	ܒܵܕܸܠ
reply	ܓܝܵܒ݂ܵܐ
report	ܨܵܠܸܓ݂
represent	ܟܕܵܒ݂ܵܐ
reputation	ܐܵܒܘܼܪ
request	ܒܵܥܘܼܬܵܐ
require	ܐܲܨܵܨ
required	ܡܲܨܝܲܬܬܵܐ
rescue	ܦܵܪܘܿܩܘܼܬ݂ܵܐ
research	ܒܘܼܕܵܩܵܐ
resemble	ܦܲܠܐܸܬ
resentment	ܒܐܝܫܘܬܐ
reservation	ܚܵܣܘܿܟ݂ܘܼܬܵܐ
reserve	ܡܵܐܝܵܐ
resident	ܥܵܡܘܿܪܵܐ
resilience	ܡܣܡܘܝܐ
resilience	ܟܠܐ ܠܘܩܒܐ
resilience	ܥܙܝ
resilient	ܨܡܝܕܐ
resilient	ܨܡܙܕܐ
resilient	ܪܟܩܫ
resist	ܡ݇ܣܵܡܸܟ݂ ܠܨܲܠܡܹܗ ܕ
resistance	ܩܲܪܵܣܵܐ
resolution	ܡܦܲܫܪܵܢܘܼܬܵܐ
resolve	ܡܥܲܙܝܵܢܘܼܬܵܐ
resort	ܝܵܐܝܠܵܐܩ
resources	ܦܘܼܪܣܵܐ
respect	ܐܸܗܬܪܵܡ
respond	ܥܢܵܐ
response	ܡܲܥܢܝܼܬܵܐ
responsibility	ܡܸܫܬܲܐܠܵܢܘܼܬ݂ܵܐ
responsible	ܡܸܫܬܲܐܠܵܢܵܐ
rest	ܐܲܓܸܣ
rest in peace	ܡܲܢܝܼܟܼ/ܝ ܒܸܫܠܵܡܵܐ
restaurant	ܡܲܛܥܲܡܬܵܐ
restore	ܐܲܣܵܐ
restrict	ܡܲܥܝܸܩ
result	ܚܘܼܪܵܓ݂ܵܐ
results	ܫܲܘܫܘܼܛܹܐ
resume	ܟܘܼܢܵܫܵܐ ܦܵܣܝܼܩܵܝܬܵܐ
retail	ܐܵܠܸܫ ܘܹܝܪܸܫ
retain	ܚܡܵܣܵܐ
retention	ܢܛܪܬܐ
retention	ܡܚܡܝܬܐ
retired	ܒܹܝܬܡܲܩܕܫܵܐ
retreat	ܩܸܦܠܵܐ
retrieve	ܡܕܥܪܬܐ
retrieve	ܡܗܦܟܬܐ
return	ܐܲܗܦܸܟ݂
reveal	ܓܠܵܐ
revealed	ܡܓܲܠܝܵܐ
revenge	ܬܒܲܥܬ݂ܵܐ
revenue	ܡܵܐܠܝܵܐܬ
reverse	ܗܸܦܟܵܐ
review	ܡܸܬܦܲܩܕܵܢܘܼܬܵܐ
revise	ܫܓܢܝ ܠܪܥܝܢܗ
revise	ܕܥܪ ܒܬܚܡܢܬܗ
revision	ܡܬܲܪܨܵܢܘܼܬܵܐ
revolution	ܚܘܼܕܵܪܵܐ
reward	ܫܲܠܸܡ
rhythm	ܡܠܲܚܡܘܼܬ ܩܝܼܢܵܬܹܐ
rib	ܫܪܲܕܘܼܕ݂ܵܐ
rice	ܪܘܼܙܵܐ
rich	ܕܵܘܠܲܬܡܲܢܕ
rid	ܟܸܬܪܵܐ
ride	ܪܵܟܸܒ݂
ridiculous	ܡܲܓܚܸܟܵܢܵܐ
right	ܙܸܕܩܵܐ
right now	ܐܲܕܝܼܵܐ
rigid	ܡܘܼܢܝܼ
ring	ܥܹܙܲܩܬ݂ܵܐ
rinse	ܫܘܼܛܵܦܵܐ
riot	ܬܪܘܿܒ݂ܵܐ
rip	ܙܲܢܙܘܼܠܹܐ
ripe	ܥܵܗܢܵܝܵܐ
rise	ܣܵܠܹܩ
risk	ܩܲܫܕܪܵܢܘܼܬܵܐ
rival	ܥܲܪܬ݂ܵܐ
river	ܢܲܗܪܵܐ
road	ܡܲܓܕܵܐ
roast	ܡܩܵܠܹܐ
robust	ܕܹܢܓܵܐ ܕܹܢܓܘܿܗ
rock	ܟܹܐܦܵܐ
rod	ܨܝܼܘܵܐ
role	ܣܵܦܪܵܝܘܼܬܵܐ
roll	ܡܫܲܪܬܸܠ
roof	ܩܪܵܫܬܵܐ
room	ܐܵܘܬܵܓ݂
root	ܥܲܝܩܸܪ
rope	ܚܲܒ݂ܠܵܐ
rotten	ܣܝܼܚܵܐ
rough	ܫܵܚܘܿܪܵܐ
roughly	ܡܕܲܒܠܸܩ
round	ܕܘܿܪ
route	ܡܲܪܕܝܼܬܵܐ
routine	ܐܲܟܣܝܼܣ
row	ܩܲܪܩܘܼܪܘܼܢܝܼܬܵܐ
rub	ܕܪܲܫ
rubber	ܡܘܼܫܲܡܵܐ
rubbish	ܢܦܵܬܵܐ
rude	ܥܵܓܘܿܪܵܐ
rug	ܚܵܠܝܼ
ruin	ܥܵܕܸܡ
rule	ܩܵܢܘܿܢܵܐ
ruler	ܡܝܼܣܛܵܪ
rules	ܩܲܢܘܸܢܵܢܹ̈ܐ
run	ܪܵܗܸܛ
running	ܪܸܗܛܵܐ
rural	ܐܵܪܵܬܵܐ
rush	ܣܲܪܗܸܒ݂
sack	ܟܝܼܣܬܵܐ
sacrifice	ܩܘܼܪܒܵܢܵܐ
safe	ܕܘܼܠܕܸܢܵܐ
safe flight	ܦܪܵܚܬܵܐ ܕ ܨܵܠܵܡܲܬ
safety	ܐܵܡܵܐܢ
sage	ܚܲܟܝܼܡܵܐ
said	ܣܥܝܕ
sail	ܟܸܬܵܢܵܐ
sailing	ܩܘܼܢܒܝܼܬ݂ܵܐ
sake	ܚܵܬܸܪ
salary	ܛܲܪܵܝܵܐ
sale	ܗܲܪܵܓ̰
salmon	ܢܘܢܐ
salt	ܡܸܠܚܵܐ
same	ܒܲܪ ܓܸܢܣܵܐ
sample	ܢܹܡܘܼܢܵܐ
sand	ܣܹܐܠܵܐ
sarcastic	ܡܝܩܢܐ
sarcastic	ܠܘܡܢܐ
sassy	ܒܲܗܝܼܬܵܐ
sat	ܝܼܬܝܼܒ݂ܬܵܐ
satisfaction	ܪܸܙܵܝܘܼܬ݂ܵܐ
satisfied	ܣܸܒ݂ܥܝܵܐ
satisfy	ܣܒܥ
satisfying	ܡܲܣܒ݂ܥܵܢܵܐ
Saturday	ܫܒܬܐ
Saturday	ܝܘܡܐ ܕܫܒܬܐ
sausage	ܩܘܼܠܒܵܣ
savage	ܚܲܪܡܵܐ
save	ܦܨܐ
saw	ܡܲܣܵܪܬܵܐ
say	ܡܣܵܒܹܥ ܣܘܼܦܪܵܐ
scale	ܡܵܣܲܝܬܵܐ
scam	ܙܐܦܢܙܬܐ
scam	ܢܟܘܠܬܢܘܬܐ
scar	ܟ̰ܵܒܘܼܚܬܵܐ
scarce	ܩܵܗܕ
scared	ܨܘܿܪܝܼܢܬܘܿ
scarf	ܫܲܪܦܵܐ
scary	ܡܒܲܠܗܝܵܐ
scattered	ܐܲܫܝܼܕܵܐ
scene	ܗܦܘܼܟܝܵܐ ܠܕܲܥܒ݂ܲܪ
scenery	ܚܙܘܐ ܟܝܢܝܐ
scent	ܡܲܡܲܚܬܵܐ
schedule	ܓܢܘܼܣܝܼܣ
school	ܡܲܕܪܸܫܬܵܐ
science	ܚܲܙܵܩܘܼܬܵܐ
scientist	ܥܹܠܡܕܵܪ
scissors	ܡܲܩܵܨ
scold	ܡܘܢܟܣܠܗ
scold	ܐܟܣ
scope	ܚܩܠܐ
scope	ܡܬܚܐ
score	ܣܸܦܛܵܐ
scrap	ܚܸܠܬ
scratch	ܚܝܵܟܵܐ
scream	ܙܥܵܩܬܵܐ
screen	ܦܪܲܩܛܵܐ
screw	ܐܘܼܦܢܵܐ
script	ܐܲܢܛܝܼܓܪܵܦܘܿܢ
sea	ܝܲܡܵܐ
seal	ܡܵܘܗܪ
search	ܡܦܲܓ̰ܦܸܓ̰
season	ܡܵܘܥܕ݂ܵܐ
seat	ܒܹܬܹܟܵܐ
second	ܪܦܵܦܵܐ
secret	ܓܸܢܒ݂ܝܼܬ݂
section	ܡܸܬܦܲܣܩܵܢܘܬܵܐ
secure	ܡܙܲܪܝܵܐ
security	ܐܵܡܵܐܢ
see	ܚܙܵܐ
see you	ܚܙܵܐܘܼܗ
see you tomorrow	ܒܸܬ ܚܵܙܹܝܢܘܼܟ݂ ܩܘܼܕܡܹܐ
seed	ܙܲܪܥܵܐ
seek	ܓ̰ܵܐܘܼܠܹܐ
seem	ܡܲܟܪܘܼܝܹܐ
seems	ܟܸܡܒܲܝܢܵܐ
seen	ܫܵܡܵܫܘܼܬܵܐ
seize	ܕܒ݂ܵܩܵܐ
seizure	ܚܘܿܛܵܦܵܐ
seldom	ܟܹܝܡ ܓܲ̈ܗܹܐ
select	ܡܓܲܒܘܿܝܹܐ
self	ܓܵܢܵܐ
selfish	ܐܵܢܵܝܵܐ
sell	ܙܲܒܸܢ
send	ܡܫܲܝܹܐ
send me your picture	ܫܲܕܸܪܝܼ ܨܘܼܪܬܘܼܟ݂
senior	ܬܠܝܼܬܵܝ ܩܲܘܡܵܐ
sense	ܪܸܓ݂ܫܵܐ
sensible	ܡܸܬܪܲܓ݂ܫܵܢܵܐ
sensitive	ܪܵܓ݂ܘܿܫܵܐ
sent	ܫܘܼܕܪܵܐ
sentence	ܦܸܬ݂ܓܵܡܵܐ
sentences	ܐܲܣܵܪܵܐ
separate	ܦܪܵܫܵܐ
september	ܐܝܼܠܘܼܠ
sequence	ܡܸܫܬܲܠܫܠܵܢܘܼܬܵܐ
series	ܫܝܼܫܠܵܐ
serious	ܡܘܼܠܵܝܸܡ
seriously	ܝܲܩܝܼܪܵܐܝܼܬ
serve	ܚܲܕܸܡ
service	ܬܸܫܡܸܫܬܵܐ
session	ܐ݂ܓ̰ܠܵܣ
set	ܬܦܵܐ
setting	ܩܘܼܝܵܡܵܐ
settle	ܫܟܵܬܵܐ
seven	ܫܲܒ݂ܥܵܐ
seventeen	ܫܒ݂ܲܥܣܲܪ
seventy	ܥ
several	ܚܲܕ݇ ܟܵܐ
severe	ܩܲܫܝܵܐ
sew	ܚܐܵܛܵܐ
sh	ܡܙܝܼܥܘܼܬܵܐ
shade	ܡܲܛܸܠ
shadow	ܛܸܠܵܐ
shake	ܦܠܵܥܵܐ
shall	ܛܲܪܛܵܪܘܿܣ
shallow	ܪܲܩܪܵܩܵܐ
shame	ܢܘܼܟ݂ܵܦܵܐ
shape	ܢܘܼܪܵܢܵܝܵܐ
share	ܣܘܼܒܵܠܵܐ
sharp	ܚܘܼܪܦܵܐ
she	ܗ݇ܘܹܠܵܗ
she has	ܗܿܝ ܝܼܬܠܵܗܿ
she is	ܝܼܠܵܗܿ
shed	ܐܫܵܕܵܐ
sheep	ܕܘܼܒܪܝܼܢܵܐ
sheet	ܦܸܛܵܠܵܐ
shelf	ܕܵܟܘܿܢܵܐ
shell	ܩܲܠܵܦܬܵܐ
shelter	ܣܵܐܝ
shield	ܡܲܓ݇ܢܵܐ
shift	ܥܘܼܝܵܦܵܐ
shine	ܒܗܵܩܵܐ
ship	ܓܵܡܝܼ
shirt	ܟܘܼܬ݂ܝܼܢܵܐ
shoes	ܨܵܘ̈ܠܹܐ
shoot	ܫܲܒ݂ܘܼܩܵܐ
shop	ܚܵܢܘܼ
shopping	ܡܫܵܘܹܩ
shore	ܣܸܦܬ݂ܐ ܕܝܵܡܵܐ
short	ܚܸܫܬ
shortage	ܐܲܓܪܵܢܝܼ
shot	ܟ̰ܵܪܦܵܪܬܵܐ
should	ܡܸܬܗܵܘܝܵܢܵܐܝܼܬ
shoulder	ܟܲܬܦܵܐ
shout	ܩܥܵܐ
show	ܫܥܵܝܘܼܬܵܐ
show me	ܡܲܚܙܹܐ ܠܝܼ
shower	ܙܵܪܝܼܒ݂ܬܵܐ
shrimp	ܐܲܪܒܝܬܵܐ
shrink	ܥܒ݂ܵܪܵܐ ܒܐܘܼܚܕܵܪܹܐ
shut	ܐܵܟ̰ܸܡ
shut up	ܥ̄ܟ̰ܘܼܡ ܦܘܼܡܘܼܟܼ
shy	ܩܲܢܝܼܛܵܐ
sibling	ܐܲܚܬܵܐ
siblings	ܐܚܐ ܚܙܡܢܐ
sick	ܟܪܝܼܗܵܐ
side	ܩܒ݂ܝܼܥܬܵܐ
sigh	ܐܸܬܬܲܢܲܚ
sight	ܚܙܵܬܵܐ
sign	ܢܝܼܫܲܢܩܵܐ
signature	ܪܡܲܝ ܐܝܼܕܵܐ
significant	ܐܵܠܨܵܝܵܐ
silence	ܫܲܠܝܘܼܬܵܐ
silent	ܒܵܗܘܿܠܵܐ
silk	ܐܲܒܪܝܼܣܸܡ
silly	ܓܘܼܓܢܵܝܵܐ
silver	ܟܸܣܦܵܐ
similar	ܕܵܡܝܵܐ
simp	ܦܫܝܛܐ
simp	ܗܕܝܘܛܐ
simple	ܦܫܝܼܛܵܐ
simultaneously	ܫܲܘܝܵܬ
since	ܡܸܢ ܐܝܼܡܲܢ
sincere	ܫܲܦ̈ܝܲܝ ܬܲܪܥܝܼܬܵܐ
sincerely	ܫܲܦܝܵܐܝܼܬ
sing	ܙܵܡܸܪ
singer	ܙܲܡܵܪܬܵܐ
single	ܕܲܢܕܸܟܬܵܐ
sink	ܛܒܵܥ
Sir	ܡܪܐ ܡܪܝ
sister	ܚܵܬ݂ܵܐ
sister in law	ܒܪ̄ܬ ܚܡܵܝܵܐ
sit	ܝܵܬܹܒ݂
site	ܚܸܦܲܪܬܵܐ
situation	ܐܲܗܘܵܠ
six	ܫܸܬ݂
sixteen	ܫܬܲܥܣܲܪ
sixty	ܐܸܫܬܝܼ
size	ܓܘܼܪܘܼܬ݂ܵܐ
skill	ܒܲܫܲܪܬܵܐ
skills	ܡܲܩܪܘܼܝܹܐ
skin	ܓܸܠܕܵܐ
skinny	ܢܲܚܒܵܐ
skip	ܩܵܘܹܙ
skirt	ܝܘܼܦܩܵܐ
sky	ܫܡܲܝܵܐ
slave	ܦܘܼܠܵܐ
sleep	ܕܲܡܟܘܼܬܵܐ
sleeping	ܕܡܵܟ݂ܬܵܐ
sleepy	ܫܸܢܬܵܢܵܐ
sleeve	ܒܲܝܪܕܵܐ
slice	ܒܲܣܒܸܣ
slide	ܫܪܵܥܵܐ
slightly	ܚܲܕ݇ ܩܵܘܠܵܐܝ
slim	ܟ̰ܹܠܵܙܵܐ
slip	ܫ̰ܵܠܸܦ
slope	ܟܲܢܕܲܪܬܵܐ
slot	ܩܫܵܛܬ݂ܵܐ
slow	ܡܲܬܝܼܢܵܐ
slowly	ܡܲܬܝܼܢܵܐܝܼܬ
small	ܙܥܘܿܪܵܐ
smart	ܡܨܲܢܨܸܦ
smell	ܣܵܐܹܩ
smile	ܒܸܪܣܸܡܬܵܐ
smoke	ܬܸܢܵܢܵܐ
smooth	ܡܲܟ̰ܘܼܥ
snack	ܙܵܟܸܣܬܵܐ
snail	ܚܲܠܙܘܿܢܵܐ
snake	ܚܸܘܝܵܐ
snap	ܦܹܠܵܐ
snow	ܬܲܠܓܵܐ
so	ܗܸܠ ܕܲܗܵܐ
soak	ܡܨܲܪܒܸܥ
soap	ܙܡܝܼܡܵܐ
sober	ܨܲܠܘܼܠܹܐ
soccer	ܐܸܣܦܝܼܪ ܪܸܓ݂ܠܵܐ
social	ܪܲܒܘܼܬ ܛܘܿܗܡܵܐ
society	ܢܸܩܦܵܐ
socks	ܓܸܪ̈ܒ݂ܵܐ
soft	ܪܲܟܝܼܟ݂ܵܐ
soil	ܥܘܼܦܪܵܐ
sold	ܙܘܼܒܢܵܐ
soldier	ܦܵܠܚܵܐ
sole	ܡܢܵܥܹܠ
solid	ܛܡܝܼܡܵܐ
solution	ܫܪܵܝܵܐ
solve	ܦܲܫܸܩ
some	ܚܲܕ݇ܟܡܵܐ
somebody	ܣܘܼܡܵܚܟ݂ܵܐ
somehow	ܠܚܲܕ ܕܲܪܓ݂ܵܐ
someone	ܓ̰ܢܝܼܢܵܐ
something	ܚܵܕ݇ ܡܸܢܕܝܼ
sometimes	ܣܲܟܹܐ
song	ܙܡܵܪܬܵܐ
soon	ܥܬܝܼܪܵܐܝܼܬ
sophisticated	ܡܩܲܪܕܝܵܢܵܐ
sore	ܪܵܚܘܿܫܬܵܐ
sorrow	ܚܲܫܵܐ
Sorry	ܦܵܚܲܠܬܵܐ
sort	ܟܘܿܪܟܘܿܪ
sought	ܬܒ݂ܝܼܥܬܵܐ
soul	ܒܹܗ݇ܓ̰ܵܢ
soulmate	ܬܐܡܐ ܕܪܘܚܐ
soulmate	ܚܒܪܐ ܫܪܝܪܐ
sound	ܨܵܚ
soup	ܡ̈ܝܼܵܐ ܕܒܸܣܪܵܐ
sour	ܡܲܪܝܼܪܬܵܐ
source	ܫܹܡ ܣܘܼܪܵܢܵܐ
south	ܬܲܝܡܢܵܐ
space	ܪܘܝܼܚܘܼܬ݂ܵܐ
spam	ܐܓܪܬܐ ܡܣܩܕܢܐ
spam	ܐܓܪܬܐ ܐܠܟܬܪܘܢܝܐ
span	ܦܵܟ̰ܘܿܚܬܵܐ
Spanish	ܐܣܦܢܝܐ
spare	ܡܘܿܙܵܓܵܐ
speak	ܠܵܥܹܙ
special	ܕܝܼܠܵܢܵܝܵܐ
species	ܐܵܕܫܵܐ
specific	ܡܥܲܝܢܵܐ
spectacular	ܬܪܝܼܢܓܵܐ
speech	ܡܡܲܠܠܘܼܬܵܐ
speed	ܡܝܼܠܵܐ ܒܫܵܥܬܵܐ
spell	ܗܵܓܘܼܝܸܐ
spend	ܡܚܵܪܸܓ̰
spent	ܛܠܵܩܵܐ
spicy	ܙܵܕܵܐ
spike	ܙܸܩܛܵܐ
spin	ܙܵܒ݂ܸܪ
spinach	ܐܸܣܦܵܢܵܟ݂
spirit	ܥܵܪܵܩ
spit	ܪܘܼܩܵܐ
splendid	ܨܲܚܝܼܚܵܐ
split	ܨܪܐ
spoil	ܣܪܝ
spoil	ܐܬܚܒܠ ܚܒܠ
spontaneous	ܓܵܢܵܝܵܐ
spoon	ܟ̰ܲܡܟ̰ܵܐ
spot	ܛܘܼܠܫܵܐ
spouse	ܒܲܪ ܙܘܼܓܵܐ
spread	ܦܵܪܹܣ
spring	ܒܢܝܼܣܵܢ
square	ܡܪܲܒܥܵܐ
squeeze	ܓܵܡܸܕ
squid	ܣܦܸܐܵܐ
squirrel	ܣܸܡܵܘܪܵܐ
st	ܥܹܐܕܵܐ ܕܚܘܼܒܵܐ
stab	ܕܓ݂ܵܫܵܐ
stable	ܒܹܝܬ݂ ܪ̈ܲܟ݂ܫܹܐ
stack	ܕܵܙܵܩܵܐ
staff	ܕܵܘܓܵܢܵܓ
stage	ܐܲܢܕܝܼܩܛܝܘܿܢܵܐ
stain	ܡܠܲܟܸܢ
stairs	ܣܸܒܸܠܬܵܐ
stake	ܦܵܟܪܵܐ
stall	ܡܫܵܕܹܐ
stamp	ܛܲܒ݂ܥܵܐ
stand	ܒܲܪ ܠܸܠܝܵܐ
standard	ܡܘܼܙܒܹܛܵܐ
star	ܟܵܘܟ݂ܒ݂ܵܐ
start	ܫܘܼܪܵܝܵܐ
started	ܫܘܼܪܝܵܐ
state	ܦܘܿܠܘܿܛܝܼܵܐ
statement	ܡܸܬܩܲܛܪܓܲܢܘܼܬܵܐ
station	ܡܲܙܵܠܵܐ
statue	ܩܵܝܡܵܬܵܐ
status	ܛܘܼܠܝܼܩܘܼܬܵܐ
stay	ܦܘܼܫ
steady	ܬܒܵܥܝܬܵܐ
steak	ܫܲܪܚܬܵܐ
steal	ܓܵܢܹܒ݂
steam	ܗܵܘܓܵܐ
steel	ܦܘܼܠܵܕ
steep	ܟ̰ܲܡܟ̰ܵܡܵܐ
stem	ܓܘܼܙܥܵܢ
step	ܦܵܣܘܿܥܬ݂ܵܐ
stick	ܨܝܼܘܵܐ
stiff	ܒܵܪܘܿܩܵܐ
still	ܕܵܘܗܘܿܢ
sting	ܢܵܗܹܣ
stingy	ܚܲܣܝܼܣ
stir	ܒܵܚܸܫ
stock	ܡܘܼܩܛܲܪܬܵܐ
stomach	ܐܸܣܛܘܼܡܟܵܐ
stone	ܪܓܲܡ
stool	ܟܸܒ݂ܫܵܐ ܕܐܲܩܠܵܐ
stop	ܟܠܝܼ
storage	ܡܲܛܠܝܼܬܵܐ
store	ܐܲܦܵܬܝܼܩܵܐ
storm	ܒܘܿܪܵܢ
story	ܡ݇ܬܵܢܵܝܬܵܐ
stove	ܩܵܡܹܝܢܵܐ
straight	ܓܵܢܘܿܡܘܿܢܵܝܵܐ
straightforward	ܦܫܝܼܛܵܐܝܼܬ
strain	ܩܨܵܝܵܐ
strange	ܥܘܼܕ݂ܝܵܝܵܐ
stranger	ܢܘܼܟ݂ܪܵܝܵܐ
strategy	ܐܸܣܛܪܵܛܸܝܓܵܐ
straw	ܚܲܒܬ݂ܵܐ
strawberry	ܬܘܼܬ݂ܵܐ ܕܦܪܲܢܓܵܝܹܐ
streak	ܟ̰ܲܠܒܘܼܚܬܵܐ
stream	ܠܲܛܹܐ
street	ܥܵܠܘܿܠܵܐ
strength	ܚܲܝܠܵܐ
stress	ܓ̰ܵܘܪ
stretch	ܡܬܵܚܵܐ
strict	ܚܣܘܼܟ݂ܬܵܢܵܝܵܐ
strike	ܛܲܪܒܘܼܚܹܐ
string	ܢܝܼܢܵܐ
strip	ܡܓ̰ܵܠܸܚ
strive	ܡܚܵܦܹܛ
stroke	ܡܲܛܪܘܿܦܝܼܬܵܐ
strong	ܚܲܝܠܵܢܵܐ
struck	ܗܲܘܠܝܼ
structure	ܪܲܟܘܼܒܹܐ
struggle	ܟܘܼܬܵܫܵܐ
struggling	ܟܘܬܫܐ
struggling	ܠܘܩܒܠ
struggling	ܟܬܫ
struggling	ܕܪܪ ܥܡ ܟܠܐ
stubborn	ܥܢܬܐ ̤  ܪܩܝܬܢܐ
stuck	ܫܸܥܝܵܐ
student	ܬܲܠܡܝܼܕ݂ܵܐ
study	ܡܠܝܼܛܘܼܬܵܐ
studying	ܝܵܠܘܼܦܘܼܬܵܐ
stuff	ܦܝܼܠܘܿܛܵܐ
stunning	ܣܲܪܣܵܡܬܵܐ
stupid	ܒܘܿܪܵܐ
style	ܐܹܒܵܪܵܬ
subject	ܪܲܥܝܲܬܟ̰ܝܼ
submission	ܕܵܢܘܿܝܘܼܬܵܐ
submit	ܐܸܫܬܲܥܒܸܕ ܬܚܝܬ ܐܝܼܕܵܗܿ
substance	ܙܓܘܼܓܝܼܬܵܐ
substitute	ܚܠܵܐܦܵܐ
subtle	ܙܪܵܢܓ
succeed	ܟܫܵܪܵܐ
success	ܟܲܫܝܼܪܘܼܬܵܐ
successful	ܟܲܫܝܼܪܵܐܝܼܬ
such	ܗܲܟ݂ܘܵܬ
suck	ܡܐܵܨܵܐ
sudden	ܡܸܢܫܹܠ
suddenly	ܐܝܼܓܵܗܵܐ
suffer	ܚܲܫ
suffering	ܕܘܼܢܵܩܵܐ
sufficient	ܟܲܕܘܼ
sugar	ܫܲܟܲܪ
suggest	ܡܩܪܘܼܒ݂ܹܐ
suggestion	ܐܝܼܫܵܐܪܵܐ
suit	ܕܲܣܬܵܐ ܕܓ̰ܘܼܠܹܐ
suitable	ܒܟܹܝܪ ܕ
sum	ܪܝܼܫܡܵܠܵܐ
summary	ܓܕܝܼܡܘܼܬܵܐ
summer	ܩܲܝܛܵܐ
summit	ܒܸܒܸܠܬܵܐ
sun	ܫܸܡܫܵܐ
sunday	ܚܲܕ݇ ܒ݂ܫܲܒܵܐ
sunny	ܫܸܡܫܵܢܵܐ
sunset	ܥܪܵܒ݂ܵܐ
sunshine	ܡܒܲܠܩܸܛ
super	ܩܵܝܘܿܡܵܐ
superior	ܪܹܫ ܕܲܝܪܵܐ
supervisor	ܟܵܠܵܢܬܵܪ
supper	ܥܲܫܵܝܵܐ
supply	ܡܙܲܝܘܿܪܹܐ
support	ܩܵܝܘܿܡܘܼܬܵܐ
suppose	ܐܵܡܪܸܬ
supposed	ܐܫܝܼܠܐ
sure	ܐܲܡܝܼܢ
surface	ܪܲܚܪܸܩ
surge	ܩܠܵܫܵܐ
surgery	ܓܙܵܪܘܼܬܵܐ
surname	ܣܵܩܘܼܡܵܐ
surprise	ܡܲܬܗܸܪ
surprised	ܬܲܘܝܼܗܵܐ
surrender	ܡܲܚܠܲܛܬܵܐ
surrounding	ܚܲܪܕܵܝܬܵܐ
survey	ܓ̰ܵܣܘܼܣܘܼܬܵܐ
survive	ܕܵܒܸܪ
suspect	ܦܵܫܹܟ݂
suspended	ܬܸܠܝܵܐ
suspicious	ܒܲܚܝܼܠܘܼܬܐ
sustain	ܡܲܣܒܸܬ
sustainable	ܡܸܬܩܲܕܝܵܢܵܐ
swallow	ܣܘܼܢܘܼܢܝܼܬܵܐ
swap	ܚܘܿܠܵܦܵܐ
swear	ܝܵܡܹܐ
sweat	ܕܘܼܥܬܵܐ
sweater	ܙܩܘܿܪܵܐ
sweep	ܟܢܵܫܵܐ
sweet	ܚܲܠܝܵܐ
sweet tooth	ܟܹܟܵܐ ܚܸܠܝܵܐ
sweetheart	ܡܘܿܚܸܒܬܵܐ
swell	ܙܵܘܹܐ
swelling	ܢܦܝܼܚܘܼܬܵܐ
swim	ܫܵܥܹܛ
swimming	ܛܵܝܘܿܦܘܼܬܵܐ
swing	ܙܪܝܼܙܘܼܩܵܐ
switch	ܫܲܠܒܘܼܛܹܐ
sword	ܣܲܦܣܝܼܪܵܐ
symbol	ܐܵܬܘܵܬܸܐ
sympathy	ܣܘܼܡܦܵܬܝܼܵܐ
symptoms	ܚܵܪܵܐ
system	ܣܘܼܣܬܝܼܡܵܐ
table	ܡܝܼܙ
tackle	ܟ̰ܲܪܚ
tag	ܦܵܠܹܛ
tail	ܛܘܼܦܪܵܐ
take	ܢܣܵܒ݂ܵܐ
take care	ܐܲܠܵܗܵܐ ܡܸܢܘܼܟ݂ \ ܡܸܢܵܟ݂ܝ
taken	ܢܣܝܼܒܵܐ
talk	ܫܘܼܥܝܼܬ݂ܵܐ
tall	ܦܵܘܦܲܚܬܵܐ
tap	ܦܸܬܝܘܿܢ
tape	ܬܸܟܬܐ
target	ܢܸܫܲܢܩܵܐ
task	ܡܫܲܚܩܵܢܵܐ
taste	ܛܲܥܡܵܐ
tasty	ܛܲܥܡܵܢܬܵܐ
taught	ܡܘܼܠܲܦܬܵܐ
tea	ܟ̰ܵܐܝ
teach	ܡܲܠܸܦ
teacher	ܡܲܠܦܵܢܵܐ
team	ܗܲܣ
tear	ܣܕܩ
tears	ܕܸܡܥܹܐ
tease	ܒܲܢܕ ܗܘܵܐ
technology	ܝܘܼܠܦܵܢܵܐ ܕܐܘܼܡܵܢܘܼܬܵܐ
teeth	ܡܚܲܩܝܵܢܘܼܬܵܐ
tell	ܦܵܐܠ ܦܬܵܚܵܐ
tell me	ܐ̄ܡܘܿܪ ܠܝܼ
temper	ܬܲܒܥ
temperature	ܕܲܪܵܓ݈ܵܐ ܕܗܵܘܵܐ
temple	ܗܲܝܟܠܵܐ
temporary	ܥܸܕܵܢܵܝܵܐ
ten	ܥܸܣܪܵܐ
ten thousand	ܥܸܣܪܵܐ ܐܲܠܦܹ̈ܐ
tenant	ܐܲܓܵܪܵܝܵܐ
tend	ܒ̈ܘܼܩܵܠܹܐ
tendency	ܡܸܫܬܲܦܪܵܢܘܼܬܵܐ
tender	ܡܚܲܬܪܵܐ
tense	ܡܛܲܪܦܵܢܵܐ
tension	ܪܫܝܼܠܘܼܬܵܐ
tent	ܝܵܪܝܼܥܬܵܐ
tentative	ܢܛܠ
tentative	ܬܟܒ
tentative	ܬܢܝܐ
term	ܡܘܼܪܕܵܫܘܿܪ
terms	ܣܸܢܘܼܪ
terrible	ܓܢܝܼܚܵܐ
terrific	ܣܘܼܪܵܕܵܝܵܐ
territory	ܙܘܼܒܛܸܢܵܐ
test	ܨܲܚܘܵܐ
text	ܦܪܵܙܝܼܙ
than	ܒܝܼܫ ܒܝܼܫܵܐ ܡܸܢ
thank	ܛܥܵܢܵܐ ܡܸܢܬܵܐ
thank you so much	ܒܵܣܝܼܡܵܐ ܪܵܒܵܐ
thank you very much	ܒܲܣܝܼܡܵܐ ܪܵܒܵܐ
thanks	ܬܲܘܕܝܼ
Thanks for using our app	ܬܵܘܕܝܼ ܩܵܐ ܡܲܦܠܸܚܸܬ ܬܘܼܚܡܵܠܲܢ
that	ܗܘܵܐ
that is	ܥܲܠܝܼ
the	ܕ
theft	ܓܹܢܵܒ݂ܘܼܬܵܐ
their	ܐܸܠܲܝܗܝ
them	ܐܸܠܵܝ
theme	ܥܸܠܬܵܐ ܕܡܲܡܠܠܵܐ
themselves	ܡܸܬܥܲܠܠܵܢܵܐ
then	ܒܲܡ
theory	ܬܸܐܘܿܪܝܼܡܵܐ
there	ܬܲܡܵܢ
there is	ܐܝܼܬ
therefore	ܒܘܼܕ ܗܵܕܵܐ
these	ܐܲܢܝܵܐ
they	ܐܵܢܝܼ
they are	ܐܝܼܢܵܐ
thick	ܥܲܒܝܼܛܵܐ
thief	ܓܲܢܵܒ݂ܵܐ
thigh	ܥܲܛܡܵܐ
thin	ܛܠܝܼܚܵܐ
thing	ܡܸܕܸܡ
things	ܪܵܘܪ̈ܒ݂ܵܬ݂ܵܐ
think	ܪܢܵܐ
third	ܬܠܝܼܬ݂ܵܝܵܐ
thirsty	ܨܗܝܐ
thirteen	ܬܠܵܬ݂ܲܥܣܲܪ
thirty	ܬܠܵܬܝܼܢ
this	ܐܵܗܵܐ
this is	ܐܵܗܵܐ ܐܝܼܠܹܗ
thorough	ܣܵܟ݂ܵܢܵܐ
thoroughly	ܬܲܩܢܵܐܝܼܬ
those	ܐܲܢܹܐ
though	ܐܵܦܐܸܢ
thought	ܪܸܢܝܵܐ
thoughtful	ܬܲܚܡܸܢܵܢܵܐ
thoughts	ܡܚܲܦܝܘܼܬܵܐ
thousand	ܐܲܠܦܵܐ
thread	ܚܘܼܛܵܐ
threat	ܠܘܼܚܵܡܵܐ
threaten	ܓܵܙܹܡ
three	ܬܠܵܬ݂
threshold	ܐܸܣܟܘܼܦܬܵܐ
thrilled	ܪܘܝܼܙܵܐ
thrive	ܚܢܵܐ
throat	ܓܲܓܲܪܬܵܐ
through	ܓܵܘܵܐ ܓܵܘ
throughout	ܨܵܘܡܵܐ ܕܐܲܪܒܥܵܐ
throw	ܫܕܵܐ
thumb	ܟܪܵܬ݂ܵܐ
thunder	ܒܲܪܩܵܐ
Thursday	ܚܡܫܒܫܒܐ
thus	ܗ݇ܕܵܗܵܐ
tick	ܩܲܪܕܵܐ
tide	ܥܕܵܝܵܐ
tidy	ܕܘܼܒܠܸܒܵܐ
tie	ܐܲܣܵܪ ܩܕ݂ܵܠܵܐ
tiger	ܢܸܡܪܵܐ
tight	ܚܠܘܼܨܬܵܐ
time	ܥܕܵܢܵܐ
tiny	ܕܲܢܒܘܼܣܸܟܬ݂ܵܐ
tip	ܪܝܼܩܘܼܬܵܐ
tips	ܪܹ̈ܫܵܘܵܬ݂ܵܐ
tire	ܡܟܵܠܸܦ
tired	ܓܸܗܝܵܐ
tissue	ܙܲܪܒܵܦ̮ܬ
title	ܓܬܝܼܬ
to	ܩܵܐ   ܒܘܼܬ    ܠܟܸܣ
to be	ܗܵܘܹܐ
toast	ܡܲܛܘܹܐ
today	ܐܸܕܝܘܿܡ
toddler	ܫܲܒ݂ܪܵܐ
toes	ܛܘܿܦܸܪܬܵܐ
together	ܐܲܟ݂ܚܕܵܐ
toilet	ܣܵܩܘܿܠܘܼܬܵܐ
told	ܡܘܼܕܥܝܼܵܐ
tolerance	ܡܣܲܝܒܪܵܢܘܼܬ݂ܵܐ
tolerate	ܣܒ݂ܵܠܵܐ
tomato	ܝܲܒ̣ܪܘܼܚܵܐ
tomorrow	ܩܘܼܕܡܹܐ
tongue	ܠܸܫܵܢܵܐ
tonight	ܒܐܵܗ ܠܲܝܠܹܐ
too	ܙܹܐ
took	ܡܵܘܨܸܠ
tool	ܣܩܹܘܵܐ
tools	ܡܲܠܛܲܫܬܵܐ
tooth	ܥܲܪܫܵܐ
top	ܣܲܪܟ̰ܲܩ
topic	ܥܸܠܬܵܐ ܕܡܲܡܠܠܵܐ
torn	ܣܬܘܿܪܵܐ
torture	ܫܸܢܕܵܐ
total	ܟܘܼܠܵܢܵܝܵܐ
touch	ܡܵܫܹܫ
tough	ܩܸܫܝܵܐ
tour	ܣܵܝܗܪ
toward	ܒܵܬ݇ܪܵܐܓܹܒ
towards	ܠܵܓܵܘ
towel	ܕܲܣܬܡܵܠ
town	ܡܕܝܼܢ݇ܬܘܿܢܝܼܬܵܐ
toxic	ܣܲܡܵܢܵܐ
trace	ܒܲܠܓܵܐ
track	ܡܸܬܕܲܒܪܵܢܵܐ
trade	ܨܵܘܕܵܐ
tradition	ܣܵܦܝܵܢܘܼܬ݂ܵܐ
traditional	ܝܘܼܒ݂ܵܠܵܝܵܐ
traffic	ܒܵܙܹܪܓܵܢ
trail	ܫܩܵܩܵܐ
train	ܕܵܗܸܪ
training	ܬܲܥܠܝܼܡ
trait	ܨܸܦܲܬ
transfer	ܓ̰ܘܼܓ̰ܵܐ
transition	ܫܘܼܢܵܝܵܐ
translate	ܬܲܪܓ̰ܸܡ
transparent	ܡܒܲܪܲܚܬܵܐ
transport	ܫܩܘܼܠܬܵܐ
transportation	ܪܟܘܿܒ݂ܬܵܐ
trap	ܨܵܠܝܼܬ݂ܵܐ
trash	ܙܘܼܒܠܵܐ
trauma	ܚܵܣܵܐܪܵܬ
travel	ܚܵܙܹܩ
tray	ܚܘܼܢ
treasure	ܓܲܢܙܵܐ
treat	ܡܝܲܩܘܿܪܹܐ
treatment	ܡܣܵܘܣܝܵܢܘܼܬܵܐ
tree	ܐܝܼܠܵܢܬܵܐ
tremendous	ܡܲܪܥܠܵܢܵܐ
trend	ܟܝܼܡܘܿܢܵܐ
trial	ܢܸܣܝܘܿܢܵܐ
trick	ܦܲܢܕ
tried	ܐܸܢܨܵܦ
trigger	ܐܲܩܠܵܐ ܕܐܲܣܒܵܒ
trim	ܟܪܡ
trip	ܚܙܘܼܩܝܵܐ
trouble	ܙܲܗܡܲܬܘܼܬ݂ܵܐ
trousers	ܫܲܪܒ݂ܵܠܵܐ
truck	ܣܲܒܙܹܟ̰ܝܼ
TRUE	ܫܲܪܝܼܪܵܐ
trunk	ܣܲܢܕܘܼܩܵܐ
trust	ܬܸܟܠܘܼܢܵܐ
truth	ܩܘܼܫܬܵܐ
try	ܒܵܚܹܢ
tube	ܠܘܼܠܵܐ
Tuesday	ܬܠܬܒܫܒܐ
tuition	ܝܠܘܼܦܝܼܵܐ
turkey	ܟܬܵܝܬܵܐ ܕܡܸܣܝܼܪ
turmeric	ܟܘܪܟܡܐ
turn	ܡܒܵܕܹܠ
turtle	ܩܪܵܝܵܐ
tutor	ܡܲܠܦܵܢܵܐ
twelve	ܬܪܸܥܣܲܪ
twenty	ܥܸܣܪܝܼܢ
twenty-one	ܥܣܪܝܢ ܘܚܕ
twice	ܚܵܕ݇ ܒܸܬܪܲܝ
twist	ܩܸܡܛܵܐ
two	ܬܪܹܝ
type	ܬܘܼܦ̮ܣܵܐ
typical	ܡܲܚܙܝܼܬܵܢܵܝܵܐ
ugly	ܙܵܡܘܿܥܵܐ
ultimate	ܝܲܬܝܼܪ ܕܟܠ ܪܲܚܝܼܩܵܐ
umbrella	ܡܲܢܓܘܼܪ
unable	ܒܨܝܼܪܵܐ
uncle	ܚܵܠܵܐ
unconscious	ܡܘܿܫܢܸܐ
under	ܬܚܘܿܬ݂
underneath	ܬܲܚܬ
understand	ܡܦܲܪܡܹܢ
understood	ܦܘܼܪܡܹܐܠܝܼ
unfortunately	ܡܘܼܚܵܒܸܢ ܕ
uniform	ܠܒ݂ܝܼܫܬܵܐ ܪܘܼܫܡܵܝܬܵܐ
unique	ܚܘܼܕܵܝܵܐ
unit	ܠܚܘܿܕܵܝܘܼܬܵܐ
university	ܡܟܲܢܫܵܢܝܼܬܵܐ
unknown	ܠܵܐܡܬܲܚܡܵܐ
unless	ܕܹܝܢ
until	ܘܸܠ
unusual	ܠܵܐ ܥܝܵܕܵܝܵܐ
up	ܠܥܘܼܠܘܼܠ
up to you	ܟܲܝܦܘܼܟ݂
update	ܬܲܪܘܼܨܹܐ
upgrade	ܡܫܲܚܠܸܦ
upon	ܡܲܙܪܵܩ
upset	ܟܪܝܼܒܵܐ
urban	ܬܘܼܚܬܵܝܵܐ
urge	ܟ̰ܵܐܸܣ
urgent	ܠܵܐܙܹܡ
us	ܥܘܨ
use	ܚܘܼܫܵܚܵܐ
used	ܦܘܼܬ݂ܵܐ
useful	ܡܵܘܬܪܵܢܵܐ
useless	ܣܪܝܼܩܵܐ
usual	ܥܝܵܕܵܢܵܝܵܐ
usually	ܡܲܝܟ݂ ܥܵܐܕܹܐ
utility	ܚܲܫܚܘܼܬܵܐ
vacation	ܣܘܼܦܩܵܢܵܐ
vaccination	ܫܲܠܩܵܐ
vaccine	ܫܲܠܩܵܐ
vacuum	ܣܪܝܼܩܘܼܬ݂ܵܐ
vague	ܥܲܦܸܠܵܝܵܐ
valid	ܡܲܚܫܘܼܫ
valley	ܒܲܪܩܵܩܐ
valuable	ܡܵܪ ܛܝܼܡܐ
value	ܡܐܲܪܙܸܢ
variety	ܙܘܿܡܪܘܼܕ
various	ܬܵܗܵܪܹ̈ܐ ܬܵܗܵܪܹ̈ܐ
vary	ܡܒܵܕܸܠ
vase	ܓܘܼܠܕܵܢ
vast	ܪܘܝܼܚܬܵܐ
vegetable	ܙܲܪܥܘܿܢܵܐ
vegetables	ܕܹܟܵܟܹ̈ܐ
vehicle	ܥܘܼܓ݂ܠܬܵܐ
vendor	ܡܙܒܢܢܐ
venom	ܟܘܼܟ̰ܝܼܠܵܐ
venture	ܓ̰ܵܣܸܪ
venue	ܕܘܟܐ
verify	ܫܘܪܪܐ
verify	ܡܫܪܪܬܐ
versatile	ܡܸܬܠܲܚܡܵܢܵܐ
version	ܢܲܦܝܼܩܘܼܬܵܐ
vertical	ܩܵܐܬܹܝܛܵܝܬܵܐ
very	ܪܵܒܵܐ
very good	ܪܵܒܵܐ ܨܦܵܝܝܼ
vessel	ܟܲܢܵܐ
via	ܡܸܢ ܓܵܘ
vibe	ܫܥܫܐ
vibe	ܪܓܫܬܐ
vibes	ܢܕ   ܐܬܢܕܕ
vicious	ܟܪܘܿܠܬܵܐ ܣܟ݂ܝܼܪܬܵܐ
victim	ܢܸܟܣܵܐ
video	ܠܘܿܩܵܛܵܐ
view	ܡܸܬܚܲܙܝܵܢܘܼܬܵܐ
village	ܩܪܝܼܬ݂ܵܐ
vinegar	ܚܲܠܵܐ
vintage	ܩܛܵܦܬܵܐ
violence	ܥܘܼܢܦܵܐ
violent	ܢܘܼܦܵܨܵܐ
viral	ܟܲܠܒܘܼܬܵܐ
virgin	ܒܬ݂ܘܼܠܵܐ
virtual	ܚܫܒܐ
virtual	ܣܝܡܐ
virtue	ܟܫܝܼܛܘܼܬ݂ܵܐ
vision	ܚܲܙܵܝ̈ܵܬ݂ܵܐ
visit	ܣܵܥܸܪ
visual	ܚܵܙܵܝܵܐ
vital	ܒܲܙܪܵܐ
vivid	ܢܘܼܗܪܵܐ
vocabulary	ܠܘܿܓܵܛܵܐ
voice	ܩܵܠܵܐ
void	ܦܘܼܟ̰ܹܟ
volume	ܦܸܢܩܝܼܬܵܐ
volunteer	ܕܵܘܛܵܠܵܒ
vulnerable	ܡܚܝܠܐ
wage	ܛܲܪܵܝܵܐ
wages	ܦܵܥܠܵܘܼܬ݂ܵܐ
waist	ܛܲܢܵܐ
wait	ܚܡܵܠܵܐ
waiter	ܥܒܕܐ
waiter	ܡܫܡܫܢܐ
waiting	ܩܸܠܵܝܬܵܐ ܕܣܘܼܟܵܝܵܐ
wake	ܡܲܪܥܸܫ
wake up	ܪܥ̄ܘܿܫ
walk	ܗܹܠܟܵܐ
walking	ܚܕܵܪܬܵܐ
wall	ܫܘܼܪܵܐ
wallet	ܡܲܕܝܼܩܵܐ
wander	ܬܘܵܫܵܐ
wanna	ܪܓܝܓ ܐܢܬ
wanna	ܨܒܐ ܐܢܬ
want	ܒܥܵܝܵܐ
wanted	ܦܘܿܠܝܼܣܵܐ
war	ܩܪܵܒܵܐ
wardrobe	ܩܒ݂ܝܼܒ݂ܬܵܐ
warehouse	ܐܲܘܨܪܵܐ
warm	ܫܲܚܝܼܢܵܐ
warn	ܡܲܚܒܘܼܪܹܐ
warning	ܡܙܲܗܪܵܢܘܼܬܵܐ
warrior	ܩܪܵܒ݂ܬܵܢܵܐ
was	ܡܘܼܟ݂ܠܵܐ
wash	ܨܲܒܸܥ
waste	ܨܲܕܝܘܼܬܵܐ
watch	ܫܵܥܲܬ
water	ܡ̈ܝܼܵܐ
watermelon	ܫܸܦܬܵܝܵܐ
wave	ܓܲܠܠܵܐ
way	ܐܘܼܪܚܵܐ
we	ܐܲܢ݇ܚܢܲܢ
we are	ܐܝܼܘܵܚܝ
we can	ܟܹܐ ܡܵܨܲܚ
weak	ܡܚܝܼܠܵܐ
weakness	ܡܚܝܼܠܘܼܬܵܐ
wealth	ܥܲܬܝܼܪܘܼܬܵܐ
wealthy	ܥܲܬܝܼܪܵܐ
wear	ܠܵܒ݂ܸܫ
wearing	ܒܠܵܝܬܵܐ
weather	ܐܵܬ݂ܝܼܪ
wedding	ܚܠܘܼܠܵܐ
Wednesday	ܐܪܒܥܒܫܒܐ
weed	ܙܝܼܘܵܢܵܐ
week	ܫܲܒܬ݂ܵܐ
weekend	ܫܒܬܐ
weekend	ܒܘܛܠܢܐ
weekend	ܚܘܬܡ ܫܒܘܥܐ
weight	ܝܘܼܩܪܵܐ
weird	ܚܲܪܸܫܵܢܵܐ
welcome	ܒܫܲܝܢܵܐ ܘܒܲܫܠܵܡܵܐ
welfare	ܪܘܵܚܵܢܵܐ
Well	ܛܵܒܵܐ  ̣ ܨܦܝ
well done	ܚܲܝܹܬ
went	ܡܲܓܕܵܐ
were	ܬܠܝܼܩ ܠܵܗܿ ܐܸܠܝܼ
west	ܡܲܥܪܒ݂ܵܐ
wet	ܬܲܠܝܼܠܵܐ
whale	ܩܸܐܛܵܐ
what	ܡܵܢ
what about you	ܡܘܼܕܝܼ ܒܘܼܬ ܕܝܼܘܟܼ
what are you doing right now	ܡܘܼܕܝܼ ܝܘܸܬ ܥܒ݂ܵܕܵܐ ܐܲܕܝܼܵܐ؟
what do you mean	ܡܘܼܕܝܼܠܹܗ ܡܲܥܢܵܝܘܿܟܼ
what do you want	ܡܘܼܕܝܼ ܟܹܐ ܒܵܥܹܝܬ؟
what happened	ܡܘܼܕܝܼ ܗ̄ܘܹܠܐ
what is	ܡܘܼܕܝܼܠܹܗ
what is your name	ܡܘܼܕܝܼܠܹܗ ܫܸܡܘܼܟ݂؟
what's your name	ܡܘܼܕܝܼ ܝܠܹܗ ܫܸܡܘܼܟ݂؟
whatever	ܟܠ ܡܵܐ
wheat	ܚܵܝܵܢ
wheel	ܓܝܼܓ݂ܠܵܐ
when	ܐܝܼܡܵܢ
whenever	ܒܟܠ ܥܕܵܢܵܐ ܕ
where	ܐܲܝܟܵܐ
where are you	ܐܲܝܟܵܐ ܝ̄ܘܸܬ
where are you now	ܐܲܝܟܵܐ ܝܼܘܸܬ ܐܵܕܝܵܐ
where do you live	ܐܲܝܟܵܐ
where is	ܐܲܝܟܵܐ ܝܠܹܗ.
whereas	ܟܲܕ
whether	ܟ̰ܹܐ
which	ܐܲܝܡܢܲܝܗܝ
while	ܒܝܼܗ݇ܒ݂ܵܠܵܐ
whisper	ܡܬܲܫܸܫ
whistle	ܡܲܫܪܘܼܩܵܐ
white	ܚܸܘܵܪܵܐ
who	ܐܲܝܠܹܝܢ
who are you	ܕܵܐܟܼܝܼ ܝ̄ܘܸܬ
who is	ܡܵܢܝܼ ܝܠܹܗ
who is this	ܡܵܢܝܼ؟
whole	ܫܠܲܡܠܡܵܐ
whom	ܕܵܪܘܼܓܵܐ
whose	ܡܸܗܡܲܢܕܵܪ
why	ܩܵܐ ܡܘܼܕܝܼ
why not	ܩܵܡܘܿ ܠܵܐ
wicked	ܐܵܟܸܕܢܵܝܵܐ
wide	ܦܸܬ݂ܘܵܢܵܐ
widow	ܐܲܪܡܸܠܬܵܐ
width	ܦܸܬܝܘܼܬܵܐ
wife	ܒܲܪܙܵܘܓܵܐ
wild	ܚܲܝܘܼܬ ܒܲܪܵܐ
will	ܨܸܒ݂ܝܵܢܵܐ
willing	ܨܸܒ݂ܝܵܢܵܝܵܐ
win	ܙܵܟ݂ܹܐ
wind	ܦܵܘܚܵܐ
window	ܦܲܢܓ̰ܵܪܵܐ
windy	ܗܵܘܵܐܝ
wine	ܚܲܡܪܵܐ
winter	ܣܸܬܘܵܐ
wipe	ܟܦܲܪ
wire	ܡܲܦܬܘܼܠ
wisdom	ܚܲܟܝܼܡܘܼܬܵܐ
wise	ܫܝܼܦܵܐ ܩܠܝܼܦܵܐ
wish	ܒܵܥܘܼܬܵܐ
witch	ܚܲܪܵܫܬܵܐ
with	ܥܲܡ
withdraw	ܟܘܵܙܵܐ
withdrawal	ܒܲܠܚܘܿܕܵܝܘܼܬܵܐ
within	ܓܵܘܵܝܝܼ
without	ܕܠܵܐ ܐܲܠܵܗܵܐ
witness	ܣܵܗܕܵܐ
witty	ܙܵܪܵܦܲܟ̰ܝܼ
wolf	ܟܲܡܵܝܵܐ
woman	ܐܸܢܫܹܐ
women	ܢܸܫܘܿܢ̈ܝܵܬ݂ܵܐ
won	ܪܲܡ
wonder	ܕܡܝܼܪܘܼܬܵܐ
wonderful	ܥܵܓ̰ܵܝܸܒ
wood	ܩܲܝܣܵܐ
wool	ܫܸܠܓܵܐ
word	ܠܸܟܣܝܼܣ
words	ܒܢܵܬܩܵܠܹ̈ܐ
work	ܕܝܵܠܘܼܬܵܐ
working	ܙܸܒܵܪܵܐ
world	ܥܵܠܡܵܐ
worm	ܦܵܠܵܐ
worn	ܒܸܠܝܵܐ
worried	ܡܢܲܟܢܸܟ
worry	ܠܙܝܼܙܘܼܬܵܐ
worse	ܒܝܼܫ ܒܝܼܫܵܐ ܡܸܢ
worship	ܥܹܒܵܐܕܲܬ
worst	ܢܵܒܘܿܕ
worth	ܛܪܝܼܡܝܼܣܝܼܢ
worthy	ܡܸܣܬܝܼܗܸܠ
would	ܬܲܟܠܵܐ ܕ
wound	ܕܸܪܒܬܵܐ
Wow	ܕܘܡܪܐ ܡܥܓܒܢܐ
wrap	ܩܵܡܹܛ
wrath	ܪܘܼܓ݂ܙܵܐ
wrist	ܒܝܼܠܵܟܬܵܐ
write	ܟܵܬܸܒ݂
Write here	ܟܬܘܿܒ݂ ܠܲܐܟ݂ܵܐ
writing	ܟܬܝܼܒ݂ܘܼܬܵܐ
written	ܣܪܝܼܛܵܐ
wrong	ܠܵܐ ܛܪܝܼܨܵܐ
yard	ܕܵܪܵܐ
yawn	ܡܦܐܘܪܐ
yawn	ܫܢܬܢܐ
Yeah	ܗܹܐ
year	ܫܹܢ݇ܬܵܐ
years	ܒܲܪ ܬܸܠܵܬ
yeast	ܚܡܝܼܪܵܐ
yell	ܟ̰ܲܪܟ̰ܘܪܹܐ
yellow	ܙܲܪܕܵܐ
Yes	ܗܹܐ
yes dear	ܗܹܐ ܥܲܙܝܼܙܬܵܐ
yes honey	ܗܹܐ ܕܘܼܫܝܼ
yes my love	ܗܹܐ ܡܘܚܸܒܝܼ
yes of course	ܐܹܝܢ ܗܲܠܒܲܬ
yesterday	ܬܡܵܠ
yesterday	ܐܸܬܡܵܠ
yet	ܐܹܝܢ
yield	ܥܒ݂ܘܼܪܵܐ
you	ܐܲܢ݇ܬܘܿܢ
you are	ܐܢ̄ܬ ܝܼܘܸܬ
you are so beautiful	ܟܠ ܗܵܕܟ݂ܵܐ ܫܲܦܝܼܪܵܐ ܝܘܸܬ
you are welcome	ܠܵܐ ܕܲܩܪܵܐ
you can	(ܐܵܢ̄ܬ) ܡܵܨܸܬ
you too	ܘ ܐܲܢ݇ܬܘܿܢ
you're welcome	ܦܫܲܝܢܵܐ
young	ܓ̰ܸܗܹܠ
your	ܕܝܼܠܵܟ
yourself	ܠܵܠܘܼܟ݂
youth	ܙܥܘܿܪܘܼܬ݂ܵܐ
zero	ܡܪܝܼܡܵܢܵܐ
