a	أ
a little	القليل
a lot	كثيراً
a lot of	كتيير من
abandon	يتخلى عن
abandoned	تم التخلي عنه
abide	يلتزم
ability	مقدرة
able	قادر
about	عن
above	أعلاه
abroad	خارجاً
absence	غياب
absent	غائب
absolutely	إطلاقا
absorb	امتص
abstract	ملخص
absurd	سخيف
abundance	وفرة
abundant	وفير
accent	لهجة
accept	يقبل
access	يصل
access	وصول
accident	حادث
accommodation	سكن
accomplish	ينجز
accomplished	مُتَفَوِّق
according	وفقاً
account	حساب
accuracy	الدقة
accurate	دقيق
accused	المتهم
ache	يكتئب
ache	ألم
achieve	ينجز
achievement	إنجاز
acknowledge	يعترف
acquaintance	علم
acquire	يكسب
acquired	مكتسب
acquisition	ربح
across	عبر
act	يمثل
action	فعل
active	نشيط
activities	أنشطة
activity	نشاط
actor	الممثل
actual	فِعلي
actually	حقيقيةً
acute	خطير
acute	ذكي
adapt	يعتاد
adapt	يتكيف
add	أضف
addicted	مدمن
addition	إضافة
additional	إضافي
address	يوجه
address	عنوان
adequate	مناسب
adjacent	مجاور
adjective	صفة
adjust	يتكيف
admire	يرغب
admit	يعترف
adopt	يتبنى
adorable	محبوب
advance	يتقدم
advance	مقدماً
advanced	متقدم
advantage	ميزة
adventure	مفامرة
adverb	ظرف
advertisement	إعلان
advertising	دعاية
advice	نصيحة
advise	ينصح
advocate	يؤيد
advocate	محامي
aesthetic	من ناحية جمالية
affair	شأن
affect	يؤثر
affection	عاطفة
afford	يعطي
affordable	بسعر معقول
afraid	خايف
after	بعد
afternoon	بعد الظهر
afterwards	بعد ذلك
again	مرة تانية
against	ضد
age	عصر
age	عمر
agency	وكالة
agent	عميل
aggressive	عنيف
agile	رشيق
ago	قديماً
agree	يوافق
agreement	اتفاق
agriculture	زراعة
ahead	للأمام
aid	مساعدة
aim	هدف
air	هواء
airport	مطار
aisle	ممر
alarm	إنذار
alcohol	كحول
alert	يُحذًِر
alive	عايش
all	كل
all right	حسنًا
all the best	أتمنى لك كل خير
allow	يسمح
allowed	مسموح
almost	تقريبا
alone	لوحده
along	جنب
already	سلفاً
Alright	طيب
also	برضو
alternative	بديل
although	بالرغم من
always	دائماً
am	أنا
amazing	مدهش
ambiguous	غامض
ambition	طموح
ambitious	طموح
amend	يعدل
amid	وسط
among	وسط
among us	بيننا
amount	كمية
amusing	مسلي
an	أداة تعريف
analysis	تحليل
ancestors	أجداد
anchor	مِرسَاة
ancient	قديم
and	و
and you	وأنت
angel	ملاك
anger	الغضب
angle	زاوية
angry	غضبان
animal	حيوان
ankle	كاحل
anniversary	ذكرى
announcement	إعلان
annoy	يزعج
annoyed	متضايق
annoying	مزعج
annual	سنوي
anonymous	مجهول
another	آخر
answer	إجابة
answer	يجيب
anticipate	يتوقع
anxiety	توتر
anxious	متشوق
any	أي
anyone	أي واحد
anything	أي حاجة
anyway	على أي حال
anyways	على أي حال
apart	منفصل
apartment	شقة
apologize	يعتذر
apparent	واضح
apparently	يبدو وأن
appeal	يكشف
appear	يظهر
appearance	ظهور
appeared	ظهر
appetite	شهية
apple	تفاحة
application	تطبيق
apply	يقدم
apply	يطبق
appointment	ميعاد
appointment	توظيف
appreciate	تقدير
appreciation	تقدير
approach	يقرب
approach	أسلوب ونهج
appropriate	مناسب
approval	موافقة
approve	يوافق
approved	موافقة
approximately	تحديدا
april	أبريل
arbitrary	بشكل عبيط
architect	مهندس معماري
architecture	معمار
archive	أرشيف
archive	ملفات قديمة
are	نكون
are you	هل أنت
are you busy	هل أنت مشغول
are you married	أنت متزوج
are you married or single	انت متزوج ولا اعزب
Are you still there?	أنت لسة هنا؟
are you there	هل أنت هناك
area	منطقة
argue	يناقش
argument	نقاش
arise	تنشأ
arm	سلاح
arm	ذراع
army	جيش
around	حول
arrange	ينظم
arrangement	ترتيب
arrival	وصول
arrive	يصل
arrived	وصل
arrogant	مغرور
arrow	سهم
art	فن
article	مقال
artificial	صناعي
artist	فنان
as	زي حرف تشبيه
as long as	طالما
as well	أيضًا
as well as	إلى جانب
ash	رماد
ashamed	خجلان
ask	أسأل
asked	سأل
asleep	نائما
aspect	جانب
Assamese	اللغة الأسامية
assault	يغلط
assembly	جمع
assertive	تأكيدي
assess	يقيم
assessment	تقييم
asset	أصول او مدخرات
assets	أصول
assign	تعيين
assignment	واجب منزلي
assist	يساعد
assistant	مساعد
associate	شريك
associated	عندو علاقة ب
association	جمعية
assume	أفرض
assumption	افتراض
at	في
at least	على الأقل
ate	أكل
athlete	رياضي
attach	يربط
attached	مرتبط
attachment	مرفق
attack	هجوم
attempt	محاولة
attempt	يحاول
attend	يحضر
attendance	حضور
attention	أنتبه
attitude	سلوك
attract	يجذب
attraction	جاذبية
attractive	جذاب
attribute	يصف
audience	مشاهدين
audience	جمهور
august	أغسطس
aunt	عمة
aunt	خالة
aunty	عمتي
authentic	أصلي
author	كاتب
authority	سلطة
autumn	الخريف
available	موجود
average	متوسط
avoid	إتجنب
awake	يقظ
award	جائزة
aware	وعي
awareness	وعي
away	بعيد
awesome	وجيه
awful	مخيف
awkward	فاضح
awkward	خطر
Aymara	لغة ايمارا
baby	طفل
bachelor	بكالوريوس
back	ضهر
back	خلف
background	خلفية
bad	سيء
bag	شنطة
bait	طعم
bake	خبز
bakery	مخبز
baking soda	باكنج بودر
balance	رصيد
balance	يوزن
ball	كرة
Bambara	لغة البامبارا
banana	موز
band	شريط
band	فرقة
bang	انفجار
bank	بنك
bar	حانة
bar	فاصل
barely	بصراحة
bargain	صفقة
bark	نباح
bark	يغطي
barley	الشعير
barrier	حاجز
base	قاعدة
based	قائم على
basement	بدروم
basic	أساسي
basically	أساسًا
basil	نبات الرَيحان
bastard	خسيس
batch	حزمة
bath	حمام
bathroom	حمام
battery	بطارية
battle	معركة
bay	خليج
bay	نبح
be	يكون
be careful	أحذر
beach	شاطيء
beam	عارضة
beam	يشع
beam	بيم
beans	فول
bear	دب
bear	يتحمل
beard	دقن
bearing	طريقة مشي
bearing	تحمل
beast	وحش
beat	يهزم
beat	نبضات
beautiful	جميل
beauty	جمال
became	أصبح
because	لأنو
become	يصبح
bed	سرير
bedroom	غرفة نوم
bee	نحلة
beef	لحم بقر
been	كان
beer	بيرة
before	قبل
began	بدأ
begin	يبدأ
beginning	البداية
behalf	نيابةً عن
behave	يتصرف
behavior	سلوك
behaviour	سلوك
behind	خلف
being	وجود
belief	يؤمن
believe	يؤمن
belly	بطن
belong	ملك ل
beloved	محبوب
below	بالأسفل
belt	حزام
bench	مقاعد البدلاء
bend	يلوي
beneath	أسفل
benefit	ربح
benefit	يستفيد
benefits	فوائد
beside	بجانب
besides	بجانب
best	الأفضل
best of luck	حظا سعيد
best regards	أطيب التحيات
better	أحسن
between	بين
beverage	مشروب
beyond	عدا
Bhojpuri	لغة البوجبوري
bias	انحياز
biased	متحيز
bicycle	دراجة
bid	رهان
big	كبير
bike	دراجة هوائية
bill	فاتورة
bind	ربط
bird	طائر
birthday	عيد ميلاد
bit	قليل
bite	يعض
bite	لدغة
bitter	مر الطعم
black	أسود
blade	مكنة حلاقة
blame	يلوم
blame	عتاب
blank	فارغ
blanket	بطانية
blast	انفجار
bleach	تبييض
blend	يخلط
bless	يرحم
blessed	مبارك
blind	أعمى
bliss	نعيم
block	حي
block	بلوكة
blood	دم
bloom	يزدهر
blow	مصيبة
blue	أزرق
blunt	صريح
board	سبورة
board	لوحة
boat	مركب
body	جسم
boil	يغلي
bold	جريء
bond	علاقة
bone	عظم
book	يحجز
book	كتاب
boost	يعزّز
boost	معزّز
booster	معزِّز
boot	حذاء طويل
boots	أحذية
border	حدود
bore	حفرة
bore	مزعج
bored	ممل
boring	ممل
born	وُلِدّ
borrow	يستعير
boss	زعيم
both	الأتنين
bother	يزعج
bottle	زجاجة
bottom	أسفل
bought	إشترى
bounce	ارتداد
bound	مرتبط ب
boundaries	حدود
bow	قَوس
bowl	مزهرية
box	صندوق
boy	ولد
boyfriend	حبيب
bracelet	إسورة
brain	المخ
branch	فرع
brand	ماركة
brave	شجاع
breach	يخرق
bread	رغيف
break	فترة راحة
break	يكسر
breakfast	فطور
breast	صدر
breath	يتنفس
breathe	يتنفس
breed	يربي
brick	طوبة
bride	عروس
bridge	جسر
brief	مختصر
bright	ساطع
brilliant	ذكي
bring	يُحضر
bro	أخي
broad	عريض
broadcast	إذاعة
broke	كسر
broken	مكسور
broom	مكنسة
brother	أخ
brother in law	أخ الزوج
brought	أحضر
brown	بني
brush	فرشة
bucket	مقدار كبير
bucket	دلو
buddy	زميل
budget	ميزانية
bug	حشرة صغيرة
build	يبني
building	مبنى
built	بنى
bulk	ضخم
bull	ثور
bully	تنمر
bump	صدم
bunch	حزمة
bundle	حزمة
burden	إحراج
burden	يتحمل
buried	مدفون
burn	يحرق
burst	ينفجر
bury	يدفن
bus	حافلة
bus	بص
bush	إعلان
bush	شتلة
business	أعمال
bust	مفلس
bust	إعتقال
busy	مشغول
but	لكن
butter	زبدة
butterfly	فراشة
button	زر
buy	يشتري
by	عن طريق
by the way	على فكرة
bye	مع السلامة
cabbage	كرنب
cabbage	ملفوف
cabinet	خزانة
cage	قفص
cake	كيك
calf	عجل
call	يتصل
call	مكالمة
call me	اتصل بي
called	يسمى
calm	هاديء
came	وصل
campaign	حملة
can	علبة
can	قادر
can't	لا يستطيع
Cancel	يلغي
cancer	سرطان
capable	قادر على
capacity	سعة
capital	رأس مال
capital	عاصمة
caption	توضيح
capture	يقبض على
car	عربية
career	حياة مهنية
careful	حذِر
carefully	بعناية
careless	مهمل
caring	رعاية
carpenter	النجار
carpet	سجادة
carrot	جزر
carry	يحمل
carry on	يحمل
carry out	يكتشف
case	غطاء
case	قضية
cash	نقدي
cast	يصب
castle	قلعة
casual	غير رسمي
cat	قطة
catch	يقبض
category	فئة
cattle	ماشية
caught	قبض
cause	يسبب
cause	سبب
caution	حذر
cautious	حذر
cave	كهف
cease	انقطع
ceiling	سقف
celebrate	احتفل
cell	خلية
center	مركز
century	قرن
cereal	حبوب الذرة
ceremony	احتفال
certain	محدد
certainly	تحديدا
certificate	شهادة
chain	سلسلة
chair	كرسي
challenge	يتحدى
challenge	منافسة
chance	فرصة
change	فكة
change	يغير
chaos	فوضى
character	شخصية
characteristics	صفات
charge	يشحن
charge	غرامة
charity	صدقة
charming	جذاب
chart	جدول
chase	يطارد
chat	يدردش
chat	دردشة
cheap	رخيص
cheat	يغش
cheating	غش
check	يختبر
check	فحص
cheek	خدّ
cheer	يشجع
cheerful	مبسوط
cheers	نخب
cheers	هتاف
cheese	جبنة
chemistry	كيمياء
cherish	يعتز
chess	شطرنج
chest	صدر
chew	مضغ
chicken	دجاج
chief	رئيس
child	طفل
childhood	طفولة
children	أطفال
chill	يرتجف
chill	بارد
chill	برد قارس
chimneys	مداخن
chin	ذقن
chocolate	شوكولاتة
choice	خيار
choose	يختار
chop	يقطع
chores	واجبات منزلية
chubby	سمين
church	كنيسة
cinnamon	القرفة
circle	دائرة
circumstances	ظروف
citizen	مواطن
city	مدينة
claim	شكوى
claim	يطالب
clarify	يوضح
class	فصل
clay	فخار
clean	نضيف
clear	واضح
clear	يفسر
clerk	موظف
clever	ذكي
client	عميل
cliff	منحدر
climate	مناخ
climb	يتسلق
clingy	لزج
clock	ساعة
close	أقفل
closet	خزانة
cloth	قماش
clothes	ملابس
cloud	سحاب
cloudy	غائم
cloudy	سحابي
clown	مهرج
clue	دليل
clumsy	أخرق
cluster	جماعة
coach	يدرب
coach	مدرب
coal	فحم
coast	شاطئ
coat	سيوتر
coat	جاكت
coffee	قهوة
cognitive	مقرب
coincidence	صدفة
cold	بارد
cold	نزلة برد
collapse	ينهار
collar	طوق حديد
colleague	زميل
colleagues	زملاء
collect	يجمع
collection	مجموعة
college	كلية
color	لون
colorless green ideas slept furiously	نامت الأفكار الخضراء عديمة اللون غاضبة
colour	لون
column	عمود
comb	مشط
combination	مزيج
combine	يجمع
come	تعال
come here	تعال هنا
come on	تعال
comfort	راحة
comfortable	مرتاح
coming	يأتي
coming soon	قريباً
command	يأمر
comment	تعليق
commercial	تجاري
commission	عمولة
commit	يرتكب
commitment	التزام
committed	ملتزم
commodity	بضاعة
common	شائع
common	سيء الخلق
communicate	يتواصل
communication	تواصل
community	المجتمع
commute	يداوم ي مكان بعيد
commute	استبدل
companion	مرافق
company	شركة
compare	يقارن
comparison	مقارنة
compassion	إشفاق
compassionate	حنون
compatible	متناسق
compete	ينافس
competent	مؤهل
competition	منافسة
competitive	تنافسي
complain	يشتكي
complaint	شكوى
complement	مديح
complement	أكمل
complete	يكمل
completely	بالكامل
complex	معقد
compliance	طاعة
complicated	معقد
compliment	مديح
comply	أطاع
composition	تعبير
compound	مُجَمَّع
comprehension	فهم
comprehensive	شامل
compromise	تضحية
compromise	يضحي
compulsory	إلزامي
computer	حاسوب
concentrate	يركز
concept	فكرة
concern	توتر
concern	يتعلق
concerned	قلقان
concert	حفلة موسيقية
conclusion	ختام
concrete	يتماسك
concrete	خرسانة
concrete	صلب
condition	ظرف
conditions	شروط
conduct	يقود
conduct	يتصرف
conference	مؤتمر
confess	اعترف
confidence	ثقة
confident	واثق من نفسه
confirm	يؤكد
conflict	تناقض
confused	متحير
confusion	تشويش
congrats	مبروك
congratulation	مبروك
congratulations	مبروك
conjunction	إكمال
conjunction	توصيل
connect	يتصل
conquer	يغزو
conscious	واعي
consciousness	الوعي
consent	يقبل
consent	موافقة
consequences	عواقب
conservation	صيانة
conservative	معتدل
consider	إعتبر
considered	معتبر
consist	يتكون
consistency	تناسق
consistent	ثابت
constant	ثابت
constantly	باستمرار
constipation	إمساك
construction	بناء وتشييد
consume	يستهلك
consumption	إستهلاك
contact	يتواصل
contact	وساءل اتصال
contagious	معدي
contain	يحتوى
contains	يتضمن
contemporary	جديد
contempt	احتقار
content	محتوى
contest	خلاف
context	سياق الجملة
continent	القارة
continue	أستمر
contract	يتعاقد
contract	عقد
contrast	يقارن
contrast	تناقض
contribute	يساهم
contribution	مساهمة
control	يتحكم
controversial	جدلي
convenience	راحة
convenient	مريح
conversation	ونسة
convert	يحول
convert	متحول
convey	يبلغ
convince	يقنع
convinced	مقتنع
cook	يطبخ
cook	طباخ
cooking	طبخ
cool	منعش
cool	رائع
cooperation	تعاون
cope	يصد
copper	نحاس
core	قلب الشيء
corn	حبوب ذرة
corner	ركن
correct	يصحح
cost	يكلف
cost	تكلفة
costume	زي
costume	ملابس
cottage	كوخ
cotton	قطن
couch	أريكة
cough	كحة
could	يجب
council	مجلس
count	أحسب
counter	عداد
country	الريف
country	دولة
countryside	الريف
couple	زوجين
courage	شجاعة
course	كورس
court	محكمة
courtesy	مجاملة
cousin	ود عم
cover	يغطي
cow	بقرة
coward	جبان
cozy	مريح
crab	سرطان البحر
crab	غضب
crack	شق
crack	انشق
craft	مهنة
crap	كلام فارغ
crash	سقوط
crash	يكسر
craving	يشتهي
crawl	زحف
crazy	مجنون
create	يصنع
creative	مبدع
credit	ائتمان
creep	زحف
creepy	شخص غريب
crew	طاقم عمل
crime	جريمة
cringe	منكمش
cringe	ينكمش
crisis	مصيبة
criteria	معايير
critical	حرج
criticism	نقد
crop	اقتصاص
crops	المحاصيل
cross	تقاطع
cross	يعبر
crow	الغراب
crowd	زحمة
crowded	زحمة
crown	تاج
crucial	ضروري
cruel	عنيف
cruise	رحلة بحرية
cry	يبكي
cucumber	خيار
cuddle	يحضن
culture	ثقافة
cunning	مكر ودهاء
cup	كأس
cup	كوب
cupboard	دولاب
curb	لجام
cure	علاج
cure	يعالج
curfew	حظر تجول
curiosity	فضول
curious	فضولي
curly	مكرمش
currency	عملة
current	الحالي
current	متدفق
currently	حاليا
curse	لعنة
curtain	ستارة
curtain	حجاب
cushion	مخدة
custom	مخصص
customer	زبون
customs	جمارك
cut	جرح
cut	يقطع
cute	ظريف
cycle	دورة
cycling	تدوير
dad	بابا
daddy	بابا
daily	يومياً
dairy	منتجات اللبن
dam	سد
damage	يتلف
damage	ضرر
damn	تباً
damp	رطب
dance	الرقص
danger	خطر
dangerous	خطير
dark	ظلام
darling	عزيزي
dash	خط فاصل
dash	سباق
data	بيانات
date	تاريخ
date	موعد غرامي
daughter	بنت
day	يوم
dead	ميت
deadline	موعد نهائي
deaf	أصم
deal	صفقة
deal	يتعامل
dear	عزيزي
Dear All	أعزائي
Dear Customer	عزيزي العميل
Dear Parents	الأباء الأعزاء
Dear Sir	سيدي العزيز
Dear students	طلابي الأعزاء
Dear Team	فريقي العزيز
death	الموت
debate	مناظرة
debit	دَين
debris	حطام
debt	ديون
decade	عقد من الزمان
decay	فساد
deceased	فقيد
deceive	يخدع
december	ديسمبر
decent	مقبول
decide	يقرر
decided	قرر
decision	قرار
deck	ظهر السفينة
decline	يرفض
decrease	ينقص
dedicated	منفصل
dedication	إخلاص
deed	فعل
deep	عميق
deer	غزال
default	إفتراضي
defeat	يهزم
defeat	هزيمة
defend	يدافع
define	يُعرِّف
definitely	تحديداً
definition	تعريف
degree	درجة
delay	يؤجل
delay	تأخير
delayed	تأخير
delete	يمسح
deliberate	مدروس
delicate	حساس
delicious	لذيذ
delight	فرحة
delighted	سعيد
deliver	يسلم
delivered	تم التوصيل
delivery	توصيل
demand	يطلب
demand	طلب
demanding	متطلبات
democracy	ديمقراطية
demon	شيطان
demonstrate	يوضح
denied	مرفوض
density	كثافة
dentist	طبيب أسنان
deny	ينكر
department	قسم
departure	رحيل
depend	يعتمد
deploy	نشر
deposit	يودع في حساب
deposit	وديعة
depressed	مدبرس
depression	دبرسة
depth	عمق
describe	يصف
description	وصف
desert	صحراء
deserve	يستاهل
design	يصمم
design	تصميم
designation	توظيف
desire	رغبة
desire	يرغب
desk	درج
despair	يأس
desperate	يائس
despite	بالرغم من
dessert	تحلية
destination	وجهة
destiny	مصير
destroy	يدمر
destruction	دمار
detail	التفاصيل
details	تفاصيل
detect	يكشف
determination	عزيمة
determine	يحدد
determined	حدد
devastated	دمر
develop	يطور
developed	متطور
development	تحسين وتطوير
device	جهاز
devil	شيطان
devoted	مخلص
Dhivehi	لغة الديفيهي
diabetes	السكري
diarrhea	إسهال
diary	مذكرة
dictionary	قاموس
did	فعل
die	يموت
died	مات
diet	حمية
difference	اختلاف
different	مختلف
difficult	صعب
dig	يحفر
dignity	كرامة
diligent	مجتهد
dinner	العشاء
dip	غطس
dip	غرف
direct	مباشر
direction	اتجاه
director	مخرج
director	مدير
dirt	وسخ
dirty	وسخان
disable	يبطل
disable	عاجز
disabled	مشلول
disabled	عاجز
disappear	يختفي
disappointed	مخيب
disaster	كارثة
discard	يرمي
discard	يرفض
discharge	تسريح
discipline	انضباط
discount	تخفيض
discover	يكتشف
discrimination	عنصرية
discuss	يناقش
discussion	مناقشة
disease	مرض
diseases	الأمراض
disguise	إخفاء
disgusting	مقزز
dish	صحن
dishes	صحون
dismiss	رفض
dispatch	برقية
display	شاشة
disposal	تصرف
dispute	خصام
distance	مسافة
distinct	مميز
distinguish	يميز
distress	مصادرة مال
distress	حزن
distribution	توزيع
district	ولاية
disturb	يزعج
ditch	مصرف
dive	يغوص
diverse	متنوع
diversity	تنوع ثقافي
divide	يقسم
divine	ديني
divorce	يطلق
divorce	طلاق
dizzy	مصاب بالدّوار
do	أعمل
do you	هل أنت
do you love me	هل بتحبني
doctor	طبيب
document	مستند
does	يعمل
doesn't	لا
dog	كلب
Dogri	لغة الدوجري
doing	يعمل
doll	لعبة
domain	اِختِصاص
domestic	محلي
dominant	مسيطر
don't	لا
Don't worry	ما تخاف
donate	يتبرع
done	إنتهى
donkey	حمار
dope	مخدر
double	يضاعف
double	مرتين
double	يزيد مرتين
doubt	ظن
doubt	يشك
dough	عجينة
down	تحت
download	تحميل
draft	يخطط
draft	مسودة
drag	يسحب
drain	يجفف
drain	تصريف
drama	دراما
draw	يرسم
drawer	الدرج
drawer	سروال
drawing	رسم
dread	خوف
dream	يحلم
dream	حلم
dress	فستان
drill	تدريب
drink	يشرب
drink	مشروب
drive	يسوق
drop	قطرات
drop	يسقط
dropped	اسقط
drought	جفاف
drunk	سكران
dry	ناشف
dry	جاف
duck	بطة
dude	صاحبي
due	حقوق
due to	بسبب
dull	بليد
dull	ممل
dumb	أبكم
dump	مخزن قديم
duration	مدة
during	أثناء
dust	غبار
duty	واجب
dwell	يسكن
dwell	يتعمق في التفكير
dying	الموت
each	كل
each other	بعضها البعض
eager	مشتاق
eagle	نسر
ear	أذن
earlier	سابقًا
early	بدري
earn	يربح
ears	آذان
earth	أرض
earthquake	زلزال
ease	بسهولة
easily	بسهولة
east	شرق
easy	ساهل
eat	يأكل
eating	يأكل
economic	اقتصادي
economy	اقتصاد
edge	جانب
edit	يحرر
edit	يعدل
education	تعليم
effect	تأثير
effective	ناجح
efficiency	كفاءة
efficient	فعال
effort	مجهود
egg	بيضة
eggplant	الباذنجان
ego	أنانية
eight	ثمانية
eighteen	الثامنة عشر
eighty	ثمانون
either	برضو
elaborate	يشرح بالتفصيل
elbow	مرفق
elder	عجوز
elderly	عجوز
elegant	أنيق
element	عنصر
elephant	الفيل
eleven	أحد عشر
eligible	قانوني
eliminate	طرد
else	آخر
embarrassed	مُحرَج
embarrassing	محرج
embrace	يعانق
emerge	يظهر
emergency	طوارئ
emotional	عاطفي
empathy	تعاطف
emphasis	تشديد
emphasize	يؤكد
employee	موظف
employees	موظفين
employer	صاحب العمل
employment	توظيف
empty	فاضي
enable	يفعل
encounter	مواجهة
encourage	يشجع
end	النهاية
endangered	مهدد بالخطر
endeavor	حاول
endurance	تحمل
endure	يعاني
enemy	العدو
energy	طاقة
engage	يرتبط
engaged	مرتبط
engagement	إرتباط
engine	مكنة
engineer	مهندس
English	إنجليزي
enhance	يحسن
enjoy	استمتع
enormous	ضخم
enough	كفاية
ensure	يتأكد
enter	يدخل
entertainment	متعة
enthusiasm	حماس
enthusiastic	متحمس
entire	كل
entitled	مستحق
entity	وجود
entrance	مدخل
entrepreneur	مُقَاوِل
envelope	ظرف
environment	بيئة
envy	حسد وحقد
epic	بطولي
epidemic	وباء
equal	مساوي
equipment	معدات
equity	العدالة
equivalent	مقابل
eraser	مساحة
error	خطأ
escape	يهرب
especially	خصوصي
essay	مقال
essence	خلاصة
essence	محلول مادة
essential	ضروري
establish	يؤسس
established	مؤسس
estate	حالة
estate	ملكية
estate	ولاية
estimate	يحسب
estimated	مُقدَّر ومحسوب
etc	إلخ
eternal	مؤبد
ethics	أخلاق مهنة
evaluate	يقيم
evaluation	تقييم
even	حتى
even though	على الرغم من
evening	المساء
event	مناسبة
eventually	مؤخراً
ever	أبدًا
every	كل
everybody	الجميع
everyone	كل واحد
everything	كل حاجة
evidence	دليل
evil	شر
evolution	تطور
evolve	تطور
evolve	انشأ
Ewe	لغة الإيوي
exact	بالضبط
exactly	بالضبط
exam	امتحان
examine	يفحص
example	مثال
exceed	يتجاوز
excellent	ممتاز
except	عدا
exception	استثناء
excess	إفراط
excessive	مُبَالَغ فيه
exchange	تبادل
excited	متحمس
excited	منفعل
excitement	دهشة
exciting	حماسي
exclusive	حصري
excuse	عذر
excuse me	عن إذنك
execute	ينفذ
execution	تنفيذ
executive	تنفيذي
exercise	واجب منزلي
exercise	يتدرب
exhaust	يرهق
exhaust	العادم
exhausted	مرهق
exhibit	يعرض
exhibition	معرض
exist	موجود
existence	وجود
existing	موجود
exit	مخرج
expand	يوسع
expect	يتوقع
expected	متوقع
expenses	مصاريف
expensive	غالي
experience	يجرب
experience	خبرة
experiment	تجربة
expert	خبير
expired	منتهي الصلاحية
explain	يفسر
explanation	توضيح
exploit	يستغل
explore	إكتشف
export	يصدّر
expose	يفضح
exposed	مُعرض
exposure	عرض
express	يعبر
expression	تعبير
extend	يمد
extended	ممتد
extension	امتداد
extent	امتداد
external	خارجي
extinct	ينقرض
extra	إضافي
extract	يستخرج
extraordinary	نادِر
extreme	أقصى
extremely	أقصى
eye	عين
eyes	عيون
fabric	قماش
fabulous	رائع
face	يواجه
face	وجه
facilitate	يسهل
facilities	تسهيلات
facility	منشأة
fact	واقع
factor	عامل
factory	مصنع
facts	حقائق
fade	يختفي
fail	ظلم
fail	شتيمة
failed	فشل
failure	فشل
faint	يفقد الوعي
fair	نقي
fair	نزيه
fairly	تماما
fairy	جنية
faith	مذهب
faith	إيمان
faithful	مؤمن
fake	مزيف
fall	الخريف
fall	يسقط
false	غلط
fame	شهرة
familiar	مألوف
family	أسرة
famine	مجاعة
famous	مشهور
fan	مروحة
fan	مشجع
fancy	مزخرف
fantastic	رائع
far	بعيد
farewell	وداع
farm	مزرعة
farmer	مزارع
fascinating	خلاب
fashion	موضة
fast	سريع
fat	سمين
fatal	مهلك
fate	قدر
father	والد
fatigue	إرهاق
fault	خطأ
favorite	مفضل
favour	معروف
favourite	مفضل
fear	خوف
fear	يخاف
feast	وليمة
feast	عيد
feather	ريشة
feature	ميزة
feature	يميز
features	مميزات
february	شهر فبراير
fed up	ملل
fee	رسوم
feed	يطعم
feed	علف
feedback	تقييم
feel	يشعر
feeling	شعور
feet	قدم
fell	يسقط
fellow	زميل
felt	شعر
female	أنثى
fence	سور
fertile	أرض خصبة
festival	مهرجان
fetch	أحضر
fever	حمى
few	قليل
fewer	أقل
fiance	خطيب
fiction	خيالي
field	مجال
field	ميدان
fierce	شرس
fifteen	خمسة عشر
fifty	خمسون
fight	قتال
fight	يحارب
fighting	قتال
figure	يشكل
figure	شكل
figure out	يكتشف
file	ملف
fill	املأ
filled	مملوء
film	فيلم
filthy	فاحش
finally	آخر حاجة
finance	تمويل
financial	مالي
find	يجد
find out	اكتشف
fine	بخير
fine	غرامة
finger	اصبع
finish	ينهي
finished	انتهى
fire	نار
firm	شركة
firm	رسخ
first	أول
first name	الاسم الأول
fish	سمكة
fit	سليم
fit	يناسب
five	خمسة
fix	يصلح
fixed	مثبت
flag	علَم
flash	فلاش
flash	مفاجئ
flat	مسطح
flat	شقة
flaw	جو عاصف
flaw	عيب
flawless	مثالي
flee	اهرب
flesh	لحم
flew	طار
flex	لوى
flexible	مرن
flight	رحلة جوية
flip	يواجه
flirt	يغازل
flirt	يعاكس
flirting	مغازلة
float	يعوم
flood	فيضان
floor	أرضية
flour	دقيق
flow	جريان
flow	تدفق
flower	زهرة
flu	أنفلونزا
fluent	موهوب
fluently	بطلاقة
fluffy	رقيق
fluffy	ناعم
fluid	سائل
fly	يطير
focus	تركيز
focus	يركز
fog	ضباب
foggy	ضبابي
fold	يطوى
folks	الناس
follow	يتبع
follow up	متابعة
following	التالي
food	أكل
fool	مغفل
fool	يخدع
foolish	غبي
foot	قدم
football	كرة القدم
for	ل
For example	على سبيل المثال
for instance	على سبيل المثال
for you	لك
forbidden	ممنوع
force	قوة
forecast	تكهن
forehead	جبهة
foreign	أجنبي
forest	غابة
forever	للأبد
forget	ينسى
forgive	يسامح
forgot	نسيت
fork	شوكة
form	يشكل
form	شكل
formal	رَسمِيّ
former	سابق
fortunately	لحسن الحظ
fortune	حظ
forty	أربعين
forty-two	اثنان وأربعون
forward	لقدام
foster	شجع
fought	حارب
found	أسس
foundation	مؤسسة
four	أربعة
fourteen	أربعة عشرة
fox	الثعلب
fragile	هش
frame	إطار
framework	إطار
framework	نظام
fraud	إحتيال
freak	غريب الشكل
free	مجاني
freedom	حرية
freeze	تجميد
frequency	تكرار
frequent	متكرر
frequently	تكرارا
fresh	طازج
friday	الجمعة
fridge	ثلاجة
friend	صاحب
friendly	لطيف
friends	أصحاب
friendship	صداقة
frightened	مرعوب
frightening	مخيف
frog	ضفدع
from	من
front	أمام
frozen	مجمد
fruit	فاكهة
frustrated	محبط
fuel	وقود
Fulfulde	لغة الفولفولدي
full	كامل
fun	متعة
function	وظيفة
fundamental	أساسي
funeral	جنازة
funny	مضحك
fur	الفراء
furious	زعلان
furniture	عفش
further	إضافةً
furthermore	بالإضافة
future	مستقبل
gain	ربح
gain	يكسب
game	لعبة
gap	فراغ
garage	موقف سيارات
garbage	وساخة
garden	حديقة
garlic	ثوم
gate	بوابة
gather	يجمع
gathering	تجمع
gauge	مقياس
gave	أعطى
gear	ترس
gender	الجنس
general	عام
generally	عمومًا
generate	يولد
generation	جيل
generous	كريم
genius	عبقري
genre	النوع
gentle	محترم
genuine	عبقري
gesture	إيماءة
get	خذ
get dressed	ألبس
get up	إنهض
get well soon	عاجل الشفاء
getting	الحصول
ghost	شبح
ghosting	الظلال
giant	عملاق
gift	هدية
ginger	جنزبيل
girl	بنت
girlfriend	حبيبة
give	أعطي
give up	يستسلم
given	منح
glad	سعيد
glance	يلمح
glass	زجاج
glass	نضارة
glasses	زجاج
glasses	نظارات
glimpse	لمحة
global	عالمي
gloomy	كئيب
gloves	قفازات
gloves	جوانتي
glow	لمع
glow	حماس
glow up	لمع
glue	صمغ
go	أمشي
go ahead	تفضل
go away	أبعد
go to bed	أمشي نوم
goal	هدف
goals	الأهداف
goat	ماعز
god	الله
god bless you	يرحمك الله
goes	يذهب
going	يذهب
going to	الذهاب الى
gold	ذهب
gone	ذهب
gonna	سوف أفعل كذا
goo	لزج
good	عمل خير
good	جيد
good afternoon	مساء الخير
good bye	مع السلامة
good day	يوم جيد
good evening	مساء الخير
good job	أحسنت
good looking	طلة جميلة
good luck	حظ سعيد
good morning	صباح الخير
good morning my love	صباح الخير يا حبيبتي
good night	تصبح على خير
goodbye	مع السلامة
goodnight	ليلة سعيدة
goods	بضائع
Google Translate	مترجم قوقل
goose	أوزة
gorgeous	رائع
gossip	نميمة
got	إمتلك
got it	فهمت
government	حكومة
grab	يمسك
grade	درجة
gradually	تدريجياً
graduate	خريج
grain	قمح
grant	منحة
granted	أعطى
grapes	العنب
grasp	يمسك
grass	عشب
grateful	ممتن
gratitude	عرفان وجميل
grave	قبر
gray	رمادي
great	عظيم
greed	جشع
greedy	طماع
green	أخضر
greet	تحية
greeting	تحية
greetings	تحية
grey	رمادي
grid	شبكة
grief	عزاء
grief	حزن
grind	سحق
grip	سيطرة
grocery	خضروات
groom	عريس
gross	الكلي
ground	أرض
group	مجموعة
grow	يتطور
growth	نمو
grumpy	غاضب
Guarani	لغة الغواراني
guarantee	يضمن
guard	حارس شخصي
guard	يحمي
guess	تخيل
guest	ضيف
guidance	إرشاد
guide	يرشد
guide	دليل
guilty	مذنب
guy	شاب
guys	شباب
gym	نادي رياضي
habit	عادة
habitat	موطن
had	إمتلك
hail	تمطر برد
hair	شعر
half	نصف
hall	قاعة
hand	يد
handle	مقبض
handle	يمسك
handsome	وسيم
hang	يشنق
hang out	يتسكع
happen	يحدث
happened	حصل
happiness	سعادة
happy	سعيد
happy birthday	عيد ميلاد سعيد
happy birthday to you	عيد ميلاد سعيد
happy new year	سنة سعيدة
hard	صعب
hardly	بصعوبة
hardly ever	شبه مستحيل
harm	أذي
harm	يؤذي
harmful	ضار
harmony	انسجام
harsh	قاسي
harvest	محصول
has	يملك
hate	يكره
have	يملك
have a good day	اتمنى لك يوم جيد
have a nice day	يوم سعيد
have breakfast	تناول الفطور
have fun	استمتع
have you eaten	هل أكلت
having	نأخذ
hazard	خطر
haze	ضباب
he	هو
he has	هو يملك
he is	هو
head	رأس
headache	صداع
heal	يشفى
healing	شفاء
health	الصحة
healthy	صحي
hear	يسمع
heard	سمع
heart	قلب
heat	حرارة
heat	يسخن
heaven	جنة
heavy	ثقيل
hectic	محموم
height	إرتفاع
heir	وريث
heist	سرقة
held	تولى مسؤولية
held	مسك
hell	جحيم
Hello	مرحب
hello dear	مرحبا عزيزي
hello how are you	السلام عليكم، كيف حالك
hello how are you doing	مرحبا كيف أخبارك
helmet	خوذة
help	يساعد
helpful	متعاون
hence	لذلك
her	حقها
herd	قطيع
here	هنا
heritage	تراث
hesitate	يتردد
Hey	هيي
Hi	السلام عليكم
hi how are you	مرحباً كيف حالك
Hi there	مرحباً
hidden	مخفي
hide	يخفي
hierarchy	رتب
high	عالي
highlight	تسليط الضوء
hike	يتنزه
hike	يرتفع
hiking	تزلج
hilarious	متعة
hill	جبل تراب
him	هو
hint	إشارة
hip	خاصرة
hips	خَواصِر
hire	يوظف
hiring	توظيف
his	ملكه
history	تاريخ
hit	يضرب
hobby	هواية
hold	يمسك
hold	ينتظر
hold on	انتظر
hole	فتحة
holiday	إجازة
hollow	مجوف
home	البيت
homework	واجب منزلي
honest	صادق
honestly	بصدق
Honey	حبيبتي
Honey	عسل
honor	شرف
hood	غطاء مكنة العربية
hood	كَبُّوت
hook	خطاف
hop	قفز
hope	أمل
hope	يتمنى
hopefully	على أمل
hopeless	ما فيه أمل
horizontal	أفقي
horn	بوري
horn	ضرب
horrible	فظيع
horror	خوف
horse	حصان
hospital	مستشفى
hospitality	ضيافة
host	مضيف
host	يستضيف
hostile	عدائي
hot	ساخن
hotel	الفندق
hour	ساعة
hours	ساعات
house	منزل
household	أهل بيت
how	كيف
how about you	رأيك شنو
how are you	كيف حالك؟
how are you doing	كيف حالك
how are you doing today	كيف حالك اليوم
how are you today	كيف حالك اليوم ؟
how do you do	كيف حالك
how is	كيف هو
how many	كم عدد
how much	كم السعر
how often	كم مرة
how old are you	عمرك كم
how was your day	كيف كان يومك
how was your night	كيف كانت ليلتك
however	مع ذلك
hub	محور
hubby	زوج
hug	يحضن
hug	عناق
huge	ضخم
human	إنسان
humble	متواضع
humid	رطب
humidity	رطوبة
hundred	مائة
hungry	جائع
hunt	مطاردة
hurricane	اعصار
hurry	أسرع
hurry up	أسرع
hurt	يعوق
husband	زوج
hustle	ضجيج
hustle	يسرع
hut	كوخ
hygiene	صحة
I	أنا
I am	أنا
I am fine	أنا بخير
I can	أنا قادر
I can't	لا يستطيع
I do	أفعل
I do not know	ما عارف
I do not understand	لا أفهم
I don't	أنا لا
I don't know	ما عارف
I don't understand	ما فاهم
I don't understand what you mean	ما فاهم قصدك
I don't understand you	لا أفهمك
I don’t know	ما عارف
I don’t understand	لا أفهم
i guess	اعتقد
I had	كان عندي
I have	أنا أملك
I have been	لقد كنت
I hope so	أتمنى ذلك
I know	عارف
I like	انا بحب
I like you	أنا بريدك
I love	أنا أحب
I love my big brother	بحب أخوي الكبير
I love my big sister	بحب اختي الكبيرة
I love my father	بحب أبوي
I love my little brother	بحب أخوي الصغير
I love my little sister	بحب أختي الصغيرة
I love my mother	بحب أمي
I love you	بحبك
I love you so much	بحبك شديد
I love you too	أنا كمان بحبك
I mean	أعني
I miss you	مشتاق ليك
I miss you so much	مشتاق ليك كتير جدا
I see	فهمت
I think	أظن
I understand	أنا متفهم
I want	أريد
I want to see you	أنا عايز أشوفك
I want you	أريدك
I was	أنا كنت
I will	أنا سوف
I would be	سأكون
I'm	أنا
I'm fine	أنا تمام
I'm good	أنا بخير
I'm here	أنا هنا
I'm sorry	أنا آسف
ice	جليد
ice cream	أيس كريم
idea	فكرة
ideal	مثالي
identical	تطابق
identify	يحدد
identity	إثبات شخصية
identity	هوية
idiot	غبي
idle	عاطل
if	إذا
ignore	يتجاهل
ill	مريض
illegal	غير قانوني
illness	مرض
Ilocano	لغة إيلوكانو
image	صورة
imagine	اتخيل
immediate	حالا
immediately	حالاً
immense	كبير
impact	أثر
impact	يؤثر
impatient	قليل الصبر
implement	ينجز
import	يستورد
import	إستيراد
important	مهم
impose	تطفل
impose	خدع
impossible	مستحيل
impress	يبهر
impression	انطباع
impressive	مبهر
improve	تحسين
improvement	تحسين
in	داخل
in addition	بالإضافة
In fact	في الحقيقة
in front of	امام
in order to	بغرض
inappropriate	غير مناسب
incentive	حافز
incident	حادث
include	يشمل
including	يشمل
income	دخل
inconvenience	غير مريح
increase	يزيد
increase	زيادة
increased	زيادة
incredible	رائع
indeed	في الحقيقة
independent	مستقل
India	الهند
indicate	يشير إلى
indigenous	أصلي
individual	فرد
industry	مجال
inevitable	لا مفر منه
infant	قاصر
infant	طفل رضيع
infection	عدوى
infinity	ما لا نهاية
inflammation	التهاب
inflation	تضخم
influence	يؤثر
influence	تأثير
inform	يخبر
information	معلومات
ingredients	مكونات
inheritance	ميراث
initial	في البداية
initiative	مبادرة
injured	مصاب
injury	إصابة
innocent	بريء
innovation	ابتكار
inquiry	استفسار
insane	جنون
insect	حشرة
insecure	غير آمن
insert	أدخل
inside	في الداخل
insight	عقلانية
insist	يصر
insomnia	أرق وعدم نوم
inspiration	قدوة
inspire	يلهم
install	يثبت
instance	مثال
instant	فوري
instead	بدل من
instead of	بدلاً من
instructions	تعليمات
instrument	أداة
insult	يشتم
insurance	تأمين
intact	بكر
intact	متصل
integrity	نزاهة
intellectual	مفكر
intelligence	ذكاء
intelligent	ذكاء
intend	ينوي
intended	مقصود
intense	شديد
intention	نية
interact	يتفاعل
interaction	تفاعل
interest	إهتمام
interested	مهتم
interesting	مهتم
interfere	يتدخل
intermediate	متوسط
internal	داخلي
international	دولي
internship	تدريب
interpret	يفسر
interpreter	مترجم فوري
interrupt	يقاطع
interview	مقابلة
intimate	عاطفي
into	داخل
introduce	يقدم
introduction	مقدمة
introvert	انطوائي
intuition	بديهة وذكاء
invalid	غير صالح
invent	يخترع
inventory	جرد السلع
invest	يستثمر
investigate	يفتش
investigate	يتحرى
invitation	دعوة
invite	يدعو
invoice	كتب فاتورة
invoice	فاتورة
involve	بيتضمن
involved	متورط
iron	حديد
iron	يكوي
is	يكون
island	جزيرة
isolated	منفصل
issue	يصدر
issue	مشاكل
issues	مشاكل
it	هو لغير العاقل
it	هي
it is	هو
it was	كان
it's	إنه
it's ok	ما مشكلة
It's okay	ما مشكلة
item	بند
items	عناصر
its	هو
I’m	أنا
jacket	جاكت
jail	سجن
January	يناير
jar	علَبة
jaw	فك
jealous	غيور
jerk	رعشة
jewelry	مجوهرات
job	وظيفة
jogging	يتمشى
join	ينضم
joint	عقدة
joint	وصلة
joke	نكتة
journalist	صحافي
journey	رحلة
joy	بهجة
joy	لعبة
judge	قاضي
judge	يحكم على
juice	عصير
july	يوليو
jump	القفز
june	يونيو
junk	نفايات
just	عدل
just	فقط
just do it	افعل ذلك
justice	عدالة
justify	يبرر
Kalaallisut	لغة كالاليسوت
keen	حريص
keen	قادر
keep	يحفظ
keep it up	استمر
kept	أبقى
kettle	غلاية
key	مفتاح
kick	ركلة
kid	طفل
kidding	يمزح
kidney	كلية
kids	أطفال
kill	يقتل
kind	نوع
kind	حنون
kinda	نوعا ما
kindly	لطفا
kindness	حنان وعطف
king	ملِك
kiss	قبلة
kitchen	مطبخ
kite	طائرة ورقية
kitten	قطه صغيرة
kitten	تلد
knee	ركبة
knew	عرف
knife	سكين
knight	فارس
know	يعرف
knowledge	علم
known	معروف
Konkani	اللغة الكونكانية
Krio	لغة الكريو
label	يصنّف
label	قائمة
labor	عمل
labor	جهد
labour	عمل
lack	نقص
ladder	سُلُّم
lady	سيدة
laid	إستلقى
laid	وضع
lake	بحيرة
lamb	لحم خروف
lame	أعرج
lamp	لمبة
land	أرض
land	يهبط
landscape	مناظر طبيعة
language	لغة
lap	حضن
large	كبير جدا
last	آخر
last but not least	أخيراً وليس آخراً
last name	اسم العائلة
late	متأخر
lately	مؤخرا
later	بعدين
latest	أحدث
latter	أخير
laugh	يضحك
laughing	يضحك
laughter	ضحك
launch	يطلق
laundry	مغسلة
law	قانون
lawn	العشب
lawyer	محامي
lay	وضع
layer	طبقة
layout	تَخطِيط
lazy	كسلان
lead	يقود
leader	قائد
leaf	ورقة
leak	تسريب
lean	نحيف
leap	خطوة
learn	يتعلم
learning	تعلُّم
lease	إيجار
least	الأقل
leather	جلد
leave	إجازة
leave	يغادر
leaves	أوراق شجر
led	قاد
left	غادر
leg	ساق
legacy	ورثة
legal	قانوني
legend	أسطورة
legit	قانوني
leisure	وقت الراحة
lend	دين
lend	أعار
length	طول
less	أقل
lesson	درس
let	أترك
letter	حرف
letter	خطاب
lettuce	الخَسّ
level	مستوى
leverage	تأثير
liability	مسئولية
library	مكتبة
lick	يلحس
lie	يكذب
lie	كذب
lies	يكذب
life	حياة
lift	يرفع
lift	مصعد
light	خفيف
light	نور
light	يضيء
lightning	برق
like	يحب
likely	محتمل
likewise	نفس الفات
line	خط
Lingala	لغة اللينغالا
link	رابط
lion	أسد
liquid	سائل
list	قائمة
listen	أسمع
listening	الاستماع
literally	حرفياً
literature	أدب
litter	نفايات
little	قليل
live	يعيش
live	بث مباشر
liver	الكبد
lives	الأرواح
living	معيشة
living room	غرفة الأكل
lizard	سحلية
load	حمولة
loaf	رغيف
loan	دين
local	محلي
location	موقع
lock	قفل
lockdown	إغلاق
log	يسجل
lol	صاحب
lonely	وحيد
long	طويل
long time no see	وقت طويل بدون رؤية
look	ينظر
look	مظهر
loop	حلقة
loose	يفك
loose	مرخي
lord	إله
lose	يخسر
loss	خسارة
lost	خسر
lot	كثير
loud	صوت عالي
lounge	صالة
love	يحب
love	حُبٌّ
love you	بحبك
lovely	محبوب
low	منخفض
lower	أدنى
loyal	وفي
loyalty	وفاء
luck	حظ
lucky	محظوظ
Luganda	لغة لوغندا
luggage	عفش
lump	كتلة
lunch	يطلق
lungs	رئتين
luxury	رفاهية
lying	يكذب
machine	آلة
mad	مجنون
madam	سيدة
made	مصنوع
magazine	مجلة
magnificent	عظيم
maid	خادمة
main	أساسي
maintain	يحافظ على
maintenance	صيانة
Maithili	لغة المايثيلي
major	رائد
major	أساسي
majority	غالبية
make	يصنع
make up	مكياج
male	ذكر
mall	مجمع تجاري
mall	مول
man	رجل
manage	يدير
management	إدارة
manager	مدير
mandatory	إجباري
manifest	واضح
manipulate	يتلَاعب ب
manner	اسلوب
manual	يدوي
many	كتير
many many happy returns of the day	تعود الأيام بسعادة
march	مارس
margin	هامِش
market	سوق
marriage	زواج
married	متزوج
mask	قناع
mass	كتلة
massive	كبير
master	يتقن
match	يطابق
match	مباراة
mate	زميل
material	مواد
math	الرياضيات
matter	قضية
matter	يهم
maturity	بلوغ
may	ربما
may	مايو
maybe	ربما
me	أنا
me too	أنا أيضاً
meal	وجبة
mean	وسيلة
mean	وسط
meaning	معنى
means	يعني
meant	قصد
meanwhile	في حين
measure	يقيس
measures	مقاسات
meat	لحمة
medical	طبي
medicine	دواء
meditation	تأمل
medium	وسط
meet	يقابل
meeting	إجتماع
Meiteilon	لغة الميتيلون
melt	إنصهار
memories	ذكريات
memory	ذاكرة
mental	فكري
mention	أذكر
mentioned	أشار الى
mentor	مُرشِد
merchant	تاجر
mercy	رحمة
merely	مُجَرّد
merry christmas	عيد ميلاد مجيد
mess	فوضى
message	رسالة
messy	عشوائي
metal	معدن
method	طريقة
mice	الفئران
middle	منتصف
midnight	منتصف الليل
might	ربما
mild	لطيف
mild	خفيف
milestone	منعطف
military	جيش
milk	لبن
million	مليون
mind	يمانع
mind	عقلية
mindset	عقلية
mine	لي
mine	منجم
mingle	مزج
minor	صغير
minute	دقيقة
minutes	دقائق
miracle	معجزة
mirror	مرآة
miscellaneous	متنوع
mischievous	مزعج
miserable	تعيس
misery	شقاء
miss	يشتاق
miss you	مشتاق ليك
missing	يفتقد
mission	مهمة
mist	ضباب
mistake	خطأ
Mizo	لغة الميزو
mobile	موبايل
mock	مزيف
model	نموذج
model	عارضة أزياء
moderate	يهدئ
modern	حديث
modest	متواضع
moist	رطب
moisture	رُطُوبَة
mold	قالب
mold	يصمم
mold	يشكل
mold	شكل
mole	شامة
mole	وحدة كيميائية
mom	ماما
moment	لحظة
monday	الاثنين
money	قروش
monitor	شاشة
monitor	يراقب
monkey	قرد
month	شهر
mood	مزاج
moody	متقلب المزاج
moon	قمر
moral	أخلاقي
more	أكتر
moreover	إضافةً
morning	الصباح
mortgage	قرض عقاري
most	معظم
mostly	عمومًا
mother	الأم
motion	حركة
motivation	تشجيع
mountain	جبل
mouse	الفأر
mouth	فم
move	يتحرك
movement	حركة
movie	فيلم
mrs	السّيدة
much	كتير
mud	طين
mug	كوز
mug	يغدر
muscle	عضلات
museum	متحف
mushroom	فطر
mushroom	تكاثر
music	موسيقى
must	وجب
must	ضروري
mute	صامت
mutual	مشترك
my	ملكي
My dear	عزيزي
my friend	صديقي
My hovercraft is full of eels	بلدي الحوامات مليئة الثعابين
my love	حبيبتي
my name is	إسمي
my pleasure	من دواعي سروري
myself	نفسي
mysterious	غامض
mystery	غموض
myth	أسطورة
nail	مسمار
nail	اظافر
naive	مغفل
name	اسم
narrative	رواية
narrow	ضيق
nasty	مقرف
national	وطني
nationality	جنسية
native	محلي
natural	طبيعي
nature	طبيعة
nausea	قرف
near	قريب
nearby	مجاور
nearly	بالقرب
neat	منظم
necessary	ضروري
neck	رقبة
necklace	قلادة
need	يحتاج
need	حوجة
negative	سلبي
neglect	تجاهل
negotiate	يتفاوض
neighbor	جار
neighborhood	حيّ
neither	ولا هذا
nephew	ابن أخ
nerd	مجتهد
nervous	متوتر
nest	عش
net	شبكة
net	صافي الدخل
network	شبكة
neutral	محايد
never	أبداً
never give up	لا تستسلم
never mind	ولا يهمك
nevermind	لا تهتم
nevertheless	مع ذلك
new	جديد
news	أخبار
next	جنب
next to	جنب
nice	لطيف
nice to meet you	إتشرفت بمعرفتك
niece	بنت الأخت
night	الليل
nightmare	كابوس
nine	تسع
nineteen	تسعة عشر
ninety	تسعين
No	لا
no problem	ما مشكلة
no way	مستحيل
nobody	لا أحد
noise	إزعاج
noisy	مزعج
none	ولا واحد
noon	الظهيرة
nope	لا
nor	ولا
normal	طبيعي
north	الشمال
nose	أنف
nostalgic	إشتياق
not	ليس
not at all	لا على الإطلاق
not bad	ما سيء
Not now	ليس الآن
not yet	ليس بعد
note	ملحوظة
noted	شهير
nothing	ولا حاجة
notice	يلاحظ
noticed	لاحظت
noun	اسم
nouns	الأسماء
novel	رواية
november	نوفمبر
now	الآن
nowadays	حاليا
nuisance	إزعاج
null	باطل
numb	شلل
number	رقم
nurse	ممرضة
nut	بندق
nut	جوز
nutmeg	شجرة جوزة الطيب
nutrition	تغذية
oath	حلف
obesity	سمنة
obey	يطيع
obey	يسمع كلام
object	غرض
objective	جماد
objective	أسم المفعول به
obligation	التزام
obscure	غامض
observation	ملاحظة
observe	يلاحظ
obsessed	مهووس
obsession	هوس
obsolete	مهجور
obstacle	عقبة
obtain	يحصل على
obtained	تحصل على
obvious	واضح
obviously	واضح
occasionally	أحياناً
occupation	مهنة
occupied	مشغول
occur	يقع
occurred	وقع
occurs	يحدث
ocean	محيط
october	اكتوبر
odd	غريب
odds	احتمالات
odds	خلاف
odds	إنحياز
of	من
of course	أكيد طبعا
off	عن
offensive	جارح
offer	عرض
offer	يوفر
office	مكتب
official	رسمي
often	غالبا
Oh	اهاا
oh really	بتكلم جد
oil	بترول
oil	زيت
ok	تمام
ok dear	تمام يا عزيزي
ok honey	حسنا عزيزي
ok my love	تمام حبيبتي
okay	تمام
okay baby	تمام حبيبي
okay dear	تمام يا عزيزي
okay honey	طيب حبيبتي
okay my love	تمام حبيبتي
old	عجوز
on	على
once	مرة
one	واحد
one language is never enough	لغة واحدة ما كفاية
onion	بصل
online	متصل
only	فقط
open	فاتح
operation	عملية
opinion	رأي
opportunities	فرص
opportunity	فرصة
opposite	عكس
optimistic	متفائل
option	خيار
optional	إختياري
or	أو
orange	برتقال
orange	أصفر
order	طلبية
order	أطلب
ordinary	عادي
organization	مؤسسة
orientation	توجيه
origin	أصل
original	أصلي
Oromo	لغة الأورومو
orphan	يتيم
other	آخر
otherwise	خلاف ذلك
ought	يفترض
our	حقنا
Our mission: to enable everyone, everywhere to understand the world and express themselves across languages.	مهمتنا: تمكين كل الناس في كل مكان من فهم العالم والتعبير عن أنفسهم عبر اللغات.
Our mission: to organize the world's information and make it universally accessible and useful.	مهمتنا: تنظيم المعلومات للعالم وجعلها مفيدة ومتاحة عالميًا.
out	في الخارج
outcome	حصيلة
outfit	تجهيزات
outgoing	راحل
outlet	سوق بضاعة معينة
outlet	كوبس
outlet	منفذ
outline	ملخص
outline	فكرة
outside	برا
outstanding	متميز
oven	فرن
over	زيادة
over there	هناك
overall	عموماً
overcome	هزم
overthinking	التفكير الزائد
overwhelmed	مهموم
overwhelming	ساحق
owe	يدين
owl	بُومَة
own	يملك
own	ملكية
owner	مالك
ox	ثور
pace	خطوة
pack	علية
package	طَرد
paid	مدفوع
pain	وجع
paint	بوهية
painting	بوهية
pair	إثنين
pale	باهت
palm	نخل
pan	قلاية
pandemic	وباء
panic	خوف
pants	بنطلون
paper	ورقة
paradise	جَنَّة
parallel	شبيه
parcel	قطعة
pardon	عفو
parents	الوالدين
park	حديقة
parrot	ببغاء
parsley	بَقدونس
part	جزء
participate	يشارك في
particular	محدد
particularly	خصوصًا
partner	شريك
party	حفلة
pass	يمرر
passage	ممر
passed	اجتاز
passion	شغف
passionate	متحمس
passive	سلبي
password	كلمة المرور
past	ماضي
patch	بركة
patch	رقعة
path	زقاق
pathetic	تعيس
patience	صبر
patient	صبر
patient	مريض
pattern	مزخرف
pause	يوقف
pavement	الرصيف
pay	يدفع
payment	دفع
peace	سلام
peaceful	سلام
peach	خَوخ
peak	قمة عالية
pear	فاكهة الكمثرى
peas	بازيلاء
peculiar	غريب
pee	يتبول
pee	بول
peel	قشرة
peer	الند
peers	شرفاء
peers	منافسين
pen	قلم حبر
pencil	قلم رصاص
pending	معلق
people	الناس
pepper	الفلفل الحار
perceive	يتخيل
perception	فهم
perfect	مثالي
perform	يشتغل
performance	أداء
perhaps	ربما
period	فترة
period	حصة دراسية
permanent	دائم
permission	إذن
permit	يسمح
perseverance	مثابرة وأجتهاد
persistent	مجتهد
person	زول
person	شخص
personal	شخصي
personality	شخصية
perspective	وجهة نظر
persuade	يقنع
pervert	منحرف
pet	حيوان أليف
phase	مرحلة
phenomenon	ظاهرة
philosophy	فلسفة
phone	هاتف
photo	صورة
phrase	عبارة
physical	طبيعي
pick	يختار
pick up	ألتقط
picture	صورة
piece	قطعة
pieces	قِطَع
pig	خنزير
pigeon	حمامة
pile	ردم
pile	خازوق
pillow	مخدة
pilot	طيار
pin	مثبت
pin	دبوس
pineapple	أناناس
pink	وردي
pit	حفرة
pitch	يرمي
pity	حن
pity	شفقة
place	مكان
place	يضع
places	أماكن
plague	وباء
plain	ساهل
plain	سادة
plan	خطة
plane	طائرة
plant	نبات
plants	النباتات
plate	صحن
platform	منصة
play	يلعب
play	تمثيلية
playing	يلعب
pleasant	أنيق
please	لو سمحت
please	أسعد
pleased	سعيد
pleasure	متعة
pledge	يلتزم
plenty	كمية
plot	مؤامرة
plug	كوبس كهرباء
plug	قفل
plum	أرجواني
plum	وظيفة محترمة
plumber	سباك
plural	صيغة الجمع
podcast	تدوين صوتي
poem	شعر
poetry	شِعر
point	يشير
poison	سم
police	شرطة
policy	سياسة
polite	محترم
pollution	تلوّث
pond	بركة
pool	حمام سباحة
poop	أنبوب
poor	فقير
pop	بوب
popular	معروف
population	سكان
pork	لحم خنزير
porridge	عصيدة
port	ميناء
position	موضع
positive	إيجابي
possess	يمتلك
possession	ملكية
possessive	صيغة الملكية
possible	ممكن
post	منشور
post	ينشر
postpone	يؤجل
potato	البطاطس
potential	إحتمال
pound	رطل
pound	جنيه
poverty	فقر
power	قوة
powerful	قوي
practical	عملي
practice	تدريب
practice	يتمرن
praise	يمدح
prank	مقلب
pray	يصلي
precious	غالي
precise	دقيق
precisely	بدقة
predict	يتنبأ
prefer	يفضل
preference	تفضيل
pregnant	حامل
prejudice	تسرع في الحكم
premises	مقدمات
premium	مميز
preparation	تحضير
prepare	يجهز
prepared	مجهز
preposition	حرف جر
presence	حضور
present	الحاضر
present	حاضر
present	موجود
present	هدية
presentation	عرض تقديمي
preserve	يحفظ
president	رئيس
press	يضغط
press	ذر
pressure	ضغط
pretend	يمثل
pretend	يدعي
pretty	إلى حد ما
pretty	جميل
prevent	يمنع
previous	السابق
prey	ضحية
price	سعر
pride	فخر وعزة
priest	قسيس
primary	أساسي
prime	رئيسي
princess	أميرة
principal	مبدأ
prior	قبل
priority	أولوية
prison	سجن
privacy	خصوصية
private	خاص
privilege	ميزة
prize	جائزة
probably	إحتمال
problem	مشكلة
procedure	إجراء
proceed	يستمر
process	عملية
process	يعالج
produce	ينتج
product	منتج
production	إنتاج
profession	مهنة
professional	محترف
profile	حساب تعريفي
profile	ملف شخصي
profit	ربح
profound	بالغ
progress	تقدم
progress	يتقدم
project	مشروع
prominent	متميز
promise	عهد
promise	يوعد
promote	يروج
promotion	ترقية
promotion	ترويج
prompt	بسرعة
prone	ميال
pronouns	الضمائر
pronunciation	نطق
proof	إثبات
proper	مناسب
properly	أحتمال
properties	ملكيات
property	ملكية
proposal	مقترح
prospect	احتمال
prosperity	تطور
prosperous	مزدهر
protect	يحمي
proud	فخور
prove	يثبت
provide	يزود
provided	متوفر
province	ولاية
provision	مؤن
provision	زاد
puberty	البلوغ
public	عام
pull	سحب
pumpkin	قرع
punctual	منضبط
pupil	التلميذ
purchase	يشتري
pure	نقي
purple	بنفسجي
purpose	غرض
purse	حافِظَة
pursue	يطارد
pursuit	متابعة
push	يدفع
put	ضع
qualification	مؤهل
quality	جودة
quantity	الكمية
quarantine	الحجر الصحي
quarrel	خصومة
quarrel	يشاكل
quarter	ربع
Quechua	لغة الكيتشوا
queen	ملكة
queer	شاذ
query	استفسار
question	سؤال
queue	طابور
queue	يصطف
quick	سريع
quickly	بسرعة
quiet	حلو
quiet	عذب
quiet	هادئ
quilt	لحاف
quilt	فرش
quit	يستقيل
quite	إلى حد ما
quite	كلياً
quiz	اختبار
quotation	تحديد سعر
quote	سعر
quote	يسعر
quotes	تسعير
quotes	تصريح
rabbit	أرنب
race	سباق
rage	غضب
rain	مطر
raise	يرفع
raise	زيادة
raised	تربى
ran	جرى
random	عشوائي
range	مجال
rapid	سريع
rapidly	بسرعة
rare	نادر
rarely	نادراً
rash	متسرع
rat	فأر
rate	متوسط
rather	الى حد ما
ratio	نسبة
rational	عاقِل
raw	خام
re	يعيد
reach	يصل
reached	وصل
reaction	رد فعل
read	أقرأ
reading	قراءة
ready	مستعد
real	حقيقي
reality	الواقع
realize	يدرك
realized	أدرك
really	حقيقي
rear	مؤخرِّة
reason	سبب
reasonable	معقول
recall	يتذكر
receipt	إيصال
receive	يستلم
received	أستلم
recent	مؤخرًا
recently	مؤخراً
reception	استقبال
recipe	وصفة
reckless	أهوج
recognition	اعتراف
recognize	يتعرف على
recommend	يوصي
recommended	موصى به
record	يسجل
record	تسجيل
recover	استعادة الصحة
recover	شفاء
recovery	شفاء
recovery	استعادة
rectangle	مستطيل
red	أحمر
redeem	يسترجع
redemption	توبة
reduce	يقلل
redundant	متكرر
refer	رجع الى
reference	مرجع
reflect	يعكس
reflection	انعكاس
refrain	غناء ممل
refrain	يمتنع
refrigerator	ثلاجة
refund	استرداد قروش
refuse	يرفض
refused	رفض
regard	إعتبار
regarding	بخصوص
regardless	بغض النظر
regards	تحياتي
region	منطقة
register	يسجل
regret	أسف
regular	منتظم
regularly	بانتظام
reject	يرفض
relate	يتصل
related	متعلق
relationship	علاقة
relative	أهل
relative	قريب
relatives	الأقارب
relax	يسترخي
release	يحرر
release	إعفاء
released	مطلق سراحه
relevant	مناسب
reliable	حقيقي
relief	راحة
relieve	يخفّف
relieved	مرتاح
religion	الدين
religious	ديني
reluctant	متردد
rely	يعتمد
remain	يبقى
remaining	متبقي
remarkable	مميز
remedy	علاج
remember	تذكر
remind	يتذكر
reminder	تذكير
remote	بعيد
remove	يزيل
render	يخدم
render	عزف
rent	إيجار
repair	يصلح
repeat	يكرر
replace	يستبدل
reply	جواب
reply	يرد
report	تقرير
report	يبلغ
represent	يمثّل
reputation	سمعة
request	يطلب
request	طلب
require	تتطلب
required	مطلوب
rescue	ينقذ
research	بحث
resemble	شبه
resentment	غضب
reservation	حجز
reserve	احتياطي
resident	مقيم
resign	يستقيل
resilience	صمود
resilient	مرن
resist	يقاوم
resistance	مقاومة
resolution	حل
resolution	وضوح
resolve	يحل
resort	منتجع سياحي
resources	موارد
respect	إحترام
respect	يحترم
respond	يرد
response	رد
responsibility	مسؤولية
responsible	مسؤول
rest	راحة
rest	فضلات
rest in peace	ارقد في سلام
restaurant	مطعم
restore	يسترجع
restrict	يقيد
result	النتيجة
results	نتائج
resume	يستأنف
resume	سيرة ذاتية
retail	بيع بالتجزئة
retain	يحتفظ ب
retention	يحتفظ
retired	نزل معاش
retired	تقاعد
retreat	انسحب
retrieve	يسترجع
return	يرجع
reveal	يكشف
revealed	مكشوف
revenge	انتقام
revenue	إيراد
reverse	يعكس
review	مراجعة
review	يراجع
revise	يراجع
revision	مراجعة
revolution	ثورة
reward	جائزة
rhythm	إيقاع
rib	ضلع
rice	أرز
rich	غني
rid	يتخلص
ride	يركب
ride	ركوب
ridiculous	سخيف
right	صاح
right	حق
right now	الآن
rigid	صلب
ring	خاتم
ring	حلبة مصارعة
rinse	شطف
riot	شغب
rip	فتحة
rip	شق
rip	يشق
ripe	ناضج
rise	ارتفاع
rise	يرتفع
risk	خطر
risk	يخاطر
rival	منافسة
river	نهر
road	طريق
roast	مشوي
robust	قوي
rock	صخرة
rod	عصا
role	وظيفة
roll	لفة
roof	سقف
room	غرفة
root	جذر
rope	حبل
rope	يربط
rotten	حقير
rough	عنيف
roughly	بقسوة
round	دائري
route	طريق
routine	نمط يومي
row	صف
rub	معوج
rub	دعك
rubber	مطاط
rubbish	قمامة
rude	قليل أدب
rug	سجادة
ruin	يخرب
rule	قاعدة
ruler	مسطرة
rules	قواعد
run	أجري
running	جري
rural	قروي
rush	يندفع
rush	هجوم
sack	نهب
sack	كيس
sack	طرد
sacred	مقدس
sacrifice	يضحّي
safe	آمن
safe flight	رحلة امنة
safety	أمان
sage	حكيم
said	قال
sail	ريشة
sailing	إبحار
sake	من أجل
salary	مرتب
sale	بيع
salmon	سمك السالمون
salt	ملح
same	نفس الشيء
Same here	نفس الشيء هنا
sample	عينة
sand	رمل
Sanskrit	اللغة السنسكريتية
sarcastic	ساخر
sassy	قليل أدب
sat	جلس
satisfaction	رضى
satisfied	راضي
satisfy	يرضى
satisfying	رضى
Saturday	السبت
sausage	سجوق
savage	همجي
save	يحفظ
saw	رأى
say	يقول
scale	مقياس
scam	إحتيال
scar	ندبة
scar	جرح قديم
scarce	نادرة
scared	خايف
scarf	شال
scarf	وشاح
scary	مخيف
scattered	مشتت
scene	مشهد
scenery	منظر طبيعى
scent	عطر
schedule	جدول مواعيد
schedule	يجدول
school	مدرسة
science	علم
scientist	عالم
scientists	العلماء
scissors	مقص
scold	لام وعاتب
scope	مجال
score	نتيجة
score	يسجل هدف
scrap	خردة
scratch	يخدش
scream	يصرخ
screen	شاشة
screw	لولب
screw	مفك
script	النصي
sea	بحر
seal	ختم
search	يبحث
season	موسم
seat	مقعد
second	الثاني
secret	سر
section	قسم
secure	يؤمن
secure	يضمن
security	أمن
see	أنظر
see you	نتلاقى إنشاء الله
see you later	أراك لاحقًا
see you soon	اراك قريبا
see you tomorrow	أشوفك بكرا
seed	بذرة
seek	يسعى
seem	يبدو
seems	يبدو
seen	مرئي
seize	انكمش
seize	إعتقل
seizure	مصادرة
seldom	نادراً
select	يختار
self	النفس
self healing	شفاء ذاتي
selfish	أناني
sell	يبيع
send	يرسل
send me your picture	رسل لي صورتك
senior	كبير
senior	أعلى مرتبة
sense	إحساس
sensible	منطقي
sensitive	حساس
sent	أرسل
sentence	محاكمة
sentence	جملة
sentences	عقوبة
sentences	جًُمل
separate	أفصل
Sepedi	لغة سيبيدي
september	سبتمبر
sequence	تسلسل
series	مسلسل
serious	خطير
seriously	بجد
serve	يخدم
service	خدمة
session	محاضرة
set	الضبط
set	يضبط
set up	إعداد
setting	جلسة
settle	يستقر
seven	سبعة
seventeen	سبعة عشر
seventy	سبعون
several	متعدد
severe	صارم
sew	خياطة
shade	الظل
shadow	ظل
shake	هزة
shall	سوف
shallow	سطحي
shame	عار
shape	شكل
share	يشارك
sharp	حاد
she	هي
she has	هي تملك
she is	هي
shed	سقيفة
sheep	خروف
sheet	ستارة
sheet	شيت ورق
shelf	رف
shell	قشرة
shelter	ملجأ
shield	درع
shift	تحول
shine	يسطع
ship	سفينة
shipping	شحن
shirt	قميص
shoes	أحذية
shoot	أطلق النار
shoot	قتل
shop	دكان
shopping	التسوق
shore	شاطئ
short	قصير
shortage	نقص
shot	طلقة
shot	ضرب نار
should	يجب
shoulder	كتف
shout	يصرخ
show	عرض
show	يستعرض
show me	وريني
shower	يستحم
shrimp	سمك جمبري
shrink	ينكمش
shut	اغلق
shut up	أسكت
shy	خجول
sibling	أشقاء
siblings	أخوان أشقاء
sick	مريض
side	جانب
sigh	تلهف
sight	مشهد
sightseeing	معالم
sign	يوقع
signature	توقيع
significant	مهم
silence	الصمت
silent	صامت
silk	الحرير
silly	سخيف
silver	فضة
similar	مثل
simp	بسيط
simple	بسيط
simultaneously	مع بعض
since	من زمان
sincere	مخلص
sincerely	تحياتي
sing	يغنى
singer	مغني
single	عاذب
sink	حوض
sink	يغرق
Sir	سيد
sister	أخت
sister in law	اخت الزوجة
sister in law	أخت الزوج
sit	يجلس
site	موقع
situation	حال
six	ستة
sixteen	السادس عشر
sixty	ستين
size	مقاس
skill	مهارة
skills	مهارات
skin	جلد
skinny	نحيف
skip	يتخطى
skirt	سكيرت
sky	السماء
slave	عبد
sleep	ينام
sleeping	نائم
sleepy	نعسان
sleeve	كم
slice	قطعة
slice	يقطع الى شرائح
slide	الانزلاق
slide	صفحة في شيت
slightly	براحة
slim	ضعيف
slip	ينزلق
slope	إنحناء
slot	فتحة
slow	بطيء
slowly	ببطء
small	صغير
smart	ذكي
smell	يشم
smile	إبتسامة
smile	يبتسم
smoke	دخان
smooth	ناعم
snack	وجبة خفيفة
snail	حلزون
snake	ثعبان
snap	عض
snow	تلج
so	إذن
so cute	ظريف جدًا
so far	حتى الآن
soak	بلل
soap	صابون
sober	هادئ
soccer	كرة القدم
soccer	هداف
social	اجتماعي
society	جمعية
socks	جوارب
soft	ناعم
software	برمجة
soil	تربة
sold	إتباع
sold out	إنتهى وخلص
soldier	جندي
sole	مفرد واحد
sole	نعال
solid	صلب
solution	حل
solve	يحل
some	بعض
somebody	شخص ما
somehow	بطريقة ما
someone	شخص
something	حاجة
sometimes	أحياناً
song	أغنية
soon	قريباً
sophisticated	متطور
Sorani	لغة سوراني
sore	موجع
sore	التهاب
sore throat	إلتهاب حلق
sorrow	حزن
Sorry	أسف
sort	صنف
sought	طلب
soul	روح
soulmate	صديق العمر
sound	صوت
soup	شوربة
sour	تعفن
source	مصدر
south	جنوب
space	مساحة
spam	بريد عشوائي
span	اتساع
Spanish	أسباني
spare	إضافي
spare	وفر
speak	اتكلم
special	خاص
species	أصناف
specific	محدد
spectacular	مُذهِل
speech	خطاب
speechless	اخرس
speed	سرعة
spell	يتهجى
spend	يقضي وقت
spend	يصرف
spent	قضى وقت
spent	يصرف
spicy	حار
spike	مسمار
spike	يرتفع
spin	يدور
spinach	سبانخ
spirit	روح
spit	بصق
splendid	رائع
split	انفصال
split	ينقسم
spoil	يخرب
spoiled	مدلل
spontaneous	تلقائي
spoon	ملعقة
spot	بقعة
spouse	شريك حياة
spread	ينتشر
spring	الربيع
square	مربع
squeeze	يعصر
squid	الحبار
squirrel	سنجاب
stab	طعنة
stable	مستقر
stack	مداخن
stack	كوم
staff	فريق عمل
stage	مرحلة
stain	بقعة
stairs	سلالم
stake	خاطر
stake	عود
stake	عصا
stalk	ساق نبات
stalk	مشى بتكبر
stalk	إنتشر المرض
stall	صالة
stall	المماطلة
stamp	ختم
stand	يقف
stand	وقوف
standard	معيار
star	نجمة
start	أبدأ
started	بدأ
starving	يجوع
state	ولاية
state	يعلن
statement	تصريح
statement	بيان
station	محطة
statue	تمثال
status	حالة
stay	يبقى
stay	إقامة
stay safe	ابق في أمان
steady	ثابت
steak	قطعة لحم
steal	يسرق
steam	بخار
steel	فُولاَذ
steep	شرب
steep	انحدار
stem	قصبة
step	خطوة
stick	عصا
stiff	قاسٍ
still	لا يزال
still	هاديء
sting	لدغة
stingy	بخيل
stir	يحرك
stock	أسهم
stock	مخزون
stolen	مسروق
stomach	المعدة
stone	حجر
stood	وقف
stool	صاحب
stool	مقعد
stop	أقف
storage	تخزين
store	متجر
storm	عاصفة
story	قصة
stove	موقد
straight	مستقيم
straightforward	صريح
strain	إجهاد
strange	غريب
stranger	شخص غريب
strategy	إستراتيجية
straw	قَشَّة
strawberry	الفراولة
streak	أثَر
stream	مجرى
street	طريق
strength	قوة
stress	ضغط
stretch	يتسع
strict	متشدد
strike	يهجم
string	خيط
strip	شريط
strip	نزع
strive	يجتهد
stroke	جلطة
strong	قوي
struck	أصاب
structure	هيكل
struggle	معضلة
struggle	يعافر
struggling	يكافح ويناضل
stubborn	عنيد
stuck	متورط
student	طالب
study	يدرس
study	مذاكرة
studying	دراسة
stuff	مواد خام
stuff	عفش
stunning	مدهش
stupid	غبي
style	أسلوب
subject	اسم الفاعل
subject	موضوع
submission	استسلام, تسليم
submit	يُقدِّم
substance	مادة
substitute	بديل
subtle	غامض
succeed	ينجح
success	نجاح
successful	ناجح
such	مثل حرف تشبيه
such as	مثل
suck	يمص
Sudanese Arabic	عربي سوداني
sudden	مفاجئ
suddenly	فجأة
suffer	يعاني
suffering	معاناة
sufficient	كافي
sugar	سكر
suggest	يقترح
suggestion	اقتراح
suit	يناسب
suit	بدلة
suitable	مناسب
suitcase	حقيبة سفر
sum	مجموع
summary	مختصر
summer	الصيف
summit	قمة
sun	الشمس
sunday	الأحد
sunny	مشمس
sunset	غروب
sunshine	شروق الشمس
super	خارق
superior	أعلى
supervisor	مشرف
supper	عشاء
supply	إمداد
supply	يزود
support	يدعم
support	دعم
suppose	يفترض
supposed	مفترض
sure	متأكد
surface	سطح
surge	طفرة
surgery	جراحة
surname	الاسم الثاني
surprise	مفاجأة
surprised	مندهش
surrender	يستسلم
surrounding	محاط
surveillance	مراقبة
survey	استطلاع رأي
survey	يجري استطلاع
survive	ينجو
suspect	يتهم
suspect	متهم
suspended	مؤجل
suspicious	مشكوك فيه
sustain	تحمل
sustainability	الإستمرارية
sustainable	مستمر
swag	غنيمة
swallow	يبلع
swap	تبادل
swear	يحلف
sweat	يعرق
sweater	جاكت برد
sweep	مسح
sweet	حلو
sweet dreams	أحلام جميلة
sweet tooth	بحب الحلويات
sweetheart	حبيب
sweetheart	حبيبة
swell	أنيق
swell	تضخم
swelling	تورم
swelling	متكبر
swim	يسبح
swimming	سباحة
swing	أرجوحة
swing	يتأرجح
switch	مفتاح تحويل
switch	يحوّل
swollen	منفوخ
sword	سيف
symbol	رمز
sympathy	تعاطف
symptoms	أعراض
system	نظام
table	طربيزة
tackle	يتصدى
tag	وسم
tag	يشير الى
tail	ذيل
take	استلم
take away	أبعد
take care	إحذر
take off	اخلع
taken	محتل
talk	يتحدث
talk	محادثة
talkative	كثير الكلام
tall	طويل
tap	حنفية
tape	شريط
target	هدف
target	يستهدف
task	مهمة
taste	طعم
taste	يتذوق
tasty	حلو المذاق
taught	عَلَّمَ
tea	شاي
teach	يدرس
teacher	أستاذ
team	فريق
tear	دموع
tears	دموع
tease	يضايق
technology	تكنولوجيا
teeth	أسنان
tell	يخبر
tell me	أخبرني
temper	مزاجي
temper	صلب
temperature	درجة الحرارة
temple	معبد
temporary	مؤقت
ten	عشرة
ten thousand	عشرة آلاف
tenant	مؤجر
tend	ينزع
tendency	إتجاه
tender	مزايدة في السعر
tense	زمن الفعل
tense	متوتر
tension	توتر
tent	خيمة
tentative	مؤقت
term	مصطلح
terms	مصطلحات
terrible	فظيع
terrific	رائع
territory	إِقلِيم
test	إختبار
test	يختبر
text	نص
than	من
thank	شكر
thank you	شكرا ليك
Thank you for your patience while we investigate shipment	شكرا على انتظارك أثناء تحقيقنا في موضوع الشحنة
thank you so much	شكرا جزيلا
thank you very much	شكرا جزيلا
thanks	شكرا
Thanks for using our app	شكرا لأنك بتستخدم تطبيقنا
that	داك
that is	إنه
that's good	هذا جيد
the	ال
theft	سرقة
their	هم
them	هم
theme	سمة
theme	موضوع
themselves	أنفسهم
then	ثم
theory	نظرية
there	هناك
there are	هناك
there is	هناك
therefore	لذلك
these	هؤلاء
they	هم
they are	هم
thick	سمك
thief	حرامي
thigh	فخد
thin	ضعيف
thing	شيء
things	حاجات وأشياء
think	يفكر
third	ثالث
thirsty	عطشان
thirteen	ثلاثة عشر
thirty	ثلاثين
this	هذا
this is	هذا
thorough	شامل
thoroughly	كاملاً
those	أولئك
though	بالرغم من
thought	ظن
thought	فِكْرٌ
thoughtful	مدروس
thoughts	أفكار
thousand	ألف
thread	سلسلة
threat	يهدد
threaten	هدد
three	ثلاثة
threshold	عتبة
thrilled	بسعادة
thrive	يزدهر
throat	حلق
through	من خلال
throughout	طول فترة
throw	يرمي
thumb	إبهام
thunder	رعد
Thursday	الخميس
thus	وهكذا
tick	غطاء
tick	قرادة
tide	حركة امواج البحر
tidy	مرتب
tie	يربط
tie	ربطة عنق
tiger	نمر
tight	ضيق
Tigrinya	لغة التيغرينية
time	وقت
timid	خجول
tiny	صغير
tip	بقشيش
tips	نصائح
tire	لستق
tire	عجل
tired	تعبان
tissue	منديل
title	عنوان
to	ل
toast	خبز محمص
today	اليوم
toddler	طفل صغير
toes	أصابع القدم
together	مع بعض
toilet	الحمام
told	كلم
tolerance	تسامح
tolerate	تساهل
tomato	طماطم
tomorrow	غداً
tongue	لسان
tonight	الليلة
too	أيضا
took	أخذ
tool	أداة
tools	أدوات
tooth	سن
top	قمة
topic	موضوع
torn	ممزق
torture	يعذب
total	المجموع
touch	يلمس
tough	خشن
tour	رحلة سياحية
toward	باتجاه
towards	بإتجاه
towel	فوطة
town	مدينة
toxic	مسموم
trace	يتبع
track	يتبع
trade	يتاجر
trade	تجارة
tradition	تقاليد
traditional	تقليدي
traffic	حركة
trail	أثر
trail	مقطورة
train	قطار
train	يتمرن
training	تمرين
trait	ميزة
traits	ميزات
transfer	تحويل
transition	انتقال
translate	يترجم
transparent	شفاف
transport	ينقل
transportation	مواصلات
trap	فخ
trash	مهملات
trauma	صدمة
travel	يسافر
tray	صينية
treasure	كنز
treasure	أحب
treat	إتعامل
treatment	علاج
tree	شجرة
tremendous	هائِل
trend	شائع
trend	مشهور
trial	محاولة
trial	محاكمة
trick	حيلة
tried	حاول
trigger	يضغط
trigger	زناد
trim	زخارف
trip	رحلة
trouble	مشكلة
trousers	بناطلين
truck	شاحنة
true	صاح
trunk	جذع
trust	يثق
trust	ثقة وصدق
truth	ثقة
try	يحاول
Tsonga	لغة تسونجا
tube	أنبوب
Tuesday	الثلاثاء
tuition	دراسة
turkey	ديك رومى
turmeric	الكُركُم
turn	ينعطف
turn	يلف
turtle	سلحفاة
tutor	مدرس خاص
twelve	اثني عشر
twenty	عشرين
twenty-one	واحد وعشرين
Twi	لغة توي
twice	مرتين
twist	إلتواء
two	أثنين
type	نوع
typical	متكرر
ugly	قبيح
ultimate	أقصى
umbrella	مظلة
unable	غير قادر
uncle	خال
uncle	عم
unconscious	غير واعي
under	تحت
underneath	تحته
underrated	مُهمَل
understand	يفهم
understood	مفهوم
unfortunately	للأسف
uniform	زي رسمي
unique	فريد
unit	وحدة
university	جامعة
unknown	مجهول
unless	إلا إذا
until	حتى
unusual	غير عادي
up	فوق*
up to you	على كيفك
update	تحديث
update	يحدث
upgrade	يجدد
upgrade	تجديد
upgrade	يحدث
upon	على
upset	منزعج
urban	متحضر
urge	يعجل
urge	استعجال
urgent	عاجل
us	نحن
use	إستعمال
use	يستخدم
used	مستخدم
useful	مفيد
useless	عديم الفائدة
usual	عادي
usually	في العادة
utility	جدوى
vacation	إجازة
vaccination	لقاح
vaccine	لقاح
vacuum	مكنسة
vague	غامض
valid	ساري المفعول
valley	الوادي
valuable	قيّم
value	قيمة
value	يقدر
variety	متنوع
various	مختلف
vary	يختلف
vase	مزهرية
vast	واسع
vegetable	الخضروات
vegetables	خضروات
vehicle	عربية
vendor	بائع
venom	حسد
venom	السم
venture	يغامر
venue	مكان
verify	يؤكد
versatile	متنوع القدرات
version	إصدار
vertical	رأسي
very	شديد
very good	جيد جدا
vessel	وعاء
via	عبر
vibe	شعور
vibes	مشاعر
vicious	فاسد
victim	ضحية
video	فيديو
view	منظر
village	قرية
villain	خسيس
vinegar	الخل
vintage	كلاسيكي
violence	عنف
violent	عنيف
viral	فيروسي
virgin	بِكر
virtual	إفتراضي
virtue	فضيلة
vision	رؤية
visit	يزور
visit	زيارة
visual	مرئي
vital	حيوي
vivid	واضح
vocabulary	مفردات
voice	صوت
void	فراغ
volume	حجم
volunteer	متطوع
vomit	أخرج
vomit	إستفراغ
vulnerable	مُعَرَّض
wage	مرتب
wages	مرتبات
wages	أجور
waist	خصر
wait	انتظر
waiter	جرسون
waiting	ينتظر
wake	يستيقظ
wake up	أصحى
walk	يمشي
walk	مشي
walking	المشي
wall	حيطة
wallet	جزلان
wander	سنين
wander	تجول
wanna	تريد
want	عايز
wanted	مطلوب
war	حرب
wardrobe	خزانة ملابس
warehouse	مستودع
warm	يسخن
warm	دافيء
warn	تحذير
warning	تحذير
warrior	محارب
was	كان
wash	يغسل
waste	يضيع
waste	نفايات
watch	ينظر
watch	ساعة يد
watch	حراسة
water	ماء
watermelon	بطيخ
wave	موجة
way	شارع
we	نحن
we are	نحن
we can	نستطيع
weak	ضعيف
weakness	ضعف
wealth	ثروة
wealthy	غني
wear	ألبس
wearing	يلبس
weather	الجو
wedding	زفاف
Wednesday	الأربعاء
weed	حشيش
week	أسبوع
weekend	عطلة نهاية الاسبوع
weight	وزن
weight	يوزن
weird	مخيف
welcome	مرحب بيك
welfare	رفاهية
welfare	شؤون اجتماعية
Well	كويس
well done	شغل جميل
went	مشى
were	كان
west	غرب
wet	رطوبة
whale	الحوت
what	ماذا
what about you	طيب وأنت
what are you doing	بتعمل في شنو
what are you doing now	بتعمل في شنو حاليا
what are you doing right now	ماذا تفعل الآن
what do you do	ماذا تفعل
what do you do for a living	ماذا تعمل لكسب لقمة عيشك
what do you mean	قصدك شنو
what do you want	ماذا تريد ؟
what happened	ماذا يحدث
what is	ماذا يكون
what is this	ما هذا؟
what is your job	ما وظيفتك
what is your name	إسمك منو
what's up	كيف أخبارك
what's your name	اسمك منو
whatever	أيا كان
wheat	قمح
wheel	عجل عربية
when	متين
whenever	في أي وقت
where	أين
where are you	أنت وين
where are you from	أنت من وين
where are you now	أنت وين الآن
where do you live	أنت عايش وين
where is	أين هو
whereas	بينما
whether	سواء
which	التي
while	عندما
whisper	يهمس
whistle	صفارة
white	أبيض
who	منو
who are you	أنت منو
who is	الذي هو
who is this	دا منو
whole	كل
whom	من
whose	الذين
why	لماذا
why not	ولم لا؟
wicked	الفاسد
wide	واسع
widow	أرملة
width	العرض
wife	زوجة
wild	متوحش
will	وصية
will	سوف
willing	يرغب في
win	يفوز
wind	رياح
window	نافذة او شباك
windy	عاصف
wine	مشروب خمر
winter	الشتاء
wipe	يمسح
wire	الأسلاك
wisdom	حكمة
wise	حكمة
wish	أماني
wish	يأمل
wish you all the best	أتمنى لك الأفضل
witch	ساحرة
with	مع
withdraw	يسحب
withdrawal	سحب
within	ضمن
without	بدون
witness	شاهد
witness	يشهد
witty	مضحك
witty	ذكي
wolf	ذئب
woman	إمراة
women	امرأة
won	فاز
wonder	يتعجب
wonderful	عجيب
wood	خشب
wool	صوف
word	كلمة
words	كلمات
work	عمل
work	يعمل
work out	حل
working	عمل
world	العالم
worm	دُودَة
worn	لبس
worried	متوتر
worry	خوف
worse	أسوأ
worship	يعبد
worst	الأسوأ
worth	يستحق
worth it	يستحق التعب
worthy	مستحق
wound	جرح
Wow	وااو
wrap	لف
wrath	غيظ
wrist	معصم اليد
write	أكتب
Write here	اكتب هنا
writing	كتابة
written	مكتوب
wrong	خطأ
wrote	كتب
yard	حديقة المنزل
yawn	يتثائب
yawn	تثاؤب
Yeah	نعم
year	عام
years	سنين
yeast	خميرة
yell	صراخ
yellow	أصفر
Yes	نعم
yes baby	نعم حبيبي
yes dear	نعم عزيزي
yes honey	نعم حبيبتي
yes my love	أي حبيبتي
yes of course	نعم أكيد
yesterday	أمس
yet	قط بفتح القاف
yield	خضوع
yield	محصول
you	أنت
you are	أنت
you are beautiful	أنت جميل
you are so beautiful	أنت جميلة جداً
you are welcome	عفوا
you can	أنت قادر
You know	أنت عارف
you too	أنت أيضاً
you're welcome	العفو
young	شاب
your	حقك
your welcome	العفو
yourself	نفسك
youth	شباب
you’re welcome	العفو
yummy	لذيذ
zero	صفر
