abandoned	পৰিত্যক্ত কৰা
abandon	পৰিত্যাগ
abide	মানি চলা
ability	সক্ষমতা
able	সক্ষম
about	বিষয়ে
above	ওপৰত
abroad	দেশৰ বাহিৰত
absence	অনুপস্থিতি
absent	অনুপস্থিত
absolutely	নিৰ্ঘাত
absorb	শুহি লোৱা
abstract	বিমূৰ্ত
absurd	অযুক্তিকৰ
abundance	পৰ্যাপ্ত
abundant	প্ৰচুৰ
abuse	অপব্যৱহাৰ
accent	উচ্চাৰণ
accept	গ্ৰহণ কৰা
access	প্ৰৱেশাধিকাৰ
accident	দুৰ্ঘটনা
accommodation	বাসস্থান
accomplished	নিপুণ
accomplish	সম্পূৰ্ণ
according	অনুসৰি
account	একাউণ্ট
accuracy	শুদ্ধতা
accurate	সঠিক
accused	অভিযুক্ত
ache	বিষ
achievement	প্ৰাপ্তি
achieve	প্ৰাপ্ত কৰা
acknowledge	স্বীকাৰ কৰা
acquaintance	চিনাকি ব্যক্তি
acquired	অৰ্জিত
acquire	আঁকুৱালি
acquisition	অধিগ্ৰহণ
across	ইমূৰৰ পৰা সিমূৰলৈ
action	কাৰ্য কৰা
active	সক্ৰিয়
activities	কাৰ্যকলাপ
activity	কাৰ্যকলাপ
actor	অভিনেতা
actually	আচলতে
actual	আচল
act	অভিনয়
acute	সূক্ষ্ম
adapt	খাপ খোৱা
addicted	নিচাসক্ত
additional	অতিৰিক্ত
addition	যোগ
address	ঠিকনা
add	যোগ কৰা
adequate	পৰ্যাপ্ত
adjacent	পাৰ্শ্বৱৰ্তী
adjective	বিশেষণ
adjust	খাপ খোৱা
admire	প্ৰশংসা কৰা
admit	মানি লোৱা
adopt	তুলি লোৱা
adorable	মৰমলগা
advanced	উন্নত হোৱা
advance	আগতীয়া
advantage	সুবিধা
adventure	এডভেঞ্চাৰ
adverb	ক্ৰিয়া বিশেষণ
advertisement	বিজ্ঞাপন
advertising	বিজ্ঞাপন
advice	পৰামৰ্শ
advise	পৰামৰ্শ দিয়া
advocate	উকীল
aesthetic	সৌন্দৰ্য বিষয়ক
affair	বেপাৰ
affection	স্নেহ
affect	প্ৰভাৱিত কৰা
affordable	সুলভ
afford	কৰিবলৈ সামৰ্থ্য হোৱা
afraid	ভয় কৰা
afternoon	আবেলি
afterwards	পাছত
after	পাছত
against	বিৰুদ্ধে
again	পুনৰ
agency	এজেন্সী
agent	এজেণ্ট
age	বয়স
aggressive	আক্ৰমণাত্মক
agile	চঞ্চল
ago	আগতে
agreement	চুক্তি
agree	সহমত
agriculture	কৃষি
ahead	সময়তকৈ আগত
aid	সাহায্য
aim	লক্ষ্য
airport	বিমান-বন্দৰ
air	বতাহ
aisle	আসনবোৰৰ মাজেৰে অহা-যোৱা কৰা ঠাই
alarm	সতৰ্কবাৰ্তা
alcohol	সুৰা
alert	সতৰ্ক
a little	অলপমান
alive	জীৱন্ত
allowed	সন্মতি দিয়া
allow	অনুমতি দিয়া
all right	ঠিক আছে
all the best	শুভেচ্ছা থাকিল
all	আটাইবোৰ
almost	প্ৰায়
alone	অকলশৰীয়া
along	একেলগে
a lot of	বহুত
a lot	অনেক
already	ইতিমধ্যে
Alright	ঠিক আছে
also	লগতে
alternative	বিকল্প
although	যদিও
always	সদায়
amazing	আশ্চৰ্যজনক
ambiguous	অস্পষ্ট
ambition	উচ্চাকাংক্ষা
ambitious	উচ্চাকাংক্ষা থকা
amend	সংশোধন
amid	মাজত
among us	আমাৰ মাজতে
among	মাজত
amount	পৰিমাণ
amusing	আমোদজনক
analysis	বিশ্লেষণ
ancestors	পূৰ্বপুৰুষ
anchor	লংগৰ
ancient	পৌৰাণিক
and you	আৰু আপুনি
and	আৰু
angel	পৰী
anger	খং
angle	কোণ
angry	খঙাল
animal	জন্তু
ankle	গোৰোহা
anniversary	বাৰ্ষিকী
announcement	ঘোষণা
annoyed	বিৰক্ত হোৱা
annoying	আমনিদায়ক
annoy	বিৰক্ত
annual	বছেৰেকীয়া
anonymous	নামহীন
another	অন্য এটা
answer	উত্তৰ
anticipate	পূৰ্বানুমান
anxiety	উদ্বেগ
anxious	উদ্বিগ্ন
anymore	আৰু
anyone	কোনো এজনে
anything	যিকোনো
anyways	যি কি নহওক
anyway	যিয়েই নহওক
any	যিকোনো
apartment	এপাৰ্টমেণ্ট
apart	পৃথক
apologize	ক্ষমা বিচৰা
apparently	আপাতদৃষ্টিত
apparent	প্ৰতীয়মান
appeal	আপীল
appearance	ৰূপ
appeared	হাজিৰ হৈছিল
appear	প্ৰকট হোৱা
appetite	ভোক
apple	আপেল
application	দৰ্খাস্ত
apply	প্ৰয়োগ কৰক
appointment	সাক্ষাত্‍কাৰ
appreciate	প্ৰশংসা কৰা
appreciation	অভিমূল্যন কৰা
approach	পদ্ধতি
appropriate	যথাযথ
approval	অনুমোদন
approved	অনুমোদিত
approve	অনুমোদন
approximately	অনুমানিক
april	এপ্ৰিল
arbitrary	স্বেচ্ছাচাৰী
architecture	স্থাপত্য
architect	স্থপতিবিদ
archive	পুৰালেখ
area	এলাকা
are you busy	আপুনি ব্যস্ত নেকি
are you married or single	আপুনি বিবাহিত নে অবিবাহিত
are you married	আপুনি বিবাহিত নে
Are you still there?	আপুনি এতিয়াও আছেনে?
are you there	আপুনি আছেনে
are you	তুমি নে
argue	তৰ্ক কৰা
argument	তৰ্কাতৰ্কি
arise	উঠা
army	আৰ্মি
arm	বাহু
around	চাৰিওফালে
arrangement	ব্যৱস্থা
arrange	সজোৱা
arrival	আগমন
arrived	আহি পালে
arrive	আগমন
arrogant	অহংকাৰী
arrow	কাঁড়
article	অনুচ্ছেদ
artificial	কৃত্ৰিম
artist	শিল্পী
art	কলা
ashamed	লাজ পোৱা
ash	ছাই
asked	সুধিছিল
ask	সোধা
asleep	টুপনি যোৱা
as long as	যিমান দিন ধৰি
aspect	দিশ
Assamese	অসমীয়া
assault	আক্ৰমণ
assembly	সদন
assertive	নিশ্চয়াত্মক
assessment	মূল্যায়ন
assess	মূল্যাংকন কৰা
assets	সম্পত্তিসমূহ
asset	সম্পত্তি
assignment	আবণ্টন কৰা কাৰ্য
assign	নিযুক্ত কৰা
assistant	সহায়ক
assist	সাহায্য
associated	সংযুক্ত হৈ থকা
associate	সহযোগী
association	সংস্থা
assume	ধাৰণা কৰা
assumption	ধাৰণা
as well as	লগতে
as well	লগতে
as	যেনেকৈ
ate	খাইছিল
athlete	ক্ৰীড়াবিদ
at least	অতি কমেও
attached	সংলগ্ন কৰা হৈছে
attachment	সংলগ্নক
attach	সংলগ্ন কৰা
attack	আক্ৰমণ
attempt	চেষ্টা কৰা
attendance	উপস্থিতি
attend	উপস্থিত থকা
attention	ধ্যান দিয়া
attitude	আচৰণ
attraction	আকৰ্ষণ
attractive	আকৰ্ষণীয়
attract	আকৰ্ষণ
attribute	বৈশিষ্ট্য
audience	দৰ্শক
august	আগষ্ট
aunty	খুড়ী
aunty	পেহী
aunty	মাহী
aunt	খুড়ী
authentic	প্ৰামাণিক
authority	কতৃপক্ষ
author	লিখক
autumn	শৰত্‍
available	উপলব্ধ
average	গড়
avoid	এৰাই চলক
awake	সাৰ পাই থকা
award	পুৰস্কাৰ
awareness	সচেতনতা
aware	জ্ঞাত
away	আঁতৰত
awesome	বিস্ময়কৰ
awful	ভয়াবহ
awkward	অদ্ভূত যেন লগা
Aymara	আইমাৰা
baby	কেঁচুৱা
bachelor	অবিবাহিত লোক
background	পৃষ্ঠভূমি
back	পিছলৈ
bad	বেয়া
bag	মোনা
bait	প্রলোভন
bakery	বেকাৰী
bake	সিজোৱা
baking soda	বেকিং চ’ডা
balance	ভাৰসাম্যতা বজাই ৰখা
ball	বল
Bambara	বংবাৰা
banana	কল
band	বেণ্ড
bang	ধমাকা
bank	বেংক
barely	কোনোমতে
bargain	দৰদাম কৰা
bark	বাকলি
barley	বাৰ্লী
barrier	বাধা
bar	বাৰ
based	ভিত্তিত
basement	বেছমেণ্ট
base	ভেঁটি
basically	মূলতঃ
basic	প্ৰাথমিক
basil	তুলসী
bastard	জাৰজ
batch	বেটছ
bathroom	স্নানাগাৰ
bath	স্নান
battery	বেটাৰি
battle	যুদ্ধ
bay	উপসাগৰ
beach	সাগৰ তীৰ
beam	আলোকৰশ্মি
beans	বীন
beard	দাড়ি
bearing	ভাৰবহন কৰা
bear	ভালুক
beast	জন্তু
beat	প্ৰহাৰ কৰা
beautiful	ধুনীয়া
beauty	সৌন্দৰ্য
became	হৈছিল
be careful	সাৱধান হওক
because	কাৰণ
become	হওক
bedroom	শোৱনি কোঠা
bed	বিছনা
beef	গোমাংস
beer	বীয়েৰ
bee	মৌমাখি
before	আগতে
began	আৰম্ভ হৈছিল
beginning	আৰম্ভণি
begin	আৰম্ভ কৰা
behalf	হৈ
behave	আচৰণ
behavior	ব্যৱহাৰ
behaviour	আচৰণ
behind	পিছফালে
belief	বিশ্বাস
believe	বিশ্বাস
belly	পেট
belong	অন্তৰ্গত
beloved	মৰমৰ
below	তলত
belt	কঁকালৰ ৰচী
bench	বেঞ্চ
bend	বেঁকা কৰা
beneath	তলত
benefits	লাভসমূহ
benefit	লাভ
besides	তাৰোপৰি
beside	কাষত
best of luck	শুভেচ্ছা থাকিল
best regards	শুভেচ্ছাৰে
best	সৰ্বোত্তম
better	উত্তম
between	মাজত
beverage	পানীয়
beyond	তাৰ বাহিৰে
be	হওক
Bhojpuri	ভোজপুৰী
biased	পক্ষপাত কৰা
bias	পক্ষপাত
bicycle	চাইকেল
bid	নিবিদা
big	ডাঙৰ
bike	মটৰচাইকেল
bill	বিল
bind	বন্ধা
bird	চৰাই
birthday	জন্মদিন
bite	কামোৰ
bitter	তিতা
black	ক’লা
blade	ব্লেড
blame	দায়ী কৰা
blanket	কম্বল
blank	খালী
blast	ফুটা
bleach	ব্লীচ
blend	মিলি যোৱা
blessed	আশীৰ্বাদ লাভ কৰা
bless	আশীৰ্বাদ কৰা
blind	অন্ধ
bliss	আশীৰ্বাদ
block	অৱৰুদ্ধ কৰা
blood	তেজ
bloom	ফুল ফুলা
blow	ফুৱাই দিয়া
blue	নীলা
blunt	ভোটা
board	ব’ৰ্ড
boat	নাও
body	শৰীৰ
boil	উতলোৱা
bold	সাহসী
bond	বান্ধোন
bone	হাড়
book	কিতাপ
booster	প্ৰচাৰক
boost	প্ৰচাৰ কৰা
boots	বুটজোতা
boot	বুটজোতা
border	সীমান্ত
bored	বিৰক্ত হোৱা
bore	আমনি লগা
boring	বিৰক্তিকৰ
born	জন্ম হোৱা
borrow	ধাৰ কৰা
boss	বছ
bother	আমনি পোৱা
both	উভয়
bottle	বটল
bottom	তলি
bought	অনা
bounce	জঁপিওৱা
boundaries	সীমা
bound	বাধ্যতা
bowl	বাতি
bow	ধেনু
box	বাকচ
boyfriend	প্ৰেমিক
boy	ল’ৰা
bracelet	এপাত হাতৰ অলংকাৰ
brain	মগজ
branch	শাখা
brand	ব্ৰেণ্ড
brave	সাহসী
breach	উলংঘন
bread	লোফ
breakfast	পুৱাৰ আহাৰ
break	ভঙা
breast	বুকু
breathe	শ্বাস-প্ৰশ্বাস
breath	উশাহ
breed	বংশবৃদ্ধি
brick	ইটা
bride	কইনা
bridge	সেঁতু
brief	চমু
bright	উজ্বল
brilliant	উজ্বল
bring	অনা
broadcast	সম্প্ৰচাৰ
broad	বহল
broken	ভগা
broke	ভগা
broom	ঝাড়ু
brother in law	ভিনদেউ
brother	ভাই
brought	আনিছিল
brown	মটিয়া
bro	ভাই
brush	বাছ
bucket	বাল্টি
buddy	সমনীয়া
budget	বাজেট
bug	পোক
building	ভৱন
build	নিৰ্মাণ
built	নিৰ্মিত
bulk	অত্যাধিক মাত্ৰাত
bully	উত্‍পীড়ন
bull	ষাঁড়
bump	উখহা
bunch	মুঠি
bundle	বাণ্ডিল
burden	বোজা
buried	পুতি পেলোৱা
burn	জ্বলা
burst	বিস্ফোৰণ
bury	পোতা
bush	জোপোহা
business	ব্যৱসায়
bust	বুকু
busy	ব্যস্ত
bus	বাছ
butterfly	পখিলা
butter	মাখন
button	বুটাম
but	কিন্তু
buy	ক্ৰয় কৰা
bye	বিদায়
by the way	যিয়েই নহওক
by	দ্বাৰা
cabbage	বন্ধাকবি
cabinet	কেবিনেট
cage	সঁজা
cake	পিঠা
calf	গৰু পোৱালী
called	কল কৰিছিল
call me	মোক কল কৰক
call	কল কৰা
calm	শান্ত
came	আহিছিল
campaign	অভিযান
Cancel	বাতিল কৰক
cancer	কৰ্কট
can't	নোৱাৰে
can	পাৰে
capable	সক্ষম
capacity	ক্ষমতা
capital	ৰাজধানী
caption	শিৰোনাম
capture	বন্দী কৰা
career	কেৰিয়াৰ
carefully	সতৰ্কতাৰে
careful	সাৱধান
careless	অসাৱধান
caring	যতন লোৱা
carpenter	কাঠমিস্ত্ৰী
carpet	দলিচা
carrot	গাজৰ
carry on	অব্যাহত ৰাখক
carry out	পালন কৰা
carry	কঢ়িওৱা
car	বাহন
case	ঘটনা
cash	নগদ
castle	দুৰ্গ
cast	ঢলা
casual	নৈমিত্তিক
catch	ধৰা
category	শ্ৰেণী
cattle	গৰু
cat	মেকুৰী
caught	ধৰা পেলাইছিল
cause	কাৰণ
caution	সাৱধান
cautious	সতৰ্ক
cave	গুহা
cease	সমাপ্তি
ceiling	চিলিং
celebrate	উদযাপন
cell	কোষ
center	কেন্দ্ৰ
century	শতিকা
cereal	ধানজাতীয় শস্য
ceremony	উপলক্ষ
certainly	নিশ্চিতভাৱে
certain	নিৰ্দিষ্ট
certificate	প্ৰমাণপত্ৰ
chain	শিকলি
chair	চকী
challenge	প্ৰত্যাহবান
chance	সুযোগ
change	সলনি কৰা
chaos	বিশৃংখলতা
characteristics	বৈশিষ্ট্যসমূহ
character	চৰিত্ৰ
charge	চাৰ্জ
charity	পৰোপকাৰ
charming	কমনীয়
chart	তালিকা
chase	খেদা
chat	চাট
cheap	সস্তীয়া
cheating	ঠগা
cheat	ঠগা
check	পৰীক্ষা কৰক
cheek	গাল
cheerful	হাঁহিমুখীয়া
cheers	চীয়েৰ্ছ
cheer	উল্লাস
cheese	চীজ
chemistry	ৰসায়ন বিদ্যা
cherish	স্নেহ কৰা
chess	দবা
chest	বুকু
chew	চোবোৱা
chicken	কুকুৰা
chief	প্ৰধান
childhood	শিশুকাল
children	শিশু
child	শিশু
chill	ঠাণ্ডা
chimneys	চিমনি
chin	থুঁতৰি
chocolate	চকলেট
choice	পচন্দ
choose	বাছনি কৰক
chop	কটা
chores	কাজকৰ্ম
chubby	শকত
church	গীৰ্জা
cinnamon	দালচেনী
circle	বৃত্ত
circumstances	পৰিস্থিতি
citizen	নাগৰিক
city	চহৰ
claim	দাবী কৰা
clarify	স্পষ্ট কৰক
class	শ্ৰেণী
clay	বোকা মাটি
clean	পৰিষ্কাৰ
clear	পৰিষ্কাৰ
clerk	পিয়ন
clever	টেঙৰ
client	গ্ৰাহক
cliff	শিল
climate	জলবায়ু
climb	বগোৱা
clingy	লাগি ধৰা
clock	ঘড়ী
closet	আলমাৰি
close	বন্ধ
clothes	কাপোৰ
cloth	পোছাক
cloudy	ডাৱৰীয়া
cloud	ডাৱৰ
clown	বহুৱা
clue	সূত্ৰ
clumsy	অনাড়ম্বৰ
cluster	গুচ্ছ
coach	প্ৰশিক্ষক
coal	কয়লা
coast	উপকূল
coat	কোট
coffee	কফি
cognitive	জ্ঞানভিত্তিক
coincidence	কাকতালীয়
cold	ঠাণ্ডা
collapse	পতন হোৱা
collar	কলাৰ
colleagues	সহকৰ্মীসকল
colleague	সহকৰ্মী
collection	সংগ্ৰহ
collect	সংগ্ৰহ
college	মহাবিদ্যালয়
colorless green ideas slept furiously	ৰংবিহীন সেউজীয়া ধাৰণাবোৰ খঙত শুই আছিল
color	ৰং
colour	ৰং
column	স্তম্ভ
combination	সংমিশ্ৰণ
combine	যোৰা লগোৱা
comb	ফণী
come here	ইয়ালৈ আহক
come on	উত্‍সাহিত কৰা
come	আহক
comfortable	আৰামদায়ক
comfort	আৰাম
coming soon	আহি আছে
coming	আহি আছে
command	আদেশ
comment	মন্তব্য
commercial	বাণিজ্যিক
commission	কাৰ্যৰ ভাৰ দিয়া
commitment	অংগীকাৰ
committed	প্ৰতিশ্ৰুতিবদ্ধ
commit	অংগীকাৰ দিয়া
commodity	পণ্য
common	সাধাৰণ
communicate	যোগাযোগ
communication	যোগাযোগ
community	সমুদায়
commute	অহাযোৱা
companion	সংগী
company	কোম্পানী
compare	তুলনা কৰা
comparison	তুলনা কৰা
compassionate	সহানুভূতিশীল
compassion	কৰুণা
compatible	উপযুক্ত
competent	সক্ষম
compete	প্ৰতিযোগিতা
competition	প্ৰতিযোগিতা
competitive	প্ৰতিযোগিতামূলক
complaint	গোচৰ
complain	অভিযোগ কৰা
complement	পৰিপূৰক
completely	সম্পূৰ্ণ
complete	সম্পূৰ্ণ কৰা
complex	জটিল
compliance	অনুবৰ্তী
complicated	জটিল
compliment	প্ৰশংসা
comply	মানি চলা
composition	সুৰ-ৰচনা
compound	যৌগ
comprehension	বোধগম্যতা
comprehensive	বিস্তৃত
compromise	আপোচ কৰা
compulsory	বাধ্যতামূলক
computer	কম্পিউটাৰ
concentrate	মনোনিবেশ কৰা
concept	ধাৰণা
concerned	চিন্তিত
concern	উদ্বেগ
concert	সংগীতানুষ্ঠান
conclusion	উপসংহাৰ
concrete	কংক্ৰিট
conditions	পৰিস্থিতি
condition	পৰিস্থিতি
conduct	ব্যৱহাৰ
conference	সন্মিলন
confess	স্বীকাৰ কৰা
confidence	আত্মবিশ্বাস
confident	আত্মবিশ্বাসী
confirm	নিশ্চিত
conflict	বিবাদ
confused	বিভ্ৰান্ত
confusion	খেলিমেলি
congrats	অভিনন্দন
congratulations	অভিনন্দন
congratulation	অভিনন্দন
conjunction	সংযোগ
connect	সংযুক্ত কৰক
conquer	জয়ী হোৱা
consciousness	চেতনা
conscious	চেতনা
consent	অনুমতি
consequences	পৰিণামবোৰ
conservation	সংৰক্ষণ
conservative	ৰক্ষণশীল
considered	বিবেচিত
consider	বিবেচনা কৰা
consistency	স্থিৰতা
consistent	অবিচলিত
consist	গঠিত
constantly	নিৰন্তৰ
constant	নেৰানেপেৰা
constipation	কোষ্ঠকাঠিন্য
construction	নিৰ্মাণ
consume	গ্ৰাস কৰা
consumption	সেৱন
contact	যোগাযোগ কৰক
contagious	সংক্ৰামক
contains	অন্তৰ্ভুক্ত থাকে
contain	অন্তৰ্ভুক্ত
contemporary	সমসাময়িক
contempt	অৱমাননা
content	বিষয়
contest	প্ৰতিযোগিতা
context	সন্দৰ্ভ
continent	মহাদেশ
continue	অব্যাহত ৰাখক
contract	চুক্তি
contrast	বিষমতা
contribute	বৰঙণি দিয়া
contribution	অৱদান
control	নিয়ন্ত্ৰণ
controversial	বিবাদগ্ৰস্ত
convenience	সুবিধা
convenient	সুবিধাজনক
conversation	কথা-বাৰ্তা
convert	ৰূপান্তৰ
convey	ব্যক্ত কৰা
convinced	সন্তুষ্ট হ’ল
convince	মান্তি কৰোৱা
cooking	ৰন্ধা
cook	ৰন্ধা
cool	ঠাণ্ডা
cooperation	সহযোগ
cope	সমুখীন হোৱা
copper	তাম
core	মুখ্য
corner	চুক
corn	মাকৈ
correct	শুদ্ধ
costume	পোছাক
cost	খৰচ
cottage	কটেজ
cotton	কপাহ
couch	শয্যা
cough	কাহ
council	পৰিষদ
counter	বিৰোধ
countryside	গ্ৰাম্যঅঞ্চল
country	দেশ
count	হিচাপ কৰা
couple	দম্পতি
courage	সাহস
course	ধাৰা
courtesy	ভদ্ৰতা
court	আদালত
cousin	খুড়া বা জেঠাইৰ পুতেক বা জীয়েক
cousin	পেহী
cousin	মামা
cousin	মাহী
cover	আৱৰণ
coward	ভয়াতুৰ
cow	গাই
cozy	আৰামদায়ক
crab	কেঁকোৰা
crack	ফাঁট
craft	শিল্প
crap	বিষ্ঠা
crash	খুন্দা মৰা
craving	ভোক
crawl	চুচৰি যোৱা
crazy	বলিয়া
create	সৃষ্টি কৰা
creative	সৃষ্টিশীল
credit	কৃতিত্ব
creepy	ভয়ংকৰ
creep	অধম
crew	দল
crime	অপৰাধ
cringe	ভয়ত কোঁচ-মোচ খোৱা
crisis	বিপদ
criteria	চৰ্ত
critical	জটিল অৱস্থা
criticism	সমালোচনা
crops	শস্য
crop	শস্য
cross	পাৰ হোৱা
crowded	ভিৰ থকা
crowd	ভিৰ
crown	মুকুট
crow	কাউৰী
crucial	গুৰুত্বপূৰ্ণ
cruel	নিষ্ঠুৰ
cruise	ক্ৰুজ
crush	গুড়ি কৰা
cry	কন্দা
cucumber	তিঁয়হ
cuddle	আলিংগন কৰা
culture	সংস্কৃতি
cunning	টেঙৰ
cupboard	আলমাৰী
cup	কাপ
curb	প্ৰতিবন্ধক
cure	আৰোগ্য
curfew	সান্ধ্য আইন বলবত্‍ হোৱা কাল
curiosity	অনুসন্ধিত্‍সা
curious	কৌতূহলী
curly	কেকোঁৰা
currency	মুদ্ৰা
currently	বৰ্তমান
current	সোঁত
curse	অভিশাপ
curtain	পৰ্দা
cushion	কুশ্বন
customer	গ্ৰাহক
customs	শুল্ক বিভাগ
custom	অনুকুলন কৰা
cute	মৰমলগা
cut	কটা
cycle	চক্ৰ
cycling	চাইকেল চলোৱা
daddy	দেউতা
dad	দেউতা
daily	দৈনিক
dairy	দুগ্ধজাত
damage	ক্ষতি
damp	সেমেকা
dam	বাঁধ
dance	নৃত্য
dangerous	বিপদজনক
danger	বিপদ
dark	অন্ধকাৰ
darling	মৰমৰ
dash	ছিটিকনি
data	তথ্য
date	তাৰিখ
daughter	জীয়েক
day	দিন
deadline	সময়সীমা
dead	মৃত
deaf	বধিৰ
deal	চুক্তি
Dear All	মৰমৰ সকলোবোৰ
Dear Customer	প্ৰিয় গ্ৰাহক
Dear Parents	মৰমৰ পিতৃ-মাতৃসকল
Dear Sir	মৰমৰ চাৰ
Dear students	মৰমৰ শিক্ষাৰ্থীসকল
Dear Team	মৰমৰ দল
dear	মৰমৰ
death	মৃত্যু
debate	তৰ্ক
debit	খৰচ
debris	ধ্বংসাবশেষ
debt	ধাৰ
decade	দশক
decay	পচি যোৱা
deceased	মৃত
deceive	প্ৰতাৰণা
december	ডিচেম্বৰ
decent	শালীন
decided	সিদ্ধান্ত লোৱা হ’ল
decide	সিদ্ধান্ত লোৱা
decision	সিদ্ধান্ত
deck	ডেক
decline	অস্বীকাৰ কৰা
decrease	নিম্নগামী
dedicated	নিবেদিত
dedication	একাগ্ৰতা
deed	কৰ্ম
deep	গভীৰ
deer	হৰিণা
default	ডিফল্ট
defeat	হৰুওৱা
defend	প্ৰতিৰক্ষা
define	সংজ্ঞায়িত কৰা
definitely	নিশ্চিতভাৱে
definition	সংজ্ঞা
degree	ডিগ্ৰী
delayed	পলম হোৱা
delay	পলম কৰা
delete	বিলোপ
deliberate	ইচ্ছাকৃত
delicate	কোমল
delicious	সুস্বাদু
delighted	আনন্দিত
delight	আনন্দ
delivered	বিলি কৰা হ’ল
delivery	বিলি কৰা
deliver	বিলি কৰা
demanding	দাবী কৰা হৈছে
demand	দাবী কৰা
democracy	গণতন্ত্ৰ
demonstrate	প্ৰদৰ্শন
demon	ৰাক্ষস
denied	অস্বীকাৰ কৰা হৈছে
density	ঘনত্ব
dentist	দন্ত চিকিত্‍সক
deny	প্ৰত্যাখ্যান কৰা
department	বিভাগ
departure	প্ৰস্থান
depend	নিৰ্ভৰ
deploy	নিয়োজিত কৰা
deposit	জমা
depressed	হতাশ হোৱা
depression	উদাস
depth	গভীৰতা
describe	বৰ্ণনা কৰা
description	বিৱৰণ
desert	মৰুভূমি
deserve	প্ৰাপ্য
designation	পদবী
design	ডিজাইন
desire	আকাংক্ষা
desk	ডেস্ক
despair	হতাশা
desperate	হতাশ
despite	সত্বেও
dessert	মুখৰুচক
destination	গন্তব্যস্থান
destiny	ভাগ্য
destroy	ধ্বংস কৰা
destruction	ধ্বংস
details	সবিশেষ
detail	বিৱৰণ
detect	চিনাক্ত কৰা
determination	সংকল্প
determined	নিৰূপিত
determine	নিৰ্দ্ধাৰণ কৰা
devastated	বিধ্বস্ত
developed	বিকশিত
development	বিকাশ
develop	বিকাশ কৰা
device	ডিভাইচ
devil	চয়তান
devoted	সমৰ্পিত
Dhivehi	দিৱেহী
diabetes	ডায়েবিটিছ
diarrhea	ডায়েৰিয়া
diary	ডায়েৰী
dictionary	অভিধান
did	কৰিছিল
died	মৃত্যু হোৱা
diet	খাদ্য
die	মৰি যোৱা
difference	পাৰ্থক্য
different	অন্য
difficult	কঠিন
dignity	মৰ্যাদা
dig	খনন কৰা
diligent	পৰিশ্ৰমী
dinner	নৈশ আহাৰ
dip	ডুব মৰা
direction	দিশ
director	নিৰ্দেশক
direct	পোনপটীয়া
dirty	লেতেৰা
dirt	ময়লা
disabled	অক্ষম হোৱা
disable	অক্ষম
disappear	অদৃশ্য
disappointed	নিৰাশ
disaster	দুৰ্যোগ
discard	বৰ্জন কৰা
discharge	এৰি দিয়া
discipline	নিয়মানুৱৰ্তিতা
discount	ৰেহাই
discover	আৱিষ্কাৰ কৰা
discrimination	বৈষম্য
discussion	আলোচনা
discuss	আলোচনা কৰা
diseases	ৰোগসমূহ
disease	ৰোগ
disguise	ছদ্মৱেশ
disgusting	ঘৃণা
dishes	কাঁহী
dish	থালী
dismiss	বৰ্খাস্ত
dispatch	পঠিওৱা
display	প্ৰদৰ্শন
disposal	নিষ্পত্তি
dispute	বিতৰক
distance	দূৰত্ব
distinct	নিৰ্দিষ্ট
distinguish	পাৰ্থক্য কৰা
distress	বেদনা
distribution	বিতৰণ
district	জিলা
disturb	আমনি কৰা
ditch	নলা
diverse	বিচিত্ৰ
diversity	অনৈক্য
dive	জাঁপ দিয়া
divide	ভাগ কৰা
divine	আধ্যাত্মিক
divorce	বিবাহ বিচ্ছেদ
dizzy	মূৰ ঘুৰণি
doctor	ডাক্তৰ
document	নথিপত্ৰ
doesn't	নহয়
does	কৰে
Dogri	ডোগৰী
dog	কুকুৰ
doing	কৰি আছো
doll	পুতলা
domain	ডমেইন
domestic	ঘৰুৱা
dominant	প্ৰভাৱশালী
donate	দান কৰা
done	কৰা হ’ল
donkey	গাধ
Don't worry	চিন্তা নকৰিব
don't	নকৰিব
dope	মূৰ্খ
double	দুগুণ
doubt	সন্দেহ
dough	মথি থোৱা আটা
download	ডাউনল’ড
down	তললৈ
do you love me	আপুনি মোক ভাল পায় নে
do you	আপুনি কৰে নে
do	কৰক
draft	খচৰা
drag	টানি নিয়া
drain	নলা
drama	নাটক
drawer	ড্ৰয়াৰ
drawing	অংকন কৰি থকা
draw	অঁকা
dread	ভয়
dream	সপোন
dress	পোছাক
drill	খন্দা
drink	পান কৰা
drive	চলোৱা
dropped	বাদ দিয়া হৈছে
drop	টোপাল
drought	খৰ
drunk	নিচাসক্ত
dry	শুকান
duck	হাঁহ
dude	ল’ৰা
due to	কাৰণে
due	দেয়
dull	নিস্তেজ
dumb	বোবা
dump	ভাণ্ডাৰ
duration	সময়কাল
during	সেই সময়ত
dust	ধুলি
duty	দায়িত্ব
dwell	বাস কৰা
dying	মৰি আছে
each other	পৰস্পৰক
each	প্ৰতিটো
eager	আগ্ৰহী
eagle	ঈগল
earlier	পূৰ্বতে
early	আগতীয়া
earn	উপাৰ্জন কৰা
ears	কাণ
earthquake	ভূমিকম্প
earth	পৃথিৱী
ear	কাণ
ease	সহজে
easily	সহজে
east	পূব
easy	সহজ
eating	খোৱা
eat	খোৱা
economic	অৰ্থনৈতিক
economy	অৰ্থনীতি
edge	প্ৰান্ত
edit	সম্পাদনা কৰক
education	শিক্ষা
effective	কাৰ্যকৰী
effect	প্ৰভাৱ
efficiency	দক্ষতা
efficient	দক্ষ
effort	চেষ্টা
eggplant	বেঙেনা
egg	কণী
ego	অহং
eighteen	ওঠৰ
eighty	আশী
eight	আঠ
either	যিকোনো এটা
elaborate	সম্প্ৰসাৰিত
elbow	কিলাকুটী
elderly	জ্যেষ্ঠ
elder	জ্যেষ্ঠ
elegant	সুন্দৰ
element	উপাদান
elephant	হাতী
eleven	এঘাৰ
eligible	যোগ্য
eliminate	নিষ্কাশন
else	ইয়াৰ বাহিৰে
embarrassed	বিব্ৰত হোৱা
embarrassing	বিব্ৰত কৰা
embrace	আঁকোৱালি লোৱা
emergency	জৰুৰীকালীন
emerge	আবির্ভূত
emotional	আবেগিক
empathy	সহানুভুতি
emphasis	জোৰ দিয়া
emphasize	‘ জোৰ দিয়া
employees	কৰ্মচাৰী
employee	কৰ্মচাৰী
employer	নিয়োগকৰ্তা
employment	কৰ্মসংস্থান
empty	খালী
enable	সক্ষম কৰা
encounter	বিৰোধিতা কৰা
encourage	উত্‍সাহ দিয়া
endangered	বিপন্ন
endeavor	প্ৰচেষ্টা
endurance	ধৈৰ্য
endure	সহ্য কৰা
end	সমাপ্ত
enemy	শত্ৰু
energy	শক্তি
engaged	জড়িত
engagement	ব্যস্ততা
engage	ব্যস্ত থকা
engineer	অভিযন্তা
engine	ইঞ্জিন
English	ইংৰাজী
enhance	বৰ্ধন কৰা
enjoy	ফূৰ্তি কৰক
enormous	বৃহত্‍
enough	পৰ্যাপ্ত
ensure	নিশ্চিত কৰা
entertainment	বিনোদন
enter	প্ৰৱেশ কৰা
enthusiasm	উত্‍সাহ
enthusiastic	উত্‍সাহী
entire	সমগ্ৰ
entitled	অধিকাৰ প্ৰাপ্ত
entity	সত্তা
entrance	প্ৰৱেশদ্বাৰ
entrepreneur	উদ্যোগী
envelope	খাম
environment	পৰিৱেশ
envy	ঈৰ্ষা
epic	মহাকাব্য
epidemic	মহামাৰী
equal	সমান
equipment	সঁজুলি
equity	ন্যায়
equivalent	সমান্তৰাল
eraser	ৰবৰ
error	আঁসোৱাহ
escape	পলোৱা
especially	বিশেষকৈ
essay	ৰচনা
essence	সাৰাংশ
essential	আৱশ্যকীয়
established	স্থাপিত
establish	স্থাপন কৰা
estate	সম্পত্তি
estimated	অনুমানিক
estimate	অনুমানিক
etc	আদি
eternal	চিৰদিনীয়া
ethics	নীতি
evaluate	মূল্যায়ন কৰা
evaluation	মূল্যায়ন
evening	সন্ধিয়া
even though	তথাপিও
eventually	অৱশেষত
event	কাৰ্যক্ৰম
even	যুগ্ম
everybody	সকলো
everyone	সকলো
everything	সকলো
every	প্ৰত্যেক
ever	কেতিয়াবা
evidence	প্ৰমাণ
evil	অশুভ
evolution	ক্ৰমাগত বিকাশ
evolve	বিকশিত হোৱা
Ewe	এবৈ
exactly	ঠিক সেইমতে
exact	সঠিক
examine	পৰীক্ষা কৰা
example	উদাহৰণ
exam	পৰীক্ষা
exceed	সীমাৰ বাহিৰ কৰা
excellent	অতি উত্তম
exception	ব্যতিক্ৰম
except	ইয়াৰ বাহিৰে
excessive	অতিৰিক্ত
excess	অতিমাত্ৰা
exchange	বিনিময়
excited	উত্তেজিত হোৱা
excitement	উত্তেজনা
exciting	ৰোমাঞ্চকৰ
exclusive	একচেটিয়া
excuse me	ক্ষমা কৰিব
excuse	ক্ষমা কৰিব
execute	কাৰ্যান্বিত কৰা
execution	কাৰ্যান্বিত কৰা
executive	কাৰ্যবাহী
exercise	ব্যায়াম
exhausted	ক্লান্ত
exhaust	নিষ্কাশন
exhibition	প্ৰদৰ্শনী
exhibit	প্ৰদৰ্শন
existence	অস্তিত্ব
existing	বিদ্যমান
exist	উপলব্ধ
exit	প্ৰস্থান
expand	সম্প্ৰসাৰণ কৰা
expected	আশা কৰা হৈছে
expect	আশা কৰা
expenses	খৰচ
expensive	দামী
experience	অভিজ্ঞতা
experiment	পৰীক্ষণ
expert	বিশেষজ্ঞ
expired	ম্যাদ উকলিছে
explain	ব্যাখ্যা কৰা
explanation	ব্যাখ্যা
exploit	শোষণ
explore	অণ্বেষণ কৰা
export	ৰপ্তানি
exposed	উদঙোৱা
expose	উন্মুক্ত
exposure	অনাবৃত
expression	অভিব্যক্তি
express	প্ৰকাশ কৰা
extended	বৰ্ধিত
extend	প্ৰসাৰিত
extension	বিস্তাৰ
extent	বিস্তাৰ হৈ থকা
external	বাহ্যিক
extinct	লুপ্ত
extract	নিষ্কাশন কৰা
extraordinary	অসাধাৰণ
extra	অতিৰিক্ত
extremely	অত্যন্ত
extreme	চৰম
ex	পূৰ্ব
eyes	চকু
eye	চকু
fabric	ফেব্ৰিক
fabulous	অবিশ্বাস্য
face	চেহেৰা
facilitate	উপলভ্য কৰা
facilities	সুবিধাসমূহ
facility	সুবিধা
factory	ফেক্টৰী
factor	কাৰক
facts	তথ্যসমূহ
fact	তথ্য
fade	ম্লান পৰা
failed	ব্যৰ্থ হৈছিল
failure	বিফল হোৱা
fail	ব্যৰ্থ হোৱা
faint	মূৰ্চা যোৱা
fairly	নিৰপেক্ষভাৱে
fairy	পৰী
fair	মেলা
faithful	বিশ্বাসী
faith	ভৰসা
fake	ভুৱা
fall	পৰি যোৱা
false	মিছা
fame	খ্যাতি
familiar	চিনাকি
family	পৰিয়াল
famine	দুৰ্ভিক্ষ
famous	বিখ্যাত
fancy	ফেন্সী
fantastic	চমত্‍কাৰ
fan	পাংখা
farewell	বিদায়
farmer	খেতিয়ক
farm	খেতি
far	দূৰ
fascinating	আকৰ্ষণীয়
fashion	ফেশ্বন
fast	বেগাই
fatal	প্ৰাণঘাতক
fate	ভাগ্য
father	পিতৃ
fatigue	ভাগৰ
fat	শকত
fault	দোষ
favorite	প্ৰিয়
favourite	প্ৰিয়
favour	পক্ষপাত
fear	ভয়
feast	ভোজ
feather	পাখি
features	বৈশিষ্ট্যসমূহ
feature	বৈশিষ্ট্য
february	ফেব্ৰুৱাৰী
fed up	অতিষ্ঠ হৈ পৰিছে
feedback	মতামত
feed	ভোজন
feeling	অনুভৱ
feel	অনুভৱ কৰা
feet	ফুট
fee	মাচুল
fellow	সহকৰ্মী
fell	পৰি যোৱা
felt	অনুভৱ কৰিছিল
female	মহিলা
fence	বেৰা
fertile	উৰ্বৰ
festival	উত্‍সৱ
fetch	লৈ অনা
fever	জ্বৰ
fewer	আগতকৈ কম
few	খুব কম
fiance	বাগদত্তা
fiction	কল্পকাহিনী
field	ক্ষেত্ৰ
fierce	ভয়ংকৰ
fifteen	পোন্ধৰ
fifty	পঞ্চাছ
fighting	যুঁজ কৰা
fight	কাজিয়া
figure out	নিৰ্ধাৰণ কৰা
figure	শৰীৰ
file	ফাইল
filled	পূৰ্ণ হৈ থকা
fill	পূৰ্ণ
film	চলচ্চিত্ৰ
filthy	লেতেৰা
finally	অৱশেষত
finance	বিত্ত
financial	অৰ্থনৈতিক
find out	বিচাৰি উলিওৱা
find	সন্ধান কৰা
fine	জৰিমনা
finger	আঙুলি
finished	সমাপ্ত কৰা
finish	সমাপ্ত
fire	অগ্নি
firm	দৃঢ়
first name	প্ৰথম নাম
first	প্ৰথম
fish	মাছ
fit	যোগ্য হোৱা
five	পাঁচ
fixed	নিৰ্ধাৰিত
fix	ঠিক কৰা
flag	পতাকা
flash	চমক
flat	চেপেটা
flawless	নিখুঁত
flaw	বৈ যোৱা
flee	পলাই যোৱা
flesh	মাংস
flew	উৰি গ’ল
flexible	নমনীয়
flex	নমনীয়
flight	উৰাজাহাজ
flip	ওলোটা কৰা
flirting	জোকোৱা
flirt	প্ৰেমৰ ভাও
float	উপঙি থকা
flood	বানপানী
floor	মজিয়া
flour	ময়দা
flower	ফুল
flow	বৈ অহা
fluently	সাৱলীলভাৱে
fluent	বাকপটু
fluffy	পাহৰি যোৱা লোক
fluid	জুলীয়া
flu	চৰ্দি জ্বৰ
fly	উৰা
focus	ধ্যান কেন্দ্ৰিত
foggy	কুঁৱলী সনা
fog	কুঁৱলী
fold	ভাঁজ
folks	বান্ধৱসকল
following	নিম্নলিখিত
follow up	খতিয়ান লোৱা
follow	অনুসৰণ কৰা
food	আহাৰ
foolish	মুৰ্খতা
fool	মূৰ্খ
football	ফুটবল
foot	ফুট
forbidden	নিষিদ্ধ
force	বল
forecast	পুৰ্বানুমান
forehead	কপাল
foreign	বিদেশী
forest	অৰণ্য
forever	চিৰদিন
For example	উদাহৰণ স্বৰূপে
forget	পাহৰা
forgive	ক্ষমা কৰা
forgot	পাহৰিছিল
for instance	উদাহৰণস্বৰূপে
fork	কাঁটা চামুচ
formal	আনুষ্ঠানিক
former	পূৰ্বৰ
form	প্ৰপত্ৰ
fortunately	সৌভাগ্যক্ৰমে
fortune	সৌভাগ্য
forty-two	বিয়াল্লিশ
forty	চল্লিশ
forward	আগলৈ
for you	আপোনাৰ বাবে
for	বাবে
foster	ভৰণ পোষণ কৰা
fought	কাজিয়া লাগিছিল
foundation	ভেঁটি
found	পোৱা গ’ল
fourteen	চৈধ্য
four	চাৰি
fox	শিয়াল
fragile	ভঙ্গুৰ
framework	ফ্ৰেমৱৰ্ক
frame	ফ্ৰেম
fraud	প্ৰৱঞ্চনা
freak	পাগল
freedom	স্বাধীনতা
freeze	ফ্ৰীজ
free	বিনামূলীয়া
frequency	কম্পনাংক
frequently	সঘনাই
frequent	সঘনাই
fresh	সতেজ
friday	শুক্ৰবাৰ
fridge	ফ্ৰীজ
friendly	বন্ধুসুলভ
friendship	বন্ধুত্ব
friends	বন্ধুসকল
friend	বন্ধু
frightened	শংকিত
frightening	ভয়াৱহ
frog	ভেকুলী
from	পৰা
front	সন্মুখৰ
frozen	হিমায়িত
fruit	ফল
frustrated	নিৰাশা
fuel	ইন্ধন
Fulfulde	ফুলফুল্দে
full	সম্পূৰ্ণ
function	অনুষ্ঠান
fundamental	মৌলিক
funeral	অন্তিম সংস্কাৰ
funny	জমনি
fun	আনন্দ
furious	অগ্নিশৰ্মা
furniture	আচবাব
furthermore	তদুপৰি
further	আগলৈ
fur	নোম
future	ভৱিষ্যত
gain	লাভ কৰা
game	খেল
gap	গেপ
garage	গেৰেজ
garbage	আৱৰ্জনা
garden	বাগিছা
garlic	নহৰু
gate	গেট
gathering	সমাবেশ
gather	গোটোৱা
gauge	জোখ লোৱা
gave	দিছিল
gear	গিয়েৰ
gender	লিংগ
generally	সাধাৰণতে
general	সাধাৰণ
generate	সৃষ্টি কৰা
generation	প্ৰজন্ম
generous	দয়ালু
genius	প্ৰতিভা
genre	ধাৰা
gentle	ভদ্ৰ
genuine	প্ৰকৃত
gesture	ভংগীমা
get dressed	পোছাক পিন্ধক
getting	প্ৰাপ্ত কৰিছে
get up	উঠা
get well soon	সোনকালে আৰোগ্য হওক
get	পাওক
ghosting	অনুসৰণ কৰা
ghost	ভুত
giant	দৈত্য
gift	উপহাৰ
ginger	আদা
girlfriend	প্ৰেমিকা
girl	ছোৱালী
given	দিয়া হৈছে
give up	পৰিত্যাগ কৰা
give	দিয়া
glad	আনন্দিত
glance	দৃষ্টি
glasses	চশমা
glass	গিলাছ
glimpse	আভাস
global	সাৰ্বজনীন
gloomy	ডাৱৰীয়া
gloves	হাতমোজা
glow up	জিলিকি উঠিব
glow	উজ্জ্বলতা
glue	আঠা
go ahead	আগবাঢ়ক
goals	লক্ষ্যসমূহ
goal	লক্ষ্য
goat	ছাগলী
go away	যোৱাগৈ
god bless you	ঈশ্বৰে মংগল কৰক
god	ঈশ্বৰ
goes	যায়
going to	গৈছে
going	গৈ আছো
gold	সোণ
gone	গ’ল
gonna	গৈছে
good afternoon	শুভ আবেলি
good bye	বিদায়
goodbye	বিদায়
good day	শুভ দিন
good evening	শুভ সন্ধিয়া
good job	ভাল কৰিলে
good looking	দেখিবলৈ ধুনীয়া
good luck	শুভেচ্ছা থাকিল
good morning my love	সুপ্ৰভাত মোৰ প্ৰিয়তম
good morning	সুপ্ৰভাত
goodnight	শুভৰাত্রি
good night	শুভৰাত্ৰি
goods	বস্তু
good	ভাল
Google Translate	গুগল অনুবাদ
Google	গুগল
goose	ৰাজহাঁহ
gorgeous	ধুনীয়া
gossip	আড্ডা
got it	এইটো পাইছো
go to bed	শুবলৈ যোৱা
got	পোৱা
government	চৰকাৰ
go	যাওক
grab	খামুচি ধৰা
grade	শ্ৰেণী
gradually	লাহে লাহে
graduate	স্নাতক
grain	দানা
granted	মঞ্জুৰ
grant	অনুদান
grapes	আঙুৰ
grasp	খামুচি ধৰা
grass	ঘাঁহ
grateful	কৃতজ্ঞ
gratitude	কৃতজ্ঞতা
grave	কবৰ
gray	ধূসৰ
great	মহান
greedy	লুভীয়া
greed	লোভ
green	সেউজীয়া
greetings	শুভেচ্ছা
greeting	সম্ভাষণ জনোৱা
greet	সম্বোধন কৰা
grey	ধোঁৱা বৰণ
grid	গ্ৰিড
grief	দুখ
grind	খুন্দা
grip	জোৰকৈ ধৰা
grocery	গেলামালৰ দোকান
groom	দৰা
gross	গোটেই অংশ
ground	ভূমি
group	গোট
growth	বৃদ্ধি
grow	বিকশিত হোৱা
grumpy	বদমেজাজী
Guarani	গুৱাৰানী
guarantee	গাৰাণ্টি
guard	ৰক্ষা কৰা
guess	অনুমান কৰা
guest	আলহী
guidance	নিৰ্দেশনা
guide	নিৰ্দেশনা দিয়া
guilty	দোষী
guys	ল’ৰাসকল
guy	যুৱক
gym	জিম
habitat	বাসস্থান
habit	অভ্যাস
had	আছিল
hail	শিল-বৰষুণ
hair	চুলি
half	আধা
hall	হল
handle	চম্ভালা
handsome	দেখনিয়াৰ
hand	হাত
hang out	একেলগে সময় অতিবাহিত কৰা
hang	ওলমা
happened	ঘটিছিল
happen	ঘটা
happiness	সুখ
happy birthday to you	আপোনালৈ জন্মদিনৰ শুভ কামনা থাকিল
happy birthday	জন্মদিনৰ ওলগ জনালোঁ
happy new year	শুভ নৱবৰ্ষ
happy	সুখী
hardly ever	কেতিয়াবাহে
hardly	খুব কম
hard	কঠিন
harmful	ক্ষতিকাৰক
harmony	সম্প্ৰীতি
harm	ক্ষতি
harsh	কঠোৰ
harvest	শস্য চপোৱা
has	আছে
hate	বেয়া পোৱা
have a good day	দিনটো শুভ হওক
have a nice day	দিনটো শুভ হওক
have breakfast	ৰাতিপুৱাৰ জলপান খাওক
have fun	আনন্দ কৰা
have you eaten	আপুনি খাইছে নে
having	থকা
hazard	বিপদ
haze	কুঁৱলী
headache	মূৰৰ বিষ
head	মূৰ
healing	উপচাৰ
healthy	স্বাস্থ্যকৰ
health	স্বাস্থ্য
heal	আৰোগ্য হোৱা
heard	শুনা
heart	হৃদয়
hear	শুনা
heat	তাপ
heaven	স্বৰ্গ
heavy	গধুৰ
hectic	ব্যস্ত
he has	তেওঁৰ আছে
height	উচ্চতা
heir	উত্তৰাধিকাৰী
heist	ডকাইতি
he is	তেওঁ হৈছে
held	অনুষ্ঠিত
hello dear	নমস্কাৰ প্ৰিয়তম
hello how are you doing	নমস্কাৰ, আপোনাৰ ভাল নে
hello how are you	নমস্কাৰ আপুনি কেনে আছে
Hello	নমস্কাৰ
hell	নৰক
helmet	হেলমেট
helpful	সহায়ক
help	সহায়
hence	সেয়েহে
herd	জাক
here	ইয়াত
heritage	ঐতিহ্য
her	তাইক
hesitate	সংকোচ কৰা
Hey	হেৰা
he	তেওঁ
hidden	লুকাই থকা
hide	লুকাই থকা
hierarchy	অনুক্ৰম
highlight	গুৰুত্বপূৰ্ণ অংশ
high	ওখ
hi how are you	নমস্কাৰ, আপোনাৰ কি খবৰ
hike	ভ্রমণত যোৱা
hiking	পৰ্বতাৰোহণ কৰা
hilarious	হাস্যকৰ
hill	পাহাৰ
him	তেওঁক
hint	ইংগিত
hips	কঁকাল
hip	কঁকাল
hire	ভাড়া কৰা
hiring	নিয়োগ
history	ইতিহাস
his	তাৰ
Hi there	নমস্কাৰ
hit	মৰা
Hi	নমস্কাৰ
Hmm	হমম
hobby	ভাল লগা কাম
hold on	ধৈৰ্য ধৰক
hold	ধৰি ৰখা
hole	ফুটা
holiday	ছুটীৰ দিন
hollow	ফোঁপোলা
homework	ঘৰত কৰা কাম
home	গৃহ
honestly	সত্‍ভাৱে
honest	সত্‍
Honey	মৌ
honor	সন্মান
hood	ডকাইত
hook	হুক
hopefully	আশা কৰা হৈছে
hopeless	নিৰাশ
hope	আশা
hop	জঁপিওৱা
horizontal	অনুভূমিক
horn	শিঙ
horrible	বৰ বেয়া
horror	ভয়াৱহ
horse	ঘোঁৰা
hospitality	আতিথ্য
hospital	চিকিত্‍সালয়
hostile	প্ৰতিকূল
host	আঁত ধৰোঁতা
hotel	হোটেল
hot	গৰম
hours	ঘণ্টা
hour	ঘণ্টা
household	ঘৰুৱা
house	ঘৰ
how about you	আপোনাৰ ক্ষেত্ৰত কি
how are you doing today	আজি আপোনাৰ কেনে
how are you doing	আপোনাৰ কি খবৰ
how are you today	আপোনাৰ আজি কেনেকুৱা
how are you	আপোনাৰ কেনে
how do you do	আপোনাৰ কেনে
however	অৱশ্যে
how is	কেনেকৈ
how many	কিমানটা
how much	কিমান
how often	কিমান সঘনাই
how old are you	আপোনাৰ বয়স কিমান
how was your day	আপোনাৰ দিনটো কেনে আছিল
how was your night	আপোনাৰ নিশা কেনে আছিল
how	কেনেকৈ
hubby	পতি
hub	কেন্দ্ৰ
huge	প্ৰকাণ্ড
hug	আলিংগন
human	মানৱ
humble	নম্ৰ
humidity	আৰ্দ্ৰতা
humid	আৰ্দ্ৰ
hundred	শত
hungry	ভোকাতুৰ
hunt	চিকাৰ
hurricane	হাৰিকেন
hurry up	সোনকাল কৰা
hurry	জল্দি
hurt	আঘাত লগা
husband	পতি
hustle	হুলস্থূল
hut	কুটি
hygiene	পৰিচ্ছন্নতা
I am fine	মই ঠিকেই আছো
I am	ম‍ই
I can't	মই নোৱাৰোঁ
I can	ম‍ই পাৰোঁ
ice cream	আইচক্ৰীম
ice	বৰফ
ideal	আদৰ্শ
idea	ধাৰণা
identical	অভিন্ন
identify	চিনাক্ত কৰা
identity	পৰিচয়
idiot	মূৰ্খ
idle	এনেই থকা
I do not know	মই নাজানো
I do not understand	মই বুজি নাইপোৱা
I don't know	ম‍ই নাজানো
I don’t know	মই নাজানো
I don't understand what you mean	তুমি কি ক’ব বিছাৰিছা মই বুজি পোৱা নাই
I don't understand you	মই আপোনাক বুজি নাপাওঁ
I don't understand	ম‍ই বুজি পোৱা নাই
I don’t understand	ম‍ই বুজি পোৱা নাই
I don't	মই নকৰোঁ
I do	ম‍ই কৰোঁ
if	যদি
ignore	অগ্ৰাহ্য কৰা
i guess	মোৰ অনুমান
I had	মোৰ আছিল
I have been	মই আছিলোঁ
I have	মোৰ আছে
I hope so	মই সেয়াই আশা কৰোঁ
I know	ম‍ই জানো
I like you	মই তোমাক পছন্দ কৰোঁ
I like	মই পচন্দ কৰোঁ
illegal	বেআইনী
illness	ৰোগ
ill	বেমাৰী
Ilocano	ইলোকানো
I love my big brother	মই মোৰ ডাঙৰ দাদাক ভাল পাওঁ
I love my big sister	মই মোৰ ডাঙৰ বাইদেউক ভাল পাওঁ
I love my father	মই মোৰ দেউতাক ভাল পাওঁ
I love my little brother	মই মোৰ সৰু ভাইটিক ভাল পাওঁ
I love my little sister	মই মোৰ সৰু ভণ্টিক ভাল পাওঁ
I love my mother	মই মোৰ মাক ভাল পাওঁ
I love you so much	ম‍ই আপোনাক বৰ ভাল পাওঁ
I love you too	ময়ো আপোনাক ভাল পাওঁ
I love you	মই আপোনাক ভাল পাওঁ
I love	ম‍ই ভাল পাওঁ
image	ছৱি
imagine	কল্পনা কৰা
I mean	মই বুজাইছোঁ
I'm fine	মই ভালে আছোঁ
I'm good	মোৰ ভাল
I'm here	ম‍ই ইয়াত
I miss you so much	আপোনালৈ ইমানকৈ মনত পৰে
I miss you	মোৰ তোমালৈ মনত পৰিছে
immediately	ততালিকে
immediate	লগে লগে
immense	অপৰিসীম
impact	প্ৰভাৱ
impatient	অধৈৰ্য
implement	প্ৰয়োগ কৰা
important	গুৰুত্বপূৰ্ণ
import	আমদানি
impose	আৰোপ কৰা
impossible	অসম্ভৱ
impression	ছাপ
impressive	প্ৰভাৱশালী
impress	প্ৰভাৱিত কৰা
improvement	উন্নতি
improve	উন্নত কৰা
I'm sorry	ম‍ই দুঃখিত
I'm	ম‍ই
I’m	ম‍ই
in addition	তাৰোপৰি
inappropriate	অনুপযুক্ত
incentive	উত্‍সাহ প্ৰদান
incident	ঘটনা
include	অন্তৰ্ভুক্ত
including	সাঙুৰি
income	উপাৰ্জন
inconvenience	অসুবিধা
increased	বৃদ্ধি পালে
increase	বৃদ্ধি কৰা
incredible	অবিশ্বাস্য
indeed	সঁচাকৈয়ে
independent	স্বাধীন
India	ভাৰত
indicate	সংকেত
indigenous	দেশী
individual	ব্যক্তিকেন্দ্ৰিক
industry	উদ্যোগ
inevitable	অনিবাৰ্য
In fact	আচলতে
infant	কেঁচুৱা
infection	ৰোগ বিয়পা অৱস্থা
infinity	অসীম
inflammation	প্ৰদাহ
inflation	মুদ্ৰাস্ফীতি
influence	প্ৰভাৱ
information	তথ্য
inform	অৱগত কৰা
in front of	সন্মুখত
ingredients	সামগ্ৰীসমূহ
inheritance	উত্তৰাধিকাৰ
initial	প্ৰাৰম্ভিক
initiative	উদ্যোগ লোৱা
injured	আঘাতপ্ৰাপ্ত
injury	আঘাত
innocent	নিৰীহ
innovation	উদ্ভাৱন
in order to	কৰিবলৈ
inquiry	অনুসন্ধান
insane	উন্মাদ
insect	পতংগ
insecure	অসুৰক্ষিত
insert	প্ৰবিষ্ট কৰা
inside	ভিতৰত
insight	অন্তৰ্দৄষ্টি
insist	জোৰ কৰা
insomnia	অনিদ্ৰা
inspiration	প্ৰেৰণা
inspire	অনুপ্ৰাণিত কৰা
install	স্থাপন কৰা
instance	উদাহৰণ
instant	ক্ষণ
instead of	কিহবাৰ সলনি
instead	ইয়াৰ পৰিৱৰ্তে
instructions	নিৰ্দেশনাসমূহ
instrument	সঁজুলি
insult	অপমান
insurance	বীমা
intact	অক্ষত
integrity	একতা
intellectual	বুদ্ধিমান
intelligence	বুদ্ধিমত্তা
intelligent	বুধিয়ক
intended	অভিপ্ৰেত
intend	অভিপ্ৰায়
intense	তীব্ৰ
intention	অভিপ্ৰায়
interaction	ভাৱ-বিনিময়
interact	ভাৱ-বিনিময় কৰা
interested	আগ্ৰহী
interesting	আকৰ্ষণীয়
interest	সুত
interfere	হস্তক্ষেপ
intermediate	অন্তৰ্বৰ্তী
internal	আভ্য়ন্তৰীণ
international	আন্তৰ্জাতিক
internship	ইণ্টাৰ্নশ্বিপ
interpreter	ব্যাখ্যাকৰোতা
interpret	ব্যাখ্যা
interrupt	মাজতে বাধা দিয়া
interview	সাক্ষাত্‍কাৰ
intimate	অন্তৰংগ
introduce	চিনাকি কৰোৱা
introduction	পাতনি
introvert	অন্তৰ্মুখী
intuition	অন্তৰ্দৃষ্টি
invalid	অমান্য
inventory	বস্তুৰ তালিকা
invent	উদ্ভাৱন
investigate	অনুসন্ধান কৰা
invest	বিনিয়োগ কৰা
invitation	আমন্ত্ৰণ
invite	আমন্ত্ৰণ
invoice	চালান
involved	জড়িত
involve	সাঙুৰা
in	ভিতৰত
iron	লো
I see	ম‍ই দেখিছোঁ
island	দ্বীপ
isolated	বিচ্ছিন্ন
issues	সমস্যা
issue	সমস্যা
items	সামগ্ৰী
item	সামগ্ৰী
I think	মোৰ ভাৱ হৈছে
it is	এইটো হয়
It's okay	ঠিক হৈ যাব
it's ok	ঠিক আছে
its	ইয়াৰ
it's	এইটোৰ
it was	এইটো আছিল
it	এইটো
I understand	মই বুজি পাইছোঁ
I want to see you	ম‍ই আপোনাক চাব বিচাৰোঁ
I want you	মই তোমাক বিচাৰোঁ
I want	ম‍ই বিচাৰোঁ
I was	মই আছিলোঁ
I will	ম‍ই কৰিম
I would be	মই হ'ম
I	ম‍ই
jacket	জেকেট
jail	কাৰাগাৰ
January	জানুৱাৰী
jar	জাৰ
jaw	হনু
jealous	ঈৰ্ষান্বিত
jerk	জোকৰা
jewelry	গহনা
job	চাকৰি
jogging	ব্যায়াম কৰা
joint	গাঁঠি
join	যোগদান কৰক
joke	কৌতুক
journalist	সাংবাদিক
journey	যাত্ৰা
joy	উল্লাহ
judge	বিচাৰক
juice	ৰস
july	জুলাই
jump	জাপ মৰা
june	জুন
junk	আৱৰ্জনা
just do it	মাত্ৰ কৰা
justice	ন্যায়
justify	ন্যায্যতা দিয়া
just	মাত্ৰ
Kalaallisut	কলাল্লিসুত
keen	আগ্ৰহী
keep it up	ইয়াক অব্যাহত ৰাখক
keep	ৰাখক
kept	ৰখা হৈছে
kettle	কেটলী
key	চাবি
kick	কিক
kidding	ধেমালি কৰা
kidney	বৃক্ক
kids	শিশু
kid	শিশু
kill	হত্যা
kinda	এটা প্ৰকাৰৰ
kindly	অনুগ্ৰহ কৰি
kindness	দয়া
kind	দয়ালু
king	ৰজা
kiss	চুমা
kitchen	পাকঘৰ
kite	চিলা
kitten	মেকুৰী পোৱালী
knee	আঁঠু
knew	জানিছিল
knife	কটাৰী
knight	ৰজা
knowledge	জ্ঞান
known	জনাজাত
know	জনা
Konkani	কোংকণী
Krio	ক্রিযো
label	লেবেল
labor	শ্ৰমিক
labour	পৰিশ্ৰম
lack	অভাৱ
ladder	চিৰি
lady	মহিলা
laid	পাৰিলে
lake	হ্ৰদ
lamb	ভেড়া
lame	পংগু
lamp	লেম্প
landscape	ভূচিত্ৰ
land	ভূমি
language	ভাষা
lap	কোলা
large	ডাঙৰ
last but not least	অন্তিম কিন্তু নহয়
last name	উপাধি
last	অন্তিম
lately	শেহতীয়াকৈ
later	পাছত
latest	শেহতীয়া
late	পলম
latter	পাছত
laughing	হাঁহি থকা
laughter	হাঁহি
laugh	হাঁহি
launch	মুক্তি দিয়া
laundry	কাপোৰ ধুৱা
lawn	ল’ন
lawyer	উকীল
law	আইন
layer	স্তৰ
layout	গাঁথনি
lay	স্থাপন কৰা
lazy	এলেহুৱা
leader	নেতা
lead	নেতৃত্ব দিয়া
leaf	পাত
leak	ফুটা
lean	ক্ষীণ
leap	জাপ মৰা
learning	শিক্ষণ
learn	শিকা
lease	লীজ
least	সবাতোকৈ কম
leather	চামৰা
leaves	পাত
leave	যোৱা
led	চালিত
left	বাওঁ
legacy	উত্তৰাধিকাৰ
legal	আইনী
legend	কিংবদন্তী
legit	বৈধ
leg	ভৰি
leisure	আজৰিৰ সময়
lend	ধাৰলৈ দিয়া
length	দৈৰ্ঘ্য
lesson	পাঠ
less	কম
letter	চিঠি
lettuce	লেটুচ
let	কৰিবলৈ দিয়া
level	স্তৰ
leverage	উত্তোলন
liability	দায়িত্ব
library	পুথিভঁৰাল
lick	চেলেকা
lies	মিছা কথা
lie	মিছা
life	জীৱন
lift	ওঠোৱা
lightning	বিজুলী
light	পাতল
likely	সম্ভাৱনা
likewise	তেনেদৰেই
like	পচন্দ কৰা
line	ৰেখা
Lingala	লিংগালা
link	লিংক
lion	সিংহ
liquid	তৰল
listening	শুনা
listen	শুনক
list	সূচী
literally	আক্ষৰিকভাৱে
literature	সাহিত্য
litter	লেতেৰা
little	অলপ
liver	যকৃত
lives	জীয়াই থাকে
live	জীয়াই থকা
living room	চৰা-ঘৰ
living	জীয়াই থকা
lizard	জেঠী
load	ভাৰ
loaf	লোফ
loan	ঋণ
local	স্থানীয়
location	অৱস্থান
lockdown	লকডাউন
lock	তলা
log	কুণ্ডা
lol	হা-হা
lonely	নিৰ্জনতা
long time no see	বহু দিন দেখা হোৱা নাই
long	দীঘল
look	ৰূপ
loop	খান্দৰি
loose	ঢিলা
lord	ঈশ্বৰ
lose	হৰা
loss	ক্ষতি
lost	হেৰাল
lot	বহুত
loud	ডাঙৰকৈ
lounge	লাউঞ্জ
lovely	ধুনীয়া
love you	তোমাক ভাল পাওঁ
love	ভালপোৱা
lower	তলৰ
low	নিম্ন
loyalty	আনুগত্য
loyal	অনুগত
lucky	সৌভাগ্যশালী
luck	ভাগ্য
Luganda	লুগাণ্ডা
luggage	লগত কঢ়িয়াই নিয়া সামগ্ৰী
lump	পিণ্ড
lunch	দুপৰীয়াৰ আহাৰ
lungs	হাওঁফাওঁ
luxury	বিলাসিতা
lying	মিছা মতা
machine	যন্ত্ৰ
madam	মহোদয়া
made	বনাইছিল
mad	পগলা
magazine	আলোচনী
magnificent	চমত্‍কাৰ
maid	ঘৰুৱা সহায়িকা
maintain	বজাই ৰখা
maintenance	ব্যৱস্থাপনা
main	প্ৰধান
Maithili	মৈথিলী
majority	অধিকাংশ
major	প্ৰধান
make up	মেক আপ
make	নিৰ্মাণ কৰা
male	পুৰুষ
mall	মল
management	ব্যৱস্থাপনা
manager	ব্যৱস্থাপক
manage	ব্যৱস্থাপনা কৰা
mandatory	জৰুৰী
manifest	ঘোষণাপত্ৰ
manipulate	নিপূণতাৰে ব্যৱহাৰ কৰা
manner	আচৰণ
manual	হাতপুথি
many many happy returns of the day	সুখেৰে এই দিনটো আকৌ উভতি আহে যেন
many	অনেক
man	মানুহ
march	খোজকঢ়া
margin	প্ৰান্ত
market	বজাৰ
marriage	বিবাহ
married	বিবাহিত
mask	মুখা
massive	বিশাল
mass	ভৰ
master	মাষ্টৰ
match	মিল থকা
material	সামগ্ৰী
mate	সংগী
math	অংক
matter	বিষয়
maturity	পৰিপক্কতা
maybe	হয়তো
may	হয়তো
meal	আহাৰ
meaning	অৰ্থ
means	অৰ্থ হৈছে
meant	অৰ্থ হৈছে
meanwhile	তাৰ মাজতে
mean	অৰ্থ
measures	জোখ
measure	জোখ লোৱা
meat	মাংস
medical	মেডিকেল
medicine	দৰৱ
meditation	ধ্যান
medium	মাধ্যম
meeting	মীটিং
meet	লগ পোৱা
Meiteilon	মৈতৈলোন
melt	গলা
memories	স্মৃতিসমূহ
memory	স্মৃতি
mental	মানসিক
mentioned	উল্লেখ কৰিছিল
mention	উল্লেখ
mentor	গুৰু
merchant	ব্যৱসায়ী
mercy	দয়া
merely	কেৱল
merry christmas	শুভ বৰদিন
message	বাৰ্তা
messy	খেলিমেলি
mess	অব্যৱস্থিত
metal	ধাতু
method	পদ্ধতি
me too	ময়ো
me	মোক
mice	নিগনি
middle	মাজ
midnight	মাজনিশা
might	হ’ব পাৰে
mild	মৃদু
milestone	মাইলৰ খুঁটি
military	সৈনিক
milk	গাখীৰ
million	নিযুত
mindset	মানসিকতা
mind	মন
mine	মোৰ
mingle	মিলন হোৱা
minor	নাবালক
minutes	মিনিটবোৰ
minute	মিনিট
miracle	অলৌকিক ঘটনা
mirror	আইনা
miscellaneous	সানমিহলি
mischievous	ক্ষতিকাৰক
miserable	কৰুণ
misery	দুখ
missing	হেৰাইছে
mission	উদ্দেশ্য
miss you	আপোনালৈ মনত পৰিছে
miss	বাদ পৰি যোৱা
mistake	ভুল
mist	কুঁৱলী
Mizo	মিজো
mobile	ম’বাইল
mock	উপহাস
model	মডেল
moderate	মধ্যমীয়া
modern	আধুনিক
modest	বিনয়ী
moisture	আৰ্দ্ৰতা
moist	সেমেকা
mold	গঠন
mole	তিল
moment	মুহূৰ্ত
mom	মা
monday	সোমবাৰ
money	ধন
monitor	কাৰোবাৰ ওপৰত চকু ৰখা
monkey	বান্দৰ
month	মাহ
moody	মেজাজ
mood	মেজাজ
moon	চন্দ্ৰ
moral	নৈতিক
moreover	তাৰোপৰি
more	অধিক
morning	পুৱা
mortgage	বন্ধক
mostly	অধিকাংশভাৱে
most	অধিকাংশ
mother	মা
motion	গতি
motivation	প্ৰেৰণা
mountain	পৰ্বত
mouse	নিগনি
mouth	মুখ
movement	বিপ্লৱ
move	পদক্ষেপ লোৱা
movie	বোলছৱি
mrs	শ্ৰীমতী
much	অনেক
mud	বোকা
mug	মগ
muscle	পেশী
museum	সংগ্ৰাহালয়
mushroom	কাঠফুলা
music	সংগীত
must	অৱশ্যেই
mute	নিঃশব্দ
mutual	উমৈহতীয়া
My dear	মোৰ প্ৰিয়
my friend	মোৰ বন্ধু
My hovercraft is full of eels	মোৰ হ’ভাৰক্ৰাফ্টখন ঈল মাছেৰে ভৰি আছে
my love	মোৰ প্ৰিয়তম
my name is	মোৰ নাম হৈছে
my pleasure	মোৰ আনন্দ
myself	মই নিজেই
mysterious	ৰহস্যময়
mystery	ৰহস্য
myth	কল্পিত কথা
my	মোৰ
nail	নখ
naive	নিষ্পাপ
name	নাম
narrative	বৰ্ণনা
narrow	ঠেক
nasty	অশ্লীল
nationality	জাতীয়তা
national	ৰাষ্ট্ৰীয়
native	স্থানীয়
natural	প্ৰাকৃতিক
nature	প্ৰকৃতি
nausea	ওকট পাকট লগা
nearby	সমীপৰ
nearly	প্ৰায়
near	কাষত
neat	চাফা
necessary	প্ৰয়োজনীয়
necklace	নেকলেচ
neck	ডিঙি
need	প্ৰয়োজন
negative	ঋণাত্মক
neglect	গুৰুত্ব নিদিয়া
negotiate	মীমাংসা কৰা
neighborhood	চুবুৰীয়া
neighbor	চুবুৰীয়া
neither	এটাও নহয়
nephew	ভতিজা
nerd	নিৰ্বোধ
nervous	স্নায়ৱিক
nest	বাহ
network	নেটৱৰ্ক
net	জাল
neutral	নিৰপেক্ষ
never give up	কেতিয়াও হাৰ নামানিব
never mind	কোনো কথা নাই
nevermind	কোনো কথা নাই
nevertheless	যিয়েই নহওক
never	কেতিয়াও নহয়
news	বাতৰি
new	নতুন
next to	ইয়াৰ পিছত
next	পৰৱৰ্তী
nice to meet you	আপোনাক লগ পাই ভাল লাগিল
nice	বঢ়িয়া
niece	ভতিজী
nightmare	বেয়া সপোন
night	নিশা
nineteen	উনৈশ
ninety	নব্বৈ
nine	ন
nobody	কোনো নহয়
noise	হুলস্থূল
noisy	হূলস্থুলীয়া
none	একো নাই
noon	দুপৰীয়া
nope	নহয়
no problem	কোনো সমস্যা নাই
normal	স্বাভাৱিক
north	উত্তৰদিশ
nose	নাক
nostalgic	স্মৃতিত বেদনাতুৰ
not at all	কোনোপধ্যে নহয়
not bad	বেয়া নহয়
noted	টুকি লোৱা হ’ল
note	টোকা
nothing	একো নাই
noticed	লক্ষ্য কৰা হৈছে
notice	জাননী
Not now	এতিয়া নহয়
not yet	এতিয়ালৈকে নহয়
not	নহয়
nouns	বিশেষ্য
noun	নামবাচক
novel	উপন্যাস
november	নৱেম্বৰ
nowadays	আজিকালি
no way	কোনো প্ৰকাৰেই নহয়
now	এতিয়া
No	নহয়
nuisance	উপদ্ৰৱ
null	খালী
number	সংখ্যা
numb	জঠৰ
nurse	নাৰ্ছ
nutmeg	জায়ফল
nutrition	পুষ্টি
nut	বাদাম
oath	শপত
obesity	মেদবহুলতা
obey	মানি চলা
objective	উদ্দেশ্য
object	বস্তু
obligation	কৰ্তব্য
obscure	অস্পষ্ট
observation	পৰ্যবেক্ষণ
observe	অনুভৱ কৰা
obsessed	আবেশত থকা
obsession	আবেশ
obsolete	অপ্ৰচলিত
obstacle	বাধা
obtained	প্ৰাপ্ত কৰিছিল
obtain	প্ৰাপ্ত কৰা
obviously	নিশ্চিতভাৱে
obvious	স্পষ্ট
occasionally	কেতিয়াবা
occupation	বৃত্তি
occupied	অধিকৃত
occurred	ঘটিছিল
occurs	ঘটিছে
occur	ঘটে
ocean	মহাসাগৰ
october	অক্টোবৰ
odds	প্ৰতিকূলতা
odd	অস্বাভাৱিক
of course	নিশ্চিতভাৱে
offensive	আক্ৰমণাত্মক
offer	অফাৰ
office	কাৰ্যালয়
official	অনুষ্ঠানিক
off	বন্ধ কৰা
often	প্ৰায়ে
oh really	সঁচাকে
Oh	অস
oil	তেল
okay baby	ঠিক আছে সোণ
okay dear	ঠিক আছে সোণ
okay honey	বাৰু প্ৰিয়তম
okay my love	বাৰু মোৰ সোণ
okay	ঠিক আছে
ok dear	ঠিক আছে প্ৰিয়তম
ok honey	ঠিক আছে প্ৰিয়তম
ok my love	ঠিক আছে মোৰ প্ৰিয়তম
ok	ঠিক আছে
old	বুঢ়া
once	এবাৰ
one language is never enough	এটা ভাষা কেতিয়াও পৰ্যাপ্ত নহয়
one	এক
onion	পিঁয়াজ
online	অনলাইন
only	কেৱল
on	ওপৰত
open	খোলা
operation	সঞ্চালন
opinion	মতামত
opportunities	সুযোগ
opportunity	সুযোগ
opposite	বিপৰীত
optimistic	আশাবাদী
optional	বৈকল্পিক
option	বিকল্প
orange	কমলা
order	ক্ৰম
ordinary	সাধাৰণ
organization	সংস্থা
orientation	অভিবিন্যাস
original	মূল
origin	মূলত
Oromo	ওৰোমো'
orphan	অনাথ
or	অথবা
otherwise	অন্যথা
other	অন্যান্য
ought	লাগে
Our mission: to enable everyone, everywhere to understand the world and express themselves across languages.	আমাৰ লক্ষ্য: সকলোকে, সকলোতে বিশ্বখন বুজি পোৱাত সক্ষম কৰা আৰু ভাষাবোৰেৰে নিজকে প্ৰকাশ কৰা
Our mission: to organize the world's information and make it universally accessible and useful.	আমাৰ লক্ষ্য: বিশ্বৰ তথ্য সংগঠিত কৰা আৰু ইয়াক সাৰ্বজনীনভাৱে উপলব্ধ আৰু উপযোগী কৰি তোলা
our	আমাৰ
outcome	ফলাফল
outfit	পোছাক
outgoing	বহিৰ্গামী
outlet	নিৰ্গমন পথ
outline	ৰুপৰেখা
outside	বাহিৰত
outstanding	বাকী থকা
out	বাহিৰ
oven	অ’ভেন
overall	সামগ্ৰিক
overcome	অতিক্ৰম কৰি অহা
over there	তাত
overthinking	প্ৰয়োজনতকৈ অধিক চিন্তা
overwhelmed	অভিভূত
overwhelming	অপ্ৰতিৰোধ্য
over	ওপৰত
owe	ঋণী হোৱা
owl	ফেঁচা
owner	মালিক
own	নিজৰ
ox	ষাঁড়
pace	গতি
package	পেকেজ
pack	পেক
paid	পৰিশোধিত
painting	চিত্ৰাংকন
paint	ৰং সনা
pain	দুখ
pair	যোৰা
pale	শেঁতা
palm	তলুৱা
pandemic	অতিমাৰী
panic	ত্ৰাস
pants	পেণ্ট
pan	কেৰাহী
paper	কাগজ
paradise	স্বৰ্গ
parallel	সমান্তৰাল
parcel	পাৰ্চেল
pardon	ক্ষমা কৰিব
parents	পিতৃ-মাতৃ
park	উদ্যান
parrot	ভাটৌ
parsley	পাৰ্ছলে শাক
participate	অংশগ্ৰহণ
particularly	বিশেষকৈ
particular	নিৰ্দিষ্ট
partner	সংগী
party	দল
part	অংশ
passage	পাঠাংশ
passed	উত্তীৰ্ণ
passionate	ভাবুকতা
passion	আবেগ
passive	নিষ্ক্ৰিয়
password	পাছৱৰ্ড
pass	উত্তীৰ্ণ
past	অতীত
patch	টুকুৰা
pathetic	কৰুণ
path	পথ
patience	ধৈৰ্য
patient	ৰোগী
pattern	নমুনা
pause	বিৰতি
pavement	ফুটপাথ
payment	পৰিশোধ
pay	পৰিশোধ কৰা
peaceful	শান্তিপূৰ্ণ
peace	শান্তি
peach	নৰা বগৰী
peak	শৃংগ
pear	নাচপতি
peas	মটৰ
peculiar	আচৰিত
peel	বাকলি
peers	সমনীয়া
peer	সহকৰ্মী
pee	প্ৰস্ৰাৱ কৰা
pencil	পেঞ্চিল
pending	বাকী থকা
pen	কলম
people	লোক
pepper	জালুক
perceive	বুজা
perception	ধাৰণা
perfect	নিখুঁত
performance	প্ৰদৰ্শন
perform	সম্পাদন কৰা
perhaps	বোধকৰোঁ
period	সময়কাল
permanent	স্থায়ী
permission	অনুমতি
permit	অনুমতি দিয়া
perseverance	অধ্যৱসায়
persistent	অবিৰাম
personality	ব্যক্তিত্ব
personal	ব্যক্তিগত
person	ব্যক্তি
perspective	দৃষ্টিকোণ
persuade	মান্তি কৰোৱা
pervert	বিকৃত
pet	পোহনীয়া জীৱ
phase	স্তৰ
phenomenon	অদ্ভুত ঘটনা
philosophy	দৰ্শন
phone	ফোন
photo	ফটো
phrase	বাক্যাংশ
physical	শাৰীৰিক
pick up	উঠাওক
pick	বাছক
picture	ছৱি
pieces	টুকুৰাসমূহ
piece	টুকুৰা
pigeon	কপৌ চৰাই
pig	গাহৰি
pile	স্তূপ
pillow	গাৰু
pilot	পাইলট
pineapple	আনাৰস
pink	গোলপীয়া
pin	পিন
pitch	চূড়া
pity	দয়া
pit	গাঁত
places	স্থানসমূহ
place	স্থান
plague	প্লেগ ৰোগ
plain	সমতল
plane	বাহন
plants	উদ্ভিদ
plant	উদ্ভিদ
plan	পৰিকল্পনা
plate	কাঁহী
platform	প্লেটফৰ্ম
playing	খেলি আছে
play	খেলা
pleasant	আনন্দদায়ক
pleased	প্ৰসন্ন
please	অনুগ্ৰহ কৰি
pleasure	সুখ
pledge	শপত
plenty	পৰ্যাপ্ত
plot	পটভূমি
plug	ছুপি
plumber	নলাৰ কাম কৰা লোক
plum	বগৰী
plural	বহুবচন
podcast	প’ডকাষ্ট
poem	কবিতা
poetry	কবিতা
point	বিন্দু
poison	বিহ
police	আৰক্ষী
policy	নীতি
polite	ভদ্ৰ
pollution	প্ৰদূষণ
pond	পুখুৰী
pool	পুখুৰী
poop	বিষ্ঠা
poor	দুখীয়া
popular	জনপ্ৰিয়
population	জনসংখ্যা
pop	প’প
pork	গাহৰি মাংস
porridge	পুডিং বিশেষ
port	বন্দৰ
position	অৱস্থান
positive	ধনাত্মক
possession	পেছা
possessive	স্ব-অধিকাৰ
possess	অধিকাৰ কৰা
possible	সম্ভৱ
postpone	পিছুৱাই থকা
post	ডাক
potato	আলু
potential	সম্ভাৱনা
pound	পাউণ্ড
poverty	দৰিদ্ৰতা
powerful	শক্তিশালী
power	ক্ষমতা
practical	বাস্তৱিক
practice	অভ্যাস
praise	প্ৰশংসা কৰা
prank	ধেমালি কৰা
pray	প্ৰাৰ্থনা কৰা
precious	মূল্যবান
precisely	যথাযথভাৱে
precise	সুনিৰ্দিষ্ট
predict	অনুমান
preference	প্ৰাথমিক পছন্দ
prefer	অগ্ৰাধিকাদ দিয়া
pregnant	গৰ্ভৱতী
prejudice	পক্ষপাত কৰা
premises	পৰিসৰ
premium	প্ৰিমিয়াম
preparation	প্ৰস্তুতি
prepared	প্ৰস্তুত কৰা হৈছে
prepare	প্ৰস্তুত হোৱা
preposition	অব্যয়
presence	উপস্থিতি
presentation	প্ৰস্তুতি
present	বৰ্তমান
preserve	সংৰক্ষণ
president	ৰাষ্ট্ৰপতি
pressure	চাপ
press	টিপক
pretend	ভাও জোৰা
pretty	মৰমলগা
prevent	প্ৰতিৰোধ কৰা
previous	পূৰ্ৱবৰ্তী
prey	চিকাৰ
price	মূল্য
pride	গৌৰৱ
priest	পূজাৰী
primary	প্ৰাথমিক
prime	মুখ্য
princess	ৰাজকন্যা
principal	প্ৰধান
priority	অগ্ৰাধিকাৰ
prior	আগতে
prison	কাৰাগাৰ
privacy	গোপনীয়তা
private	ব্যক্তিগত
privilege	বিশেষ অধিকাৰ
prize	পুৰষ্কাৰ
probably	সম্ভৱতঃ
problem	সমস্যা
procedure	পদ্ধতি
proceed	আগবাঢ়ক
process	প্ৰক্ৰিয়া
produce	উত্‍পাদন
production	উৎপাদন
product	সামগ্ৰী
professional	পেশাদাৰী
profession	পেছা
profile	ৰূপৰেখা
profit	লাভ
profound	দৃঢ়
progress	প্ৰগতি
project	প্ৰকল্প
prominent	বিশিষ্ট
promise	প্ৰতিশ্ৰুতি
promote	প্ৰচাৰ কৰা
promotion	প্ৰচাৰ
prompt	শীঘ্ৰে
prone	উন্মুখ
pronouns	সৰ্বনাম
pronunciation	উচ্চাৰণ
proof	প্ৰমাণ
properly	সঠিকভাৱে
properties	ধৰ্ম
property	সম্পত্তি
proper	যথাযথ
proposal	প্ৰস্তাৱ
prospect	সম্ভাৱনা
prosperity	সমৃদ্ধি
prosperous	সমৃদ্ধ
protect	ৰক্ষা কৰা
proud	অহংকাৰী
prove	প্ৰমাণ কৰা
provided	প্ৰদান কৰা
provide	প্ৰদান কৰা
province	প্ৰদেশ
provision	ব্যৱস্থা
puberty	যৌৱন
public	ৰাজহুৱা
pull	টনা
pumpkin	ৰঙালাউ
punctual	সময়নিষ্ঠ
pupil	চকুৰ মণি
purchase	ক্ৰয় কৰা
pure	বিশুদ্ধ
purple	বেঙুনীয়া
purpose	উদ্দেশ্য
purse	ধনৰ মোনা
pursue	অনুসৰণ কৰা
pursuit	অনুসৰণ
push	ঠেলা
put	ৰখা
qualification	অৰ্হতা
quality	গুণমান
quantity	পৰিমাণ
quarantine	কুৰেণ্টাইন
quarrel	কাজিয়া
quarter	কিহবাৰ এক চতুৰ্থাংশ
Quechua	কেচুআ
queen	ৰাণী
queer	বিচিত্ৰ
query	প্ৰশ্ন
question	প্ৰশ্ন
queue	লানি পতা
quickly	দ্ৰুততাৰে
quick	দ্ৰুত
quiet	নীৰৱ
quilt	লেপ
quite	যথেষ্ট
quit	এৰি দিয়া
quiz	কুইজ
quotation	উদ্ধৄতি
quotes	উদ্ধৃতি
quote	উদ্ধৃতি
rabbit	শহা
race	জাতি
rage	খং
rain	বৰষুণ
raised	উত্থাপিত
raise	বৃদ্ধি কৰা
random	যাদৃচ্ছিক
range	পৰিসৰ
ran	দৌৰিছিল
rapidly	দ্ৰুতগতিত
rapid	দ্ৰুত
rarely	কাচিত্‍
rare	বিৰল
rash	চোকোৰা
rate	হাৰ
rather	বৰঞ্চ
rational	যুক্তিকৰ
ratio	অনুপাত
rat	চিকা
raw	কেঁচা
reached	পালেগৈ
reach	উপনীত হোৱা
reaction	প্ৰতিক্ৰিয়া
reading	পঢ়ি থকা
ready	সাজু
read	পঢ়া
reality	বাস্তৱতা
realized	উপলব্ধি কৰা হৈছে
realize	উপলব্ধি
really	সঁচাকৈ
real	বাস্তৱ
rear	পিছফালৰ
reasonable	যুক্তিসংগত
reason	কাৰণ
recall	মনত পেলোৱা
receipt	ৰচিদ
received	প্ৰাপ্ত কৰা হৈছে
receive	পোৱা
recently	শেহতীয়াকৈ
recent	শেহতীয়া
reception	অভ্যৰ্থনা
recipe	ৰেচিপি
reckless	বেপৰোৱা
recognition	স্বীকৃতি
recognize	চিনাক্ত কৰা
recommended	পৰামৰ্শিত
recommend	প্ৰস্তাৱ দিয়া
record	নথিভুক্ত
recovery	পুনৰুদ্ধাৰ
recover	পুনৰুদ্ধাৰ
rectangle	আয়ত
redeem	ৰিডীম কৰা
redemption	পাপমোচন
reduce	হ্ৰাস কৰা
redundant	অপ্ৰয়োজনীয়
red	ৰঙা
reference	সন্দৰ্ভ
refer	উল্লেখ
reflection	প্ৰতিফলন
reflect	প্ৰতিফলন
refrain	নকৰাকৈ থকা
refrigerator	ৰেফ্ৰিজাৰেটৰ
refund	ধন উভতোৱা
refused	অস্বীকাৰ কৰা হৈছে
refuse	অস্বীকাৰ কৰা
regarding	এইবিষয়ে
regardless	ধ্যান নিদিয়াকৈ
regards	সন্মান
regard	সন্মান
region	অঞ্চল
register	পঞ্জীয়ন কৰা
regret	অনুশোচনা কৰা
regularly	নিয়মিতভাৱে
regular	নিয়মিত
reject	প্ৰত্যাখ্যান
related	সম্পৰ্কিত
relate	সম্পৰ্কিত কৰা
relationship	সম্পৰ্ক
relatives	সম্বন্ধীয়
relative	সম্পৰ্কীয়
relax	আৰাম
released	মুক্তিপ্ৰাপ্ত
release	মুক্তি দিয়া
relevant	প্ৰাসংগিক
reliable	নিৰ্ভৰযোগ্য
relief	ত্ৰাণ পোৱা
relieved	অব্যাহতিপ্ৰাপ্ত
relieve	সকাহ দিয়া
religion	ধৰ্ম
religious	ধাৰ্মিক
reluctant	অনিশ্চুক
rely	ভৰসা
remaining	বাকী থকা
remain	বাকী আছে
remarkable	মন কৰিবলগীয়া
remedy	প্ৰতিকাৰ
remember	মনত ৰখা
reminder	স্মাৰক
remind	মনত পেলোৱা
remote	দূৰৱৰ্তী
remove	আঁতৰোৱা
render	যাঁচি দিয়া
re	NS
rent	ভাড়া
repair	মেৰামতি
repeat	পুনৰাবৃত্তি
replace	প্ৰৰ্তিস্থাপন কৰা
reply	প্ৰত্যুত্তৰ
report	অভিযোগ কৰা
represent	প্ৰতিনিধিত্ব
reputation	খ্যাতি
request	অনুৰোধ
required	প্ৰয়োজনীয়
require	প্ৰয়োজন
rescue	উদ্ধাৰ
research	গৱেষণা
resemble	মিল থকা
resentment	অসন্তুষ্টি
reservation	সংৰক্ষণ
reserve	সংৰক্ষণ
resident	বাসিন্দা
resign	ত্যাগপত্ৰ দিয়া
resilience	সহনশীলতা
resilient	প্ৰাণৱন্ত
resistance	বিৰোধ কৰা
resist	বিৰোধ কৰা
resolution	সংকল্প
resolve	সমাধান
resort	আশ্ৰয়
resources	সম্পদসমূহ
respect	সন্মান
respond	সঁহাৰি
response	সঁহাৰি
responsibility	দায়িত্ব
responsible	দায়ী
restaurant	ৰেষ্টুৰেণ্ট
rest in peace	আত্মাই চিৰশান্তি লাভ কৰক
restore	পুনৰ সঞ্চয় কৰা
restrict	সীমাবদ্ধ
rest	জিৰণি লোৱা
results	ফলাফল
result	ফলাফল
resume	অব্যাহত ৰাখক
retail	খুচুৰা
retain	ধৰি ৰখা
retention	ধৰি ৰখা
retired	অৱসৰপ্ৰাপ্ত
retreat	পশ্চাদপসৰণ
retrieve	উদ্ধাৰ কৰা
return	উভতাই দিয়া
revealed	উন্মুক্ত
reveal	প্ৰকাশ কৰা.
revenge	প্ৰতিশোধ
revenue	ৰাজহ
reverse	বিপৰীত
review	পুনৰীক্ষণ
revise	সংশোধন
revision	সংশোধন
revolution	বিপ্লৱ
reward	পুৰস্কাৰ
rhythm	তাল
rib	পাঁজৰ
rice	ভাত
rich	ধনী
ride	চলোৱা
ridiculous	হাস্যকৰ
rid	পৰিত্ৰাণ
right now	এতিয়াই
right	শুদ্ধ
rigid	কঠোৰ
ring	আঙুঠি
rinse	পখালা
riot	দাঙ্গা
ripe	পকা
rip	ফলা
rise	উদয় হোৱা
risk	আশংকা
rival	প্ৰতিদ্বন্দী
river	নদী
road	পথ
roast	পোৰা
robust	মজবুত
rock	শিল
rod	ৰ’ড
role	ভূমিকা
roll	মেৰিওৱা
roof	ছাদ
room	কোঠা
root	শিপা
rope	ৰছী
rotten	পচা
roughly	মোটামুটিকৈ
rough	খহটা
round	গোলাকাৰ
route	পথ
routine	নিত্য সূচী
row	শাৰী
rubber	ৰবৰ
rubbish	আৱৰ্জনা
rub	ঘঁহা
rude	ৰূঢ়
rug	পিঠিফালৰ
ruin	ধ্বংস
ruler	শাসক
rules	নিয়মসমূহ
rule	নিয়ম
running	দৌৰা
run	দৌৰা
rural	গ্ৰাম্য
rush	খৰধৰ কৰা
sack	বস্তা
sacred	ভয় খোৱা
sacrifice	ত্যাগ
safe flight	শুভ বিমানযাত্ৰা
safety	সুৰক্ষা
safe	সুৰক্ষিত
sage	মুনি
said	কৈছিল
sailing	জল যাত্ৰা
sail	পাল
sake	হেতু
salary	দৰমহা
sale	বিক্ৰী
salmon	চালমন
salt	নিমখ
Same here	ইয়াত একেই
same	একেই
sample	নমুনা
sand	বালি
Sanskrit	সংস্কৃত
sarcastic	ব্যঙ্গাত্মক
sassy	অনাড়ম্বৰ
satisfaction	সন্তুষ্টি
satisfied	সন্তুষ্ট
satisfying	সন্তোষজনক
satisfy	সন্তুষ্ট কৰা
Saturday	শনিবাৰ
sat	বহিছিল
sausage	চ’চেজ
savage	অসভ্য
save	সঞ্চয় কৰা
saw	দেখিছিল
say	কওক
scale	মাপন
scam	কেলেংকাৰী
scarce	দুৰ্লভ
scared	ভয় খোৱা
scarf	গলাবান্ধ
scary	ভয়ানক
scar	দাগ
scattered	সিঁচৰতি
scenery	দৃশ্য
scene	দৃশ্য
scent	সুগন্ধ
schedule	অনুসূচী
school	বিদ্যালয়
science	বিজ্ঞান
scientists	বিজ্ঞানী
scientist	বিজ্ঞানী
scissors	কেঁচি
scold	গালি
scope	পৰিসৰ
score	মানংক
scrap	বৰ্জিত অংশ
scratch	ঘাঁ লগা
scream	চিঞৰ
screen	স্ক্ৰীণ
screw	পেঁচ-গজাল
script	চিত্ৰনাট্য
seal	ছীল
search	সন্ধান
season	ঋতু
seat	আসন
sea	সাগৰ
second	দ্বিতীয়
secret	গোপনীয়
section	শাখা
secure	সুৰক্ষিত
security	সুৰক্ষা
seed	বীজ
seek	বিচৰা
seems	যেন লাগিছে
seem	এনে লাগিছে
seen	দেখা পোৱা
see you later	আপোনাক পাছত লগ পাম
see you soon	সোনকালেই আপোনাক লগ পাম
see you tomorrow	কাইলৈ দেখা হ'ম
see you	আপোনাক লগ পাম
see	চোৱা
seize	জব্দ কৰা
seizure	বাজেয়াপ্ত
seldom	কাচিত্‍
select	চয়ন কৰা
self healing	নিজে নিজে আৰোগ্য হোৱা
selfish	স্বাৰ্থপৰ
self	নিজক
sell	বিক্ৰী কৰা
send me your picture	মোলৈ আপোনাৰ ছৱি পঠিয়াওক
send	পঠোৱা
senior	জ্যেষ্ঠ
sense	জ্ঞান
sensible	বুদ্ধিমান
sensitive	সংবেদনশীল
sentences	বাক্যসমূহ
sentence	বাক্য
sent	প্ৰেৰণ কৰা
separate	পৃথক
Sepedi	সেপেডী
september	ছেপ্টেম্বৰ
sequence	ক্ৰম
series	শৃংখলা
seriously	গুৰুত্ব সহকাৰে
serious	গহীন
serve	সেৱা কৰা
service	সেৱা
session	অধিৱেশন
setting	ছেটিং
settle	নিষ্পত্তি কৰা
set up	স্থাপন কৰা
set	স্থাপন কৰা
seventeen	সোতৰ
seventy	সত্তৰ
seven	সাত
several	কেইবাটাও
severe	অতিশয়
sew	চিলাই
shade	ছাঁ পৰা ঠাই
shadow	ছাঁ
shake	কঁপা
shallow	ফোপোলা
shall	কৰিব
shame	লজ্জা
shape	আকাৰ
share	ভাগ-বতৰা কৰা
sharp	চোকা
shed	ছাঁ পৰা স্থান
sheep	ভেড়া
sheet	চাদৰ
she has	তাইৰ আছে
she is	তাই হৈছে
shelf	খলপ
shell	খোলা
shelter	আশ্ৰয়
she	তাই
shield	ঢাল
shift	স্থানান্তৰ কৰা
shine	জিলিকা
shipping	পঠিওৱা
ship	জাহাজ
shirt	চাৰ্ট
shoes	জোতা
shoot	নিক্ষেপ কৰা
shopping	বজাৰ কৰা
shop	দোকান
shore	দাঁতি
shortage	কম পৰা
short	চুটি
shot	নিক্ষেপ কৰা কাৰ্য
shoulder	কান্ধ
shout	চিঞৰা
shower	শ্বাৱাৰ
show me	মোক দেখুওৱা
show	প্ৰদৰ্শনী
shrimp	মিছামাছ
shrink	সংকোচন
shut up	মনে মনে থাক
shut	বন্ধ
shy	লাজকুৰীয়া
siblings	ভাই-ভণ্টি
sibling	সহোদৰ
sick	বেমাৰী
side	এফালৰ
sightseeing	ঠাই চাই ফুৰা
sight	দৃষ্টি
sigh	হুমুনিয়াহ
signature	চহী
significant	উল্লেখযোগ্য
sign	চহী
silence	নীৰৱতা
silent	নীৰৱ
silk	ৰেশম
silly	নিৰ্বোধ
silver	ৰূপ
similar	একেধৰণৰ
simple	সাধাৰণ
simp	সহজ
simultaneously	একে সময়তে
sincerely	বিনীতভাৱে
sincere	গম্ভীৰ
since	যিহেতু
singer	গায়ক
single	একক
sing	গোৱা
sink	ডুবা
Sir	মহোদয়
sister in law	নবৌ
sister	ভণ্টি
site	স্থান
situation	পৰিস্থিতি
sit	বহক
sixteen	ষোল্ল
sixty	ষাঠি
six	ছয়
size	আকাৰ
skills	দক্ষতাসমূহ
skill	দক্ষতা
skinny	খীণ
skin	ছাল
skip	বাদ দিয়া
skirt	স্কাৰ্ট
sky	আকাশ
slave	দাস
sleeping	শুই আছে
sleepy	টোপনি
sleep	টোপনি
sleeve	শ্লীভ
slice	টুকুৰা
slide	এফলীয়া
slightly	অলপীয়াকৈ
slim	পাতল
slip	পিছলা
slope	এঢলীয়া
slot	ছাঁদ
slowly	ধীৰে ধীৰে
slow	লাহে লাহে
small	সৰু
smart	স্মাৰ্ট
smell	গোন্ধ
smile	হাঁহি
smoke	ধোঁৱা
smooth	মসৃণ
snack	লঘু আহাৰ
snail	শামুক
snake	সাপ
snap	ছৱি
snow	তুষাৰ
soak	ডুবুওৱা
soap	চাবোন
sober	সংযত
soccer	ছ’কাৰ খেল
social	সামাজিক
society	সমাজ
socks	মোজা
so cute	ইমান মৰমলগা
so far	যিমান দুৰ
software	ছ’ফ্টৱেৰ
soft	কোমল
soil	মাটি
soldier	চিপাহী
sold out	বিক্ৰী হৈ গ’ল
sold	বিক্ৰী হ’ল
sole	একমাত্ৰ
solid	গোটা
solution	সমাধান
solve	সমাধান
somebody	কোনোবাই
somehow	কেনেবাকে
someone	কোনোবা এজনে
something	কিবা এটা
sometimes	কেতিয়াবা
some	কিছুমান
song	গান
soon	সোনকালে
sophisticated	অত্যাধুনিক
Sorani	সোৰানী
sore throat	ডিঙি বিষ
sore	ঘাঁ
sorrow	বেজাৰ
Sorry	দুঃখিত
sort	সজোৱা
sought	সন্ধানত থকা
soulmate	প্ৰাণপ্ৰিয়
soul	আত্মা
sound	ধ্বনি
soup	ছু’প
source	উত্‍স
sour	টেঙা
south	দক্ষিণ
so	তেন্তে
space	স্থান
spam	স্পাম
Spanish	স্পেনিছ
span	সময়ছোৱা
spare	অতিৰিক্ত
speak	কথা কোৱা
special	বিশেষ
species	প্ৰজাতি
specific	নিৰ্দিষ্ট
spectacular	চকুত লগা
speechless	নিৰ্বাক
speech	বক্তৃতা
speed	বেগ
spell	বানান
spend	খৰচ
spent	খৰচ হৈ গ’ল
spicy	মছলাযুক্ত
spike	কাঁইট
spinach	পালেংশাক
spin	ঘূৰ্ণন
spirit	আত্মা
spit	থু পেলোৱা
splendid	চমৎকাৰ
split	ভগাই দিয়া
spoiled	নষ্ট কৰা
spoil	নষ্ট কৰা
spontaneous	স্বতস্ফূৰ্ত
spoon	চামুচ
spot	স্থান
spouse	পতি বা পত্নী
spread	বিয়পা
spring	বসন্ত
square	বৰ্গ
squeeze	চেপি দিয়া
squid	স্কুইড
squirrel	কেৰ্কেটুৱা
stable	স্থায়ী
stab	ছুৰিৰে কৰা আঘাত
stack	স্তূপ
staff	কৰ্মচাৰী
stage	মঞ্চ
stain	দাগ
stairs	চিৰি
stake	অংশীদাৰী
stalk	ঠাৰি
stall	সৰু দোকান
stamp	মোহৰ
standard	মানদণ্ড
stand	থিয় হোৱা
started	আৰম্ভ কৰিছিল
start	আৰম্ভ কৰক
starving	ভোকত থকা
star	তৰা
statement	বিবৃতি
state	ৰাজ্য
station	ষ্টেছন
statue	মূৰ্তি
status	স্থিতি
stay safe	সুৰক্ষিত হৈ থাকক
stay	থকা
steady	স্থিৰ
steak	টুকুৰা
steal	চুৰি
steam	ভাপ
steel	তীখা
steep	থিয়
stem	কাণ্ড
step	পদক্ষেপ
stick	লাঠী
stiff	টান
still	তথাপি
stingy	কৃপণ
sting	হুল
stir	লৰোৱা
stock	ভঁৰাল
stolen	চুৰি কৰা হৈছে
stomach	পেট
stone	শিল
stood	থিয় হ'ল
stool	মল
stop	ৰ’ব
storage	সংৰক্ষণ
store	দোকান
storm	ধুমুহা
story	কাহিনী
stove	চৌকা
straightforward	পোনপটীয়া
straight	পোন
strain	চাপ
stranger	অচিনাকি
strange	আচৰিত
strategy	কৌশল
strawberry	ষ্ট্ৰ’বেৰী
straw	ষ্ট্ৰ’
streak	ধাৰা
stream	নিজৰা
street	ৰাষ্টা
strength	শক্তি
stress	চাপ
stretch	প্ৰসাৰিত কৰা
strict	কঠোৰ
strike	আঘাত কৰা
string	তাঁৰ
strip	পট্টি
strive	চেষ্টা কৰা
stroke	আঘাত
strong	শক্তিশালী
struck	আঘাত লগা
structure	গাঁঠনি
struggle	সংগ্ৰাম
struggling	সংগ্ৰাম কৰি থকা
stubborn	জেদী
stuck	লাগি ধৰা
student	ছাত্ৰ
studying	অধ্যয়ন কৰি আছে
study	অধ্যয়ন কৰা
stuff	বস্তু
stunning	চকুত লগা
stupid	অঁকৰা
style	শৈলী
subject	বিষয়
submission	দাখিল কৰা
submit	দাখিল কৰক
substance	পদাৰ্থ
substitute	প্ৰতিস্থাপিত
subtle	সূক্ষ্ম
succeed	সফল হোৱা
successful	সফল
success	সফলতা
such as	যেনে
such	তেনে
suck	চুষক
suddenly	হঠাতে
sudden	আকস্মিক
suffering	কষ্ট
suffer	ভোগা
sufficient	পৰ্যাপ্ত
sugar	চেনি
suggestion	পৰামৰ্শ
suggest	পৰামৰ্শ দিয়া
suitable	যোগ্য
suitcase	চুটকেছ
suit	খাপ খোৱা
summary	সাৰাংশ
summer	গ্ৰীষ্ম
summit	সন্মিলন
sum	মুঠ
sunday	দেওবাৰ
sunny	ৰ’দ দিয়া
sunset	সূৰ্যাস্ত
sunshine	ৰ’দ
sun	সূৰ্য
superior	শ্ৰেষ্ঠ
supervisor	পৰ্যবেক্ষক
super	অতি
supper	নৈশ সাজ
supply	যোগান
support	সমৰ্থন
supposed	ধাৰণা কৰা হৈছে
suppose	ধৰা হওক
sure	নিশ্চয়
surface	পৃষ্ঠ
surgery	অস্ত্ৰোপচাৰ
surge	ঢৌ
surname	উপাধি
surprised	আচৰিত হোৱা
surprise	আচৰিত কৰা
surrender	সমৰ্পণ
surrounding	চাৰিওফালে
surveillance	নিৰীক্ষণ
survey	জৰীপ
survive	জীয়াই থকা
suspect	সন্দেহ
suspended	উপঙি থকা
suspicious	সন্দেহজনক
sustainability	স্থিৰতা
sustainable	বহনক্ষম
sustain	বজাই ৰখা
swag	লুট
swallow	গিলা
swap	অদলবদল
swear	শপত
sweater	ছুৱেটাৰ
sweat	ঘাম
sweep	ঝাড়ুৰে সৰা
sweet dreams	ধুনীয়া সপোন দেখা
sweetheart	সোণজনী
sweet tooth	মিঠাৰ প্ৰৱণতা
sweet	মিঠা
swelling	শৰীৰাংশ ফুলা
swell	ফুলি যোৱা
swimming	সাঁতোৰ
swim	সাঁতোৰ
swing	ঝুলা
switch	চুইচ
swollen	শৰীৰাংশ ফুলা
sword	তৰোৱাল
symbol	চিহ্ন
sympathy	সহানুভূতি
symptoms	লক্ষণ
system	পদ্ধতি
table	মেজ
tackle	চম্ভালা
tag	টেগ
tail	নেজ
take away	লৈ যোৱা
take care	যত্ন লওক
taken	লোৱা
take off	উৰিবলৈ আৰম্ভ কৰা
take	লোৱা
talkative	কথকী
talk	কথা পাতক
tall	ওখ
tape	টেপ
tap	টিপক
target	লক্ষ্য
task	কাৰ্য
taste	সোৱাদ
tasty	স্বাদ যুক্ত
taught	শিকাইছিল
teacher	শিক্ষক
teach	শিক্ষণ
team	দল
tears	চকুপানী
tear	চকুপানী
tease	জোকোৱা
tea	চাহ
technology	প্ৰযুক্তি
teeth	দাঁত
tell me	মোক কওক
tell	কওক
temperature	তাপমান
temper	খং
temple	মন্দিৰ
temporary	অস্থায়ী
tenant	ভাড়াতীয়া
tendency	প্ৰৱণতা
tender	নিবিদা
tend	প্ৰৱণতা
tense	কাল
tension	দুঃচিন্তা
tentative	সম্ভাব্য
ten thousand	দহ হাজাৰ
tent	তম্বু
ten	দহ
terms	চৰ্তাৱলী
term	কাল
terrible	ভয়ানক
terrific	সাংঘাতিক
territory	অঞ্চল
test	পৰীক্ষা
text	পাঠ্য
Thanks for using our app	আমাৰ এপসমূহ ব্যৱহাৰ কৰাৰ বাবে ধন্যবাদ
thanks	ধন্যবাদ
Thank you for your patience while we investigate shipment	আমি শ্বিপমেণ্টটোৰ অনুসন্ধান কৰি থকাৰ সময়ত ধৈৰ্য ধৰাৰ বাবে আপোনাক ধন্যবাদ
thank you so much	অশেষ ধন্যবাদ
thank you very much	আপোনাক অশেষ ধন্যবাদ
thank you	ধন্যবাদ
thank	ধন্যবাদ
that is	সেইটো হৈছে
that's good	সেইটো ভাল কথা
that	সেইটো
theft	চুৰি
their	তেওঁলোকৰ
theme	বিষয়বস্তু
themselves	তেওঁলোকে নিজে
them	তেওঁলোকক
then	তেতিয়া
theory	তত্ত্ব
there are	তাত আছে
therefore	সেয়েহে
there is	তাত আছে
there	তাত
these	এইবিলাক
they are	তেওঁলোক হৈছে
they	তেওঁলোক
thick	শকত
thief	চুৰ
thigh	কৰঙন
things	বস্তুবোৰ
thing	বস্তু
think	চিন্তা কৰা
thin	পাতল
third	তৃতীয়
thirsty	পিয়াহ লগা
thirteen	তেৰ
thirty	ত্ৰিশ
this is	এইটো
this	এইটো
thoroughly	ভালদৰে
thorough	পুংখানুপুংখ
those	সেইবিলাক
thoughtful	বিচাৰশীল
thoughts	চিন্তা
thought	ভাবিছিল
though	যদিও
thousand	এশ
thread	সূতা
threaten	ভাবুকি
threat	ভাবুকি
three	তিনি
threshold	দুৱাৰডলি
thrilled	ৰোমাঞ্চিত
thrive	সফল হোৱা
throat	নেলু
throughout	সৰ্বত্ৰ
through	মাজেদি
throw	দলিওৱা
thumb	বুঢ়া আঙুলি
thunder	বজ্ৰপাত
Thursday	বৃহস্পতিবাৰ
thus	গতিকে
tick	টিক্চিহ্ন
tide	চফা
tidy	পৰিপাটি
tie	বন্ধা
tiger	বাঘ
tight	টান
Tigrinya	টিগৰিন্যা
time	সময়
timid	ভয়াতুৰ
tiny	ক্ষুদ্ৰ
tips	কিটিপসমূহ
tip	কিটিপ
tired	ভাগৰুৱা
tire	ক্লান্ত
tissue	টিছ্যু
title	অলপ
toast	ট’ষ্ট
to be	হ’বলৈ
today	আজি
toddler	কেঁচুৱা
toes	ভৰিৰ আঙুলি
together	একেলগে
toilet	শৌচাগাৰ
told	কৈছিল
tolerance	সহনশীলতা
tolerate	সহনশীল
tomato	বিলাহী
tomorrow	কাইলৈ
tongue	জিভা
tonight	আজি নিশা
took	লৈছিল
tools	সঁজুলি
tool	সঁজুলি
tooth	দাঁত
too	লগতে
topic	বিষয়
top	শীৰ্ষ
torn	ফটা
torture	নিৰ্যাতন
total	মুঠ
touch	স্পৰ্শ
tough	কঠিন
tour	যাত্ৰা
towards	এই দিশে
toward	দিশে
towel	টাৱেল
town	চহৰ
toxic	বিষাক্ত
to	লৈ
trace	দাগ
track	ট্ৰেক
trade	বাণিজ্য
traditional	পৰম্পৰাগত
tradition	পৰম্পৰা
traffic	ট্ৰেফিক
trail	গমনপথ
training	প্ৰশিক্ষণ
train	ৰেলগাড়ী
traits	বৈশিষ্ট্যসমূহ
trait	বৈশিষ্ট্য
transfer	স্থানান্তৰ
transition	স্থানান্তৰ
translate	অনুবাদ কৰা
transparent	স্বচ্ছ
transportation	পৰিবহন
transport	পৰিবহন
trap	ফান্দ
trash	আৱৰ্জনা
trauma	ক্ষতি
travel	ভ্ৰমণ
tray	ট্ৰে
treasure	গুপ্তধন
treatment	উপচাৰ
treat	ব্যৱহাৰ কৰা
tree	গছ
tremendous	প্ৰচণ্ড
trend	প্ৰচলিত এক নতুন ধাৰা
trial	পৰীক্ষণ
trick	কৌশল
tried	চেষ্টা কৰা হৈছিল
trigger	ট্ৰিগাৰ
trim	পাতলকৈ কটা
trip	যাত্ৰা
trouble	সমস্যা
trousers	ট্ৰাউজাৰ
truck	ট্ৰাক
true	সঁচা
trunk	মূঢ়া
trust	বিশ্বাস
truth	সত্য
try	চেষ্টা কৰা
Tsonga	সোংগা
tube	টিউৱ
Tuesday	মঙ্গলবাৰ
tuition	টিউশ্যন
turkey	তুৰ্কী
turmeric	হালধি
turn	কেঁকুৰি
turtle	কাছ
tutor	টিউটৰ
twelve	বাৰ
twenty-one	একৈশ
twenty	বিশ
twice	দুবাৰ
twist	পাক
Twi	ট্বী
two	দুই
type	প্ৰকাৰ
typical	সাধাৰণ
ugly	কুত্‍সিত
ultimate	চূড়ান্ত
umbrella	ছাতি
unable	অক্ষম
uncle	খুড়া
uncle	মামা
unconscious	অচেতন
underneath	তলত
underrated	নিম্নদৰ
understand	বুজি পোৱা
understood	বুজি পাইছিল
under	অধীনত
unfortunately	দুৰ্ভাগ্যবশতঃ
uniform	আনুষ্ঠানিক পোছাক
unique	অনন্য
unit	একক
university	বিশ্ববিদ্যালয়
unknown	অজ্ঞাত
unless	নহ’লে
until	যেতিয়ালৈকে
unusual	অসাধাৰণ
update	নবীকৰণ
upgrade	বিকশিত কৰা
upon	ওপৰত
upset	বিমৰ্ষ
up to you	আপোনাৰ ওপৰতে
up	ওপৰত
urban	নগৰ
urgent	অতি জৰুৰী
urge	তাড়না
used	ব্যৱহৃত
useful	উপযোগী
useless	অদৰকাৰী
use	ব্যৱহাৰ
usually	সাধাৰণতে
usual	সচৰাচৰ
us	আমাক
utility	কামৰ বস্তু
vacation	ছুটী
vaccination	টিকাকৰণ
vaccine	ভেকচিন
vacuum	শূন্য স্থান
vague	তৰংগ
valid	মান্য
valley	উপত্যকা
valuable	মূল্যৱান
value	মান
variety	বৈচিত্ৰ্য
various	বিভিন্ন
vary	ভিন্ন
vase	ফুলদানী
vast	বিশাল
vegetables	শাক-পাচলি
vegetable	শাক-পাচলি
vehicle	বাহন
vendor	বিক্ৰেতা
venom	বিষ
venture	উদ্যম
venue	নিৰ্দিষ্ট স্থান
verify	সত্যাপন কৰা
versatile	বহুমুখী
version	সংস্কৰণ
vertical	উলম্ব
very good	বহুত ভাল
very	অতি
vessel	পাত্ৰ
via	যোগেদি
vibes	অনুভূতি
vibe	অনুভূতি
vicious	দুষ্ট
victim	চিকাৰ
video	ভিডিঅ’
view	দৰ্শন
village	গাওঁ
villain	খলনায়ক
vinegar	ভিনেগাৰ
vintage	পুৰণিকালৰ
violence	হিংসা
violent	হিংসাত্মক
viral	বিষাক্ত
virgin	কুমাৰী
virtual	অপাৰ্থিৱ
virtue	গুণ
vision	দৃষ্টি
visit	দৰ্শন কৰা
visual	চাক্ষুষ
vital	গুৰুত্বপূৰ্ণ
vivid	জিলিকি থকা
vocabulary	শব্দভাণ্ডাৰ
voice	কণ্ঠ
void	ৰিক্ত স্থান
volume	পৰিমাণ
volunteer	স্বেচ্ছাসেৱক
vomit	বমি
vulnerable	দুৰ্বল
wages	মজুৰি
wage	দৰমহা
waist	কঁকাল
waiter	ৱেইটাৰ
waiting	অপেক্ষা কৰি আছে
wait	অপেক্ষা কৰক
wake up	সাৰ পোৱা
wake	জাগ্ৰত
walking	খোজ কঢ়া
walk	খোজকঢ়া
wallet	ধনৰ মোনা
wall	দেৱাল
wander	ঘূৰি ফুৰা
wanna	বিচৰা
wanted	বিচাৰিছিল
want	বিচৰা
wardrobe	আলমাৰি
warehouse	গোদাম
warm	উষ্ণ
warning	সতৰ্কবাণী
warn	সতৰ্ক কৰা
warrior	যোদ্ধা
war	যুদ্ধ
wash	ধুৱা
waste	আৱৰ্জনা
was	আছিল
watch	চোৱা
watermelon	তৰমুজ
water	পানী
wave	সোঁত
way	পথ
weakness	দুৰ্বলতা
weak	দুৰ্বল
wealthy	সমৃদ্ধিশালী
wealth	সম্পত্তি
we are	আমি আছো
wearing	পিন্ধি আছে
wear	পিন্ধা
weather	বতৰ
we can	আমি পাৰোঁ
wedding	বিবাহ
Wednesday	বুধবাৰ
weed	ঘাঁহ
weekend	সপ্তাহান্ত
week	সপ্তাহ
weight	ওজন
weird	অদ্ভুত
welcome	স্বাগতম
welfare	কল্যাণ
well done	বঢ়িয়া
Well	বাৰু
went	গৈছিল
west	পশ্চিম
wet	ভিজা
we	আমি
whale	তিমি মাছ
what about you	আপোনাৰ বিষয়ে কি
what are you doing now	আপুনি এতিয়া কি কৰিছে
what are you doing right now	আপুনি এতিয়া কি কৰিছে
what are you doing	আপুনি কি কৰিছে
what do you do for a living	আপোনাৰ জীৱিকা কি
what do you do	আপুনি কি কৰে
what do you mean	আপুনি কি বুজাইছে
what do you want	আপুনি কি বিচাৰে
whatever	যিয়েই নহওক
what happened	কি হ’ল
what is this	এয়া কি
what is your job	আপোনাৰ কামটো কি
what is your name	আপোনাৰ নাম কি
what is	কি
what's up	কি খবৰ
what's your name	আপোনাৰ নাম কি
what	কি
wheat	ঘেঁহু
wheel	চকা
whenever	যেতিয়াই
when	কেতিয়া
where are you from	আপোনাৰ ক’ৰ পৰা আহিছে
where are you now	আপুনি এতিয়া ক’ত আছে
where are you	আপুনি ক’ত আছে
whereas	য’ত নেকি
where do you live	আপুনি ক’ত থাকে
where is	ক’ত আছে
where	ক’ত
which	কোনটো
while	যেতিয়া
whisper	ফুচফুচাই কোৱা
whistle	সুহুৰি
white	বগা
who are you	আপুনি কোন
who is this	এয়া কোন
who is	যিজন হৈছে
whole	গোটা
whom	কাক
whose	কাৰ
who	কোন
why not	কিয় নহয়
why	কিয়
wicked	দুষ্ট
wide	বহল
widow	বিধৱা
width	প্ৰস্থ
wife	পত্নী
wild	বনৰীয়া
willing	ইচ্ছা প্ৰকাশ কৰা
window	খিৰিকী
windy	বতাহ থকা
wind	বায়ু
wine	সুৰা
winter	শীতকাল
win	জয়
wipe	মচা
wire	তাঁৰ
wisdom	জ্ঞান
wise	জ্ঞানী
wish you all the best	আপোনাক শুভকামনা জনাইছো
wish	বাঞ্চা কৰা
witch	ডাইনী
withdrawal	প্ৰত্যাহাৰ
withdraw	উলিয়াই অনা
within	ভিতৰত
without	অবিহনে
with	সৈতে
witness	সাক্ষী
witty	বিনোদ
wolf	কুকুৰনেছীয়া
woman	মহিলা
women	মহিলা
wonderful	বঢ়িয়া
wonder	আশ্চৰ্য
won't	নকৰিব
won	জিকিছিল
wood	কাঠ
wool	ঊল
words	শব্দ
word	শব্দ
working	কাম কৰি থকা
work out	ব্যায়াম কৰা
work	কাম
world	বিশ্ব
worm	পোক
worn	উঁৱলি যোৱা
worried	উদ্বিগ্ন
worry	চিন্তা কৰা
worse	ইয়াতকৈও বেয়া
worship	উপাসনা
worst	আটাইতকৈ বেয়া
worth it	মূল্যৰ
worthy	যোগ্য
worth	মূল্য
wound	ঘাঁ
Wow	ৱাঃ
wrap	মেৰিওৱা
wrath	প্ৰচণ্ড খং
wrist	মণিবন্ধ
Write here	ইয়াত লিখক
write	লিখা
writing	লিখনি
written	লিখা হৈছে
wrong	অশুদ্ধ
wrote	লিখিছিল
yard	গজ
yawn	হামিওৱা
Yeah	হয়
years	বছৰবোৰ
year	বছৰ
yeast	কিণ্ব
yellow	হালধীয়া
yell	চিঞৰা
yes baby	হয় প্ৰিয়তমা
yes dear	হয় প্ৰিয়তম
yes honey	হয় প্ৰিয়ে
yes my love	হয় মোৰ প্ৰিয়তম
yes of course	হয় নিশ্চয়
yesterday	কালি
Yes	হয়
yet	এতিয়ালৈকে
yield	উত্‍পাদন কৰা
you are beautiful	আপুনি ধুনীয়া
you are so beautiful	আপুনি ইমান ধুনীয়া
you are welcome	আপোনাক স্বাগতম
you are	আপুনি হৈছে
you can	আপুনি কৰিব পাৰে
You know	আপুনি জানে
young	যুৱ
you're welcome	আপোনাক স্বাগতম
you’re welcome	আপোনাক স্বাগতম
yourself	আপুনি নিজেই
your welcome	আপোনাক স্বাগতম
your	আপোনাৰ
youth	যুৱকাল
you too	আপুনিও
you	আপুনি
yummy	সুস্বাদু
zero	শূন্য
