a little	قليل
a lot	كتير
a lot of	الكتير من
abandon	يتخلى عن
abandoned	مهجور
abandoned	متروك
abide	يلتزم
ability	قدرة
able	قادر
about	عَنْ
about	حَوْل
above	فوق
above	أعلى
abroad	برّا البلد
absence	غياب
absent	غايب
absolutely	قطعاً
absorb	يمصّ
abstract	خُلاصة
absurd	سخيف
abundance	في كتير
abundance	وفرة
abundant	وافر
abundant	كتير
abuse	إساءة
abuse	مسبّة
accent	لهجة
accept	بيقبل
access	ولوج
access	دخول
accident	حادث
accommodation	توصية
accomplish	ينجز
accomplish	يتم
accomplished	مكمّل
accomplished	متفوّق
according	حسب
account	حساب
accuracy	دقة
accurate	دقيق
accurate	مظبوط
accused	متّهم
ache	وجع
achieve	ينجز
achieve	بيقدر يعمل
achieve	بينجز
achievement	إنجاز
acknowledge	بيقرّ
acquaintance	معرفة شخصية
acquaintance	اطلاع
acquire	كسب
acquired	مكتسب
acquisition	اكتسب
across	على طول
across	من خلال
act	بيمثّل
action	حركة
action	فعل
active	نشيط
active	حِرِك
activities	أنشطة
activity	نشاط
actor	ممثل
actual	فِعلي
actually	بصراحة
actually	بالحقيقة
acute	فطِن
adapt	بيتأقلم
add	يزيد
add	يضيف
addicted	مدمن
addition	إضافة
additional	زيادة
address	عنوان
address	يحاكي
adequate	مناسب
adequate	مقبول
adjacent	قريب من
adjacent	جنب
adjective	صفة
adjust	يعدّل
admire	معجب
admit	يعترف
adopt	يتبنى
adopt	يرعى
adorable	حبّاب
advance	تحسّن
advance	خطوة لقدام
advanced	متقدم
advantage	مصلحة
advantage	منفعة
adventure	مغامرة
adverb	ظرف
advertisement	إعلان
advertising	دعاية
advice	نصيحة
advice	مشورة
advise	ينصح
advocate	محامي الدفاع
advocate	يدافع عن
aesthetic	جمالي
affair	مسألة
affair	علاقة غرامية
affect	بيأثر
affection	تعلُّق
affection	عاطفة
afford	يتحمل
affordable	بقدر اتحملو
affordable	مقدور عليه
afraid	خايف
afraid	خائف
after	بعد
afternoon	بعد الضهر
afterwards	بعد هيك مباشرةً
again	مرة تانية
again	من جديد
against	ضد
against	مقابل
age	عمر
agency	وكالة
agent	مندوب
aggressive	عدواني
aggressive	عنيف
agile	رشيق
ago	مضت
agree	موافق
agreement	اتفاق
agriculture	زراعة
ahead	قدّام
aid	بيساعد
aim	غاية
aim	هدف
air	هوا
airport	مطار
aisle	ممشى
aisle	ممر
alarm	إنذار
alcohol	كحول
alert	تنبيه
alert	انذار
alive	عايش
all	كل
all right	ماشي
all the best	بتمنالك كل الخير
all the best	بتمنالك الأفضل
allow	يسمح
allow	بيسمح
allowed	مسموح
almost	تقريباً
alone	وحيد
along	على طول
already	فعلاً
already	بالفعل
Alright	ماشي
Alright	على ما يرام
Alright	طيب
also	كَمَان
also	أيضًا
alternative	احتياطي
alternative	بديل
although	بالرّغم من
although	رغم إنّو
always	دائمًا
always	دايمًا
amazing	بيطير العقل
amazing	مدهش
ambiguous	غامض
ambition	طموح
ambitious	طَموح
amend	يصلّح
amid	وسط
among	بين
among us	بيناتنا
amount	مبلغ
amusing	بيسلّي
analysis	تحليل
ancestors	أسلاف
anchor	مرساة
ancient	عتيق
ancient	قديم
and	وَ
and	بالإضافة إلى
and you	وانتو
and you	وانت
angel	ملاك
anger	الغضب
angle	زاوية
angry	غضبان
angry	زعلان
animal	حيوان
ankle	كاحل
anniversary	ذكرى سنوية
anniversary	عيد
announcement	إعلان
annoy	يزعج
annoyed	متدايق
annoying	بيدايق
annoying	مزعج
annual	سنوي
anonymous	مجهول الاسم
another	تاني
answer	رد
answer	جواب
anticipate	يتوقع
anxiety	قلق
anxious	قلقان
anxious	قلق
anxious	متقلق
any	أي
anymore	في شي تاني
anyone	أي حدا
anything	أي شي
anyway	ما بيهم
anyway	على كل حال
anyways	عكل حال
apart	منفصل
apartment	شقة
apologize	يعتذر
apparent	واضح
apparently	ظاهرياً
appeal	إلتماس
appeal	مناشدة
appear	بيظهر
appearance	شكل
appearance	مظهر
appeared	ظهر
appetite	شهية
apple	تفاحة
application	تطبيق
apply	بيطبّق
appointment	تعيين
appointment	موعد
appreciate	يقدّر
appreciate	بيقدّر
appreciation	تقدير
approach	يقترب
approach	قرّب
appropriate	مناسب
approval	موافقة
approve	استحسن
approved	موافق
approximately	تقريباً
april	نيسان
arbitrary	تعسفي
architect	مهندس معماري
architecture	عمران
archive	أرشيف
are	نكون
are you	هل انت
are you busy	انت مشغول شي
are you married	انت متزوج شي
are you married or single	انت متزوج أو أعزب
Are you still there?	لساتك هونيك؟
are you there	انت هونيك
area	منطقة
area	مكان
argue	تجادل
argue	تخانق
argument	مجادلة
arise	تصير
arm	ايد
arm	زند
army	جيش
around	حول
arrange	يحضّر
arrange	يجهّز
arrangement	تدبير
arrival	وصول
arrive	وصل
arrive	يصل
arrived	وصل
arrogant	متعجرف
arrogant	متكبّر
arrow	سهم
art	فن
article	شرط
article	مقالة
artificial	صناعي
artist	فنان
as	مثل
as	متل
as long as	طالما
as well	كمان
as well as	وكمان
ash	رماد
ashamed	خجلان
ask	بيسأل
asked	سأل
asleep	نايم
aspect	جانب
aspect	مظهر
Assamese	اللغة الآسامية
assault	يتعدى
assembly	جمعية
assembly	مجلس
assertive	جازم
assess	بيقيّم
assessment	تقييم
asset	أصول
assets	أصول
assign	تعيين
assignment	تكليف
assignment	مهمة
assist	بيساعد
assistant	مساعد
associate	رفيق
associate	شريك
associated	مرتبط ب
association	منظمة
assume	بيظن
assume	بيخمن
assumption	افتراض
at	عَ
at	في
at least	على الأقل
ate	أكل
athlete	لاعب رياضي
attach	يربط
attach	يرفق
attached	مُرفق
attachment	مرفق
attack	هجوم
attempt	محاولة
attempt	يحاول
attend	التحق
attend	حضر
attendance	الحضور
attention	انتباه
attention	اهتمام
attitude	تصرّف
attitude	سلوك
attract	جذب
attraction	جاذبية
attractive	مجذّب
attractive	جذاب
attribute	صفة
attribute	خصلة
audience	الجمهور
august	آب
aunt	عمة
aunty	عمتي
authentic	أصلي
authentic	أصيل
author	أديب
author	كاتب
author	مؤلف
authority	سلطة
autumn	الخريف
available	مُتَوَفِّر
available	مَوجُود
average	وسط
avoid	يداري
avoid	يتحاشى
avoid	يتجنب
awake	فايق
award	جائزة
aware	واعي
aware	بيفهم
awareness	وعي
awareness	ادراك
away	بعيد
awesome	بيجنن
awesome	رائع
awful	شنيع
awful	فظيع
awkward	أجدب
awkward	محرج
Aymara	اللغة الأيمرية
baby	طفل
bachelor	شهادة جامعية
back	ورا
back	ظهر
back	وراء
back	ضهر
background	خلفية
bad	سيّئ
bad	ما بيسوى
bad	ما منيح
bad	عاطل
bag	جزدان
bag	كيس
bait	طُعم
bake	يخبز
bakery	مخبز
baking soda	بيكربونات الصودا
balance	رصيد حساب
balance	توازن
ball	طابة
Bambara	اللغة البمبرية
banana	موز
band	فرقة
bang	فرقعة
bank	مصرف
bank	بنك
bar	حاجز
bar	بار
barely	يا دوب
bargain	مساومة
bark	نبيح
barley	شعير
barrier	حاجز
base	أساس
based	مرتكز على
basement	قبو
basic	أساسي
basically	بشكل أساسي
basil	حبق
bastard	واطي
bastard	ندل
batch	دفعة
batch	عجنة
bath	حمّام
bathroom	الحمّام
battery	بطارية
battle	معركة
bay	خليج
be	يكون
be	بيكُون
be careful	دير بالك
beach	شط
beam	شعاع
beans	فول
beans	فاصولية
bear	اتحمّل
bear	يحتمل
bear	كابر عنفسو
bear	دب
beard	دقن
bearing	تحمُّل
beast	وحش
beat	بيغلب
beat	يغلب
beautiful	رائِعْ
beautiful	رَوعَة
beautiful	جَميل جِدًّا
beauty	حِسن
beauty	جمال
became	صار
because	لِأنَُو
because	لأنَّ
become	صار
become	يصبح
bed	تخت
bed	سرير
bedroom	غرفة نوم
bee	نحلة
beef	لحمة
been	كان
beer	بيرة
before	قبل
began	بلّش
begin	بلّش
beginning	بداية
behalf	بالنيابة عن
behave	تصرّف
behavior	سلوك
behavior	تصرف
behaviour	تصرف
behind	ورا
behind	خلف
being	كونو
being	كون
belief	يقين
belief	اعتقاد
believe	يؤمن
believe	بيظن
believe	بيآمن
believe	بيعتقد
belly	بطن
belong	بيخص
belong	بيعود ل
beloved	محبوب
below	أسفل
below	تحت
belt	حزام
belt	كمار
bench	مقعد
bend	يلوي
beneath	أسفل
beneath	تحت
benefit	مصلحة
benefits	فوائد
beside	بالإضافة إلى
beside	بجانب
beside	جنب
besides	بالإضافة إلى
besides	بجانب
besides	جنب
best	أحسن شي
best	أفضل شي
best of luck	موفق
best regards	أطيب التحيات
better	أفضل
better	أحسن
between	بين
beverage	مشروب
beyond	ورا
beyond	وراء
Bhojpuri	اللغة البهوجبورية
bias	تحيّز
biased	متحيّز
bicycle	بسكليت
bid	مناقصة
bid	عطا
big	كبير
bike	بسكليت
bill	فاتورة
bind	ربط
bird	عصفور
birthday	عيد ميلاد
bit	قليل
bit	شقفة
bite	عضة
bite	قضمة
bitter	مرار
bitter	مر
black	أسود
blade	شفرة
blame	عتب
blame	لوم
blank	فاضي
blanket	بطانية
blast	تفجير
bleach	مبيض
blend	يخلط
bless	بَرَكة
blessed	مبروك
blessed	مبارك
blind	أعمى
blind	ما بيشوف
bliss	هنا
bliss	نعيم
block	حظر
block	حجز
blood	دم
bloom	يزهر
blow	بينفخ
blue	أزرق
blunt	فج
blunt	كلمتو عراس لسانو
board	لوحة
board	لوح
boat	فلوكا
boat	قارب
body	الجسم
boil	يغلي
bold	جريء
bold	شهم
bond	فرقة
bond	رابطة
bone	عضم
book	كتاب
book	يحجز
boost	يدعم
booster	داعم
boot	جزمة
boots	جزامي
border	حدود
bore	تجويف
bore	ثقب
bored	ضجران
bored	مالل
boring	ممل
boring	بيضجّر
boring	مُضجر
born	خِلق
born	وِلد
borrow	بيستعير
borrow	يستعير
boss	رئيس بالشغل
both	كلاهما
both	اتنيناتون
bother	بيزعج
bother	بيلبّك
bottle	قنينة
bottom	أسفل
bought	اشترى
bounce	وثب
bounce	نط
bound	بيتعلق ب
bound	مرتبط ب
boundaries	حدود
bow	قوس
bowl	صحن غميق
box	صندوق
boy	ولد
boy	صبي
boyfriend	حبيب
bracelet	اسوارة
brain	مخ
brain	دماغ
branch	فرع
brand	ماركة
brave	شجاع
brave	قلبو قوي
breach	خرق
breach	مخالفة
bread	خبّز
break	استراحة
break	يكسر
breakfast	فطور
breast	صدر
breath	تنفس
breathe	نَفَس
breed	نسل
breed	ذرية
brick	قرميدة
bride	عروس
bridge	جسر
brief	اختصار
bright	ملمّع
bright	مضوي
brilliant	عبقري
brilliant	ساحر
bring	جاب
bring	أحضر
bro	أخ
broad	واسع
broadcast	إذاعة
broke	كسّر
broke	خرّب
broken	خربان
broken	مكسور
broom	مكنسة
brother	شقيق
brother	أخ
brother in law	ابن الاحما
brought	جاب
brought	أحضر
brown	بني
brush	فرشاية
bucket	دلو
bucket	سطل
buddy	رفيق
buddy	صاحب
budget	ميزانية
bug	بقة
bug	ناموسة
build	يبني
building	بناية
built	بنى
bulk	ضخم
bulk	حجم كبير
bull	تور
bully	متنمر
bump	صدم
bunch	باقة
bundle	باقة
burden	تقّل على
burden	حمل
buried	مدفون
burn	حرق
burst	ينفجر
bury	دفن
bus	باص
bush	حرشاية
business	أعمال
business	شغل
business	تجارة
bust	فشل
bust	افلاس
busy	مشغول
busy	ما عم افضى حك راسي
but	لَكِنْ
but	بَسّ
butter	زبدة
butter	سمنة
butterfly	فراشة
button	زر
buy	اشترى
buy	عم يشتري
by	من خلال
by	بواسطة
by the way	بالمناسبة
by the way	صحيح
by the way	اي
bye	وداعًا
bye	مع السلامة
cabbage	ملفوف
cabinet	المرحاض
cage	قفص
cake	كاتّو
calf	عجل
call	مكالمة
call	بينادي
call me	اتصل فيّي
called	اسمو
calm	هادي
calm	متّزن
came	إجا
campaign	حملة
can	فيني
can	قادِر
can	أقدِر
can't	ما بتقدر
Cancel	إلغاء
cancer	سرطان
capable	متمكن
capable	قادر
capacity	قدّرة
capacity	استطاعة
capacity	استيعاب
capital	عاصمة
caption	شرح
caption	عنوان فرعي
capture	بيئسر
car	سيارة
career	مسيرة عمل
career	شغل
careful	دير بالك
careful	انتبه
carefully	علَى مهلك
carefully	شوي شوي
careless	مو مهتم
caring	ترباية
caring	حنية
carpenter	النجار
carpet	سجادة
carrot	جزرة
carry	بيحمل
carry on	استمر
carry on	تابع
carry out	تنفيذ
case	حالة
case	قضية
cash	نقدي
cash	كاش
cast	رمى
cast	صب
castle	قلعة
casual	يومي
casual	عادي
cat	بيسة
cat	قطة
catch	كمش
catch	مسك
category	فئة
cattle	دوابّ
cattle	مواشي
caught	أمسك
caught	لحّق
caught	مسك
cause	سبب
caution	حيطة
caution	حذَر
cautious	حِذر
cave	كهف
cease	بطّل
ceiling	سقف
celebrate	يحتفل
cell	خلية
center	مركز
century	قرن
cereal	حبوب
ceremony	احتفال
certain	أكيد
certain	متأكد
certainly	أكيد
certainly	تماماً
certificate	شهادة
chain	غّلق
chain	سلسلة
chair	كرسي
challenge	تحدّي
chance	فرصة
change	تغيير
chaos	تشويش
chaos	فوضى
character	حرف
character	شخصية
characteristics	صفات
charge	كلفة
charity	مؤسسة خيرية
charity	صَدَقة
charming	بياخد العقل
charming	ساحر
chart	جدول
chase	يلاحق
chat	دردشة
cheap	رخيص
cheat	عم بيغش
cheating	غش
check	راجع
check	تفقّد
cheek	خدّ
cheer	هتف
cheerful	فرحان
cheerful	مبسوط
cheers	هتاف
cheers	كاسك
cheese	جبنة
chemistry	كيميا
cherish	دلّل
chess	شطرنج
chest	صدر
chew	لاك
chicken	جبان
chicken	جاج
chief	مدير
child	ولد
child	طفل
childhood	مرحلة الطفولة
children	طفال
children	ولاد
chill	برد
chill	عم يرجف من البرد
chimneys	مَداخِن
chin	دقن
chocolate	شوكولاتة
choice	خيار
choose	اختار
choose	اختَر
chop	يقطع شرائح
chores	شغل البيت
chores	شي روتيني
chubby	مليان
chubby	سمين
church	كنيسة
cinnamon	قرفة
circle	دائرة
circumstances	ظروف
citizen	مواطن
city	مدينة
claim	عم يطالب
claim	يطلب
clarify	يوضح
class	صف
clay	فخّار
clean	عم يبرق
clean	نضيف
clear	فاضي
clear	واضح
clerk	موظف
clever	حربوق
clever	ذكي
client	عميل
cliff	جرف
cliff	منحدر
climate	مناخ
climb	يعربش
clingy	لزج
clingy	بيدبّق
clock	ساعة حيط
close	بيسكّر
closet	خزانة
cloth	قماش
clothes	تياب
clothes	ثياب
cloud	غيمة
cloudy	مغيّم
clown	أركوز
clown	بهلوان
clue	فكرة
clumsy	مرتبك
cluster	عنقود
cluster	مجموعة
coach	مدرّب
coal	فحم
coast	الساحل
coat	جاكيت
coffee	قهوة
cognitive	ادراكي
cognitive	معرفيّ
coincidence	صدفة
cold	برد
cold	رشح
collapse	عم ينهار
collar	طوق
colleague	زميل
colleagues	زملا
collect	يجمع
collection	تشكيلة
collection	مجموعة
college	كلية
color	لون
colorless green ideas slept furiously	يمكن للأفكار الساذجة اللي ما وصلت لسى لرؤيا كاملة انها تخلّي العقل شغّال دايما حتى لو حاول يستريح
colour	لون
column	عمود
comb	مشط
combination	مزيج
combine	يجمع
come	تعال
come	تعا
come here	تعا لهون
come on	شو هالحكي
come on	خلّص بقا
comfort	راحة
comfortable	مريح
coming	جايّي
coming soon	عن قريب
command	يئمر
comment	تعليق
commercial	تجاري
commission	عمولة, سمسرة
commit	يرتكب
commitment	تعهّد
commitment	إلتزام
committed	ملتزم
commodity	سلعة
common	معروف
common	شائع
communicate	يتواصل
communication	تواصل
community	المجتمع
commute	كفّر عن ذنب
commute	عوّض
companion	رفيق
company	شركة
company	صحاب
company	رفقات
compare	بيقارن
comparison	مقارنة
compassion	عطف
compassionate	حنون
compatible	متناسق
compatible	متناسب
compete	بينافس
competent	كفؤ
competition	تنافس
competition	تناحر
competitive	تنافسي
complain	يشتكي
complaint	شكوى
complement	مديح
complete	بيكمل
complete	بيخلّص
completely	بشكل كامل
completely	كلّو
complex	معقد
compliance	طاعة
complicated	معقّد
compliment	مجاملة
comply	يطيع
composition	تعبير
composition	تأليف
compound	مجمّع
comprehension	فهم
comprehensive	شامل
compromise	تسوية
compromise	مساومة
compulsory	إلزامي
computer	كمبيوتر
concentrate	ركّز
concept	مفهوم
concern	اهتمام
concerned	مهتم
concert	حفلة موسيقية
conclusion	نهاية
conclusion	خاتمة
concrete	اسمنت
condition	حالة
condition	ظرف
condition	مكيف هواء
conditions	شروط
conduct	سلوك
conduct	تصرف
conference	مؤتمر
confess	اعترف
confidence	ثقة
confident	واثق من نفسه
confident	متأكد
confident	واثق بنفسو
confirm	تأكيد
conflict	خناقة
confused	مشوّش
confusion	ارتباك
congrats	مبروك
congrats	تهانينا
congratulation	مبروك
congratulations	مبروك
congratulations	مبارك
congratulations	تهانينا
conjunction	اِقتِران
connect	اتصل
connect	تواصل
conquer	يغزي
conscious	واعي
consciousness	الوعي
consent	موافقة
consent	قبول
consequences	العواقب
consequences	تبعات
conservation	المحاظة على
conservative	متزمّت
conservative	محافظ
consider	شوف الموضوع
consider	فكّر
consider	اعتبر
considered	يعتبر
considered	ما تشغل بالك
consist	بتتألف من
consistency	تناسق
consistent	ملاءم
consistent	ثابت
constant	ثابت
constantly	دائماً
constantly	بشكل مستمر
constipation	إمساك
construction	بناء
construction	بناية
consume	يستهلك
consume	ياخد
consumption	استهلاك
contact	اتصال
contagious	بيعدي
contain	فيه
contains	بيتضمن
contemporary	عصري
contempt	تقليل قيمة
contempt	احتقار
content	محتوى
content	مضمون
contest	منافسة
context	ضمن السياق
continent	قارة
continue	استمر
continue	تابع
contract	عقد
contrast	تضارب
contribute	بيساهم
contribution	مساعدة
contribution	مساهمة
control	سيطرة
controversial	مثير للجدل
convenience	مناسب
convenience	وقت مناسب
convenient	مناسب
conversation	حديث
conversation	كلام
convert	تبدَّل
convert	تحوَّل
convey	يوصَِل
convince	يقنع
convinced	مقتنع
cook	يطبخ
cooking	طبخ
cool	هادِئ
cool	رايق
cool	هَادِي
cooperation	تعاون
cope	دبر حالو
cope	تعاون
copper	نحاس
core	جوهر
core	معدن
corn	درة
corner	زاوية
correct	صحيح
correct	مظبوط
cost	كلفة
costume	زي
cottage	كوخ
cotton	قطن
couch	مدرب
cough	يقحّ
cough	يسعل
could	قدر
could	يمكن
council	مجلس
count	عدّ
counter	عدّاد
country	بلد
country	دولة
countryside	الريف
couple	زوجين
courage	شجاعة
courage	جرأة
course	دورة
course	منهاج
court	محكمة
courtesy	لطافة
cousin	ابن العم
cousin	ابن الخال
cousin	نسيب
cousin	من الأقرباء
cover	غطا
cow	بقرة
coward	جبان
cozy	مريح
cozy	دافي
crab	سلطعون
crack	طقطق
crack	شق
craft	صنعة
crap	حكي فاضي
crash	انكسر
crash	خرب
craving	حنين
craving	شوق كبير
crawl	زحف
crazy	مخبول
crazy	مجنون
create	يعمل
creative	مبدع
creative	خلّاق
credit	تسليف
creep	حيوان زاحف
creepy	شي عم يزحف
crew	طاقم
crime	جريمة
cringe	انكمش
crisis	أزمة
criteria	معيار
criteria	محك
critical	أهم شي
criticism	نقد
crop	غلّة
crops	غلة
crops	محاصيل
cross	تقاطع
cross	قطع
cross	صليب
crow	غراب
crowd	يعجق
crowded	عجقة
crown	تاج
crucial	حاسم
crucial	مصيري
cruel	فج
cruel	قاسي
cruise	رحلة بحرية
crush	فتت
crush	معجب
cry	يصرّخ
cry	يبكي
cucumber	خيار
cuddle	يحضن
culture	حضارة
culture	تهذيب
culture	ثقافة
cunning	ماكر
cunning	شيطان
cup	كوب
cup	كباية
cupboard	خزانة صغيرة
curb	حفة الرصيف
cure	علاج
cure	دوا
curfew	حظر التجول
curiosity	فضول
curious	فضولي
curly	مجعّد
currency	عملة
current	الحالي
currently	هلق
currently	بهالوقت
currently	حالياً
curse	لعنة
curtain	برداية
cushion	مخدة
custom	جمارك
custom	عادات
custom	تقاليد
customer	زبون
customs	جمارك
cut	يقطع
cut	يقص
cute	لطيف
cute	ظريف
cycle	دورة
cycle	دائرة
cycling	ركوب البسكليتات
dad	أب
daddy	بابي
daily	يومياً
dairy	ألبان وأجبان
dam	سد
damage	ضرر
damage	أذى
damn	الله يلعن
damp	رطب
dance	رقص
danger	خطر
dangerous	خطير
dangerous	خطِر
dark	عتمة
darling	محبوبي
dash	اندفاع
data	بيانات
date	تاريخ
date	موعد
daughter	بنت
day	يوم
dead	ميت
deadline	موعد التسليم
deaf	أطرش
deal	صفقة
deal	اتفقنا
dear	عزيزي
Dear All	أعزائي
Dear Customer	عزيزي العَمِيل
Dear Customer	عزيزي الزبون
Dear Parents	الأباء الأعزاء
Dear Sir	سيدي العزيز
Dear students	طلابي الأعزاء
Dear Team	فريقي العزيز
death	موت
debate	مناظرة
debit	دَين
debris	أنقاض
debt	دَين
decade	عِقد
decay	عفن
deceased	المرحوم
deceive	يخدع
december	كانون الأول
decent	لايق
decent	محتشم
decide	قرر
decided	قرر
decision	قرار
deck	ضهر السفينة
decline	ينسحب
decrease	عم ينقص
dedicated	مخلص
dedicated	وفي
dedication	إخلاص
deed	الفعل
deep	غميق
deer	غزال
default	افتراضي
defeat	غلب
defend	يدافع عن
define	بيعرّف
definitely	أكيد
definitely	بالتأكيد
definition	تعريف
degree	درجة
delay	تأخير
delayed	اتأخر
delete	يمحي
deliberate	تشاور
delicate	حسّاس
delicious	لذيذ
delicious	طيب
delight	فرحة
delighted	فرحان
deliver	سلّم
delivered	تم التوصيل
delivery	توصيل
delivery	تسليم
demand	طلب
demanding	متطلّب
democracy	ديمقراطية
demon	شيطان
demonstrate	يوضّح
denied	رفض
density	سماكة
density	كثافة
dentist	دكتور سنان
deny	ينكر
department	قسم
department	دائرة
departure	راح
depend	بيعتمد على
deploy	نشر
deposit	إيداع
depressed	زعلان
depression	اكتئاب
depth	عمق
describe	بيوصف
description	وصف
desert	صحرا
deserve	بيستاهل
deserve	بيستحق
design	تصميم
designation	تعيين
desire	رغبة
desk	مقعد
desk	مكتب
despair	يأس
desperate	مستقتل
desperate	يئسان
despite	بالرغم من
dessert	حلويات
dessert	دوسير
destination	غاية
destination	وجهة
destiny	قدر
destiny	نصيب
destroy	كسّر
destroy	خرّب
destroy	هدّ
destruction	الدمار
detail	التفاصيل
details	تفاصيل
detect	يكشف
determination	تصميم
determination	عزيمة
determine	بيحدد
determine	بيعيّن
determine	يعيّن
determined	محدد
devastated	خرّب
develop	بيتطور
develop	بيتقدم
developed	تطوَّر
development	تقدم
development	تطور
device	جهاز
devil	شيطان
devoted	مكرّس
Dhivehi	اللغة الديفهية
diabetes	السكري
diarrhea	إسهال
diary	مفكّرة
dictionary	قاموس
did	عمل
die	يموت
died	مات
diet	دايت
diet	ريجيم
difference	اختلاف
different	مختلف
difficult	صعب
dig	حفر
dignity	كرامة
diligent	شاطر
diligent	مجتهد
dinner	عشا
dip	غمس
direct	مباشرةً
direction	اتجاه
director	مُخرج
dirt	غبرا
dirt	وسخ
dirty	وسخ
dirty	وخم
dirty	قذر
disable	إبطال
disabled	معطّل
disappear	اختفى
disappointed	خيبة أمل
disaster	مصيبة
discard	ينبذ
discard	يتبرا من
discharge	تسريح
discipline	تأديب
discount	تخفيض
discover	يكتشف
discrimination	تمييز بالمعاملة
discuss	عم يناقش
discussion	مناقشة
disease	داء
diseases	الأمراض
disguise	تنكّر
disgusting	مقزّز
disgusting	بيقرّف
dish	صحن
dishes	صحون
dismiss	رفض
dismiss	فضّوا بقا
dispatch	ارسال
display	يعرض
disposal	تصرّف
disposal	تدبير
dispute	مجادلة
dispute	خلاف
dispute	خناقة
distance	مسافة
distance	بُعد
distinct	متميز
distinguish	يميّز
distress	محنة
distribution	توزيع
district	منطقة
district	حي
disturb	يزعج
disturb	يدايق
ditch	يتخلص من
ditch	الصرف الصحي
dive	يغوص
diverse	منوّع
diversity	تنوّع
divide	يقسّم
divine	ربّاني
divorce	طلاق
dizzy	دايخ
do	إفعَل
do	إِعمَل
do	عمُول
do you	هل انت
do you love me	ما بتحبني
doctor	دكتور
document	مستند
document	وثيقة
does	يفعل
doesn't	لا
dog	كلب
Dogri	اللغة الدوغرية
doing	يعمل
doll	لعبة
domain	مجال
domain	اختصاص
domestic	محلي
domestic	بلدي
dominant	مسيطر
don't	لا
Don't worry	لا تخاف
Don't worry	ولا يهمك
donate	يتبرع
done	خلّص
done	انتهى
donkey	حمار
dope	منشط
dope	مخدّر
double	مزدوج
doubt	شك
dough	عجين
down	تحت
download	تحميل
draft	مسودة
drag	جرّ
drain	بالوعة
drama	دراما
draw	يسحب
draw	يرسم
drawer	درج
drawing	رسم
drawing	سحب
dread	رهبة
dream	حلم
dress	فستان
drill	مثقب
drink	شراب
drink	شرب
drive	قاد
drive	ساق
drop	بيوقّع
drop	قطرة
dropped	وقّع
drought	نشفان
drunk	سكران
dry	ناشف
duck	بطة
dude	رفيقي
dude	صديقي
due	بسبب
due	لأنو
due	صار وقتو
due to	بسبب
due to	لأنو
dull	بيضجّر
dull	بيملل
dumb	مهبول
dumb	مخبول
dumb	أجدب
dump	أجدب
dump	أهبل
duration	مدة
during	أثناء
during	وقت ما
dust	غبرا
duty	واجب
duty	مهمة
dwell	يسكن
dying	عم يموت
dying	سكّرات الموت
each	كلّ
each other	بعضا البعض
eager	مشتاق
eager	متحمس
eagle	نسر
ear	ادن
earlier	قبل هلق
earlier	قبل هيك
early	بكير
early	وقت مبكر
earn	يكسب
ears	أدنين
earth	الأرض
earthquake	هزة أرضية
earthquake	زلزال
ease	بيسهّل
easily	بسهولة
east	الشرق
easy	سهل
eat	يأكل
eat	ياكل
eating	عم ياكل
economic	اقتصادي
economy	اقتصاد
edge	حرف
edge	حفة
edit	يعدّل
education	تعليم
education	ثقافة
effect	تأثير
effective	الو تأثير كبير
efficiency	كفاءة
efficient	كفؤ
efficient	فعّال
effort	جهد
egg	بيضة
eggplant	بيتنجان
ego	الأنا
ego	أنانية
eight	تمانية
eighteen	تمنتعش
eighty	تمانين
either	لا أحد
either	ولا واحد
elaborate	يشرح
elbow	كوع
elder	كبار العمر
elderly	كبير بالعمر
elegant	حلو
elegant	أنيق
element	عنصر
elephant	فيل
eleven	احدعش
eligible	صالح
eligible	مناسب
eliminate	بعّدو عن
else	كمان
else	تاني
embarrassed	بيخجل
embarrassed	محرج
embarrassing	محرج
embrace	عم يعانق
emerge	يظهر
emergency	الطوارئ
emotional	عاطفي
empathy	تعاطف
emphasis	تأكيد
emphasize	بيأكد
employee	موظف
employees	موظفين
employer	صاحب الشغل
employer	المعلم
employment	توظيف
empty	فاضي
empty	ما في شي
enable	تمكين
encounter	مواجهة
encourage	بيشجع
encourage	يشجّع
encourage	يحمّس
end	نهاية
endangered	مهدد بالخطر
endeavor	سعي
endurance	طاقة عالاحتمال
endure	يعاني
enemy	العدو
energy	طاقة
energy	قدرة
engage	يخطب
engaged	مخطوبة
engaged	خاطب
engagement	خطبة
engine	محرك
engine	موتور
engineer	مهندس
English	انكليزي
enhance	بيدعم
enhance	بيقوي
enjoy	افرح
enjoy	انبسط
enormous	كبير كتير
enormous	ضخم
enough	بيكّفِّي
enough	يَكْفِي
ensure	أكّد
enter	فات
entertainment	تسلاية
enthusiasm	حماس
enthusiastic	متحمس
entire	كلّو
entitled	عنوانو
entity	كيان
entrance	مدخل
entrepreneur	مقاول
entrepreneur	متعهد
envelope	ظرف
envelope	مظروف
environment	البيئة
envy	حسّد
epic	ملحمي
epidemic	وباء
equal	بيساوي
equipment	تجهيزات
equipment	عدّة
equity	عدل
equivalent	بيساوي
equivalent	بيقابلو
eraser	محاية
error	غلط
escape	يهرب
especially	خصوصاً
especially	خصوصي
essay	مقالة
essence	جوهر
essential	ضروري
essential	أساسي
establish	يأسس
established	أسّس
estate	ملكية
estimate	بيتوقّع
estimated	متوقع
etc	إلخ
eternal	أبدي
ethics	أخلاق العمل
ethics	آداب المهنة
evaluate	قدّر
evaluate	خمّن
evaluation	تقييم
even	حَتَّى لَوْ
even	حَتّى
even though	بالرغم من هيك
evening	مسا
event	حدث
eventually	بالأخير
eventually	آخر مرة
ever	أبداًً
every	كل
everybody	الكل
everyone	الكل
everyone	كل واحد
everything	كل شي
evidence	إثبات
evil	سيء
evil	شرير
evolution	تطور
evolve	طوّر
Ewe	لغة الإيوي
ex	القديم
ex	السابق
exact	بالضبط
exactly	تماماً
exactly	بالضبط
exam	امتحان
examine	يفحص
examine	يكشف على
example	مثلاً
exceed	تخطّى
excellent	تمام
excellent	ممتاز
except	بيتوقع
except	يتوقّع
exception	ما عدا
exception	باستثناء
excess	فايض
excess	فاق الحد
excessive	مبالغ فيه
exchange	تبادل
excited	متحمس
excitement	حماسة
exciting	بيحمس
exciting	بيشوق
exclusive	حصري
excuse	عذر
excuse me	لو سمحت
execute	ينفذ
execution	تنفيذ
executive	تنفيذي
executive	إداري
exercise	تمرين
exercise	تدريب
exhaust	العادم
exhausted	انهد حيلو
exhausted	تعبان كتير
exhausted	مرهق
exhibit	يعرض
exhibition	معرض
exist	موجود
existence	وجود
existing	موجود
exit	مخرَج
expand	وسّع
expect	بيتوقع
expect	يتوقّع
expected	كنت متوقّع
expected	شي متوقّع
expenses	نفقات
expensive	غالي
experience	تجربة
experience	خبرة
experiment	تجربة
expert	خبّير
expired	منتهي الصلاحية
explain	بيشرح
explanation	شرح
explanation	توضيح
exploit	استغلّ
explore	يستكشف
export	تصدير
expose	يفضح
exposed	معرّض ل
exposure	يتعرض ل
express	بيعبّر عن
expression	تعبير
extend	يمدد
extended	ممدود
extension	وصلة
extent	امتداد
extent	حجم
external	خارجي
extinct	انقرض
extra	زيادة
extract	يستخلص
extraordinary	مو طبيعي
extreme	الحد الأقصى
extremely	زايد عن حدو
extremely	فيه مبالغة
eye	عين
eyes	عيون
fabric	قماش
fabulous	حلو كتير
face	وش
facilitate	عم يسهّل
facilities	مَرَافق
facilities	تسهيلات
facility	تسهيل
fact	حقيقة
fact	واقع
factor	عنصر
factor	عامل
factory	مصنع
facts	حقائق
fade	يخلص
fade	يختفي
fail	ما ظبطت
fail	يفشل
failed	فشل
failure	فشل
faint	غمي
faint	غط عقلبو
fair	مقبول
fair	عادل
fair	معقول
fairly	بشكل لايق
fairly	معقول
fairy	جنية
faith	إيمان
faithful	صالح
faithful	مستقيم
fake	مزوّر
fake	مزيّف
fall	سقط
fall	وقع
false	مزور
fame	شهرة
familiar	مألوف
family	عيلة
famine	مجاعة
famous	معروف
famous	مشهور
fan	مروحة
fan	معجب
fancy	وهم
fantastic	روعة
far	بعيد
farewell	بخاطرك
farm	مزرعة
farmer	فلاح
farmer	مزارع
fascinating	ساحر
fascinating	بيبهر
fashion	موضة
fast	بسرعة
fast	سريع
fat	سمين
fat	ناصح
fat	دهون
fatal	مسألة حياة أو موت
fate	قدر
fate	نصيب
father	أبي
fatigue	ملل
fatigue	تعب
fault	خطأ
fault	غلط
favorite	مفضّل
favour	معروف
favour	خدمة
favourite	مفضل
fear	خوف
feast	عزيمة كبيرة
feather	ريشة
feature	ميزة
feature	ملامح
features	ميزات
features	ملامح
february	شباط
fed up	ضجران
fee	رسوم
feed	بيطعمي
feed	بترضع
feedback	رأي
feel	بيحس
feel	بيشعر
feel	يشعر
feeling	شعور
feet	رجل
fell	يوقع
fellow	رفيق
fellow	زميل
felt	شَعَر
female	أنثى
fence	سور
fence	سياج
fertile	أرض خصبة
festival	مهرجان
fetch	جاب
fever	حمّى
few	قليل
few	شوي
fewer	أقل
fiance	خطيب
fiction	خيالي
field	حقل
field	مجال
field	ميدان
field	حقلة
fierce	شرس
fifteen	خمستعش
fifty	خمسين
fight	يتقاتل
fight	يخانق
fighting	مقاتلة
fighting	عركة
figure	شكل
figure out	عرف
figure out	يكتشف
file	ملف
fill	يعبّي
filled	مليان
filled	معبّا
film	فلم
filthy	فاحش
filthy	وِسخ
finally	بالأخير
finance	تمويل
financial	مالي
find	لاقى
find	وجد
find out	اكتشف
fine	حلو
fine	ماشي
fine	بخير
fine	طيب
finger	اصبع الايد
finish	نهاية
finished	انتهى
fire	نار
firm	صارم
firm	كلمتو ما بتصير اتنين
first	أول
first name	الاسم الأول
fish	سمكة
fit	مناسب
fit	رشيق
five	خمسة
fix	يصلّح
fixed	مصلّح
fixed	مثبّت
flag	علَم
flash	وميض
flash	فلاش
flat	مسطح
flat	شقة
flaw	عيب
flawless	ما بيتعيب
flawless	ما فيه عيب
flee	اهروب
flesh	لحم ودم
flew	طار
flex	لوي
flexible	مطواع
flight	رحلة جوية
flip	نقر
flip	نقف
flirt	بيعاكس البنات
flirting	مغازلة
float	فايش
flood	طوفان
flood	فيضان
floor	أرضية
flour	طحين
flow	دفق
flower	وردة
flu	رشح
fluent	طلق اللسان
fluently	بطلاقة لسان
fluffy	كلو زغب
fluid	سائل
fly	يطير
focus	بيركز
fog	ضباب
foggy	ضبابي
fold	يطوى
folks	يا جماعة
follow	يلحق
follow up	متابعة
following	اللي بعدو
food	أكل
food	طعام
fool	مخبول
fool	أحمق
fool	أهبل
foolish	غبي
foot	رِجل
football	كرة القدم
for	لِ
for	منشان
for	من أجلِ
For example	عسبيل المثال
for instance	عسبيل المثال
for you	منشانك
forbidden	ممنوع
force	قوة
forecast	توقع
forecast	تنبؤ
forehead	جبين
foreign	أجنبي
foreign	غريب
forest	غابة
forever	للأبد
forever	لآخر العمر
forget	ينسى
forgive	يسامح
forgot	نسيت
fork	شوكة
form	شكل
formal	شكلي
former	بيسبق
former	قبل
fortunately	من حسن الحظ
fortune	نصيب
fortune	ثروة
forty	أربعين
forty-two	تنين وتلاتين
forward	إلى الأمام
forward	لقدام
foster	شجع
fought	حارب
found	لاقى
foundation	مؤسسة
four	أربعة
fourteen	أربعتعش
fox	تعلب
fragile	ممكن ينكسر
fragile	هش
frame	إطار
framework	إطار
fraud	احتيال
freak	غريب الأطوار
free	فاضي
free	حر
freedom	حرية
freeze	تجميد
freeze	تفريز
frequency	تكرار
frequency	تردد
frequent	متكرر
frequently	بشكل متكرر
frequently	أغلب الأحيان
fresh	تازا
friday	الجمعة
fridge	برّاد
friend	صديق
friend	رفيق
friendly	ودي
friends	رفقات
friendship	صداقة
frightened	مرعوب
frightening	بيخوّف
frog	ضفدع
from	مِنْ
front	قدّام
frozen	مجمدة
fruit	فواكي
frustrated	بيزعّل
frustrated	بيخيب
fuel	نفط
Fulfulde	اللغة الفولانية
full	معبّا
fun	بيسلّي
fun	بيضحّك
function	وظيفة
fundamental	أساسي
funeral	جنازة
funeral	دفن
funny	بيضحك
funny	بفرّط من الضحك
fur	فرو
furious	محتدّ
furious	غضبان
furniture	عفش
furniture	مفروشات
further	وغير هيك
further	من جهة تانية
further	وكمان
further	إضافي
furthermore	وكمان
future	الايام الجايي
future	المستقبل
gain	بيكسب
gain	بيربح
game	لعبة
gap	فتحة
gap	فراغ
garage	كراج
garbage	زبالة
garden	حديقة
garlic	توم
gate	باب السقاق
gate	بوابة
gather	جمع
gathering	تجمع
gauge	قاس
gauge	عيّر
gave	عطى
gear	نبيد معتق
gear	عَرَق
gender	الجنس
general	عام
generally	بشكل عام
generate	يولد
generation	جيل
generous	شهم
generous	كريم
genius	عبقري
genre	اسلوب أدبي
gentle	أنيق
gentle	لطيف
gentle	مرتّب
genuine	أصيل
genuine	صادق
gesture	ملامح
get	جِيبْ
get	اِحْصَل
get dressed	لبس تيابو
get up	فاق
get well soon	بتمنى تشفى عن قريب
get well soon	انشالله بتصح عن قريب
getting	ياخد
ghost	شبح
ghost	جنّي
ghosting	خفيّ
giant	عملاق
gift	هدية
ginger	زنجبيل
girl	بنت
girlfriend	صديقة
give	يعطي
give up	يترك
give up	يستسلم
given	ممنوح
glad	سعيد
glad	مبسوط
glance	نظرة سريعة
glass	بللور
glass	كاسة
glasses	نضارات
glimpse	لمحة
global	عالمي
gloomy	مكتئب
gloves	كفوف
glow	عم يشع
glow up	توهج لحتى
glue	صمغ
glue	غري
go	اِذهَب
go	إضْوِي
go	رُوحْ
go ahead	اتفضل
go away	روح من هون
go to bed	رايح نام
goal	غاية
goal	هدف
goals	أهداف
goals	غايات
goat	معزاية
god	الله
god	الرب
god bless you	الله يبارك فيك
goes	يروح
going	ماشي
going	يلا
going to	رايح ل
gold	دهب
gone	اختفى
gone	فص ملح وداب
gonna	بدي
goo	دَبق
good	جيّد
good	منيح
good	كويّس
good afternoon	مرحبا
good afternoon	مسا الخير
good bye	مع السلامة
good day	يوم منيح
good evening	مسا الخير
good evening	مساء الخير
good job	برافو عليك
good job	أحسنت
good looking	شكلو حلو
good luck	موفّق
good luck	بالتوفيق
good morning	صباحو
good morning	أسعد الله صباحكم
good morning	صباح الخير
good morning my love	صباح الخير حبيبي
good night	تُصْبِح على خَيْر
good night	مَسَا الخَير
goodbye	مع السلامة
goodbye	بشوفك
goodnight	تصبح على خير
goods	بضايع
Google	غوغل
Google Translate	ترجمة غوغل
goose	وزة
gorgeous	خلّاب
gorgeous	روعة
gossip	نميمة
gossip	كتر حكي
got	حصل على
got it	فهمتا
government	الحكومة
grab	يكمش
grade	مرحلة
grade	درجة
gradually	شوي شوي
gradually	بالتدريج
graduate	متخرج
grain	قمح
grain	حنطة
grant	منحة
grant	عطى
granted	عطية
grapes	عنب
grasp	مسكة
grasp	مسك
grass	حشيش
grass	عشب
grateful	ممنون
gratitude	جميلة
gratitude	امتنان
grave	ضريح
grave	قبر
gray	رمادي
gray	شايب
great	كبير
great	عَظيم
greed	طمع
greedy	طمّاع
green	أخضر
greet	تحية
greeting	تحية
greetings	تحياتي
grey	رمادي
grey	شايب
grid	شبكة
grief	حزن
grind	بيطحن
grip	مسكة
grocery	خضرا وفواكي
groom	عريس
gross	اجمالي
ground	أرض
group	مجموعة من الناس
grow	يكبر
growth	نمو
grumpy	غضبان
grumpy	ما بيعجبو شي
Guarani	لغة غواراني
guarantee	يكفل
guarantee	يضمن
guard	يحرس
guess	خمّن
guess	احزر
guest	ضيف
guidance	إرشاد
guide	يدلّ
guilty	مذنب
guy	رجّال
guy	زلمي
guys	يا شباب
gym	نادي رياضي
habit	عادة
habitat	موطن
had	كان عنده
had	كان عندو
hail	بَرَد
hair	شعر
half	نص
hall	صالة
hall	قاعة
hand	ايد
handle	مسكة
handsome	حلو
handsome	أنيق
handsome	جميل
hang	شنق
hang	علّق
hang out	يقضي وقتو
hang out	يتسكع
happen	يحدث
happen	صار
happened	حَدَثَ
happened	صار
happiness	سعادة
happy	فرحان
happy	مبسوط
happy birthday	عيد ميلاد سعيد
happy birthday	كل عام وانت بخير
happy birthday to you	عيد ميلاد سعيد
happy new year	كل سنة وانت سالم
hard	صعب
hard	قاسي
hardly	يا دوب
hardly ever	شبه مستحيل
harm	ضرر
harm	أذى
harmful	مئذي
harmony	انسجام
harsh	صارِم
harsh	قاسي
harvest	الغلّة
has	عندو
has	عنده
hate	بيكره
have	أملُك
have	عِنْدِي
have a good day	بتمنالك يوم سعيد
have a nice day	اتضل بخير
have breakfast	فطِر
have fun	انبسط
have you eaten	أكلت شي
having	عندو
hazard	خطر
hazard	مجازفة
haze	ضباب
he	هُوَ
he	هُوِّي
he has	هوي عندو
he is	هوي
head	رأس
head	راس
headache	وجع راس
heal	يشفي
healing	شفي
health	صحة
healthy	صحي
hear	يسمع
hear	بيسمع
heard	سمع
heart	قلب
heat	سخونة
heat	حرارة
heaven	رب العالمين
heavy	تقيل
hectic	محموم
hectic	متوتر
height	ارتفاع
heir	وريث
heist	سرقة
held	محجوز
held	محبوس
hell	جهنم
Hello	السلام عليكم
Hello	مرحبا
hello dear	مرحبا عزيزي
hello dear	مرحبا حبيبي
hello how are you	مرحبا، كيفك
hello how are you doing	مرحبا، كيف حالك
helmet	خوذة
help	بيساعد
help	بيعاون
helpful	بيساعد
hence	منشان هيك
her	إلها
her	لها
herd	قطيع
here	هنا
here	هون
heritage	ورثة
hesitate	يتردد
Hey	تحيّة
Hey	هَلَا
Hi	سلام
Hi	مرحبا
Hi	مراحب
hi how are you	مرحباً كيف حالك
Hi there	مرحبا
Hi there	انت
hidden	مخبّا
hide	خبّى
hierarchy	رِتب
high	عالي
high	مرتفع
highlight	تسليط الضوء
hike	تنزه
hiking	يتمشى
hilarious	مِرِح
hill	تلة
him	له
hint	لمّح
hip	خاصرة
hip	ورك
hips	وراك
hire	يأجّر
hiring	توظيف
his	له
his	إلو
history	تاريخ
hit	بيضرب
hit	بيصيب
Hmm	همم
hobby	هواية
hold	ماسك
hold	عندو
hold	يحمل
hold on	عمهلك شوي
hold on	استنى
hole	فتحة
holiday	عطلة
hollow	مجوّف
home	بيت
homework	شغل البيت
honest	مخلص
honest	شريف
honest	وفي
honestly	بكل صدق
honestly	بصراحة
Honey	عَسَل
Honey	حَبيبي
honor	شرف
hood	عمامة
hook	خطاف
hop	قفز
hop	نط
hope	أمل
hopefully	انشالله
hopeless	ما منو أمل
horizontal	أفقي
horn	زمور
horrible	فظيع
horror	رعب
horse	حصان
hospital	مشفى
hospital	مستشفى
hospitality	ضيافة
host	نزل بضيافة
host	مضيف
hostile	عدواني
hot	سخن
hot	شوب
hotel	أوتيل
hotel	فندق
hour	ساعة
hours	ساعات
house	بيت
household	أهل البيت
how	كِيفْ
how	كَيْفَ
how	شلون
how about you	شو منشانك
how are you	كيف حالكَ
how are you	كيفَك
how are you	شلونك
how are you doing	شو عامل
how are you doing	كيف أحوالك
how are you doing	كِيفَك
how are you doing today	كيفَك اليَوم
how are you doing today	كيفَ أحوالُكَ اليَوم
how are you today	كيفك اليوم
how do you do	كيف حالك
how is	كيف
how many	قديش
how much	قديش
how much	كم
how often	كم مرة
how old are you	كَم عُمرُكَ
how old are you	قديش عمرك
how was your day	كيف قضيت يومك
how was your night	انشالله نمت منيح
how was your night	كيف كانت ليلتك
however	على كلّ حال
however	على أيِّ حالٍ
hub	محور
hub	مَركَز
hubby	زوج
hubby	شريك
hug	عناق
hug	حضن
hug	حوشة
huge	كبير
huge	ضخم
human	انساني
humble	متواضع
humble	ذليل
humid	رطب
humidity	رطوبة
hundred	مية
hungry	جوعان
hunt	صيد
hurricane	اعصار
hurry	عجّل
hurry up	عجّل
hurt	يؤذي
hurt	بيئذي
husband	زوج
hustle	يسرع
hut	كوخ
hygiene	صحة
I	أنا
I am	أنا
I am fine	أنا منيح
I can	فيني
I can	بقدر
I can't	ما فيّي
I can't	ما بقدر
I do	صحيح
I do	موافق
I do not know	ما بعرف
I do not understand	ما عم افهم
I don't	أنا لا
I don't know	لا أعلم
I don't know	ما بعرف
I don't understand	ما عَمْ إِفْهَمْ
I don't understand	لَا أفهَمُ
I don't understand what you mean	ما عم افهم عليك
I don't understand you	ما عم افهم عليك
I don’t know	ما بعرف
I don’t understand	ما فهمت
i guess	بظنّ
I had	كان عندي
I have	عندي
I have been	كنت
I hope so	بتمنى يكون هيك
I know	بعرف
I know	أعلم
I like	أنا بحب
I like you	انت بتعجبني
I love	بحبك
I love my big brother	بحب أخي الكبير
I love my big sister	بحب اختي الكبيرة
I love my father	بحب أبي
I love my little brother	بحب اخي الصغير
I love my little sister	بحب اختي الصغيرة
I love my mother	بحب امي
I love you	بحبِّك
I love you	أحبّك
I love you so much	أحبّك جدًّا
I love you so much	بحبك كتير
I love you too	وأنا بحبك كمان
I love you too	وأنا كمان بحبك
I mean	بقصد
I mean	قصدي
I miss you	مشتاق لك
I miss you	اشتقت إليك
I miss you so much	مشتقلك كتير
I miss you so much	اشتقت إليك كثيرًا
I see	مو مشكلة
I see	فهمت
I think	بظنّ
I understand	فهمت
I understand	طيب ماشي
I want	بدّي
I want to see you	بدّي شوفك
I want you	بدي ياك
I was	أنا كنت
I will	أنا رح
I would be	بدي كون
I'm	أنا
I'm fine	أموري تمام
I'm fine	أنا منيح
I'm fine	أنا جيّد
I'm fine	أنا كويس
I'm good	أنا منيح
I'm here	أنّا هون
I'm sorry	أنا آسف
I'm sorry	بعتذر
ice	تلج
ice cream	بوظة
idea	فكرة
ideal	مثالي
identical	طبق الأصل
identify	بيحدّد
identify	بيعرّف
identity	هوية
idiot	سخيف
idiot	مخبول
idiot	غبي
idle	بلا شغل
idle	عاطل
if	إذا
ignore	يهمل
ignore	يترك
ill	مريض
illegal	مو قانوني
illness	مرض
Ilocano	لغة الإلكانو
image	صورة
imagine	تخيّل
imagine	تصوّر
immediate	فوراً
immediately	هلق
immediately	فوراً
immense	ضخم
impact	أثر
impatient	بصلتو محروقة
impatient	ما عندو صبر
implement	بينفذ
import	استيراد
important	مهم
impose	فرض
impossible	مستحيل
impress	إقناع
impression	انطباع
impressive	جميل
impressive	ملفت
improve	حسّن
improvement	تحسين
in	جوّا
in	داخل
in	في
in addition	بالإضافة ل
In fact	بالحقيقة
in front of	قدّام
in order to	منشان
inappropriate	مو مناسب
incentive	حافز
incident	حادثة
include	من ضمنو
include	بيتضمن
including	بما فيها
income	مدخول
inconvenience	مو مريح
increase	زوّد
increase	يزيد
increased	زاد
incredible	مو معقول
indeed	بالفعل
indeed	في الواقع
indeed	فِعْلًا
independent	معتمد عحالو
independent	مستقل
India	الهند
indicate	بيدل
indigenous	ابن البلد
individual	شخصي
industry	صناعة
inevitable	اجباري
inevitable	حتمي
infant	رضيع
infection	عدوى
infinity	ما لا نهاية
inflammation	اشتعال
inflation	تضخم اقتصادي
influence	تأثير
inform	يخبّر
information	معلومات
ingredients	المكونات
inheritance	ميراث
initial	مبدأياً
initiative	مبادرة
injured	متصاوب
injury	متصاوب
innocent	بسيط
innocent	برّيء
innovation	اختراع
inquiry	طلب
inquiry	سؤال
insane	مخبول
insane	مجنون
insane	أجدب
insect	حشرة
insecure	مو آمن
insert	إدراج
inside	جوا
insight	بصيرة
insist	عم يصرّ
insomnia	أرق
inspiration	إلهام
inspire	يلهم
install	تثبيت
instance	مثل
instant	فوري
instead	بدل
instead of	بدلاً من
instructions	تعليمات
instrument	آلة موسيقية
insult	عم يسبّ
insurance	تأمين
intact	سليم
integrity	أمانة
integrity	نزاهة
intellectual	فهمان
intellectual	مثقف
intelligence	فطنة
intelligence	ذكا
intelligent	فطن
intelligent	بيفهما وهيي طايرة
intelligent	ذكي
intend	ينوي
intended	ناوي
intense	كثيف
intense	شديد
intention	نية
interact	يتفاعل
interaction	تفاعل
interest	اهتمام
interested	مهتم
interesting	مثير للاهتمام
interesting	مهم
interfere	عم يتدخل
intermediate	متوسط
internal	داخلي
international	دولي
internship	فترة تدريب
interpret	عم يفسّر
interpreter	مترجم فوري
interrupt	بيقاطع الحديث
interrupt	بيعترض
interview	مقابلة
intimate	حميم
into	جوا
introduce	قدّم
introduce	عرّف
introduction	تقديم
introvert	منطوي عنفسو
intuition	حدس
invalid	ما بيسوى
invent	يخترع
inventory	جرد
invest	يستثمر
investigate	يحقق
invitation	عزيمة
invite	يعزم
invoice	فاتورة
involve	متضمّن
involved	متدخل
involved	متورط
iron	مكواية
iron	حديد
is	عَمْ
island	جزيرة
isolated	معزول
issue	مسألة
issue	موضوع
issue	شغلة
issue	مشكلة
issues	مشاكل
issues	مواضيع
it	هو
it	هي
it is	هو
it is	هي
it is	هوي
it was	كان
it's	هوّي
it's ok	لا تقلق
it's ok	مو مشكلة
it's ok	لا بأس
It's okay	لا تقلق
It's okay	مو مشكلة
It's okay	لا بأس
item	غرض
items	غراض
its	هوّي
its	هيّي
I’m	أنا
jacket	جاكيت
jail	سجن
January	كانون التاني
jar	جرة
jaw	فك
jealous	حسود
jealous	غيران
jerk	حمار
jerk	غبي
jewelry	مجوهرات
job	شغل
job	عمل
jogging	مشي سريع
join	انضم
join	شارك
joint	مفصل
joke	نكتة
journalist	صحفي
journey	رحلة
joy	فرح
judge	قاضي
juice	عصير
july	تموز
jump	قفز
jump	نط
june	حزيران
junk	نفايات
just	تمامًا
just	فقط
just	بس
just do it	بس اعملها
justice	عدالة
justify	يبرر
Kalaallisut	لغة كالاليسوت
keen	شديد
keen	حريص
keep	احفظ
keep	خلّيك
keep	ضل
keep it up	استمر
kept	ترك
kettle	غلاية
key	مفتاح
kick	لبطة
kid	طفل
kidding	يمزح
kidney	كلية
kids	أطفال
kill	قتل
kind	لطيف
kind	مهذّب
kind	قريب عالقلب
kinda	نوعاً ما
kindly	بلطف
kindness	لطافة
king	ملك
kiss	بوسة
kitchen	المطبخ
kite	طيارة ورق
kitten	قطه صغيرة
knee	ركبة
knew	عرف
knife	سكين
knight	فارس
know	يعلم
know	بيعرف
knowledge	علم
knowledge	معرفة
known	معروف
known	مشهور
known	معلوم
Konkani	اللغة الكونكانية
Krio	لغة كريو
label	تلزيق بطاقة
labor	شغيّل
labour	شغل
lack	نقص
lack	معتاز
ladder	سلّم
lady	ست
laid	حطّ
lake	بحيرة
lamb	خروف
lame	عاجز
lamp	خروف
land	أرض
landscape	منظر طبيعي
language	لغة
lap	حِضن
large	كبير
last	أخير
last	آخر
last but not least	أخيراً وليس آخراً
last name	اسم العيلة
last name	الكنية
late	متأخر
lately	بالفترة الأخيرة
later	لاحقًا
later	بعدين
latest	أحدث
latter	الأخير
laugh	ضحكة
laughing	يضحك
laughter	ضحك
launch	يطلق
laundry	مغسلة
law	قانون
lawn	مرجة
lawn	عشب
lawyer	محامي
lay	يحطّ
layer	طبقة
layout	مخطط
lazy	كسلان
lazy	قليل مروة
lazy	كسول
lead	بيقود
lead	بيأدي ل
lead	يقود
lead	يؤدي إلى
leader	قائد
leaf	ورقة شجر
leak	تسريب
lean	جسمو رقيق
lean	نحيف
leap	نقلة مفاجئة
learn	بيتعلم
learning	تعلُّم
lease	عقد إيجار
least	أقل شي
leather	جلد
leave	غادِر
leave	فِلّ
leaves	أوراق الشجر
led	سبّب
led	خلّا
left	يسار
left	شمال
leg	سيقان
legacy	ميراث
legacy	وصية
legal	قانوني
legend	أسطورة
legit	قانوني
leisure	وقت فراغ
leisure	راحة
lend	عار
length	طول
less	أقل
lesson	درس
let	اترك
letter	حرف
letter	رسالة
lettuce	خس
level	مستوى
leverage	تأثير
leverage	نفوذ
liability	مسؤولية قانونية
library	مكتبة
lick	لحس
lie	كذبة
lies	كذب
life	حياة
lift	رفع
lift	توصيلة
light	ضوء
light	ضو
lightning	لمع
like	يعجب
like	بيعجب
like	متل
like	مثل
like	بيشبه
likely	محمتل
likely	يمكن
likewise	عنفس المنوال
line	خط
Lingala	لغة اللينغالا
link	رابط
link	وصلة
lion	أسد
liquid	سائل
list	قائمة
list	ليستا
listen	اسماع
listening	سمع
literally	حرفياً
literature	أدب
litter	وسخ
litter	زبالة
little	صغير
live	يعيش
live	يسكن
liver	كبد
lives	الأرواح
living	عيشة
living	عايش
living room	غرفة القعدة
lizard	سحلية
load	حمولة
load	حِمل
loaf	رغيف خبز
loan	دَيّن
local	بلدي
location	الموقع
lock	قفل
lockdown	تسكير
log	سجّل
lol	بيضحك كتير
lonely	وحيد
long	طويل
long time no see	من زمان ما شفتك
look	بيظهر
look	طلع
look	يبدو
look	شوف
look	انظر
loop	حلقة
loose	فضفاض
loose	مرتّخي
lord	الله
lord	رب
lose	فقد
lose	خسارة
loss	خسارة
lost	مو موجود
lost	ضايع
lot	كتير
loud	صوت عالي
lounge	غرفة القعدة
lounge	الصالون
love	غَرَام
love	حُبّ
love you	بحبك
lovely	حلو
lovely	جميل
low	منخفض
lower	أوطا
loyal	مخلص
loyal	موالي
loyal	وفي
loyalty	وفاء
luck	حظ
lucky	محظوظ
Luganda	اللغة اللوغندية
luggage	شناتي السفر
lump	ورم
lunch	غدا
lungs	رئتين
luxury	عيشة مرفهة
lying	عم يكذب
machine	آلة
machine	ماكينة
mad	مخبول
mad	مجنون
madam	مدام
made	صنع
made	عمل
magazine	مجلة
magnificent	عظيم
maid	خدّامة
main	رئيسي
maintain	حافظ على
maintain	صان
maintenance	صيانة
Maithili	لغة المايثيلي
major	رئيسي
major	رئيس
majority	الأغلبية
make	صنع
make	عمل
make up	ماكياج
male	ذكر
male	دَكَر
mall	مجمع تجاري
mall	مول
man	رجل
man	رجّال
manage	يحضّر
management	إدارة
manager	مدير
mandatory	اجباري
mandatory	إلزامي
manifest	مبيّن
manifest	واضح
manipulate	يتلاعب ب
manner	طريقة
manual	يدوي
many	كتير
many	كثير
many many happy returns of the day	انشالله بتلاقي كل الخير بهاليوم
march	آذار
margin	هامِش
market	سوق
marriage	زواج
married	متزوج
mask	كمامة
mass	كتلة
massive	ضخم
massive	جسيّم
master	مسيطر
match	مباراة
match	متل
mate	رفيق
material	مادي
math	الرياضيات
matter	مسألة
matter	موضوع
maturity	نضج
may	يمكن
maybe	ممكن
maybe	يمكن
me	أنَا
me	حالِي
me too	وأنا كمان
me too	أنا أيضًا
meal	وجبة
mean	قَصَد
mean	بتقصد
meaning	معنى
means	وسائل
meant	بيقصد
meanwhile	بهالأثناء
measure	قياس
measures	مقاسات
meat	لحمة
medical	طبي
medicine	دوا
medicine	طب
meditation	تأمل
medium	وسط
meet	قابل
meet	التقي
meeting	لقاء
Meiteilon	لغة ميتيلون
melt	داب
memories	ذكريات
memory	ذاكرة
mental	عقليّ
mention	قال
mentioned	مذكور
mentor	شخص ناصح
merchant	تاجر
mercy	رحمة
merely	ببساطة
merry christmas	ميلاد مجيد
mess	كرّكبة
mess	فوضى
message	رسالة
messy	فوضوي
messy	وِرش
metal	معدن
method	أسلوب
method	طريقة
mice	فيران
middle	وسط
midnight	بنص الليل
might	ممكن
might	يمكن
mild	لطيف
mild	خفيف
mild	متسامح
milestone	منعطف
milestone	حدث مهم
military	جيش
milk	حليب
million	مليون
mind	عقل
mindset	عقلية
mine	إلي
mine	تبعي
mine	لي
mingle	خلط
minor	صغير
minute	دقيقة
minutes	دقايق
miracle	معجزة
mirror	المراية
miscellaneous	متنوع
mischievous	مزعج
miserable	بيبكّي
miserable	تعيس
misery	تعاسة
miss	مشتاق
miss	أضاع
miss	ضيّع
miss you	مشتقلك
missing	ضايع
missing	شوق
mission	مهمة
mist	غشاوة
mistake	خطأ
Mizo	لغة الميزو
mobile	موبايل
mock	يتمسخر
model	موديل
moderate	معتدل
modern	مودرن
modern	حديث
modest	مقدّر
modest	محتشم
moist	رطب
moisture	رطوبة
mold	قالب
mole	خلد
mom	ام
moment	لحظة
monday	التنين
money	مصاري
monitor	مرقب
monkey	قرد
monkey	سعدان
month	شهر
mood	مزاج
moody	متقلب المزاج
moon	قمر
moral	أخلاقي
more	أكتر
more	أكثر
moreover	فوق كل هاد
moreover	وكمان
morning	صباح
morning	عبكرة
mortgage	قرض عقاري
mortgage	رهن عقاري
most	أكتر
most	معظم
mostly	بالمقام الأول
mother	ام
motion	حركة
motivation	حافز
mountain	جبل
mouse	فارة
mouth	تم
move	يتحرك
movement	حركة
movie	فلم
mrs	ست
mrs	مدام
much	كتير
much	جدًّا
mud	طين
mud	وحل
mug	كوب
mug	ماغ
muscle	عضلة
museum	متحف
mushroom	فطر
music	موسيقى
must	لازم
must	يجب
mute	الوضع الصامت
mutual	مشترك
my	لي
my	خاصّتي
My dear	عزيزي
my friend	صديقي
My hovercraft is full of eels	مو عرفان شو عم يحكي
my love	حبي
my love	حبيبي
my name is	اسمي
my pleasure	بكل ممنونية
myself	أنا
myself	نفسي
mysterious	غامض
mystery	لغز
myth	خرافة
nail	ضفر
naive	بسيط
naive	غر
naive	بينضحك عليه
name	اسم
narrative	رواية
narrow	ديّق
nasty	بيقرّف
national	وطني
nationality	الجنسية
native	أصلي
native	من أصل البلد
natural	طبيعي
nature	طبيعة
nausea	لعية نفس
near	بالقرب
near	قريب
near	جنب
nearby	هون
nearly	تقريباً
neat	مرتّب
neat	منظم
necessary	ضروري
neck	رقبة
necklace	سنسال
need	يحتاج إلى
need	بيحتاج
negative	سلبي
neglect	همل
negotiate	يفاوض
neighbor	جار
neighborhood	حارة
neighborhood	حي
neither	ولا
nephew	ابن اخ
nephew	ابن اخت
nerd	نيرد
nerd	مجتهد
nervous	معصب
nervous	متوتر
nest	عش
net	شبكة
network	شبكة
neutral	حيادي
never	أبداً
never give up	لا تستسلم أبداً
never give up	لا تيأس من رحمة رب العالمين
never mind	ما بيهم
never mind	مو مشكلة
nevermind	ولا يهمك
nevertheless	مع هيك
new	جديد
news	أخبار
next	اللي بعدو
next to	قرب
next to	بجوار
next to	جنب
nice	جَمِيل
nice	حِلُو
nice	لَطِيف
nice to meet you	تشرّفتُ بلقائِكَ
nice to meet you	تشرَّفنا
niece	بنت الأخ
niece	بنت الأخت
night	ليل
nightmare	كابوس
nine	تسعة
nineteen	تسعتعش
ninety	تسعين
No	كَلَّ
No	لا
No	لأ
no problem	ما في مشكلة
no problem	مو مشكلة
no problem	ولا يهمك
no way	مو معقول
no way	عم تمزح
nobody	ما حدا
noise	ضجة
noisy	ضجة
none	لا أحد
noon	الضهر
nope	لا
nor	ولا
normal	عادي
normal	طبيعي
north	شمال
North Levantine Arabic	اللغة العربيّة في شمالِ بلاد الشام
North Levantine Arabic	اللغة العربيّة في شمال المشرق العربيّ
nose	أنف
nose	منخار
nostalgic	حنين
not	مو
not	لا
not at all	مو صحيح
not bad	ما شبو شي
Not now	مو هلّق
not yet	لسى
not yet	لسى بكير
note	ملاحظة
noted	عرفت
noted	فهمت
nothing	لا شَيء
nothing	وَلا شِي
notice	ملاحظة
noticed	لاحظت
noun	اسم
nouns	الأسماء
novel	رواية
november	تشرين التاني
now	هلق
now	الآن
nowadays	هالايام
nuisance	مضايقة
nuisance	إزعاج
null	باطل
null	ملغي
numb	مخدّر
number	رقم
nurse	ممرضة
nut	مكسّرات
nutmeg	جوزة الطيب
nutrition	تَغذِيَة
oath	حلَف
obesity	سِمنة
obey	يطيع
object	هدف
objective	غاية
objective	هدف
obligation	الزام
obligation	فرض
obscure	مو مفهوم
observation	اشراف
observe	يراقب
obsessed	مهووس
obsession	هوَس
obsolete	ما عاد حدا استعملو
obsolete	بطلت موضتو
obstacle	عثرة
obtain	ياخد
obtained	مقتني
obvious	واضح
obviously	بكل وضوح
occasionally	أحياناً
occasionally	بعض الأوقات
occupation	شغل
occupation	عمل
occupied	فيه حدا
occupied	مشغول
occur	صادف
occur	صار
occurred	حصل
occurs	يصير
ocean	محيط
october	تشرين الأول
odd	غريب
odds	احتمالات
of	لِ
of	لَ
of course	أكيد
of course	طبعاً
off	عن
offensive	جارح
offer	عرض
office	مكتب
official	رسمي
often	معظم الأوقات
often	غالبًا ما
often	أكثر الأحيان
Oh	آه
Oh	أُوه
oh really	أه عن جدّ
oil	نفط
oil	زيت
ok	ماشي
ok	تكرم
ok	أوافق
ok dear	ماشي حبيبي
ok honey	ماشي حبيبي
ok my love	ماشي حبيبي
okay	ماشي
okay	مو مشكلة
okay	لا تقلق
okay	أوافق
okay	تكرم
okay	لا بأس
okay baby	ماشي حبيبي
okay dear	ماشي حبيبي
okay honey	ماشي حبيبي
okay honey	موافق حبيبتي
okay my love	ماشي حبيبي
old	عتيق
old	عمر
old	قديم
on	فَوق
on	على
once	مرة وحدة
once	مرة
one	واحد
one language is never enough	لغة وحدة مو كافية أبداً
onion	بصل
online	متصل
online	اونلاين
only	فقط
only	بس
open	فتح
operation	عملية
opinion	رأي
opportunities	فرص
opportunity	فرصة
opposite	عكس
optimistic	شي بيفائل
option	خيار
optional	خياري
or	أو
orange	برتقالي
orange	برتقان
order	طلبيّة
order	طلب
order	أمر
ordinary	عادي
organization	منظمة
orientation	توجيه
orientation	اتجاه
origin	أصل
original	أصلي
Oromo	لغة أورومو
orphan	يتيم
other	آخر
other	تاني
otherwise	بلا هيك
otherwise	من دون هيك
ought	لازم
ought	من الضروري
our	ملكنا
our	لنا
Our mission: to enable everyone, everywhere to understand the world and express themselves across languages.	مهمتنا: تمكين كل شخص بكل مكان انو يقدر يفهم العالم ويقدر يعبر عن نفسو من خلال اللغات.
Our mission: to organize the world's information and make it universally accessible and useful.	مهمتنا: أنو انظم المعلومات العالمية ونخلي إمكانية الدخول والاستفادة منها متاحة على مستوى العالم.
out	برا
outcome	النتيجة
outfit	ملبوس
outfit	بدلة
outgoing	متفتح
outgoing	رايح
outlet	مَنفَذ
outline	الخطوط العريضة
outside	برا
outstanding	متميز
outstanding	مميز
oven	فرن
over	أكتر من
over	فوق
over there	هونيك
overall	إجمالي
overcome	يتغلب على
overthinking	التفكير الزايد عن اللازم
overwhelmed	مهزوم
overwhelmed	مغلوب
overwhelming	غامر
overwhelming	عاطفي
owe	مديون
owl	بومة
own	يملك
own	بيملك
owner	مالك
ox	عجل كبير
ox	فدّان
ox	تور
pace	خطوة
pack	رزمة
package	علبة
package	طَرد
paid	مدفوع
pain	وجع
pain	ألم
paint	دهان
painting	دهان
painting	تلوين
pair	زوج
pale	مصفرّ
pale	لونو مخطوف
palm	نخيل
pan	مقلاية
pandemic	جائحة
panic	هلع
panic	خوف كبير
pants	بنطلون
pants	بنطال
paper	ورقة
paradise	جنة
parallel	موازي
parcel	شقفة
parcel	قطعة
pardon	العفو
parents	أب وأم
parents	أهل
park	حديقة عامة
parrot	ببغاء
parsley	بَقدونس
part	قطعة
participate	يشارك
particular	خص نص
particular	خاص
particularly	بالأخص
partner	شريك
party	حفلة
pass	مرّ
pass	نجح
passage	ممر
passed	اجتاز
passed	نجح
passion	ولع
passion	عشق
passionate	انفعالي
passionate	عصبي
passive	سلبي
password	كلمة السر
past	من زمان
past	ماضي
patch	بِركة
path	طريق
pathetic	بيوجع القلب
patience	صبر
patient	مريض
patient	صابر
pattern	نمط
pause	يوقف
pavement	رصيف
pay	يدفع
payment	دفع
peace	سلام
peaceful	آمن
peach	خوخ
peak	قمة
pear	إجاص
peas	بزيلا
peculiar	غير مألوف
peculiar	غريب
pee	يبوّل
peel	قشر
peer	اللي من جيلو
peers	ولاد جيلو
pen	قلم
pencil	قلم رصاص
pending	بالانتظار
pending	مستني
people	ناس
people	عالم
pepper	فلفل
perceive	فهِم
perceive	تصور
perception	فطنة
perception	نباهة
perfect	مثالي
perfect	تمام
perform	يعمل
perform	يخلّص
performance	أداء
performance	عمل
perhaps	يمكن
perhaps	معقول
period	فترة
permanent	مستمر
permanent	دايم
permission	اذن
permit	يئذن
permit	يسمح
perseverance	مثابرة
perseverance	العمل الجاد
persistent	مصرّ
person	شخص
person	واحد
personal	شخصية
personality	شخصية
perspective	وجهة نظر
persuade	بيقنع
pervert	منحرف
pervert	بلا أخلاق
pet	حيوان أليف
phase	مرحلة
phenomenon	ظاهرة
philosophy	فلسفة
phone	تليفون
photo	صورة
phrase	عبارة
physical	جسماني
pick	يختار
pick up	أخد
pick up	مسك
picture	صورة
piece	شقفة
piece	قطعة
pieces	قِطَع
pieces	شقف
pig	خنزير
pigeon	حمامة
pile	كومة
pile	باسور
pillow	مخدة
pilot	طيار
pin	دبوس
pineapple	أناناس
pink	زهري
pit	حفرة
pitch	رمية
pitch	زفت
pity	شفقة
pity	رحمة
place	مطرح
place	مكان
places	أماكن
plague	وباء
plain	سهل
plain	واضح
plan	خطة
plane	طيّارة
plant	زرعة
plant	نبتة
plants	النباتات
plate	جاط
plate	صحن
platform	منصة
play	لعب
play	شغّل
playing	يلعب
pleasant	منيح
pleasant	جذاب
please	من فضلك
please	لو سمحت
please	رجاءً
pleased	فرحان
pleased	مبسوط
pleasure	انبساط
pleasure	سعادة
pledge	وعد
pledge	تعهّد
plenty	كتير
plot	حبكة
plug	سدادة
plum	خوخ
plumber	سبّاك
plumber	سمكري
plural	جمع
podcast	نشرة صوتية
poem	قصيدة
poetry	شِعر
point	نقطة
poison	سم
police	شرطة
policy	سياسة
polite	مهذب
polite	منظوم
pollution	تلوث
pond	بركة مي
pond	بحرة
pool	حمام سباحة
pool	حوض
poop	عمل بالحمّام
poor	ضعيف
poor	فقير
pop	البوب
popular	منتشر
popular	شعبي
population	عدد السكان
pork	لحم الخنزير
porridge	شوربة قمح
port	مينا
port	مرفأ
position	مركز
positive	ايجابي
positive	كويّس
possess	عندو
possession	أملاك
possessive	ملوكي
possible	ممكن
possible	معقول
post	بريد
post	منصب
post	بعد
postpone	يأجل
potato	بطاطا
potential	ممكن
potential	محتمل
pound	ليرة
poverty	فقر
poverty	معتاز
power	قوة
powerful	قوي
practical	عملي
practice	ممارسة
practice	تدريب
praise	مدح
prank	مقلب
prank	مزحة
pray	عم بيصلي
pray	صلاة
precious	غالي
precious	ثمين
precise	دقيق
precisely	بشكل دقيق
predict	يتنبأ
prefer	بيفضل
preference	تفضيل
pregnant	حامل
prejudice	من غير وجه حق
prejudice	اجحاف بحقو
premises	مقدمات
premium	بريميوم
premium	ممتاز
preparation	تحضير
preparation	تجهيز
prepare	بيجهّز
prepare	بيحضر
prepared	جاهز
preposition	حرف جر
presence	الحضور
present	موجود
present	حاضر
presentation	عرض تقديمي
preserve	بيحفظ
president	رئيس
press	صحافة
press	ضغط
pressure	ضغط
pretend	بيعمل حالو
pretend	بيتظاهر
pretty	حلو
pretty	جميل
prevent	بيمنع
prevent	يمنع
previous	اللي قبلو
prey	فريسة
prey	ضحية
price	سعر
pride	شوفة الحال
pride	غرور
priest	كاهن
primary	أساسي
prime	رئيسي
prime	أساسي
princess	أميرة
principal	رئيسي
prior	قبل
priority	أولوية
prison	سجن
privacy	خصوصية
private	خصوصي
private	شخصي
privilege	امتياز
prize	جائزة
probably	على الأرجح
probably	على الأغلب
problem	مشكلة
procedure	طريقة
procedure	إجراء
proceed	يتابع
proceed	يتحرك
process	عملية
process	شغلة
produce	بينتج عنو
product	منتج
production	إنتاج
profession	مهنة
profession	صنعة
professional	محترف
profile	بروفايل
profile	حساب تعريفي
profit	منفعة
profound	غميق
profound	عويص
progress	تقدّم
project	مشروع
prominent	مبيّن
prominent	بارز
promise	وعد
promote	عزز
promote	دعم
promote	شجّع
promotion	دعاية
promotion	ترويج
prompt	فوري
prone	متسطّح
pronouns	الضمائر
pronunciation	لفظ
pronunciation	نطق
proof	اثبات
proof	دليل
proper	صحيح
proper	مناسب
properly	بشكل صحيح
properties	أملاك
property	أملاك
property	أطيان
proposal	عرض
prospect	احتمال
prosperity	الرفاهية
prosperity	النعيم
prosperous	مزدهر
protect	يحمي
proud	بشوف حالي
proud	بفتخر ف
proud	فخور
prove	يثبت
prove	يبرهن
provide	يعطي
provide	يساهم
provided	متوفر
province	محافظة
provision	مونة
puberty	بلوغ
public	شعبي
public	علني
pull	سحب
pumpkin	يقطين
punctual	واحد معدَّل
pupil	تلميذ
purchase	شري
purchase	شراء
pure	طاهر
pure	صافي
purple	بنفسجي
purple	قرميدي
purpose	غايَة
purpose	غَرَض
purpose	هَدَف
purse	شنتة
purse	محفظة
pursue	يقنع
pursuit	ملاحقة
pursuit	مطاردة
push	ادفش
put	يضع
put	بيحط
qualification	مؤهل
quality	نوعية
quality	جودة
quantity	كمية
quarantine	الحجر الصحي
quarrel	خناقة
quarter	ربع
Quechua	لغة الكيتشوا
queen	ملكة
queer	مِثلي
query	استفسار
question	سؤال
queue	طابور
quick	سريع
quickly	بسرعة
quiet	هادي
quiet	صامت
quiet	هادئ
quiet	ساكت
quilt	لحاف
quit	بيبطّل
quit	بيترك
quite	تمامًا
quite	تَمَامْ
quiz	اختبار
quotation	اقتباس
quote	حدد سعر
quote	اقتبس
quotes	عروض أسعار
rabbit	أرنب
race	عِرق
race	سباق
rage	هيجان
rage	غضب
rain	مطر
rain	شتي
raise	رفع
raise	ربّى
raise	شال
raised	ربّى
ran	ركض
random	عشوائي
range	بيتراوح
range	مجال
range	نطاق
rapid	سريع
rapidly	بسرعة
rare	نادر
rarely	نادراًً
rarely	قليل ما
rash	متهور
rash	متسرع
rat	جردون
rate	معدّل
rather	من انو
rather	بدل
ratio	نسبة
rational	عقلاني
raw	غر
raw	خام
re	رجع
re	كرر
reach	وصل
reach	يصل
reached	وصلّو
reaction	رد فعل
read	يقرأ
read	يقرا
reading	مطالعة
reading	قراية
ready	جاهز
real	واقعي
real	حقيقي
reality	الواقع
realize	عرف
realize	تيقّن
realized	عرف
really	فِعلًا
really	حَقًّا
really	عن جد
rear	ورا
rear	خلفي
reason	سبب
reasonable	معقول
recall	عم يتذكّر
receipt	استلام
receive	استلم
received	استلم
recent	آخر شي
recently	بالفترة الأخيرة
reception	استقبال
recipe	وصفة
reckless	أهوج
reckless	متهور
recognition	تعرُّف
recognize	عرف
recommend	بيوصي فيه
recommended	يُستحسن
record	تسجيل
recover	استرداد
recover	استعادة
recovery	استرجاع
recovery	استعادة
rectangle	مستطيل
red	أحمر
redeem	يسترد
redeem	يرجّع
redemption	فك الدين
redemption	خلاص
reduce	بيقلل
redundant	زايد
refer	يأشّر
refer	يلمّح
reference	مرجع
reference	إشارة
reflect	بيعكس
reflection	انعكاس
refrain	ما عم يرضى
refrigerator	برّاد
refund	استرداد
refuse	ما بدو
refuse	بيرفض
refused	رفض
regard	اعتبار
regarding	بخصوص
regardless	بغض النظر
regards	تحياتي
region	منطقة
register	سجّل
regret	ندمان
regret	ندم
regular	عادي
regularly	بشكل منتظم
reject	رفض
reject	ما بدو
relate	متصل
related	بيتعلق ب
relationship	علاقة
relative	من الأقارب
relatives	أقارب
relax	ارتاح
release	ترك
release	أفلت
released	أطلق سراحو
released	محرر
relevant	مناسب
reliable	موثوق
reliable	بتقدر توثق فيه
relief	ارتياح
relieve	يخفّف عن
relieve	يريّح
relieved	مرتاح
religion	دين
religious	ديني
reluctant	بيتردد
rely	يعتمد على
remain	بيضل
remain	بيبقى
remaining	فاضل
remaining	باقي
remarkable	مميز
remedy	علاج
remember	بيتذكر
remind	بيذكّر
reminder	تذكير
remote	بعيد
remove	بيشيل
render	يقدم
rent	إيجار
repair	صلّح
repeat	عاد
replace	يبدّل
reply	يجاوب
reply	يرد
report	تقرير
represent	بيمثّل
reputation	سمعة
request	طلب
require	بدو
required	بيتطلّب
required	بيحتاج
rescue	ينجّي
research	بحث
resemble	تشابه
resemble	تماثل
resentment	غيظ
reservation	حجز
reserve	احتياطي
resident	ساكن
resign	استقال
resilience	الصمود
resilience	مطواع
resilient	ليّن
resilient	مرن
resist	بيقاوم
resistance	مقاومة
resolution	دقة
resolution	قرار
resolve	حلّ
resort	منتجع
resort	مأوى
resources	موارد
respect	بيشيل قدر وقيمة
respect	بيحترم
respect	يحترم
respond	بيرد
respond	بيجاوب
response	رد
response	جواب
responsibility	المسؤولية
responsible	مسؤول
rest	راحة
rest	باقي
rest in peace	الله يرحم ترابو
restaurant	مطعم
restore	يستعيد
restrict	بيقيد
result	نتيجة
results	نتائج
resume	بيكمل
resume	سيرة ذاتية
retail	بيع بالمفرّق
retail	مفرّق
retain	بيحتفظ
retention	حفظ
retired	متقاعد
retreat	تراجع
retrieve	يسترجع
return	يرجع
reveal	بيكشف
reveal	بيبيّن
revealed	مكشوف
revenge	انتقام
revenue	مردود
reverse	يعكس
review	مراجعة
revise	يراجع
revision	مراجعة
revolution	ثورة
reward	جائزة
rhythm	إيقاع
rib	ضلع
rice	رز
rich	غني
rich	ميسور الحال
rid	يتخلص من
ride	بيركب
ridiculous	مسخرة
ridiculous	شي مسخرة
right	صحيح
right	عندك حقّ
right	مظبوط
right now	هلق
rigid	عنيد
rigid	متزمت
ring	خاتم
rinse	شطف
riot	شغب
rip	مزّق
rip	شقشق
ripe	مستوي
rise	ارتفاع
rise	زيادة
risk	مجازفة
rival	منافسة
river	نهر
road	طريق
roast	مشوي
robust	قوي
robust	صلب
rock	صخرة
rock	حَجَر
rod	عصا
role	دور
roll	لفة
roof	سطح
room	فضى
room	غرفة
root	شروش
root	جذور
rope	حبل
rotten	خربان
rotten	معفن
rough	غليظ
rough	قاسي
rough	خشن
roughly	بقسوة
round	مدوّر
route	طريق
routine	روتين
row	صف
rub	فرك
rubber	محاية
rubbish	زبالة
rude	غليظ
rude	فج
rude	جفص
rug	بساط
rug	سجادة
ruin	خراب
rule	قاعدة
ruler	حاكم
rules	قواعد
run	ركض
running	ركد
rural	ضيّعجي
rush	يسرع
sack	كيس
sacred	مقدّس
sacrifice	تضحية
safe	آمن
safe flight	توصلو بخير
safety	السلامة
sage	عاقل
sage	حكيم
said	قال
sail	طلع بالبحر
sail	شراع
sailing	يطلع بالبحر
sake	منشان
salary	راتب
sale	تخفيضات
sale	أوكازيون
salmon	سمك السلمون
salt	ملح
same	نفس الشي
same	سيّان
Same here	نفس الشي هون
sample	عينة
sand	رمل
Sanskrit	اللغة السنسكريتية
sarcastic	ساخر
sassy	وقح
sat	قعد
satisfaction	رضى
satisfaction	اشباع
satisfied	رضيان
satisfy	رضى
satisfying	مرضي
Saturday	السبت
sausage	سجق
savage	متوحش
savage	همجي
save	حفظ
saw	رأى
saw	شاهد
saw	شاف
say	بينطق
say	بيقول
scale	مقياس
scale	زان
scale	ميزان
scam	غش
scam	نصب
scar	ندبة
scar	أثر جرح
scarce	قليل
scarce	نادر
scared	مرعوب
scared	خايف
scarf	غطى
scarf	منديل
scarf	شال
scary	مرعب
scattered	مشلوح هون وهون
scene	مشهد
scenery	منظر طبيعي
scent	ريحة طيّبة
schedule	جدول
schedule	برنامج
school	مدرسة
science	علوم
scientist	عالم
scientists	العلماء
scissors	مقرض
scissors	مقص
scold	أنّب
scold	وبّخ
scope	مدى
scope	مجال
score	نتيجة
scrap	خرداوات
scratch	يخرمش
scream	عم يصرخ
screen	شاشة
screw	خرّب
script	بخط الايد
script	مخطوطة
sea	بحر
seal	ختم
search	عم يدوّر
season	فصل
season	موسم
seat	كرسي
seat	مقعد
second	التاني
secret	سر
section	قسم
secure	مأمّن عليه
security	أمن
see	رأى
see	شاف
see you	بشوفك
see you	بشوفك بعدين
see you later	بشوفك بعدين
see you soon	بشوفك عن قريب
see you tomorrow	بشوفك بكرا
seed	بذرة
seek	يطلب
seek	يتأمل
seem	يبدّو
seems	الظاهر
seen	منشاف
seize	استولى على
seizure	اعتقال
seizure	مصادرة
seldom	قليل ما
seldom	نادراً
select	يختار
self	نفس
self healing	الشفاء الذاتي
selfish	ما بيحب غير حالو
selfish	أناني
sell	بيبيع
send	بعت
send	أرسل
send me your picture	ابعتلي صورتك
senior	كبير
senior	سنيور
sense	حاسّة
sense	احساس
sensible	حسّاس
sensitive	حسّاس
sent	بَعَت
sentence	حكم
sentence	جملة
sentences	جُمل
separate	يفصل
Sepedi	لغة السبيدي
september	أيلول
sequence	تسلسل
series	مسلسل
serious	عن جد
serious	عم تحكي جد
seriously	عن جد
seriously	عم تحكي جد
serve	يخدم
service	خدمة
session	جلسة
session	حصة
set	مجموعة
set	طقم
set up	ركّب
set up	ثبّت
setting	قعدة
setting	ضبط
settle	يستقر
seven	سبعة
seventeen	سبعتعش
seventy	سبعين
several	متعدد
several	متنوع
severe	قوي
severe	حدّ
sew	خياطة
sh	اسكت
sh	هس
shade	خيال
shade	ظل
shadow	ضل
shake	هزة
shall	رح
shallow	سطحي
shallow	عالوشّ
shame	عيب
shame	يا عيب الشوم
shape	شكل
share	بيقسم
share	يشارك
sharp	حدّ
she	هيي
she	هي
she has	عندها
she is	هيّي
shed	سقيفة
shed	زريبة
sheep	غنمة
sheet	صفحة
sheet	ملاية
shelf	رف
shell	صدَفة
shelter	ملجأ
shelter	مأوى
shield	درع
shift	يغيّر
shift	يحوّل
shine	يبرق
ship	سفينة
ship	باخرة
shipping	شحن
shirt	قميص
shoes	كندرة
shoes	صبّاط
shoes	بوط
shoot	قوّس
shop	دكان
shop	محل
shopping	تسوّق
shore	شط
short	قصير
shortage	نقص
shot	طلقة
should	لازم
should	يجب
should	المفروض
shoulder	كتف
shout	يصرّخ
show	عرض
show	بيفرجي
show me	فرجيني
shower	حمّام
shrimp	جمبري
shrink	انكمش
shut	سكّر
shut up	سكّر تمك
shut up	اخراس
shy	خجول
sibling	اخت
sibling	أخ
siblings	نسايب
siblings	قرايبين
sick	شبو شي
sick	مريض
side	جنَب
sigh	تنهد
sight	رؤية
sightseeing	مناظر طبيعية
sign	علامة
sign	إشارة
signature	توقيع
significant	مهم
significant	إلو معنى
silence	صمت
silent	صامت
silk	حرير
silly	سخيف
silver	فضة
similar	نفس الشي
similar	متشابه
simp	أجدب
simple	بسيط
simultaneously	بنفس الوقت
since	من وقت
since	من لما
since	منذ
sincere	مخلص
sincerely	مخلص
sing	بيغني
singer	مطرب
single	عزّابي
sink	حوض
sink	مغسلة
sink	بالوعة
Sir	سيد
sister	اخت
sister in law	بنت الاحما
sit	اقعد
site	موقع
situation	وضع
situation	حالة
six	ستة
sixteen	ستعش
sixty	ستين
size	قياس
skill	مهارة
skill	شطارة
skills	مهارات
skills	شطارة
skin	جلد
skin	بشرة
skinny	جلد وعضم
skip	يتخطى
skip	يتجاوز
skirt	تنوّرة
sky	سما
slave	عبد
sleep	نام
sleeping	نايم
sleepy	نعسان
sleeve	كم
slice	قطعة خبز
slide	زلق
slightly	خفيف
slim	نحيف
slip	تزحلق
slope	انحدار
slot	فتحة
slow	بطيء
slowly	عمهل
slowly	شو شوي
small	صغير
smart	فهلوي
smart	ذكي
smell	يشم
smile	يبتسم
smoke	دخان
smooth	ناعم
smooth	ملس
snack	وجبة خفيفة
snail	حلزون
snake	حية
snake	حنش
snap	طرطقة
snow	تلج
so	لذلك
so	هلّأ تنيِّي
so	مِشان هَيك
so cute	كتير ظريف
so far	لهلق
so far	لغاية هالساعة
soak	نقع
soap	صابون
sober	واعي
sober	متّزن
soccer	كرة القدم
social	اجتماعي
society	مجتمع
socks	جرابات
soft	ناعم
soft	طري
software	برمجة
soil	تراب
sold	تخفيضات
sold	انباع
sold out	منباع
soldier	جندي
sole	نعل
solid	قاسي
solution	حل
solve	بيحلّ
some	شوي
some	شوية
some	بعض
somebody	حدا
somehow	بطريقة ما
someone	حدا
something	شي
something	شيء
sometimes	أحياناً
sometimes	بعض الأحيان
song	غنيّة
soon	قرّيبًا
sophisticated	راقي
Sorani	اللغة السورانية
sore	بيوجّع
sore throat	التهاب بلعوم
sorrow	أسى
sorrow	بلوة
Sorry	عذرًا
Sorry	آسف
Sorry	أعتَذِر
sort	نوع
sought	بحث
soul	روح
soulmate	رفيق الروح
sound	صوت
soup	شوربة
sour	فج
sour	حامض
source	مصدر
source	أصل
south	جنوب
space	مكان فاضي
space	فضا
spam	رسائل إلكترونية مزعجة
span	شبر
Spanish	الأسبانية
spare	إضافي
spare	بديل
speak	يحكي
special	خاص
species	صنف
species	نوع
specific	خاص
spectacular	حلو كتير
spectacular	بيجنن
speech	كلمة
speechless	عاجز عن الحكي
speed	سرعة
spell	يهجّي
spell	سحر
spend	صرف
spend	قضّى
spent	صرف
spicy	حَرّ
spicy	كلو بهارات
spike	سنبلة
spin	برمة
spinach	سبانخ
spirit	روح
spit	بزق
splendid	رائع
split	يقسّم
spoil	ينزع
spoiled	مدلل
spoiled	نزعو الدلال
spontaneous	عفوي
spoon	ملعقة
spot	نقطة
spouse	شريك الحياة
spread	ينتشر
spread	يوزع
spring	نبع مي
spring	ربّيع
square	مربع
square	ساحة
squeeze	عصَر
squid	حبّّار
squirrel	سنجاب
st	شارع
stab	طعنة
stable	مستقر
stack	كومة
staff	مجموعة الموظفين
staff	طاقم الشغل
stage	منصة
stain	وصمة عار
stairs	درج
stake	حصة
stalk	قصبة
stall	مماطلة
stamp	ختم
stand	وقف
stand	يقف
standard	قياسي
standard	معياري
star	نجمة
start	بلّش
start	بداية
start	بدا
started	بلّش
starving	ميّت من الجوع
state	حالة
state	ولاية
state	دولة
statement	قول
statement	إفادة
station	محطة
statue	تمثال
status	حالة
stay	خليك
stay	ابقَ
stay	ضل
stay safe	انشالله تضل بخير
steady	ثابت
steak	قطعة ستيك
steal	يسرق
steam	بخار
steel	ستيل
steel	فولاذ
steep	انحدار
stem	عِرق النبتة
step	خطوة
step	درجة
stick	يلزّق
stiff	قاسي
still	ما زالَ
still	لِسّاتُو
still	بَعْدُو
sting	قرصة
stingy	بخيل
stir	هيجان
stir	ضجة
stock	مخزون
stolen	مسروق
stomach	معدة
stone	حجر
stood	وقف
stool	براز
stop	بيوقّف
storage	تخزين
store	مخزن
store	محل
storm	عاصفة
story	حكاية
stove	غاز
stove	فرن
straight	مستقيم
straight	مباشر
straightforward	ما بيحب الزايحة
strain	تعّبني
strange	غريب
stranger	شخص غريب
strategy	إستراتيجية
straw	قشة
strawberry	فريز
streak	شريط
stream	مجرى
stream	ساقية
street	شارع
strength	قوة
stress	توتّر
stress	ضغط نفسي
stretch	يمط
strict	حازم
strict	كلمتو ما بتصير اتنين
strike	ضربة
string	خيط
strip	شريط
strive	اجتهد
stroke	سكتة دماغية
strong	قوي
struck	مضروب
structure	بناء
structure	هيكل
struggle	عم يناضل
struggle	يعاني
struggle	عم يعاني
struggling	عم يناضل
struggling	عم يكافح
stubborn	عنيد
stuck	علقان
stuck	معلّق
student	طالب
study	دراسة
study	بيدرس
studying	دراسة
stuff	شغلات
stuff	أغراض
stuff	غراض
stunning	حلو كتير
stunning	بيجنن
stupid	غبي
stupid	أجدب
style	أسلوب
subject	موضوع
submission	طاعة, رضوخ
submit	بيطبق
submit	بيقدم
substance	مادة
substance	فحوى
substitute	أخد محلو
substitute	استبدل
subtle	رقيق
subtle	حربوق
succeed	نجح
success	نجاح
successful	ناجح
such	مثل
such	متل
such as	متل
suck	رضاعة
sudden	مفاجئ
suddenly	فجأة
suffer	عم يعاني
suffering	ألم
suffering	معاناة
sufficient	كافي
sufficient	وافي
sufficient	بيكفي
sugar	سكّر
suggest	بيقترح
suggestion	اقتراح
suit	دعوى
suit	بدلة
suitable	مناسب
suitcase	شنتة سفر
sum	مجموع
summary	ملخّص
summer	الصيف
summit	قمة
sun	الشمس
sunday	الأحد
sunny	مشمس
sunset	غروب الشمس
sunset	وقت المغرب
sunshine	طلعة الشمس
super	ممتاز
superior	فاخر
supervisor	مشرف
supper	عشا
supply	تموين
supply	تجهيز
support	دعم
suppose	المفروض
supposed	مفروض
supposed	واجب
sure	أكِيد
sure	ميّة بالمِيّة
surface	سطح
surface	وش
surge	طفرة
surgery	جراحة
surname	الكنية
surprise	مفاجأة
surprised	متفاجأ
surrender	استسلم
surrender	تاب
surrounding	اللي حوالينا
surveillance	اشراف
survey	استبيان
survey	استطلاع
survive	ينجا
suspect	مشتبه فيه
suspended	معلّق
suspicious	مشبوه
suspicious	مشكوك فيه
sustain	حَافَظ على
sustainability	الاستدامة
sustainable	مستمر
sustainable	دائم
swag	غنيمة
swag	صرة تياب
swallow	يبلع
swap	تبديل
swear	يحلف
sweat	عرَق
sweat	عرِق
sweater	جاكيت خفيفة
sweep	كنّس
sweep	تكنيس
sweet	حلو
sweet	جميل
sweet dreams	أحلام سعيدة
sweet tooth	بيموت عالحلو
sweetheart	حبيب
swell	نفخة
swelling	متورّم
swim	سباحة
swimming	سباحة
swing	يتمرجح
switch	يبدّل
swollen	مورّم
sword	سيف
symbol	رمز
sympathy	تعاطف
symptoms	أعراض
system	نظام
table	طاولة
table	جدول
tackle	العدة
tag	بطاقة شعار
tag	تاغ
tail	دنب
take	خُذْ
take	خُود
take away	يبعد
take care	انتبه
take care	اعتني
take off	طارت
taken	مأخود
talk	بيحكي
talkative	ثرثار
tall	طويل
tap	حنفية
tape	شريط
target	غاية
target	هدف
task	مهمة
taste	دوق
tasty	طيّب
taught	علّم
tea	شاي
teach	يعلّم
teacher	أستاذ
teacher	معلم
team	فريق
tear	دمعة
tears	دموع
tease	يزعج
tease	يدايق
technology	تكنولوجيا
teeth	سنان
tell	خبّر
tell me	قلّي
tell me	خبرني
temper	طبع حدّ
temperature	درجة الحرارة
temple	معبد
temporary	وقتي
ten	عشرة
ten thousand	عشرتالاف
tenant	ساكن
tenant	مستأجر
tend	اتجه ل
tendency	نزعة
tender	لطيف
tender	مناقصة
tense	توتر
tension	توتر
tension	كركبة
tent	خيمة
tentative	مؤقت
tentative	تجريبي
term	شرط
term	بند
terms	شروط
terrible	رهيب
terrible	فظيع
terrific	رائع
territory	منطقة
territory	أرض
test	اختبار
text	نَص
than	من
thank	شكر
thank you	ممنونك
thank you	مشكور
thank you	شكرًا لكَ
Thank you for your patience while we investigate shipment	شكرًا لصبرك ريثما نتحقّق من الشّحنة
Thank you for your patience while we investigate shipment	شكراً لأنك طولت بالك علينا ونحنا عم نتحقق من الشحنة
thank you so much	شكراً كتير
thank you very much	شكرًا جزيلًا
thank you very much	شكراً كتير
thank you very much	مشكور
thanks	تشكّرات
thanks	شكرًا
thanks	ممنونك
Thanks for using our app	شكراً لأنك استخدمت الطبيق تبعنا
that	هذا
that	هَيْدَا
that is	هادا
that's good	كتير منيح
that's good	شي كويس
the	أل
theft	سرقة
their	لهم
their	إلهم
them	هم
theme	موضوع
themselves	نفسن
then	ثمّ
then	بَعْدِين
theory	نظرية
there	هناكَ
there	هُونِيك
there are	هونيك
there is	في
therefore	لذلك
therefore	منشان هيك
these	هؤلاء
these	هدول
they	هنّي
they	هم
they are	هنّي
thick	سميك
thief	حرامي
thigh	فخد
thin	رفيع
thing	شي
things	شغلات
things	غراض
think	يفكّر
think	بيفكر
third	تالت
thirsty	عطشان
thirteen	تلاتعش
thirty	تلاتين
this	هَيدَا
this	هَذَا
this is	هادا
this is	هذا
thorough	شامل
thorough	عميق
thoroughly	كلّو
thoroughly	بكلّ معنى الكلمة
those	هدول
though	بالرغم من
though	رغم إنّو
thought	فكَّرتُ
thought	ظنَّيت
thought	اعتقدت
thoughtful	وقور
thoughts	أفكار
thousand	ألف
thread	خيط
threat	تهديد
threaten	هدد
three	تلاتة
threshold	عتبة الباب
thrilled	بسعادة كبيرة
thrive	ينجح
thrive	ينما
throat	بلعوم
through	عبرَ
through	من خلال
through	جُوّا
throughout	طوال
throw	رمى
thumb	باهم
thunder	رعد
Thursday	الخميس
thus	هكذا
thus	وهيك
tick	قرادة
tide	المد
tidy	مرتّب
tie	كرافيت
tie	ربط
tiger	نمر
tight	مشدود
Tigrinya	لغة التيغرينيا
time	وقت
timid	تشتوش
timid	خجول
tiny	حجم صغير
tiny	صغير
tip	نصيحة
tips	نصائح
tire	دولاب
tired	تعبان
tired	مرهق
tissue	محرمة
title	عنوان
title	لقب
to	لِ
to	لَ
to be	ليصير
toast	خبز محمص
today	اليوم
toddler	طفل صغير
toes	أصابع الرجل
together	مع بعض
toilet	تواليت
told	خبّر
tolerance	تسامح
tolerate	يسامح
tomato	بندورة
tomorrow	بكرا
tomorrow	غدًا
tongue	لسان
tonight	الليلة
too	كتير
too	أيضًا
took	أخد
tool	أداة
tools	أدوات
tooth	سن
top	أعلى
topic	موضوع
torn	مهتري
torn	امَّزق
torture	بيعذب
total	المجموع
touch	يلمس
tough	صلب
tough	قاسي
tour	رحلة
toward	نحو
towards	نحو
towel	منشفة
town	بلدة
toxic	بيسمم
trace	يتبع أثر
track	يتبع أثر
track	طريق
trade	تجارة
tradition	عادة
tradition	تقليد
traditional	تقليدي
traffic	حركة السير
trail	أثر
trail	طريق
train	قطار
train	ترين
training	تدريب
trait	تقسيمات الوش
traits	تقاسيم الوش
transfer	تحويل
transfer	يحوّل
transition	انتقال
translate	ترجَم
transparent	شفّاف
transport	ينقل
transportation	مواصلات
trap	مصيدة
trap	فخ
trash	زبالة
trauma	رضة
travel	مسافر
tray	صينية
treasure	كنز
treat	يعامل
treat	بيعامل
treatment	معاملة
tree	شجرة
tremendous	جبّار
tremendous	ضخم
trend	موضة
trend	دارج
trial	محاكمة
trial	اختبار
trick	حيلة
tried	حاول
trigger	مشغّل
trim	تقليم
trip	رحلة
trip	مشوار
trip	سيران
trouble	مشكلة
trouble	مأزق
trousers	بنطلون
truck	شاحنة
true	صحيح
trunk	صندوق السيارة
trunk	جذع
trust	أمل
trust	ثقة
truth	الحقيقة
try	جرب
Tsonga	لغة التسونجا
tube	بربيج
Tuesday	الثلاثاء
tuition	محاضرة
tuition	تدريس
turkey	حبش
turkey	ديك رومى
turmeric	كُركُم
turn	دور
turn	بيتحول
turtle	سلحفة
tutor	استاذ خصوصي
twelve	اتنعش
twenty	عشرين
twenty-one	واحد وعشرين
Twi	لغة التوي
twice	مرتين
twist	لوي
two	اتنين
type	نوع
typical	عادي
ugly	بشع
ultimate	نهائي
umbrella	شمسية
unable	ما بيقدر
uncle	عم
uncle	خال
unconscious	مو واعي
under	تحت
underneath	تحت
underrated	بخسو قيمتو
understand	يفهم
understand	بيفهم
understood	مفهوم
unfortunately	للأسف
uniform	زي مُوحد
unique	ما في متلو
unique	ما في منو
unique	مميز
unique	فريد
unit	وحدة
university	جامعة
unknown	مو معروف
unknown	مجهول
unless	إلا إذا
until	لحتى
unusual	غريب
unusual	مو عادي
up	أكتر
up	أعلى
up to you	الأمر بيرجعلك
update	تحديث
upgrade	يرقّي
upon	لما
upset	حزين
upset	زعلان
urban	متمدن
urge	يتخانق
urgent	مستعجل
urgent	طارىء
us	نحنا
us	نحن
use	بيستعمل
use	يستعمل
use	يستخدم
use	بيستغل
used	مستعمل
useful	مفيد
useless	ما منو رجا
useless	ما في فايدة منو
usual	مألوف
usual	اعتيادي
usually	عادةً
usually	بالعادة
utility	جدوى
utility	منفعة
vacation	عطلة
vacation	إجازة
vaccination	تلقيح
vaccine	مصل
vacuum	مكنسة كهربا
vague	مو مفهوم
vague	غامض
valid	صالح
valley	وادي
valuable	غالي
value	قيمة
variety	أشكال وألوان
variety	متنوع
various	كتير
various	متنوع
vary	بيتنوع
vase	مزهرية
vast	واسع
vegetable	خضرا
vegetables	خضرا
vehicle	شاحنة
vehicle	سيارة
vendor	بياع
vendor	موظف
venom	حقد
venom	غلّ
venture	يغامر
venue	مسرح الأحداث
venue	مكان
verify	اتأكد من
versatile	استعمالاتو كتيرة
versatile	متعدد الجوانب
version	إصدار
vertical	عمودي
very	كتير
very	كثيرًا
very good	جيد جداً
very good	كتير منيح
vessel	وعا
via	عن طريق
via	بواسطة
vibe	هز
vibes	ذبذبات
vicious	خبيث
victim	ضحية
video	فيديو
view	منظر
village	ضيعة
villain	ندل
vinegar	خل
vintage	خمر
violence	عنف
violent	عنيف
viral	فيروسي
virgin	بنت
virgin	عذراء
virtual	افتراضي
virtue	فعة نفس
vision	رؤية
visit	يزور
visual	مرئي
vital	نشيط
vital	حِرِك
vivid	فاقع
vivid	واضح
vocabulary	كلمات
vocabulary	مفردات
voice	صوت
void	فاضي
void	فارغ
volume	كمية
volunteer	متطوع
vomit	الاستفراغ
vulnerable	معرّض ل
wage	أجرة
wages	أجور
waist	خصر
waist	خاصرة
wait	استنى
wait	انتظر
waiter	نادل
waiting	ناطر
waiting	مستني
wake	فاق
wake up	يفيق
walk	بيمشي
walking	مشِي
wall	حيط
wallet	محفظة
wander	تجول
wanna	بدّي
wanna	بدّو
want	يريد
want	بدو
wanted	مطلوب
war	حرب
wardrobe	خزانة التياب
warehouse	مستودع
warm	حنون
warm	دافئ
warm	دافي
warn	تحذير
warning	تحذير
warning	انذار
warrior	محارب
was	كان
wash	غسيل
waste	بيهدر
waste	يهدر
waste	بيضيّع
watch	يراقب
watch	بيشوف
water	مياه
water	مي
watermelon	بطيخ
watermelon	جبس
wave	موجة
way	طريقة
way	طريق
we	نَحْنُ
we	نِحْنَا
we are	نحنا
we can	بنقدر
weak	ضعيف
weakness	ضعف
wealth	ثروة
wealthy	غني
wealthy	مقتدر
wear	يرتدي
wear	لابس
wearing	يلبس
weather	طقس
wedding	عرس
Wednesday	الأربعاء
weed	أعشاب ضارة
weed	حشيش
week	أسبوع
weekend	نهاية الأسبوع
weight	تقل
weight	وزن
weird	مو طبيعي
weird	غريب
welcome	تفضّل
welcome	أهلا وسهلا
welcome	شرّفت
welfare	عيشة هنية
Well	جيّد
Well	منيح
Well	كويِّس
well done	برافو عليك
went	راح
went	طلع
went	ذهب
were	كانوا
west	غرب
wet	رطب
wet	مرطّب
whale	حوت
what	شو
what	ماذا
what about you	وانت شو
what about you	شو منشانك
what are you doing	شو عم تعمل
what are you doing	ماذا تفعل
what are you doing	تعمل إيه
what are you doing now	ماذا تفعلُ الآنَ
what are you doing now	شو عم تعمل هَلّق
what are you doing right now	شو عم تعمل هلق
what do you do	شو عم تساوي
what do you do	شو عم تعمل
what do you do for a living	شو بتشتغل
what do you do for a living	من وين بتسترزق
what do you mean	شو يعني
what do you mean	ماذا تقصد
what do you mean	شو قصدك
what do you want	شو بدك
what happened	شو اللي صار
what is	شو هوي
what is	ما هو
what is this	شو هاد
what is your job	شو بتشتغل
what is your name	ما اسمك
what is your name	شو اسمك
what's up	شو آخر الأخبار
what's your name	شو اسمك
whatever	أيًّا كان
whatever	مهما
whatever	مو مشكلة
wheat	قمح
wheel	دولاب
when	لمَّا
when	حينَ
whenever	وقتا
whenever	وقت لما
where	أينَ
where	وَيْن
where are you	وينك
where are you	أين أنت
where are you	انت وين
where are you from	من أينَ أنتَ
where are you from	إِنتَ من وين
where are you from	من أي بلد جايي
where are you now	انت وين هلق
where are you now	وينك هلق
where do you live	وين عايش
where is	وين
whereas	بينما
whether	في حال
whether	إن كان
which	أيَا
which	أَيْ
while	بالوقت اللي
while	بينما
whisper	همسة
whistle	صفّارة
white	أبيض
who	مِين
who	مَن
who are you	مين انت
who are you	انت مين
who is	مين
who is this	مين هاد
whole	كل
whom	مَن
whose	لمين
why	لماذا
why	لي
why	ليش
why not	ليش لاء
wicked	خبيث
wicked	ملعون
wide	واسع
wide	عريض
widow	أرملة
width	عرض
wife	زوجة
wild	متوحش
wild	برّي
will	سَوْفَ
will	رَحْ
will	إرادَة
willing	راغب
willing	حابب
win	بيربح
wind	هوا
window	شباك
windy	عاصف
windy	هوا
wine	خمر
wine	مشروب
winter	الشتى
winter	شتوية
wipe	يمسح
wire	سلك
wisdom	رزانة
wisdom	رجاحة عقل
wisdom	حكمة
wise	حكيم
wise	فهيم
wish	بيتمنى
wish you all the best	بتمنالك الأفضل
witch	ساحرة
with	معَ
with	مَعْ
withdraw	انسحاب
withdrawal	انسحاب
within	جوا
within	داخل
without	بدون
without	بلا
witness	شاهد
witty	حربوق
wolf	ديب
woman	مرا
women	النسوان
won	ربح
won't	ما رح
wonder	بيتساءل
wonderful	بيجنن
wonderful	رائع
wood	خشب
wood	غابة
wool	صوف
word	كلمة
words	كلمات
work	شغل
work	عمل
work out	اكتشف
working	شغل
world	العالم
worm	دودة
worn	مهتري
worried	قلقان
worry	قلقان
worse	أسوأ
worship	يسجد
worship	عبادة
worst	أسوأ شي
worth	بيستاهل
worth	يستحقّ
worth it	بيستاهل تعبو
worthy	بيستاهل
would	تمنّى
would	أرادَ
wound	جرح
Wow	واو
wrap	لفّ
wrath	غيظ
wrist	رسغ
write	يدوّن
write	بيكتب
write	يكتب
Write here	اكتب هون
writing	كتابة
written	مكتوب
wrong	مو صحيح
wrong	خطأ
wrote	كتب
yard	باحة البيت
yard	أرض الديار
yawn	متاوبة
Yeah	نعم
Yeah	أيْوَه
year	سنة
years	سنين
yeast	خميرة
yell	رفع صوتو
yell	صرّخ
yellow	أصفر
Yes	بلى
Yes	نعم
Yes	إي
yes baby	اي حبيبي
yes dear	أيوا حبيبي
yes dear	اي حبيبي
yes honey	اي حبيبي
yes my love	امبلا حبيبي
yes my love	اي حبيبي
yes of course	طبعاً أكيد
yesterday	أمس
yesterday	مبارحة
yesterday	مبارح
yet	لسى
yet	بعد
yield	مدخول
you	إنتَ
you	أنتَ
you are	انت
you are beautiful	أنت حلو
you are so beautiful	انت حلو كتير
you are welcome	على الرحب والسعة
you are welcome	أهلا وسهلا فيك
you are welcome	شرّفت
you can	بتقدر
You know	بتعرف
you too	انت كمان
you're welcome	أهلا وسهلا فيك
you're welcome	بتشرّف
young	صغير
young	شب
your	لك
your welcome	أهلا وسهلا فيك
yourself	انت نفسك
youth	الشباب
you’re welcome	أهلا وسهلا
you’re welcome	شرّفت
yummy	يم يم
zero	صفر
