a little	azçıq
a lot	çoq
a lot of	çoq
abandon	taşlap ketmek
abandoned	taşlanılğan
abide	riayet etmek
ability	qabiliyet
able	çaresi olğan
about	aqqında
above	töpesinde
abroad	çetelde
absence	yoqluq
absent	yoq olğan
absolutely	tamamınen
absorb	emmek
abstract	mücerret
absurd	absurd
abundance	bol-bereket
abundant	bol
abuse	suistimal
accent	aytılış
accept	mümkün saymaq
access	irişim
accident	qaza
accommodation	yerleşüv
accomplish	becermek
accomplished	bitirilgen
according	köre
account	esap
accuracy	doğrulıq
accurate	nizamlı
accused	qabaatlanğan
ache	acı
achieve	irişmek
achievement	irişüv
acknowledge	minnetdar olmaq
acquaintance	tanışuv
acquire	saip olmaq
acquired	alınğan
acquisition	aluv
across	arasından
act	davranmaq
action	areket
active	faal
activities	faaliyet
activity	faaliyet
actor	aktör
actual	kerçek
actually	aslında
acute	şiddetli
adapt	alışmaq
add	qoşmaq
addicted	tabi olğan
addition	qoşma
additional	qoşma
address	adres
address	muracaat etmek
adequate	aqlı-fikri yerinde
adjacent	qoşulğan
adjective	sıfat
adjust	ayarlamaq
admire	ayran qalmaq
admit	itiraf etmek
adopt	evlâtlıqqa almaq
adorable	ayranlıq doğurğan
advance	ilerletmek
advanced	ileri
advantage	meziyet
adventure	macera
adverb	zarf
advertisement	reklama
advertising	reklama
advice	tevsiye
advise	ögüt
advocate	abulqat
aesthetic	estetik
affair	alâqa
affect	tesir etmek
affection	bağlılıq
afford	yapıp olmaq
affordable	uyğun fiyatlı
afraid	qorqa
after	soñ
afternoon	kündüz
afterwards	soñunda
again	bir kere daa
against	qarşı
age	asır
age	yaş
agency	agentlik
agent	agent
aggressive	basqıncı
agile	atik
ago	evelsi
agree	razı olmaq
agreement	muqavele
agriculture	köy hocalığı
ahead	ileride
aid	imdat
aim	niyet
air	ava
airport	ava limanı
aisle	ayat
alarm	telâş
alcohol	içki
alert	telüke işareti
alive	canlı
all	episi
all right	er şey yahşı
all the best	oğurlar olsun
allow	yol bermek
allowed	ruhset etilgen
almost	deyerlik
alone	yañğız
along	boyu
already	endi
Alright	Aydı
also	em de
alternative	başqa çare
although	buña baqmadan
always	er vaqıt
amazing	acayip
ambiguous	tam degil
ambition	hırs
ambitious	iqbalperest
amend	deñiştirmek
amid	ortasında
among	aralarında
among us	aramızda
amount	para miqdarı
amusing	eglenceli
analysis	talil
ancestors	atalar
anchor	lenger
ancient	qadimiy
and	ve
and you	sen de
angel	melek
anger	ğazap
angle	köşe
angry	açuvlı
animal	ayvan
ankle	tobuq
anniversary	yıldönüm
announcement	ilân
annoy	raatsız etmek
annoyed	ökünçli
annoying	qozğayıcı
annual	er yıl
anonymous	belli olmağan
another	diger
answer	cevap
anticipate	farz etmek
anxiety	telâş
anxious	telâşlı
any	er angi bir
anymore	artıq
anyone	er kim
anything	er angi bir şey
anyway	er alda
anyways	ne de olsa
apart	ayrı olaraq
apartment	daire
apologize	afu soramaq
apparent	aşkâr
apparently	añlaşılğanına köre
appeal	itiraz
appear	peyda olmaq
appearance	körüniş
appearance	peyda oluv
appeared	peyda oldı
appetite	madde
apple	alma
application	ilâve
apply	qullanmaq
apply	muracaat etmek
appointment	körüşüv
appreciate	qadirine yetmek
appreciation	minnetdarlıq
approach	yanaşuv
appropriate	mütenasip
approval	tasdıqlav
approve	taqdirlemek
approved	taqdirlengen
approximately	tahminen
april	çiçek ayı
arbitrary	indiy
architect	mimar
architecture	mimariy
archive	arhiv
are you	sen
are you busy	meşğulsiñmi
are you married	siz evlisiñizmi
are you married or single	ya da bekârsıñmı
are you married or single	evlisiñmi
Are you still there?	Sen alâ daa andasıñmı?
are you there	andasıñmı
area	saa
argue	tartışmaq
argument	tartışma
arise	kevdelenmek
arm	qol
army	ordu
around	etrafında
arrange	kelişmek
arrangement	añlaşma
arrival	kelip çıqma
arrive	kelip çıqmaq
arrived	kelip çıqqan
arrogant	kibbar
arrow	oq
art	sanat
article	maqale
artificial	suniy
artist	ressam
as	olaraq
as long as	vaqtında
as well	ayrıca
as well as	olğanı kibi
ash	kül
ashamed	utandırılğan
ask	soramaq
asked	soradı
asleep	uyuğan
aspect	ceet
Assamese	Assam tili
assault	ücüm
assembly	meclis
assertive	iddialı
assess	qıymet kesmek
assessment	muakeme
asset	variyet
assets	aktivler
assign	qoymaq
assignment	tayinleme
assist	yardımcı olmaq
assistant	yardımcı
associate	bağlamaq
associated	bağlı
association	dernek
assume	bellemek
assumption	zan
at least	eñ azdan
ate	aşadı
athlete	sportçı
attach	qoşmaq
attached	bağlı
attachment	bağlılıq
attack	ücüm
attempt	ıntıluv
attend	qatnamaq
attendance	qatnav
attention	diqqat
attitude	munasebet
attract	celp etmek
attraction	cazibelik
attractive	celp etici
attribute	atribut
audience	diñleyiciler
august	arman ayı
aunt	ala
aunty	tize
authentic	çıntı
author	müellif
authority	nufuz
autumn	küz
available	irişimi olğan
average	ortalandırma
avoid	qaçınmaq
awake	uyanğan
award	mukâfat
aware	farqında olmaq
awareness	haberdarlıq
away	uzaqqa
awesome	zevqlı
awful	deşetli
awkward	beceriksiz
Aymara	Aymara tili
baby	sabiy
bachelor	bekâr
back	keri
background	fon
bad	yaramay
bag	çanta
bait	yem
bake	fırında pişirmek
bakery	fırın
baking soda	çay sodası
balance	teraze kelüv
ball	top
Bambara	Bambara tili
banana	muz
band	çalğıcılar taqımı
band	şerit
bang	patlama
bank	bank
bar	bar
barely	zornen
bargain	bazarlıq
bark	terek qabuğı
barley	arpa
barrier	mania
base	temel
based	esaslanğan
basement	mağaz
basic	temel
basically	esasında
basil	fesilgen
bastard	aramzade
batch	sürü
bath	ammam
bathroom	vannahane
battery	batareya
battle	uruş
bay	körfez
be	cari olmaq
be careful	muqayt ol
beach	yalı
beam	nur
beans	baqlalar
bear	ayuv
beard	saqal
bearing	tireme
beast	canavar
beat	köteklemek
beautiful	dülber
beauty	dülberlik
became	oldı
because	çünki
become	olmaq
bed	yataq
bedroom	yataq odası
bee	balqurt
beef	tuvar eti
been	olğandır
beer	bira
before	evel
began	başladı
begin	başlamaq
beginning	başlanmaqta
behalf	adına
behave	davranmaq
behavior	areket tarzı
behaviour	areket tarzı
behind	artında
being	bar olmaq
belief	işanç
believe	inanmaq
belly	qursaq
belong	ait olmaq
beloved	sevimli
below	aşağıda
belt	quşaq
bench	skemle
bend	mayışıq
beneath	tübünde
benefit	fayda
benefits	faydalar
beside	yanında
besides	ğayrı
best	eñ güzel
best of luck	işiñiz oñ kelsin
best regards	sayğı ile
better	daa yahşı
between	arasında
beverage	içimlik
beyond	tışında
Bhojpuri	Bhocpuri tili
bias	peşin fikir
biased	peşin fikirli
bicycle	ayaqmaşna
bid	teklif
big	balaban
bike	ayaqmaşna
bill	esap kâğıtı
bind	bağlamaq
bird	quş
birthday	doğğan kün
bit	parça
bite	tişlemek
bitter	accı
black	qara
blade	pıçaq ağzı
blame	qabaatlav
blank	boş
blanket	örtü
blast	patlav
bleach	beyazlatıcı
blend	qarıştırmaq
bless	şükür etmek
blessed	mubarek
blind	kör
bliss	tav
block	blok
blood	qan
bloom	çiçek açmaq
blow	darbe
blow	üfürmek
blue	mavı
blunt	toqal
board	şura
board	tahta
boat	qayıq
body	beden
boil	qaynatmaq
bold	cesür
bold	qalın
bond	bağ
bone	kemik
book	kitap
boost	tezleştirmek
booster	quvetleştirici
boot	pötük
boots	pötükler
border	sıñır
bore	can sıqısı
bored	canı sıqılğan
boring	can sıqıcı
born	doğğan
borrow	borcğa almaq
boss	reber
both	ekisi de
bother	keder etmek
bottle	şişe
bottom	alt
bought	satın alınğan
bought	satın aldı
bounce	sıçramaq
bound	bağlı
boundaries	sıñırlar
bow	temenna
bow	yay
bowl	çanaq
box	qutu
boy	oğlan
boyfriend	erkek arqadaş
bracelet	bilezlik
brain	miy
branch	şübe
brand	marka
brave	cesaretli
breach	bozma
bread	ötmek
bread	rızq
break	teneffüs
breakfast	sabalıq
breast	kökrek
breath	nefes
breathe	nefes almaq
breed	asramaq
brick	tola
bride	kelin
bridge	köpür
brief	kestirme
bright	parlaq
brilliant	parlaq
bring	ketirmek
bro	qardaşım
broad	keniş
broadcast	yayın
broke	sındırdı
broken	sınıq
broom	sipirki
brother	ağa
brother in law	qayın
brought	ketirdi
brown	qaverenki
brush	fırçı
bucket	qopqa
buddy	arqadaş
budget	bücet
bug	böcek
build	qurmaq
building	yapı
built	qurulğan
bulk	rıqma-rıq
bull	ögüz
bully	yaramaz
bump	şişik
bunch	oba
bundle	demet
burden	yük
buried	kömülgen
burn	yanmaq
burst	patlamaq
bury	kömmek
bus	avtobus
bush	çalı
business	ticariy faaliyet
bust	büst
busy	meşğul
but	amma
butter	yağ
butterfly	köbelek
button	dögme
buy	satın almaq
by	tarafından
by the way	söz kelimi
bye	körüşkence
cabbage	qapısta
cabinet	dolap
cage	qafes
cake	tort
calf	buzav
call	çağıruv
call	çağırmaq
call	adlandırmaq
call me	maña telefon aç
called	adlandırılğan
calm	tınç
came	keldi
campaign	sefer
can	imkâniyeti bar
can't	olmayım
Cancel	Lâğu
cancer	rak hastalığı
capable	qabiliyetli
capacity	acim
capital	paytaht
caption	serleva
capture	yaqalamaq
car	araba
career	karyera
careful	muqayt
carefully	diqqatnen
careless	ğamsız
caring	qayğırğan
carpenter	dülger
carpet	halı
carrot	havuç
carry	taşımaq
carry on	devam etmek
carry out	becermek
case	adise
cash	peşin para
cast	tökmek
castle	kermen
casual	kündelik
cat	mışıq
catch	yaqalamaq
category	zümre
cattle	tuvar
caught	tutuldı
caught	tutulğan
cause	manaçıq
caution	muqaytlıq
cautious	muqayt
cave	qoba
cease	toqtatmaq
ceiling	tavan
celebrate	bayram etmek
cell	üceyre
center	merkez
century	asır
cereal	aşlıq
ceremony	merasim
certain	belli bir
certainly	elbet
certificate	sertifikat
chain	zıncır
chair	oturğıç
challenge	sınav
chance	fırsat
change	qaytım
change	deñişme
chaos	qarışıqlıq
character	mizac
characteristics	hususiyetler
charge	masraflar
charity	hayriyet
charming	cilveli
chart	diagramma
chase	quvalamaq
chat	tasırdamaq
cheap	ucuz
cheat	hiyanetlik etmek
cheating	dolandırma
check	teşkermek
check	çek
cheek	yanaq
cheer	ruhlandırmaq
cheerful	neşeli
cheers	alğış
cheese	penir
chemistry	himiya
cherish	beslemek
chess	santıraç
chest	köküs
chew	çaynamaq
chicken	çipçe
chicken	tavuq
chief	baş
child	bala
childhood	balalıq
children	balalar
chill	pek suvuq
chimneys	baclar
chin	saqal tübü
chocolate	şokolad
choice	seçim
choose	saylamaq
chop	doğramaq
chores	ev işleri
chubby	tomalaq
church	kilse
cinnamon	tarçın
circle	daire
circumstances	şartlar
citizen	vatandaş
city	şeer
claim	iddia etmek
clarify	aydınlatmaq
class	sınıf
clay	balçıq
clean	temiz
clear	şeffaf
clerk	kâtip
clever	azırcevap
client	müşteri
cliff	sırım
climate	iklim
climb	tırmaşmaq
clingy	yapışqan
clock	saat
close	yaqın
close	qapatmaq
closet	kiler
cloth	basma
clothes	urba
cloud	bulut
cloudy	bulutlı
clown	kloun
clue	anahtar
clumsy	beceriksiz
cluster	uyur
coach	idmancı
coal	kömür
coast	sail
coat	palto
coffee	qave
cognitive	fikriy
coincidence	tesaduf
cold	suvuq
collapse	çökmek
collar	yaqa
colleague	meslekdeş
colleagues	zenaatdaşlar
collect	toplamaq
collection	toplam
college	köllec
color	renk
colorless green ideas slept furiously	renksiz yeşil fikirler hışımnen yuqlaylar
colour	renk
column	sutun
comb	taraq
combination	uyma
combine	birleştirmek
come	kelmek
come here	mında kel
come on	qana
comfort	raatlıq
comfortable	raat
coming	kelmekte
coming soon	yaqın arada olacaq
command	emir
comment	tevsir
commercial	ticariy
commission	eyyet
commit	eylemek
commitment	teslim etüv
committed	mefküreviy
commodity	mal
common	müşterek
communicate	subetleşmek
communication	alâqa
community	cemiyet
commute	barıp kelmek
companion	şerik
company	şirket
compare	qıyaslamaq
comparison	teñeştirme
compassion	meramet
compassionate	raim
compatible	uyuğan
compete	reqabet etmek
competent	ihtisaslı
competition	musabaqa
competitive	reqabetli
complain	şikâyet etmek
complaint	şikâyet
complement	tamamlayıcı
complete	bitirilgen
completely	tamamınen
complex	quralğan
compliance	uyğunlıq
complicated	müşkül
compliment	kompliment
comply	uymaq
composition	tiziliş
compound	quralma
comprehension	añlama
comprehensive	ertaraflama
compromise	razılaşma
compulsory	vacip
computer	bilgisayar
concentrate	qoyurmaq
concept	kontseptsiya
concern	raatsızlıq
concerned	ğamlı
concert	kontsert
conclusion	hulâsa
concrete	beton
condition	şart
conditions	şartlar
conduct	idare etmek
conference	konferentsiya
confess	tövbe etmek
confidence	eminlik
confident	qani
confirm	tasdıqlamaq
conflict	çatışuv
confused	şaşmalağan
confusion	qarışıqlıq
congrats	hayırlavlar
congratulation	hayırlav
congratulations	tebrikler
conjunction	bağlayıcı
connect	bağlamaq
conquer	basıp almaq
conscious	aqıl-ferasetli
consciousness	es
consent	razılıq
consequences	aqibetler
conservation	saqlama
conservative	konservativ
consider	diqqatqa almaq
considered	diqqatqa alınğan
consist	ibaret olmaq
consistency	izçenlik
consistent	izçen
constant	deñişmegen
constantly	mütemadiyen
constipation	qabız
construction	qurucılıq
consume	istimal etmek
consumption	istimal
contact	bağ
contagious	yuqunçlı
contain	içermek
contains	içinde bulunmaq
contemporary	çağdaş
contempt	hor baqmaq
content	münderice
contest	yarışma
context	kontekst
continent	qıta
continue	devam etmek
contract	muqavele
contrast	kontrast
contribute	isse qoşmaq
contribution	isse
control	teftiş
controversial	davalı
convenience	oñaytlılıq
convenient	oñaytlı
conversation	subet
convert	çevirmek
convey	alıp bermek
convince	qandırmaq
convinced	qatiy işanğan
cook	aş pişirmek
cooking	aş pişirüv
cool	salqın
cooperation	iş birligi
cope	baş etmek
copper	baqır
core	özek
corn	mısırboğday
corner	köşe
correct	doğru
cost	maliyet
costume	taqım urba
cottage	köttec
cotton	pamuq
couch	set
cough	öksürik
could	ola bilmek
council	şura
count	saymaq
counter	sayıcı
country	memleket
countryside	köy yeri
couple	çift
courage	cesaret
course	kurs
course	yöneliş
court	makeme
courtesy	nezaket
cousin	eki doğmuş
cover	qapaq
cow	sığır
coward	qorqaq
cozy	qıntavlı
crab	yengeç
crack	sındırmaq
craft	üner
crap	boq
crash	qaza
craving	meram
crawl	süyreklenmek
crazy	divane
create	yaratmaq
creative	yaratıcı
credit	ödünç
creep	çıqçıq balaban
creepy	deşet
crew	erkân
crime	cinayet
Crimean Tatar	Qırımtatar
cringe	boynunı qısmaq
crisis	buhran
criteria	kriteriy
critical	al etici
criticism	tenqit
crop	pıtamaq
crops	mahsulatlar
cross	haç
crow	qarğa
crowd	qalabalıq
crowded	qalabalıq
crown	tac
crucial	pek müim
cruel	zalım
cruise	seyir
crush	ezmek
cry	ağlamaq
cucumber	hıyar
cuddle	sarılmaq
culture	medeniyet
cunning	qurnaz
cup	filcan
cupboard	savut dolabı
curb	yügen
cure	deva
curfew	yolğa çıqmaq yasağı
curiosity	meraq
curious	er şeynen meraqlanğan
curly	quvurçıq
currency	para birimi
current	ağımdaki
currently	al-azırda
curse	lânet
curtain	perde
cushion	yastıq
custom	adet
custom	gümrükhane
customer	müşteri
customs	gümrükhane
cut	kesmek
cute	mulâyim
cycle	devre
cycling	ayaqmaşnada yürüv
dad	baba
daddy	babaçığım
daily	kündelik
dairy	süt mahsulatları
dam	bent
damage	buzmaq
damn	lânet
damp	dım
dance	oyun
danger	telüke
dangerous	telükeli
dark	qaranlıq
darling	sevgili
dash	tire
data	beri
date	vasıl
daughter	qız bala
day	kün
dead	ölü
deadline	soñ tarih
deaf	sağır
deal	muamele
dear	aziz
Dear All	Aziz er kes
Dear Customer	Ürmetli müşteri
Dear Parents	Sevimli ana-babalar
Dear Sir	Sevimli efendi
Dear students	Sevimli talebeler
Dear Team	Sevimli taqımım
death	ölüm
debate	munaqaşa
debit	borc
debris	virane
debt	borc
decade	on yıllıq
decay	çürümek
deceased	ölü
deceive	aldatmaq
december	ilk qış ayı
decent	edepli
decide	qarar etmek
decided	qarar etti
decision	qarar
deck	kögerte
decline	çöküş
decrease	eksiltmek
dedicated	qatiy işanğan
dedication	sadıqlıq
deed	areket
deep	teren
deer	sığın
default	ögünden köz ögüne alınğan
defeat	mağlübiyet
defend	qorçalamaq
define	qararlamaq
definitely	eminliknen
definition	tarif
degree	derece
delay	keçiktirmek
delayed	avuştırılğan
delete	silmek
deliberate	aselet
delicate	narin
delicious	lezzetli
delight	zevq
delighted	ayran
deliver	ketirmek
delivered	teslim etilgen
delivery	teslim
demand	talap etmek
demanding	talap etici
democracy	demokratiya
demon	iblis
demonstrate	körsetmek
denied	red etilgen
density	sıqlıq
dentist	tiş ekimi
deny	red etmek
department	bölük
departure	yolğa çıqış
depend	tabi olğan
deploy	açmaq
deposit	pey
depressed	melül
depression	ruhtan tüşme
depth	terenlik
describe	tasvir etmek
description	tarif
desert	sahra
deserve	aq qazanmaq
design	leyha
designation	tayin etüv
desire	emel
desk	iş masası
despair	ümütsizlik
desperate	çaresiz
despite	baqmadan
dessert	şekerleme
destination	maqsat etip qoyulğan yer
destiny	taqdir
destroy	yoq etmek
destruction	dağıluv
detail	parçalar
details	tafsilâtlar
detect	keşif etmek
determination	azimkârlıq
determine	belgilemek
determined	belgilengen
devastated	viran etilgen
develop	inkişaf ettirmek
developed	inkişaflı
development	inkişaf
device	cihaz
devil	şeytan
devoted	sadıq
Dhivehi	Divehi tili
diabetes	şeker hastalığı
diarrhea	isal
diary	kündelik
dictionary	luğat
did	yaptı
die	ölmek
died	öldi
diet	diyeta
difference	farq
different	çeşit türlü
difficult	qıyın
dig	qazmaq
dignity	qıymet
diligent	çalışqan
dinner	aqşamlıq
dip	batırmaq
direct	doğru
direction	yöneliş
director	müdir
dirt	kir
dirty	kirli
disable	qullanımdan kesmek
disabled	saqat
disappear	yoq olmaq
disappointed	qasevetlengen
disaster	felâket
discard	çöplükke atmaq
discharge	boşama
discipline	nizam
discount	endirim
discover	keşif etmek
discrimination	ayrımcılıq
discuss	muzakere etmek
discussion	muzakere
disease	hastalıq
diseases	hastalıqlar
disguise	maskalamaq
disgusting	igrenç
dish	tabaq
dishes	tepisler
dismiss	qabul etmemek
dispatch	yollamaq
display	tasvirleme
disposal	hazıf
dispute	munaqaşa
distance	mesafe
distinct	mühtelif
distinguish	ayırdı etmek
distress	elem
distribution	tevzi
district	maalle
disturb	raatsızlamaq
ditch	or
dive	dalmaq
diverse	çeşit-çeşit
diversity	çeşitlik
divide	bölmek
divine	ilâyi
divorce	ayırılışma
dizzy	baş aylandırıcı
do	yapmaq
do you	sen
do you love me	sen meni sevesiñmi
doctor	ekim
document	vesiqa
does	yapa
doesn't	degil
dog	köpek
Dogri	Dogri tili
doing	yapqan
doll	qoqla
domain	domen
domestic	içki
dominant	basqın
don't	yapma
Don't worry	Raatsızlanma
donate	bağışlamaq
done	bitti
donkey	eşek
dope	uyuştırıcı
double	çift
doubt	şübelenmek
dough	hamır
down	aşağı
download	yüklemek
draft	qaralama
drag	sürüklemek
drain	boşatmaq
drama	drama
draw	celp etmek
draw	çızmaq
drawer	çekmece
drawing	resim
dread	qorqulıq
dream	arzu
dress	anter
drill	burğu
drink	içimlik
drive	araba aydamaq
drop	tamçı
drop	tüşürmek
dropped	yıqıldı
drought	qurğaqlıq
drunk	sarhoş
dry	quru
duck	papiy
dude	aşna
due	sebebinden
due to	sebepten
dull	solğun
dumb	budala
dump	çöplük
duration	devamlılıq
during	devamında
dust	toz
duty	nevbetçilik
dwell	oturmaq
dying	mına-mına ölecek
each	er bir
each other	bir-birini
eager	istekli
eagle	qartal
ear	qulaq
earlier	bundan evel
early	erte
earn	qazanmaq
ears	qulaqlar
earth	yer kürresi
earthquake	zelzele
ease	qolaylıq
easily	yengilce
east	şarq
easy	qolay
eat	aşamaq
eating	aşağan
economic	iqtisadiyat
economy	iqtisat
edge	kenar
edit	tarir etmek
education	tasil
effect	semere
effective	semereli
efficiency	semerelilik
efficient	semereli
effort	ğayret
egg	yımırta
eggplant	morpatilcan
ego	nefishorlıq
eight	sekiz
eighteen	on sekiz
eighty	seksen
either	veyahut
elaborate	işletmek
elbow	tirsek
elder	yaşı büyük
elderly	esli-başlı
elegant	zarif
element	unsur
elephant	fil
eleven	on bir
eligible	aqqı olğan
eliminate	elemek
else	daa da
embarrassed	utanğan
embarrassing	utandırıcı
embrace	quçaq
emerge	ortağa çıqmaq
emergency	fevqulade vaziyet
emotional	duyğulı
empathy	qayğıdaşlıq
emphasis	urğu
emphasize	tübüni çızmaq
employee	hadim
employees	hadim
employer	iş bergen
employment	iş
empty	boş
enable	imkân bermek
encounter	çatışmaq
encourage	rağbetlendirmek
end	soñ
endangered	nesili yoq olacaq
endeavor	ıntılma
endurance	dayanuv
endure	çıdamaq
enemy	duşman
energy	energiya
engage	eglendirmek
engaged	nişanlanğan
engagement	nişan
engine	köçürici
engineer	müendis
English	İngliz
enhance	quvetlendirmek
enjoy	keyflenmek
enormous	muazzam
enough	yeter
ensure	kefil olmaq
enter	kirmek
entertainment	temaşa
enthusiasm	coşqunlıq
enthusiastic	avesli
entire	bütünley
entitled	başlıqlı
entity	barlıq
entrance	kiriş
entrepreneur	iş adamı
envelope	zarf
environment	çevre
envy	pahıllıq
epic	destan kibi
epidemic	salğın
equal	musaviy
equipment	donatma
equity	adalet
equivalent	musaviy
eraser	silgiç
error	hata
escape	qaçuv
especially	hususan
essay	inşa
essence	maiyet
essential	temel
establish	tesis etmek
established	teşkil etilgen
estate	mülk
estimate	esaplamaq
estimated	tahminiy
etc	ilâhre
eternal	ebediy
ethics	ahlâqiyat
evaluate	qıymet kesmek
evaluation	qıymet kesüv
even	atta
even though	olsa da
evening	aqşam
event	tedbir
eventually	niayet
ever	iç
every	er
everybody	er kes
everyone	er kes
everything	er şey
evidence	isbat
evil	yaman
evolution	evrim
evolve	inkişaf etmek
Ewe	Eve tili
ex	sabıq
exact	tam
exactly	aynen
exam	imtian
examine	tedqiq etmek
example	misal
exceed	aşmaq
excellent	alâ
except	istisna
exception	istisna
excess	artqaç
excessive	artqan
exchange	deñişüv
excited	eyecanlı
excitement	eyecan
exciting	ayrette qaldırıcı
exclusive	alâ dereceli
excuse	aqlama
excuse me	bağışla meni
execute	icra etmek
execution	eda
executive	icra
exercise	yerine ketirüv
exercise	meşğuliyet
exhaust	qıynamaq
exhausted	qıynalğan
exhibit	sergilengen şey
exhibition	sergi
exist	mevcut olmaq
existence	bar olğanı
existing	bar olğan
exit	çıqış
expand	cayratmaq
expect	işanmaq
expected	beklenilgen
expenses	masraflar
expensive	paalı
experience	tecribe
experiment	deñev
expert	mütehassıs
expired	vaqıtı keçti
explain	añlatmaq
explanation	izaat
exploit	işletmek
explore	araştırmaq
export	ihrac
expose	meydanğa çıqarmaq
exposed	maruz qalğan
exposure	maruz qalmaq
express	ifade etmek
expression	ifade etüv
extend	kenişletmek
extended	kenişletilgen
extension	uzatma
extent	mertebe
external	tış
extinct	sönük
extra	qoşma
extract	çıqarmaq
extraordinary	fevqulade
extreme	aşırı
extremely	pek
eye	köz
eyes	közler
fabric	toquma
fabulous	saltanatlı
face	bet
facilitate	qolaylaştırmaq
facilities	donatmalar
facility	qurulış
fact	kerçek
factor	faktor
factory	fabrika
facts	aqiqatlar
fade	solmaq
fail	nasipsizlik
failed	hayırsız
failure	red
faint	bayılmaq
fair	adaletli
fair	sergi
fairly	bayağı
fairy	peri
faith	iman
faithful	sadıq
fake	sahte
fall	yıqılmaq
fall	küz
false	sahte
fame	nam
familiar	tanış
family	qoranta
famine	açlıq
famous	meşur
fan	yelpaze
fan	mühlis
fancy	nazik
fantastic	fantastik
far	bayağı
far	uzaq
farewell	sağlıqlaşuv
farm	ferma
farmer	fermacı
fascinating	tılsımlı
fashion	moda
fast	tez
fat	semiz
fatal	qaçınılmaz
fate	qader
father	baba
fatigue	yorğunlıq
fault	yañlışlıq
favorite	sevimli
favour	eyilik
favourite	sevimli
fear	qorqu
fear	qorqmaq
feast	ziyafet
feather	tük
feature	hususiyet
features	vazifeler
february	kiçik ay
fed up	bıqqan
fee	ücret
feed	aşatmaq
feedback	qarşılıq
feel	is etmek
feeling	duyğu
feet	ayaqlar
fell	yıqıldı
fellow	aqran
felt	kiyiz
female	apay kişi
fence	qora
fertile	mahsuldarlıq
festival	festival
fetch	çekmek
fever	umma
few	biraz
fewer	daa az
fiance	nişanlı
fiction	uydurma
field	saa
field	tarla
fierce	yavuz
fifteen	on beş
fifty	elli
fight	kötekleşmek
fighting	kötek
figure	raqam
figure out	soraştırıp bilmek
file	fayl
fill	toldurmaq
filled	tolğan
film	film
filthy	pis
finally	ahırı
finance	maliye
financial	maliyeviy
find	tapmaq
find out	soraştırıp bilmek
fine	eyi
finger	parmaq
finish	bitirmek
finished	bitken
fire	yanğın
fire	ateş
firm	şirket
first	birinci
first name	ad
fish	balıq
fit	uymaq
five	beş
fix	tüzetmek
fixed	sabit
flag	bayraq
flash	parıltı
flat	daire
flat	yalpaq
flaw	eksiklik
flawless	qusursız
flee	qaçmaq
flesh	et
flew	üçti
flex	bükmek
flexible	mayışqaq
flight	uçuş
flip	taqlaq
flirt	cilvelenmek
flirting	cilvelene
float	yaldavuq
flood	sel
floor	taban
floor	qat
flour	un
flow	aqım
flower	çiçek
flu	gripp
fluent	suv-tilmaç
fluently	çabik
fluffy	yımşaq
fluid	şingenlik
fly	uçmaq
focus	bir yerge toplanmaq
fog	tuman
foggy	tumanlı
fold	qatlamaq
folks	halq
follow	izlemek
follow up	taqip yet
following	kelecek
food	aş
fool	deli
foolish	ahmaq
foot	ayaq
football	futbol
for	içün
For example	Misal olaraq
for instance	misal olaraq
for you	seniñ içün
forbidden	yasaqlı
force	küç
forecast	tahmin
forehead	mañlay
foreign	çetel
forest	orman
forever	ebediyen
forget	unutmaq
forgive	afu etmek
forgot	unuttı
fork	sançqı
form	şekil
formal	resmiy
former	sabıq
fortunately	bahtıma
fortune	servet
forty	qırq
forty-two	qırq eki
forward	ögge
foster	yetiştirmek
fought	tartıştı
found	tapılğan
foundation	temel
four	dört
fourteen	on dört
fox	tilki
fragile	narin
frame	çerçive
framework	çerçive
fraud	aynecilik
freak	hucur
free	serbest
free	bedava
freedom	serbestlik
freeze	buzlamaq
frequency	sıqlıq
frequent	sıq
frequently	sıq-sıq
fresh	taze
friday	cuma
fridge	buzlatıcı
friend	dost
friendly	dostane
friends	dostlar
friendship	dostluq
frightened	qorqutılğan
frightening	qorqutıcı
frog	baqa
from	itibaren
front	ögdeki
frozen	buzlatılğan
fruit	meyva
frustrated	siñirli
fuel	yaqarlıq
Fulfulde	Fulfulde tili
full	tolu
fun	eglence
function	işlev
fundamental	temel qoyğan
funeral	cenaze
funny	külünçli
fur	kürk
furious	ğadaplı
furniture	mefruşat
further	daa soñra
furthermore	bir de
future	kelecek
gain	qazanç
game	oyun
gap	boşluq
garage	garaj
garbage	çöp
garden	bağça
garlic	sarımsaq
gate	araba qapı
gather	cıymaq
gathering	toplaşma
gauge	ölçü
gave	berdi
gear	tertibat
gender	cınıs
general	umumiy
generally	umumen
generate	yaratmaq
generation	nesil
generous	cümert
genius	daiy
genre	tür
gentle	nazlı
genuine	asıl
gesture	işmar
get	elge keçirmek
get dressed	kiyinmek
get up	turmaq
get well soon	Allah şifa bersin
getting	olunma
ghost	hayalet
ghosting	hayalet
giant	qocaman
gift	bahşış
ginger	zencefil
girl	qız
girlfriend	qız arqadaş
give	bermek
give up	teslim olmaq
given	berilgen
glad	memnün
glance	nazar
glass	cam
glasses	közlük
glimpse	baqış
global	bütün dünya
gloomy	tors
gloves	qolçaqlar
glow	yarıq
glow up	parıldamaq
glue	tutqal
go	ketmek
go ahead	devam et
go away	yoq ol
go to bed	yatmaq
goal	aht
goals	maqsatlar
goat	teke
god	tañrı
god bless you	Allah seni qorçalasın
goes	kete
going	ketmekte
going to	azırlanmaq
gold	altın
gone	ketken
gonna	azırlana
goo	batqaq
good	şaylı
good afternoon	kün şerifleriñiz hayır olsun
good bye	sağlıqnen qalıñız
good day	hayırlı künler
good evening	aqşamlar hayır
good job	yahşı iş
good looking	şırnıqlı
good luck	Allah qolay ketirsin
good morning	sabalar hayır
good morning my love	sabalar hayır, sevgilim
good night	geceler hayır
goodbye	sağlıqnen bar
goodnight	geceler hayır
goods	mallar
Google	Gugl
Google Translate	Google tercimesi
goose	qaz
gorgeous	müteşem
gossip	öşek
got	elge keçirdi
got it	añladım
government	ükümet
grab	qapmaq
grade	derece
gradually	ket-kete
graduate	mezun olmaq
grain	zahire
grant	bağışlamaq
granted	berilgen
grapes	yüzüm
grasp	qavramaq
grass	ot
grateful	minettdar
gratitude	minnetdarlıq
grave	mezar
gray	külrenki
great	ulu
greed	açközlük
greedy	saran
green	yeşil
greet	selâmlaşmaq
greeting	selâmlaşma
greetings	selâmlar
grey	boz
grid	tel ağı
grief	keder
grind	ufatmaq
grip	sap
grocery	baqqal
groom	kiyev
gross	toplam
ground	yer
group	taqım
grow	ösmek
growth	yükselme
grumpy	keyfsiz
Guarani	Guarani tili
guarantee	kefalet
guard	qaravul
guess	tahmin etmek
guest	musafir
guidance	reberlik
guide	qılavuz
guilty	qabaatlı
guy	oğlan
guys	ballar
gym	sport salonı
habit	alışqanlıq
habitat	tabiy müit
had	bar edi
hail	burçaq
hair	saç
half	yarım
hall	salon
hand	qol
handle	sap
handsome	körüngen
hang	asmaq
hang out	sallan-sullan yürmek
happen	olmaq
happened	oldı
happiness	baht
happy	bahtlı
happy birthday	hayırlı yaşlar olsun
happy birthday to you	hayırlı yaşlar olsun
happy new year	yañı yılıñız hayırlı olsun
hard	zor
hardly	zornen
hardly ever	iç bir vaqıt desek olacaq
harm	zarar
harmful	zararlı
harmony	uyuşma
harsh	sert
harvest	bereket cıyuvı
has	saip
hate	nefret
have	bar
have a good day	hayırlı künler
have a nice day	yahşı künler
have breakfast	sabalıq aşa
have fun	şeñlik olsun
have you eaten	sen endi aşadıñmı
having	saip olğan
hazard	telüke
haze	tuman
he	o
he has	o saip
he is	o
head	qafa
headache	baş ağrısı
heal	devalamaq
healing	şifa
health	sağlıq
healthy	sağlam
hear	eşitmek
heard	eşitti
heart	yürek
heat	qızdırmaq
heat	sıcaq
heaven	cennet
heavy	ağır
hectic	qıymıldavuq
height	boy
height	yükseklik
heir	varis
heist	çaypav
held	tutulğan
hell	cehennem
Hello	Meraba
hello dear	meraba, canım
hello how are you	selâm, nasılsıñ
hello how are you doing	meraba nasılsıñ
helmet	migfer
help	yardım
helpful	faydalı
hence	demek
her	onıñ
herd	sürü
here	mında
heritage	miras
hesitate	çekinmek
Hey	Olân
Hi	Selâm
hi how are you	meraba, nasılsıñ
Hi there	Meraba
hidden	saqlı
hide	saqlamaq
hierarchy	iyerarhiya
high	yüksek
highlight	belgilemek
hike	kezinti
hiking	piyade turizm
hilarious	şamatalı
hill	bayır
him	oña
hint	anahtar söz
hip	but
hips	sanlar
hire	kiralamaq
hiring	tutqan
his	onıñ
history	tarih
hit	urmaq
Hmm	Hmm
hobby	aveslik
hold	tut
hold on	bekle
hole	teşik
holiday	raatlıq künü
hollow	quvuş
home	ev
homework	ev vazifesi
honest	namuslı
honestly	açıqtan aytqanda
Honey	Bal
Honey	Tatlım
honor	namus
hood	başlıq
hook	çengel
hop	sekirmek
hope	ümüt
hope	ümüt etmek
hopefully	ümüt ile
hopeless	ümütsiz
horizontal	ufqiy
horn	boynuz
horrible	qorqunçlı
horror	deşet
horse	at
hospital	hastahane
hospitality	musafirçenlik
host	ev saibi
hostile	duşman
hot	sıcaq
hotel	musafirhane
hour	saat
hours	saatlar
house	bina
household	ev hocalığı
how	nasıl
how about you	ya sen
how are you	nedaysıñ
how are you doing	nasılsıñ
how are you doing today	bugün nedaysıñ
how are you today	bugün nasılsıñ
how do you do	işleriñiz nasıl
how is	nasıl
how many	qaç dane
how much	qaç
how often	ne qadar sıq
how old are you	qaç yaşındasıñ
how was your day	künüñ nasıl edi
how was your night	geceñ nasıl keçti
however	ancaq
hub	merkez
hubby	aqay
hug	quçaqlamaq
huge	qocaman
human	insan
humble	alçaq göñülli
humid	sers
humidity	nem
hundred	yüz
hungry	aç
hunt	avlamaq
hurricane	qasırğa
hurry	aşıqmaq
hurry up	aşıq
hurt	ağrı
hurt	bozmaq
husband	qoca
hustle	çapqalamaq
hut	qulübe
hygiene	temizlik
I	men
I am	Men
I am fine	Men yahşım
I can	Men yapıp olam
I can't	men yapamayım
I do	Men yapam
I do not know	Men bilmeyim
I do not understand	Men añlamayım
I don't	Men yapmayım
I don't know	men bilmeyim
I don't understand	Men añlamayım
I don't understand what you mean	Ne demek istegeniñizni añlamayım
I don't understand you	Men seni añlamayım
I don’t know	Men bilmeyim
I don’t understand	Men añlamayım
i guess	zanımca
I had	Mende bar edi
I have	mende bar
I have been	Men oldım
I hope so	böyle ümüt besleyim
I know	men bilem
I like	Men begenem
I like you	Men seni begenem
I love	Men sevem
I love my big brother	Men ağamnı sevem
I love my big sister	Men tatamnı sevem
I love my father	Men babamnı sevem
I love my little brother	Men oğlan qardaşımnı sevem
I love my little sister	Men qız qardaşımnı sevem
I love my mother	Men anamnı sevem
I love you	Men seni sevem
I love you so much	Men seni pek sevem
I love you too	Men de seni sevem
I mean	aytacağım
I miss you	Men seni sağınam
I miss you so much	Men seni pek sağınam
I see	añlayım
I think	Men bellesem
I understand	men añlayım
I want	Men isteyim
I want to see you	Men seni körmege isteyim
I want you	Men seni isteyim
I was	Men edim
I will	Men yapacam
I would be	Men olur edim
I'm	men
I'm fine	men yahşım
I'm good	Men yahşım
I'm here	Men mındam
I'm sorry	meni afu etiñiz
ice	buz
ice cream	dondurma
idea	ğaye
ideal	mükemmel
identical	aynı
identify	tanımaq
identity	kimlik
idiot	sersem
idle	aylaq
if	eger
ignore	körmemezlikke urmaq
ill	yaramay
illegal	qanunsız
illness	hastalıq
Ilocano	İlokano tili
image	resim
imagine	hayal etmek
immediate	deral
immediately	deral
immense	kebir
impact	tesir
impatient	sabırsız
implement	amelge keçirmek
import	ital
important	müim
impose	dayatmaq
impossible	imkânı yoq
impress	teessurat
impression	teessurat
impressive	tesir etici
improve	eyileştirmek
improvement	eyileşme
in addition	tamamlamaq içün
In fact	Aslında
in front of	ögünde
in order to	içün
inappropriate	elverişsiz
incentive	teşviq
incident	vaqia
include	kirgizmek
including	içergen
income	kelir
inconvenience	qolaysızlıq
increase	artuv
increased	yükseltilgen
incredible	inanılmaz
indeed	şübesiz
independent	mustaqil
India	İndistan
indicate	belgilemek
indigenous	yerli
individual	ferdiy
industry	sanayı
inevitable	qaçınılmaz
infant	quçaq balası
infection	yuqunç
infinity	soñsuzlıq
inflammation	yanğı
inflation	inflâtsiya
influence	nufuz
inform	haber etmek
information	malümat
ingredients	içindekiler
inheritance	miraslanma
initial	başlanğıç
initiative	teşebbüs
injured	yaralı
injury	yara
innocent	qabaatsız
innovation	yañılıq
inquiry	taqiqat
insane	añqav
insect	böcek
insecure	emin olmağan
insert	soqmaq
inside	içinde
insight	basiret
insist	israr etmek
insomnia	yuqusızlıq
inspiration	ilham
inspire	ilham bermek
install	yüklemek
instance	misal
instant	der-demez
instead	yerine
instead of	yerine
instructions	talimatlar
instrument	alet
insult	aqaret
insurance	sigorta
intact	qırılmağan
integrity	bütünlik
intellectual	ziyalı
intelligence	idraq
intelligent	aqıllı
intend	niyet etmek
intended	istenilgen
intense	şiddetli
intention	niyet
interact	beraber yapmaq
interaction	munasebette bulunma
interest	meraq
interested	meraqlanğan
interesting	meraqlı
interfere	qarışmaq
intermediate	ortadaki
internal	içki
international	memleketara
internship	staj
interpret	iza etmek
interpreter	terciman
interrupt	lafını kesmek
interview	intervyü
intimate	öz
into	içine
introduce	tanıtmaq
introduction	kiriş
introvert	içine aylanğan
intuition	aldından duyma
invalid	çalışamağan
invent	icat etmek
inventory	kölük-kedik
invest	yatırım
investigate	taqiq etmek
invitation	davet
invite	davet etmek
invoice	esap
involve	çekmek
involved	qatılğan
iron	ütü
iron	demir
island	ada
isolated	etraf müitten ayırılğan
issue	mesele
issues	meseleler
it	o
it is	öyledir
it was	edi
it's	bu
it's ok	er şey yerinde
It's okay	Mesele degil
item	madde
items	eşyalar
its	onıñ
I’m	Men
jacket	ceket
jail	zindan
January	Qara qış ayı
jar	gügüm
jaw	çenge
jealous	küncü
jerk	tentek
jewelry	ilvan
job	iş
jogging	çapuv
join	qoşulmaq
joint	buğum
joke	şaqa
journalist	gazetacı
journey	sefer
joy	quvanç
judge	makeme etmek
juice	şıra
july	oraq ayı
jump	sekirmek
june	ilk yaz ayı
junk	faydasız
just	demin
just do it	yap bunı
justice	adalet
justify	aqlamaq
Kalaallisut	Kalaallisut tili
keen	keskin
keep	devam etmek
keep	tutmaq
keep it up	aynen böyle devam etmek
kept	tuttı
kettle	çaynik
key	anahtar
kick	tepme
kid	bala
kidding	şaqalaşma
kidney	büyrek
kids	balalar
kill	öldürmek
kind	nezaketli
kind	çeşit
kinda	kibi
kindly	lütufkârane
kindness	lütuf
king	qıral
kiss	öpmek
kitchen	aşhane
kite	sazağan
kitten	mışıq balası
knee	tiz
knew	bile edi
knife	pıçaq
knight	batır
know	bilmek
knowledge	bilgi
known	belli
Konkani	Konkani tili
Krio	Krio tili
label	etiketka
labor	emek
labour	emek
lack	eksiklik
ladder	merdiven
lady	hanım
laid	qoyulğan
lake	göl
lamb	qozu
lame	topal
lamp	lampat
land	qara
landscape	manzara
language	lisan
lap	tiz
large	büyük
last	soñki
last but not least	soñki olsa da, eñ emiyetsiz degil
last name	soyadı
late	keç
lately	keçende
later	keççe
latest	eñ soñ
latter	soñki
laugh	külmek
laughing	külgen
laughter	külkü
launch	uçurmaq
laundry	çamaşırhane
law	qanun
lawn	çimen
lawyer	adliyeci
lay	yatqızmaq
layer	qatlam
layout	yerleşme
lazy	tenbel
lead	alıp barmaq
lead	qurşun
leader	yolbaşçı
leaf	yapraq
leak	sızıntı
lean	egilmek
leap	sıçrav
learn	ögrenmek
learning	ögrenmekte olğan
lease	kiralama
least	eñ az
leather	teri
leave	qaldırmaq
leave	ketmek
leaves	yapraqlar
led	idare etmek
left	sol
left	ketti
leg	baldır
legacy	vasiyet etilgen
legal	qanuniy
legend	efsane
legit	qanuniy
leisure	boş vaqıt
lend	ödünç almaq
length	uzunlıq
less	az
lesson	ders
let	musaade etmek
letter	mektüp
lettuce	latuk
level	seviye
leverage	rıçag
liability	mesüliet
library	kitaphane
lick	yalamaq
lie	yalan
lie	yatmaq
lies	yalanlar
life	ömür
lift	kötermek
light	yarıq
light	açıq
lightning	yıldırım
like	begenmek
like	kibi
likely	itimal
likewise	aynı şekilde
line	çizgi
Lingala	Lingala tili
link	bağlantı
lion	arslan
liquid	şingenlik
list	cedvel
listen	diñlemek
listening	diñleme
literally	tam manasınen
literature	edebiyat
litter	çirkef
little	kiçkene
little	az
live	yaşamaq
liver	qara ciger
lives	ayatlar
living	yaşamaqta olğan
living room	oturma odası
lizard	kesertki
load	yüklemek
loaf	qalaqay
loan	ödünç
local	yerli
location	mekân
lock	kilit
lockdown	karantin
log	razan ağaçı
lol	qaqıldap külmek
lonely	kimsesiz
long	uzun
long time no see	uzun vaqıt körüşmedik
look	baqmaq
look	körüniş
loop	ilmek
loose	serbest
lord	efendi
lose	coymaq
loss	ziyan
lost	coyulğan
lot	çoq
loud	gür
lounge	musafir odası
love	sevmek
love	sevgi
love you	sevem seni
lovely	şırın
low	alçaq
lower	daa alçaq
loyal	sadıq
loyalty	sadaqat
luck	qısmet
lucky	nasipli
Luganda	Luganda tili
luggage	bagaj
lump	tomar
lunch	üylelik
lungs	aqcigerler
luxury	itişam
lying	yatqan
machine	maşna
mad	tonqa
madam	hanım
made	yapılğan
magazine	mecmua
magnificent	şaane
maid	hızmetçi
main	esas
maintain	devam ettirmek
maintenance	baqım
Maithili	Maythili tili
major	üyken
majority	çoqluq
make	istisal etmek
make up	makiyaj
male	aqay kişi
mall	alış-veriş merkezi
man	erkek
manage	reberlik yapmaq
management	idare
manager	reber
mandatory	lâzim
manifest	beyanat
manipulate	oynamaq
manner	tavır
manual	qullanma
many	bir çoq
many many happy returns of the day	bu bahtlı kün daa çoq kereler qaytsın
march	mart
margin	kâr
market	bazar
marriage	evlilik
married	evli
mask	maska
mass	kütle
massive	iri
master	usta
match	matç
mate	qafadar
material	malzeme
math	riyaziyat
matter	degerli
maturity	quvam
may	ola bile
maybe	belki
me	men
me too	men de
meal	yemek
mean	ortalama
meaning	emiyet
means	demektir
meant	qast etilgen
meanwhile	o arada
measure	ölçemek
measures	ölçüler
meat	et
medical	tibbiy
medicine	tibbiyet
medicine	ilâc
meditation	meditatsiya
medium	orta
meet	körüşmek
meeting	toplaşuv
Meiteilon	Meyteylon tili
melt	irimek
memories	hatıralar
memory	hatıra
mental	aqliy
mention	añmaq
mentioned	añılğan
mentor	ustaz
merchant	tuccar
mercy	meramet
merely	yalınız
merry christmas	hayırlı milât
mess	tertipsizlik
message	beyanat
messy	nizamsız
metal	maden
method	usul
mice	sıçanlar
middle	orta
midnight	gece yarısı
might	olması mümkün
mild	orta qarar
milestone	yol taşı
military	arbiy
milk	süt
million	million
mind	aqıl
mindset	fikir yürsetüv
mine	menimki
mingle	qarıştırmaq
minor	ufaq
minute	daqqa
minutes	daqqalar
miracle	mücize
mirror	küzgü
miscellaneous	çeşit türlü
mischievous	içi qara
miserable	zavallı
misery	faqirlik
miss	sağınmaq
miss	hanım
miss you	sağındım seni
missing	eksik
mission	missiya
mist	dım
mistake	hata
Mizo	Mizo tili
mobile	areketli
mock	horlamaq
model	qalıp
moderate	qararını bilgen
modern	zemaneviy
modest	adiy
moist	dım
moisture	nem
mold	qalıp
mold	küf
mole	beñ
mom	anaçığım
moment	añ
monday	bazarertesi
money	aqça
monitor	ekran
monkey	maymun
month	ay
mood	keyf
moody	sıtıq
moon	ay
moral	ahlâqiy
more	daa ziyade
moreover	bundan ğayrı
morning	saba
mortgage	ipoteka
most	ekseriyet
mostly	çoqusı
mother	ana
motion	areket
motivation	areketleyici
mountain	dağ
mouse	sıçan
mouth	ağız
move	qıbırdamaq
movement	areket
movie	film
mrs	hanım efendi
much	çoq
mud	çamur
mug	meşrebe
muscle	adale
museum	müzey
mushroom	mantar
music	muzıka
must	mecbur
mute	sessiz
mutual	qarşılıqlı
my	menim
My dear	Canım
my friend	dostum
My hovercraft is full of eels	Ava yastıqlı gemim yılan balıqlarınen tolu
my love	menim sevgim
my name is	menim adım
my pleasure	memnün oldım
myself	özüm
mysterious	sırlı
mystery	sır
myth	efsane
nail	tırnaq
naive	sümsük
name	ad
narrative	ikâye
narrow	tar
nasty	nahoş
national	milliy
nationality	millet
native	tuvğan
natural	tabiiy
nature	tabiat
nausea	yürek bulanmaq
near	yanında
nearby	yaqınlarında
nearly	aman-aman
neat	tertipli
necessary	zaruriy
neck	boyun
necklace	gerdanlıq
need	ihtiyac
need	muhtac
negative	menfiy
neglect	esamesini oqumamaq
negotiate	muzakere etmek
neighbor	qomşu
neighborhood	civar
neither	ne de
nephew	oğlan ciyen
nerd	geveze
nervous	abdıravuq
nest	quş yuvası
net	ağ
network	ağ
neutral	tarafsız
never	iç bir vaqıt
never give up	iç bir vaqıt boysunma
never mind	qulaq asma
nevermind	qulaq asma
nevertheless	kene de
new	yañı
news	haberler
next	nevbetteki
next to	yanında
nice	güzel
nice to meet you	tanışqanımızdan memnünim
niece	qız ciyen
night	gece
nightmare	bastırıq
nine	doquz
nineteen	on doquz
ninety	doqsan
No	Yoq
no problem	problem yoq
no way	imkânsız
nobody	iç kimse
noise	gürülti
noisy	gürültili
none	kimse
noon	üyle
nope	olmaz
nor	ne de
normal	sıradan
north	şimal
nose	burun
nostalgic	asret
not	degil
not at all	bir şey degil
not bad	fena degil
Not now	Şimdi degil
not yet	daa yoq
note	tezkere
noted	qayd etilgen
nothing	iç bir şey
notice	bildirüv
noticed	abayladı
noun	isim
nouns	isimler
novel	roman
november	boş ay
now	şimdi
nowadays	bugünde-bugün
nuisance	nahoşlıq
null	boş
numb	sessiz
number	nomera
nurse	emşire
nut	fındıq
nutmeg	indistan cevizi
nutrition	besleme
oath	ant
obesity	şişmanlıq
obey	itaat etmek
object	obyekt
objective	maqsat
obligation	mecburiyet
obscure	bunarlı
observation	közetüv
observe	közetmek
obsessed	müptelâ
obsession	taassup
obsolete	eskirgen
obstacle	mania
obtain	elde etmek
obtained	alınğan
obvious	ayan
obviously	bese-belli
occasionally	kimerde bir
occupation	işğal
occupied	işğal etildi
occur	yüz bermek
occurred	oldı
occurs	ola
ocean	okean
october	orta küz
odd	ğarip
odds	fırsat
of course	elbette
off	qapalı
offensive	tecavuziy
offer	teklif
office	ofis
official	resmiy
often	sıq-sıq
Oh	Vay
oh really	a, kerçekten
oil	yağ
ok	yahşı
ok dear	yahşı, canım
ok honey	yahşı canım
ok my love	yahşı, sevgilim
okay	yahşı
okay baby	yahşı, evlâdım
okay dear	yahşı, canım
okay honey	yahşı, tatlım
okay my love	yahşı, sevgilim
old	eski
old	qart
once	bir zamanda
one	bir
one language is never enough	tek bir til iç bir vaqıt yeterli olmaz
onion	soğan
online	onlayn
only	tek
open	açıq
operation	muamele
opinion	mulâaza
opportunities	fırsatlar
opportunity	fırsat
opposite	zıt
optimistic	şadlı
option	variant
optional	istekke bağlı
or	ya da
orange	portaqal
order	tertip
order	sımarış
ordinary	adetteki
organization	teşkil
orientation	oriyentatsiya
origin	menba
original	asıl nusha
Oromo	Oromo tili
orphan	öksüz
other	başqa
otherwise	yoqsa
ought	yapmaq mecburiyetinde
our	bizim
Our mission: to enable everyone, everywhere to understand the world and express themselves across languages.	Vazifemiz, er kesniñ er yerde dünyanı añlamasını ve özüne çeşit türlü tillerde ifade ete bilmesini temin etmektir.
Our mission: to organize the world's information and make it universally accessible and useful.	Vazifemiz, dünyadaki malümatlarnı bir tertipke ketirip, olarnı universal sürette irişilir ve faydalı yapmaqtır.
out	tış
outcome	aqibet
outfit	techizat
outgoing	sudur
outlet	satuv yeri
outline	çevre
outside	tışarıda
outstanding	körgemli
oven	fırın
over	bitti
over	üzerinde
over there	andaki
overall	umumen alğanda
overcome	aşmaq
overthinking	artqaç tüşünme
overwhelmed	basılğan
overwhelming	büyük ekseriyet
owe	borclı
owl	bayquş
own	öz
owner	şorbacı
ox	buğa
pace	surat
pack	paketleme
package	paket
paid	ücretli
pain	ağrı
paint	boya
painting	boyama resim
pair	çift
pale	solğun
palm	avuç içi
pan	tava
pandemic	qırğınlıq
panic	telâş
pants	tuman
paper	kâğıt
paradise	cennet
parallel	muvazi
parcel	yollanma
pardon	bağışlañız
parents	ana-baba
park	park
parrot	papağan
parsley	mağdanoz
part	parça
participate	iştirak etmek
particular	muayyen
particularly	bilhassa
partner	ortaq
party	cıyın
pass	keçmek
passage	keçit
passed	keçti
passion	aves
passionate	ateşin
passive	passiv
password	parol
past	keçmiş
patch	yamav
path	yol
pathetic	sefil
patience	sabır
patient	sabırlı
pattern	örnek
pause	toqtama
pavement	qaldırım
pay	tölemek
payment	töleme
peace	tınçlıq
peaceful	tınçlıqsever
peach	şeftali
peak	uc
pear	armut
peas	nohut
peculiar	özüne has olğan
pee	siymek
peel	artlamaq
peer	aqran
peer	yahşı etip baqmaq
peers	aqranlar
pen	qalem
pencil	qarandaş
pending	beklegen
people	adamlar
pepper	biber
perceive	menimsemek
perception	alğı
perfect	mükemmel
perform	kerçekleşmek
performance	icra etüv
performance	semerelik
perhaps	ihtimal
period	devir
permanent	daimiy
permission	ruhset
permit	ruhset
perseverance	sebat
persistent	mert
person	şahıs
personal	şahsiy
personality	şahsiyet
perspective	istiqbal
persuade	qandırmaq
pervert	sapqan
pet	ev ayvanı
phase	faza
phenomenon	fenomen
philosophy	felsefe
phone	telefon
photo	foto
phrase	ibare
physical	fizikiy
physical	beden
pick	seçmek
pick up	qolğa tüşürmek
picture	resim
piece	kesek
pieces	parçalar
pig	domuz
pigeon	gögercin
pile	oba
pillow	yastıq
pilot	uçucı
pin	pin kodı
pineapple	ananas
pink	pempe
pit	çuqur
pitch	qatran
pitch	tiklik
pity	acımaq
place	yerleştirmek
places	yerler
plague	taun
plain	sade
plan	plan
plane	uçaq
plant	ösümlik
plants	ösümlikler
plate	tepis
platform	platforma
play	oyun
play	icra etmek
play	oynamaq
playing	oynağan
pleasant	hoş
please	lütfen
pleased	memnün
pleasure	zevq
pledge	pey
plenty	bayağı
plot	arsa
plug	şteker
plum	erik
plumber	çilengir
plural	çoqluqta
podcast	podkast
poem	şiir
poetry	şiiriyet
point	noqta
poison	zıqım
police	polis
policy	siyaset
polite	nezaketli
pollution	kirlilik
pond	tıynaq
pool	havuz
poop	sıçmaq
poor	fuqare
pop	patlamaq
popular	rağbetli
population	eali
pork	domuz eti
porridge	cılap botqası
port	liman
position	mevam
positive	müsbet
possess	saip olmaq
possession	saiplik
possessive	saiplik
possible	mümkün
post	yollama
postpone	avuştırmaq
potato	qartop
potential	çare
pound	funt
poverty	fuqarelik
power	iqtidar
powerful	küçlü
practical	ameliy
practice	ameliy faaliyet
practice	temrin etmek
praise	maqtamaq
prank	yaramazlıq
pray	dua etmek
precious	qıymetli
precise	hassas
precisely	tamam
predict	kelecekni ögünden aytmaq
prefer	meyilli olmaq
preference	seçim
pregnant	ağır ayaqlı
prejudice	peşin fikir
premises	oda
premium	mukâfat
preparation	azırlıq
prepare	azırlamaq
prepared	azırlanğan
preposition	yardımcı
presence	mevcudiyet
present	ediye
present	mevcut
presentation	temsil
preserve	saqlamaq
president	prezident
press	basmaq
pressure	basqı
pretend	kibi yapmaq
pretty	ğayet
prevent	ögüni almaq
previous	bundan evelki
prey	av
price	fiyat
pride	ğurur
priest	papaz
primary	ilkingi
prime	esas
princess	şahzade
principal	yolbaşçı
prior	evelden
priority	sıra
prison	apishane
privacy	gizlilik
private	şahsiy
privilege	imtiyaz
prize	mukâfat
probably	ğaliba
problem	mesele
procedure	ameliyat
proceed	ilerilemek
process	işlemek
process	ceryan
produce	istisal etmek
product	mahsul
production	istisal
profession	zenaat
professional	ihtisaslı
profile	profil
profit	kâr
profound	teren
progress	ilerileme
project	leyha
prominent	körülgen
promise	söz bermek
promote	imkân doğurmaq
promotion	qol tutuv
prompt	keçiktirmesiz
prone	meyli bar
pronouns	zamirler
pronunciation	telâffuz
proof	delil
proper	uyğun
properly	doğru şekilde
properties	mülk
property	hususiyet
property	mülkiyet
proposal	sımarış
prospect	imkân
prosperity	abadanlıq
prosperous	abadan
protect	qorçalamaq
proud	ğururlı
prove	isbatlamaq
provide	temin etmek
provided	teminlemek
province	vilâyet
provision	temin etüv
puberty	pişkinlik
public	halq ögündeki
pull	tartmaq
pumpkin	qabaq
punctual	vaqtında kelgen
pupil	talebe
purchase	satın alma
pure	saf
purple	mor
purpose	maqsat
purse	çanta
pursue	quvalamaq
pursuit	taqip
push	itemek
put	qoymaq
qualification	ihtisas
quality	keyfiyet
quantity	miqdar
quarantine	karantin
quarrel	qavğa
quarter	çerik
Quechua	Keçua tili
queen	qıraliçe
queer	oşlu
query	malümat soratma
question	sual
queue	nevbet
quick	tez
quickly	tez
quiet	yavaş
quilt	yorğan
quit	çıqıp ketmek
quite	olduqça
quiz	qısqa sorav
quotation	alınma
quote	alınma
quotes	tırnaqlar
rabbit	qoyan
race	ırq
rage	ğadap
rain	yağmur
raise	arttırmaq
raised	yükselgen
ran	çaptı
random	tesadüfiy
range	aralıq
rapid	çabik
rapidly	tez-tez
rare	nadir
rarely	pek az
rash	eşken
rat	sıçavul
rate	nisbet
rather	daa doğrusı
ratio	nisbet
rational	maqul
raw	çiy
re	re
reach	irişmek
reached	elde etilgen
reaction	reaktsiya
read	oqumaq
reading	oquv
ready	azır
real	aqiqiy
reality	kerçek
realize	yerine ketirmek
realized	yerine ketirilgen
really	kerçekten de
rear	arqa
reason	sebep
reasonable	zeinli
recall	seslenüv
receipt	kvitantsiya
receive	qabul etmek
received	alınğan
recent	soñki
recently	keçende
reception	qabul
recipe	retsept
reckless	oysız
recognition	tanıma
recognize	farq etmek
recommend	tevsiye etmek
recommended	tevsiye etilgen
record	yazı
recover	tüzelmek
recovery	ğayrıdan tiklev
rectangle	tüzköşelik
red	qırmızı
redeem	keri satın almaq
redemption	ödev
reduce	azaltmaq
redundant	kereksiz
refer	sıltamaq
reference	atıf
reflect	akis ettirmek
reflection	akis
refrain	özüni tutmaq
refrigerator	buzdolap
refund	paralarnı qaytarmaq
refuse	çöplük
refuse	qabul etmemek
refused	red etti
regard	sayğı
regarding	bağlı olaraq
regardless	ne olsa olsun
regards	sayğı ile
region	region
register	qayd etmek
regret	yazıqsınuv
regret	yazıqsınmaq
regular	muntazam
regularly	daima
reject	red etmek
relate	munasebeti olmaq
related	bağlı
relationship	munasebetler
relative	soy
relatives	soy-aqraba
relax	raatlanmaq
release	boşatmaq
released	azat etilgen
relevant	kelişikli
reliable	işançlı
relief	qolaylaştıruv
relieve	azat etmek
relieved	raatlağan
religion	din
religious	diniy
reluctant	zorlanğan
rely	işanmaq
remain	qalmaqta
remaining	qalğan
remarkable	diqqat çekici
remedy	derman
remember	hatırlamaq
remind	hatırlatmaq
reminder	hatırlatıcı
remote	uzaq
remove	çıqarmaq
render	işlemek
rent	kira
repair	tamirlev
repeat	tekrarlamaq
replace	almaştırmaq
reply	cevap bermek
report	esabat
represent	temsil etmek
reputation	itibar
request	talap
require	ihtiyacı bar
required	kerekli
rescue	qurtarmaq
research	tedqiqat
resemble	oşamaq
resentment	isyan
reservation	bronlemek
reserve	yedek
resident	sakin
resign	istifa etmek
resilience	tığız
resilient	elastik
resist	tirelmek
resistance	tirenüv
resolution	çezilüv
resolve	çezmek
resort	şifahane
resources	menbalar
respect	nisbet
respect	ürmet
respond	cevap bermek
response	seslenüv
responsibility	mesüliyet
responsible	mesüliyetli
rest	raatlanuv
rest	qalğan
rest	raatlanmaq
rest in peace	yatqan yeriñ cennet olsun
restaurant	meyhane
restore	ğayrıdan qurmaq
restrict	sıñırlamaq
result	aqibet
results	neticeler
resume	rezüme
retail	kütleviy satış
retain	saqlap qaldırmaq
retention	tutıp qaldırma
retired	nefaqacı
retreat	keri çekilmek
retrieve	ğayrıdan tiklemek
return	qaytmaq
reveal	meydanğa çıqarmaq
revealed	ortağa çıqqan
revenge	intiqam
revenue	kelir
reverse	ters
review	közden keçirmek
revise	közden keçirmek
revision	közden keçirüv
revolution	inqilâp
reward	mukâfat
rhythm	vezin
rib	qaburğa
rice	pirniç
rich	zengin
rid	qurtulmaq
ride	kezinmek
ridiculous	saçma
right	sağ
right	aqlı
right now	şu daqqası
rigid	qattı
ring	alqa
ring	yüzük
rinse	çayqamaq
riot	fesat
rip	yırtmaq
ripe	pişken
rise	ösüv
risk	havf
rival	raqip
river	özen
road	yol
roast	qızartmaq
robust	sağlam
rock	ecel
rod	mil
role	rol
roll	aylanmaq
roof	dam
room	oda
root	tamır
rope	arqan
rotten	çürük
rough	qaba
roughly	qaba
round	tögerek
route	seyahat yolu
routine	rutina
row	satır
rub	oqalamaq
rubber	silgiç
rubbish	eski-püskü
rude	aqaretleyici
rug	kilim
ruin	haraplamaq
rule	qaide
ruler	cedvel
rules	qaideler
run	çapmaq
running	çapqan
rural	köylü
rush	acele
rush	aşıqmaq
sack	çuval
sacred	muqaddes
sacrifice	feda etmek
safe	havfsız
safe flight	oğurlı uçuşlar
safety	havfsızlıq
sage	ada çayı
said	dedi
said	añılğan
sail	yelken
sailing	deñizge çıqmaq
sake	hatır
salary	aylıq
sale	satış
salmon	losos balığı
salt	tuz
same	aynı
Same here	Aynı mında
sample	misal
sand	qum
Sanskrit	Sanskrit tili
sarcastic	mizahiy
sassy	cüratlı
sat	oturdı
satisfaction	hoşnutlıq
satisfied	hoşnut
satisfy	qanaatlendirmek
satisfying	qanaatlendirici
Saturday	Cumaertesi
sausage	sucuq
savage	kiyik
save	qayd etmek
saw	kördim
saw	pıçqı
say	aytmaq
scale	ölçev
scam	iylekârlıq
scar	yara izi
scarce	qıt
scared	qorqqan
scarf	şarf
scary	qorqunçlı
scattered	dağınıq
scene	sana
scenery	manzara
scent	qoqu
schedule	cedvel
school	mektep
science	ilim
scientist	bilgi saibi
scientists	alimler
scissors	maqas
scold	tazirlemek
scope	miqyas
score	baa
scrap	qırıntı
scratch	tırnamaq
scream	qıçırma
screen	ekran
screw	vint
script	stsenariy
sea	deñiz
seal	müür
search	qıdırmaq
season	mevsim
seat	oturğıç
second	ekinci
secret	sır
section	şübe
secure	telükesiz
security	telükesizlik
see	körmek
see you	körüşirmiz
see you later	keççe körüşirmiz
see you soon	körüşkence
see you tomorrow	yarın körüşirmiz
seed	urluq
seek	qıdırmaq
seem	körünmek
seems	körüne
seen	köründi
seize	tutmaq
seizure	zapt
seldom	siyrek
select	seçmek
self	özü
self healing	öz-özüni tedaviylev
selfish	nefishor
sell	satmaq
send	yibermek
send me your picture	maña resimiñni yolla
senior	üyken
sense	mana
sensible	aqılğa yatqan
sensitive	sezgir
sent	yiberildi
sentence	cümle
sentences	cümleler
separate	ayrı
Sepedi	Sepedi tili
september	ilk küz ayı
sequence	ardısıralıq
series	silsile
serious	ciddiy
seriously	ciddiy olaraq
serve	hızmet etmek
service	hızmet
session	oturış
set	taqım
set	ayarlamaq
set up	tiklemek
setting	sazlama
settle	yerleşmek
seven	yedi
seventeen	on yedi
seventy	yetmiş
several	bir qaç
severe	şiddetli
sew	tikmek
sh	ş
shade	talda
shadow	kölge
shake	sallamaq
shall	olacaqtır
shallow	say
shame	ayıp
shape	sıfat
share	paylaşmaq
share	pay
sharp	ötkür
she	o
she has	onıñ bar
she is	o
shed	aran
sheep	qoy
sheet	çarşaf
shelf	raf
shell	qaburçaq
shelter	sığınaq
shield	qalqan
shift	yılışuv
shine	parıldamaq
ship	gemi
shipping	teslim
shirt	kölmek
shoes	ayaqqap
shoot	ateş açmaq
shop	tükân
shopping	alış-veriş
shore	sail
short	qısqa
shortage	qıtlıq
shot	atış
should	yapmalı
shoulder	omuz
shout	qıçırmaq
show	temaşa
show	köstermek
show me	köster maña
shower	duş
shrimp	krevetka
shrink	bükşeymek
shut	qapatmaq
shut up	sus
shy	utançaq
sibling	qardaş
siblings	doğmuş qardaşlar
sick	hasta
side	taraf
sigh	öksünmek
sight	közetmek
sightseeing	kezip körme
sign	işaret
signature	imza
significant	emiyetli
silence	sessizlik
silent	sakin
silk	ipek
silly	ahmaq
silver	kümüş
similar	oşağan
simp	matüv
simple	sade
simultaneously	bir vaqıtta
since	berli
sincere	samimiy
sincerely	hulüskârane
sing	yırlamaq
singer	yırcı
single	mücerret
sink	çirkef yeri
Sir	Bey
sister	tata
sister in law	körümce
sit	oturmaq
site	meydan
situation	al
six	altı
sixteen	on altı
sixty	altmış
size	büyüklik
skill	meleke
skills	merafet
skin	teri
skinny	arıq
skip	qaldırıp keçmek
skirt	etek
sky	sema
slave	qul
sleep	yuqlamaq
sleeping	yuqlağan
sleepy	yuqulı
sleeve	yeñ
slice	tilim
slide	taymaq
slightly	yengilden
slim	zarif
slip	yılışmaq
slope	cap
slot	yuva
slow	yavaş
slowly	yavaş
small	kiçik
smart	başı çalışqan
smell	sasıq
smile	tebessüm
smoke	tütün çekmek
smooth	tegiz
snack	qapınma
snail	çıqçıq balaban
snake	yılan
snap	çertmek
snow	qar
so	işte
so cute	pek hoş
so far	şimdilik
soak	siñmek
soap	sabun
sober	ayınıq
soccer	futbol
social	içtimaiy
society	cemaat
socks	çorap
soft	yımşaq
software	yazılım
soil	topraq
sold	satılğan
sold out	er şey satılıp bitti
soldier	asker
sole	taban
solid	qattı
solution	irinti
solve	iritmek
some	bazı
somebody	birisi
somehow	nasıldır
someone	kimdir
something	bir şey
sometimes	kimerde
song	yır
soon	yaqın arada
sophisticated	mürekkep
Sorani	Sorani tili
sore	sızlağan
sore throat	boğaz ağrısı
sorrow	qaar
Sorry	Bağışla
sort	çeşit
sought	qıdırılğan
soul	göñül
soulmate	can arqadaşı
sound	ses
soup	şorba
sour	ekşi
source	menba
south	cenüp
space	kâinat
spam	spam
span	kemer
Spanish	İspanca
spare	yedek
speak	laf etmek
special	mahsus
species	türler
specific	hususiy
spectacular	tesirli
speech	nutuq
speechless	sessiz-soluqsız
speed	surat
spell	arif-arif añlatmaq
spend	masraf etmek
spent	sarf etilgen
spicy	accı
spike	mamuz
spin	aylanma
spinach	ispanaq
spirit	ruh
spit	tükürmek
splendid	körgemli
split	yarmaq
spoil	bozmaq
spoiled	bozuq
spontaneous	birden
spoon	qaşıq
spot	leke
spouse	ömür arqadaşı
spread	tarqaluv
spread	tarqatmaq
spring	baar
square	dörtköşe
squeeze	suvını sıqmaq
squid	merekep balığı
squirrel	sansar
st	soq
stab	pıçaqlamaq
stable	deñişmez
stack	keben
staff	hadimler
stage	sana
stain	leke
stairs	merdivenler
stake	qazıq
stalk	sap
stall	ahır
stamp	tamğa
stand	turmaq
standard	standart
star	yıldız
start	başlama
started	başlanğan
starving	aç olğan
state	devlet
statement	resmiy bildirme
station	stantsiya
statue	eykel
status	vaziyet
stay	qalmaq
stay safe	özüñe muqayt ol
steady	sabit
steak	kebap
steal	hırsızlamaq
steam	buv
steel	çelik
steep	tik
stem	negiz
step	adım
stick	tıqmaq
stick	çubuq
stiff	qattı
still	alâ daa
sting	çaqmaq
stingy	saran
stir	qarıştırmaq
stock	ihtiyat
stolen	çalınğan
stomach	aşqazan
stone	taş
stood	turdı
stool	kürsü
stop	toqtamaq
storage	mağaza
store	tükân
storm	furtuna
story	rivayet
stove	soba
straight	tüz
straightforward	sade
strain	kerginlik
strange	yat
stranger	yabancı
strategy	strategiya
straw	toban
strawberry	cilek
streak	yolaq
stream	aqış
stream	yayınlamaq
street	soqaq
strength	quvet
stress	stress
stretch	sozmaq
strict	talapkâr
strike	iş taşlav
string	satır
strip	yolaq
strive	tırışmaq
stroke	sıypamaq
strong	küçlü
struck	çarptı
structure	terkip
struggle	küreş
struggling	küreşken
stubborn	inat
stuck	sıqılğan
student	talebe
study	araştıruv
studying	ögrengen
stuff	abur-çubur
stunning	şaşırtıcı
stupid	avanaq
style	tarz
subject	mevzu
submission	boysunma
submit	taqdim etmek
substance	madde
substitute	tebdil
subtle	ince
succeed	muvafaqiyet qazanmaq
success	muvafaqiyet
successful	muvafaqiyetli
such	böyle
such as	kibi
suck	emmek
sudden	apansız
suddenly	apansızdan
suffer	azap çekmek
suffering	qıynalğan
sufficient	yeterli
sugar	şeker
suggest	teklif etmek
suggestion	teklif
suit	yaraşmaq
suitable	kelişken
suitcase	cemidan
sum	cemi
summary	qısqa münderice
summer	yaz
summit	yüksek seviyede körüşüv
sun	küneş
sunday	bazar künü
sunny	küneşli
sunset	kün batuv
sunshine	küneş nuru
super	super
superior	üstün olğan
supervisor	idareci
supper	aqşam aşı
supply	tedarik etmek
support	qol tutmaq
suppose	zan etmek
supposed	sözde
sure	tabi
surface	üst
surge	tolqun
surgery	cerrahiy ameliyat
surname	soyadı
surprise	sürpriz
surprised	şaşqın
surrender	teslim olmaq
surrounding	çevre-çetteki
surveillance	közetme
survey	sorav
survive	sağ qalmaq
suspect	şeklenmek
suspended	asılğan
suspicious	şübeli
sustain	desteklemek
sustainability	istiqrarlı
sustainable	durğun
swag	pırt
swag	sallanmaq
swallow	yutmaq
swap	almaşuv
swear	ant etmek
sweat	ter
sweater	sviter
sweep	sipirmek
sweet	tatlı
sweet dreams	tatlı tüşler
sweet tooth	tatlı sevgen
sweetheart	yar
swell	qabarmaq
swelling	şişik
swim	yaldamaq
swimming	yaldav
swing	salıncaq
swing	sallamaq
switch	avuştırıcı
swollen	şişken
sword	qılıç
symbol	timsal
sympathy	şefqat
symptoms	delâletler
system	tertibat
table	cedvel
table	masa
tackle	oğraşmaq
tag	tamğa
tail	quyruq
take	almaq
take away	alıp ketmek
take care	qayğırmaq
take off	çıqarmaq
taken	alınğan
talk	qonuşmaq
talkative	lafazan
tall	uzun boylu
tap	qurna
tape	şerit
target	belgi
task	vazife
taste	dat
tasty	lezzetli
taught	ögretti
tea	çay
teach	ögretmek
teacher	oca
team	taqım
tear	közyaş
tears	közyaşlar
tease	eriştirmek
technology	tehnologiya
teeth	tişler
tell	aytıp bermek
tell me	ayt maña
temper	quy
temperature	sıcaqlıq
temple	ibadethane
temporary	vaqtınca
ten	on
ten thousand	on biñ
tenant	kiraci
tend	meyil olmaq
tendency	meyil
tender	yarış
tense	kergin
tension	basım
tent	çadır
tentative	sınama
term	müddet
terms	şartlar
terrible	qorqunçlı
terrific	qocaman
territory	yer
test	test
text	metin
than	daa
thank	teşekkür bildirmek
thank you	sağ ol
Thank you for your patience while we investigate shipment	Biz yollanmanı qıdırğan arada sabır etkeniñiz içün sağ oluñız
thank you so much	çoq sağ oluñız
thank you very much	çoq sağ oluñız
thanks	teşekkürler
Thanks for using our app	İlâvemizni qullanğanıñız içün sağ oluñız
that	şu
that is	yani
that's good	bu
that's good	yahşıdır
theft	hırsızlıq
their	olarnıñ
them	olarnı
theme	fen
themselves	özlerini
then	bundan soñ
theory	nazariye
there	anda
there are	bar
there is	bar
therefore	bunıñ içün
these	bular
they	olar
they are	olar
thick	qalın
thief	hırsız
thigh	bacaq
thin	arıq
thin	ince
thing	şey
things	şeyler
think	tüşünmek
third	üçünci
thirsty	suvsağan
thirteen	on üç
thirty	otuz
this	bu
this is	bu
thorough	çalıq
thoroughly	tamamen
those	şu
though	lâkin
thought	tüşündim
thoughtful	tüşünceli
thoughts	tüşünceler
thousand	biñ
thread	yip
threat	havf
threaten	qorqutmaq
three	üç
threshold	bosağa
thrilled	eyecanlı
thrive	oñmaq
throat	tamaq
through	vastasınen
throughout	boyunca
throw	atmaq
thumb	baş parmaq
thunder	kök güdürdisi
Thursday	Cumaaqşamı
thus	böyleliknen
tick	işaret
tide	artıluv
tidy	mismil
tie	boyunbağ
tiger	qaplan
tight	tığız
Tigrinya	Tigrinya tili
time	vaqıt
timid	tartınçaq
tiny	bir qarış
tip	bahşış
tips	bahşışlar
tire	şın
tired	boldurğan
tissue	toquma
title	başlıq
to be	olmaq
toast	qızartılğan ötmek
today	bugün
toddler	ilk adımlarını yapqan bala
toes	ayaq parmaqları
together	beraber
toilet	kenef
told	ayttı
tolerance	sabır
tolerate	dayanmaq
tomato	pomidor
tomorrow	yarın
tongue	til
tonight	bu gece
too	de
too	qarardan ziyade
took	aldı
tool	alet
tools	aletler
tooth	tiş
top	üstü
topic	mevzu
torn	yırtıq
torture	azap
total	toplam olaraq
touch	tiymek
tough	sert
tour	tur
toward	doğru
towards	taba
towel	yağbez
town	qasaba
toxic	zeerli
trace	iz
track	tar soqaq
trade	ticaret
tradition	anane
traditional	ananeviy
traffic	yol areketi
trail	iz
train	tren
training	ögretüv
trait	tabiat çizgisi
traits	hususiyetler
transfer	yerini deñiştirmek
transition	keçme
translate	tercime etmek
transparent	şeffaf
transport	naqliyat vastası
transportation	naqliyat
trap	qapqan
trash	çöplük
trauma	travma
travel	seyahat
tray	tepsi
treasure	hazine
treat	tedaviylemek
treatment	tedaviylev
tree	terek
tremendous	pek büyük
trend	temayül
trial	sınama
trick	iylekârlıq
tried	tırıştı
trigger	tetik
trim	qırqmaq
trip	yolculıq
trouble	qıyınlıq
trousers	ştan
truck	yük maşnası
true	doğru olğan
trunk	kevde
trust	işanç
truth	aqiqat
try	tırışmaq
Tsonga	Tsonga tili
tube	boru
Tuesday	Salı
tuition	talim
turkey	körel
turmeric	zerdeçal
turn	burmaq
turtle	qaplı baqa
tutor	oca
twelve	on eki
twenty	yigirmi
twenty-one	yigirmi bir
Twi	Tvi tili
twice	eki kere
twist	büklemek
two	eki
type	tür
typical	tipik
ugly	çirkin
ultimate	qatiy
umbrella	şemsiye
unable	yapıp olamay
uncle	emce
unconscious	bayılğan
under	tübünde
underneath	tübünde
underrated	lâyıq qıymet kesilmegen
understand	añlamaq
understood	añladı
unfortunately	yazıqlar olsun ki
uniform	uniforma
unique	beñzersiz
unit	ölçü birlemi
university	universitet
unknown	mecul
unless	bu vaqıtqace
until	qadar
unusual	taacip
up	yuqarı
up to you	saña bağlı
update	yañartmaq
upgrade	yükseltme
upon	üstünde
upset	qasevetli
urban	şeer
urge	türtmek
urgent	acele
us	bizni
use	qullanmaq
used	qullanılğan
useful	faydalı
useless	nafile
usual	basit
usually	adetince
utility	fayda
vacation	tatil
vaccination	aşılama
vaccine	aşı
vacuum	vakuum
vague	belgisiz
valid	aqiqiy olğan
valley	vadiy
valuable	qıymetli
value	qadirine yetmek
variety	çeşitlik
various	türlü
vary	farqlılıq köstermek
vase	çiçek savutı
vast	qulan
vegetable	sebze
vegetables	sebzeler
vehicle	naqliyat vastası
vendor	satıcı
venom	zeer
venture	macera
venue	mekân
verify	teşkermek
versatile	çoq taraflama
version	versiya
vertical	tik
very	pek
very good	pek yahşı
vessel	gemi
via	vastasınen
vibe	müit
vibes	ihtizaz
vicious	amansız
victim	qurban
video	video
view	baqış
village	köy
villain	yaramay adam
vinegar	sirke
vintage	yüzüm cıyuvı
violence	zorbalıq
violent	cebriy
viral	virus
virgin	baqire
virtual	virtual
virtue	fazilet
vision	baqış
visit	ziyaret
visual	tışqı
vital	ayatiy emiyeti olğan
vivid	parlaq
vocabulary	til baylığı
voice	ses
void	keçersiz
volume	kölem
volunteer	göñülli
vomit	qusmaq
vulnerable	imayesiz
wage	maaş
wages	ücret
waist	bel
wait	toqta
waiter	ayaqçı
waiting	beklev
wake	uyanmaq
wake up	uyanmaq
walk	yürmek
walking	yürüş
wall	divar
wallet	cüzdan
wander	dolanmaq
wanna	istemek
want	istemek
wanted	istegen
war	cenk
wardrobe	urba dolabı
warehouse	anbar
warm	issi
warn	ihtar etmek
warning	tenbi
warrior	cenkçi
was	edi
wash	yuvmaq
waste	qalımtı
waste	boşuna sarf etmek
watch	baqmaq
watch	saat
water	suv
watermelon	qarpız
wave	dalğa
way	usul
we	biz
we are	biz
we can	biz yapıp olurmız
weak	zayıf
weakness	zayıflıq
wealth	baylıq
wealthy	barlıqlı
wear	kiymek
wearing	urba
weather	ava vaziyeti
wedding	toy
Wednesday	Çarşenbe
weed	kiyik ot
week	afta
weekend	raatlıq künleri
weight	ağırlıq
weird	hucur
welcome	hoş keldiñ
welfare	bolluq
Well	Aydı
Well	Yahşı
well done	aferin
went	ketti
were	bar edi
west	ğarp
wet	sers
whale	kit balığı
what	ne
what about you	ya sen
what are you doing	ne yapasıñ
what are you doing now	sen şimdi ne yapasıñ
what are you doing right now	şimdi ne yapasıñ
what do you do	ne yapasıñ
what do you do for a living	yaşamaq içün ne iş yapasıñız
what do you mean	sen ne aytmağa isteysiñ
what do you want	ne isteysiñ
what happened	ne oldı
what is	nedir
what is this	bu nedir
what is your job	kim olıp çalışasıñ
what is your name	adıñ ne
what's up	ne oldı
what's your name	adıñ ne
whatever	ne de olsa
wheat	boğday
wheel	köpçek
when	ne vaqıt
whenever	er vaqıt
where	qayda
where are you	sen qaydasıñ
where are you from	sen qaydansıñ
where are you now	sen şimdi qaydasıñ
where do you live	qayda yaşaysıñ
where is	qaydadır
whereas	albuki
whether	olıp-olmağanı
which	qaysı
while	ise
whisper	fısıltı
whistle	sızğırmaq
white	beyaz
who	kim
who are you	sen kimsiñ
who is	kimdir
who is this	bu kim
whole	bütün
whom	kimge
whose	kimniñ
why	ne içün
why not	neden olmasın
wicked	kindar
wide	keñ
widow	tul qadın
width	keñlik
wife	qarı
wild	kiyik
will	olacaq
willing	azır olğan
win	yeñmek
wind	yel
window	pencere
windy	ruzgârlı
wine	şarap
winter	qış
wipe	sürtmek
wire	tel
wisdom	ikmet
wise	ikmetli
wish	istek
wish you all the best	eñ eyi tilekler
witch	cadı
with	ile
withdraw	keri çekmek
withdrawal	alıp çıqarma
within	sıñırları içinde
without	olmadan
witness	şaat
witty	keskin aqıllı
wolf	qaşqır
woman	qadın
women	qadınlar
won	ğalebe qazandı
won't	olmaycaq
wonder	ayretlenmek
wonderful	mücizeviy
wood	ağaç
wool	yün
word	söz
words	sözler
work	iş
work out	işlemek
working	çalışqan
world	dünya
worm	qurt
worn	yıpranğan
worried	eyecanlandı
worry	raatsızlanmaq
worse	daa beter
worship	tapma
worst	beter
worth	qıymet
worth it	qıymetke malik
worthy	munasip
would	olur
wound	yara
Wow	Demese
wrap	sarmaq
wrath	ğadap
wrist	bilek
write	yazmaq
Write here	Mında yaz
writing	yazam
written	yazılğan
wrong	yañlış
wrote	yazdı
yard	azbar
yawn	esnemek
Yeah	Ebet
year	yıl
years	yıllar
yeast	maya
yell	bağırmaq
yellow	sarı
Yes	E
yes baby	e, evlâdım
yes dear	ebet, canım
yes honey	ebet, tatlım
yes my love	ebet, sevgilim
yes of course	e, ebet
yesterday	tünevin
yet	şimdilik
yield	kâr
you	sen
you are	sen
you are beautiful	sen dülbersiñ
you are so beautiful	pek güzelsiñ
you are welcome	bir şey degil
you can	sen yapıp olasıñ
You know	Bilesiñmi
you too	sen de
you're welcome	Allah razı olsun
young	genç
your	seniñ
your welcome	bir şey degil
yourself	özüni
youth	yaşlar
you’re welcome	Allah razı olsun
yummy	damlı
zero	sıfır
