a	chi
a little	buniini
a lot	twiingi
a lot of	zyiingi zye
abandon	leka
abandoned	kusiya
abide	tobelezya
ability	kukonzya
able	ulakonzya
about	aatala
above	aatala
abroad	kuli zimwi nyika
absence	kubulika
absent	tawo pe
absolutely	mbubo loko
absorb	kumvwisisisya
absorb	kunjizya
absorb	kuzitola
abstract	chakusanguna
absurd	tazimvwiki
abundance	buvule
abundant	nzyiingi
abuse	kusyonsya
accent	nzila yakwambuula
accept	tambula
access	kujanika
accident	intenda
accommodation	aakukkala
accomplish	wakakonzya
accomplished	kuzwidilila
according	mbuli ku
account	akkawunti
accuracy	kuba simpe
accurate	nchicho loko
accused	sikupegwa mulandu
ache	kuchisa
achieve	kukonzya
achieve	kujana
achievement	chakakonzeka kuchitwa
acknowledge	kuzumina
acquaintance	luzibo
acquire	kujana
acquired	wakajana
acquisition	kubachako
across	mutala
act	chita
action	kuchita
active	chilabeleka
activities	zyakuchita
activity	nchito
actor	musaani
actual	chincho loko
actually	musimpe
acute	kutanta
adapt	kuzibila
add	yungizya
addicted	zyakamunjila
addition	kuyungizya
additional	kuyungizya
address	kkeyala
adequate	kuzulila
adjacent	kuli limwi bbazu
adjective	mbandawuko
adjust	zibila
admire	kweeba
admit	zumina
adopt	tola
adorable	kweebeka
advance	chiindi kachichiliwo
advanced	chabbila
advantage	bubotu bwechintu
adventure	chichitwa chipya
adverb	mpandululamachiti
advertisement	kusambala
advertising	kusambala
advice	malayilile
advise	malayilile
advocate	kwiminina
aesthetic	zilabusongo
affair	bayandana
affect	chakeetelezya
affection	mamvwido akuyanda
afford	kukonzya
affordable	kukonzeka
afraid	kuyoowa
after	kuzwaawo
afternoon	sikati
afterwards	musule azeezyo
again	ilubo
against	kuleyana
age	minyaka yakuzyalwa
agency	mbunga yiima aakati
agent	simwiima aakati
aggressive	chamanguzu
agile	kukonzya kufwambaana kwiinda
ago	chiindi
agree	zuminana
agreement	chizuminano
agriculture	bulimi
ahead	kunembo
aid	lugwasyo
aim	kulangila aalya
air	muuya
airport	bbuwa lyendeke
aisle	nzila yakwinda mucheechi
alarm	alamu
alcohol	bukande
alert	kukkala kozi
alive	ulapona
all	zyoonse
all right	kuli kabotu
all the best	zibotu zyoonse
allow	zumizya
allowed	kuzumizigwa
almost	zyaamba
alone	alike
along	antoomwe
already	ikale
Alright	Zili kabotu
also	lubo
alternative	chimbi
although	nikuba oobo
always	choonse chiindi
am	ndili
amazing	chilagambya
ambiguous	tazimviki kuti nchechili chaambwa
ambition	muzeezo weziyandwa
ambitious	kuyandisya
amend	kulungisya
amid	mpawo
among	mukati
among us	aakati kesu
amount	mweelwe wamali
amusing	kubotezya
an	chi
analysis	kulangisisya
ancestors	manene amasekulu bechiindi
anchor	chijekede
ancient	zyachiindi
and	lubo
and	mpawo
and you	ani we
angel	mungelo
anger	kunyema
angle	bbazu
angry	nyema
animal	munyama
ankle	ingo
anniversary	kusisya munyaka
announcement	chizibisyo
annoy	kubisya
annoyed	kubisigwa
annoying	kutanoneezya
annual	amunyaka
anonymous	tazibinkene
another	chimwi
answer	nsandulo
anticipate	kulangila
anxiety	kulangila
anxious	kulangilila
any	nikuba
anymore	alili
anyone	naba uli muntu
anything	nichiba chili
anyway	nikuli oobo
anyways	asizi mbuboobo
apart	kutali eechi
apartment	ng'anda
apologize	kumbila lulekelelo
apparent	anu mpawawo
apparently	anu
appeal	kubweeda
appear	boneka
appearance	mbuchiboneka
appeared	kuboneka
appetite	kumvwa kuyanda kulya
apple	apulu
application	kulembela
apply	bika
apply	lembela
appointment	kusalwa
appreciate	tambula
appreciation	zyaptambulika
approach	kusikila
appropriate	cheelede
approval	kuzumina
approve	kuzumizya
approved	kumizigwa
approximately	nga kulasika
april	mukubwekaangala
arbitrary	kulisalila kutakwe kutobelezya zitalidwe
architect	muntu weenga ziyakwa
architecture	zyakuyaka
archive	kubambilwa
are	bali
are	zili
are you	uli
are you busy	ulijisinkini na
are you married	ulikwetwe na
are you married or single	ulikwetwe naakuti tokwetwe
Are you still there?	Mpochili na
are you there	mpoli na
area	cheengele
argue	kukazyania
argument	kukazyania
arise	nyampuka
arm	kuboko
army	basilumamba
around	aawo
arrange	bika oobotu
arrangement	chilibambidwe
arrival	kusika
arrive	kusika
arrived	wasika
arrogant	kutamvwisisisya
arrow	sumu
art	zyamisaano
article	lugwalo
artificial	chakulipangila
artist	musobani
as	mbuli
as long as	nansya kakuli oobo
as well	alubo
as well as	antoomwe a
ash	dota
ashamed	kuba ensoni
ask	buzya
asked	wakabuzya
asleep	koona
aspect	chintu
Assamese	chiAssamese
assault	kuuma
assembly	kubungana
assembly	kubikka antoomwe
assertive	kusyomezya
assess	kulangisisya
assessment	kulangisisya
asset	chintu chipati
assets	lubono
assign	kupa zyakuchita
assignment	mulimu wakuchita
assist	gwasya
assistant	sikugwasya
associate	muzolani
associated	zyeendelana
association	kumvwanana
association	kabunga
assume	kuyeyela
assumption	kuyeyela
at	ku
at least	mbubo mbubo
ate	wakalya
athlete	sikuchijaana
attach	jatanisya
attached	kulijisini
attachment	kuyiila mulimu
attachment	kubikka moyo
attack	kujata chakujaya
attempt	kweezya
attend	njila
attendance	bakanjila
attention	kuboneka
attention	kumvwigwa
attitude	buntu
attract	kutola moyo
attraction	kulangika kabotu
attractive	kubota
attribute	njetelezyo
attribute	cheetelezya
audience	basikuswiilizya
august	itwi
aunt	banene
aunty	banene
authentic	nchanchoonzyo
author	mulembi
authority	balupati
autumn	chiindi chamusule lyamiinza
available	chilajanika
average	akati aakati
avoid	tabilila
awake	kubbwazula
award	chilolezyo
aware	kuziba
awareness	kuzibisya
away	kule
awesome	chilagambya
awful	nchibi
awkward	tachizibilikide
Aymara	chiAymara
baby	mwana
bachelor	takwete
back	kusule
background	zyakusule
bad	chibi
bag	chikwama
bait	chakulya chakulobya nswi
bake	bbekka
bakery	ibbekka
baking soda	soda yakubbekka
balance	mali yachaala
balance	kwiima kabotu
ball	bbola
Bambara	chiBambara
banana	banana
band	bbendi
bang	kuumpuna
bank	bbenki
bar	bbawa
barely	nkuche
bargain	kuzuwisyania
bark	kukkuwa
barley	i-barley
barrier	chikachizya
base	bwaalo
based	mbuli aali
basement	ng'anda yaansi
basic	chakusanguna
basically	mbuli mbukubede
basil	i-basil
bastard	muntu mubi
batch	chimpanzi
bath	samba
bathroom	chisambilo
battery	bbatili
battle	kulwana
bay	busena bwakubika zintu
be	ba
be careful	chenjela
beach	kumulonga
beam	seketi
beans	bbiinsi
bear	nyampula
bear	bweza
beard	ndezu
bearing	kubweza
beast	munyama
beat	uma
beautiful	mubotu
beauty	bubotu
became	wakaba
because	nkaambo
become	wakaba
bed	bulo
bedroom	ng'anda yakulala
bee	nzuki
beef	nyama yeng'ombe
been	wakali
beer	bukande
before	musule
began	chakasanguna
begin	sanguna
beginning	matalikilo
behalf	kwiminina
behave	lijate
behavior	zichito
behaviour	buntu
behind	musule
being	bube
belief	lusyomo
believe	syoma
belly	bula
belly	tumbu
belong	nchicha
beloved	muyandwa
below	munsi
belt	bbanti
bench	bbeenchi
bend	kunyona
bend	kuvungika
beneath	kunsi
benefit	lugwasyo
benefits	zigwasya
beside	kunze kwacheecho
besides	kunze kwazeezi
best	cheelede chibotu
best of luck	ndikusyulizizya zibotu
best regards	kusyulizizya zibotu
better	kwaba mbubo
between	akati
beverage	zinywigwa
beyond	kwiinda
Bhojpuri	chiBhojpuri
bias	kusendeka
biased	kusendekede
bicycle	bbasikolo
bicycle	nchinga
bid	kweezya
big	chipati
bike	bhasikolo
bike	nchinga
bill	mali yoonse iyandikana
bind	anga
bird	kayuni
birthday	zuba lyakuzyalwa
bit	kaniini
bite	luma
bitter	bijilwa
black	chilasiya
blade	chakunenga
blame	sola
blank	taakwe chintu
blanket	tebwe
blast	kubboloka
bleach	musamu uugwisya tombe
blend	vwangania
bless	longezya
blessed	kulongezegwa
blind	moofu
bliss	kubotelwa kubzwide
block	jalila
blood	gazi
bloom	kuzwa maluba
blow	fulida
blue	ijulu
blue	syamuteme
blunt	kutabosya
board	bboodi
boat	bwato
body	mubili
boil	bizya
bold	chisimu
bond	kumvwanana
bone	chifuwa
book	bbuku
boost	kusumpula
booster	kusumpula
boot	mubbuti
boots	majombo
border	mugaano
bore	wakazyala
bored	kutanonezegwa
boring	tachinonezyi
born	zyalwa
borrow	kucheneka
boss	mupati waulimu
both	zyobilwe
bother	kubijisya
bottle	bbodela
bottom	munsi
bought	chakawulwa
bounce	kubbampa
bound	kwaangwa
boundaries	migaano
bow	kukotama
bowl	kadido
box	bbokesi
boy	mulombe
boyfriend	mulombe ngweyandana aawe
bracelet	bbengulu
brain	boongo
branch	mutabi
brand	musyobo
brave	muntu utayoowi
breach	kutyola
bread	chinkwa
break	kujana bwiima
breakfast	chakulya chakuseni
breast	nkolo
breath	yoya
breathe	yooya
breed	zyazya
brick	chitina
bride	mukamwana
bridge	bbilichi
brief	bufwiifwi
bright	kubayima
brilliant	nchibotu
brilliant	ulichenjede
bring	eta
bro	mukulana
broad	chilikwazamukide
broadcast	kusambala makani
broke	tachikwe mali
broke	kutyoka
broken	kutyoka
broom	muyiizyo
brother	muchizi
brother	munyandumi
brother in law	malima
brought	cheetwa
brown	Dowankuswi
brush	bbulasho
bucket	mungoma
buddy	muzolani
budget	mabambe emali
bug	kanyamankala
build	yaka
building	chiyakidwe
built	chakayakwa
bulk	zyiingi
bull	nkunzi
bull	mupule
bully	kusyonsya bamwi
bump	bbampa
bunch	nkama
bundle	nkama
burden	penzi
burden	mukuli
buried	wakavwikkwa
burn	tenta
burst	kubboloka
bury	vwikila
bus	bbasi
bush	lusaka
business	bbindawuko
business	bbizimusi
bust	kaango
busy	kujatinkana
but	pesi
butter	bbata
butterfly	chamupopolekwa
button	nkopelo
buy	ula
by	a
by the way	mbombubo
bye	bbayibbayi
cabbage	kkabichi
cabinet	kkaboti
cabinet	kkabineti
cage	jalila
cage	chilugu
cake	kkekke
calf	kanamani
call	ita
call me	ndifoonene
called	kufonenwa
called	kwiitwa
calm	kulizinza
came	wakasika
campaign	kusungwaazya
can	balakonzya
can't	takonzyi
Cancel	kwiimika
cancer	mvukumvuku
capable	ulakonzya
capacity	zibwezeka
capital	mali yakusanguna bbizimusi
capital	dolopo pati
caption	mutwe
capture	kujata
car	moota
career	mulimu
careful	chenjela
carefully	obotu obotu
careless	kutajata kab
caring	kubamba kabotu
carpenter	sikubeza
carpet	kkapeti
carrot	kkeroti
carry	nyampula
carry on	inkila kunembo
carry out	kweendelezya
case	kaambo
cash	mali iijatika
cast	waala
cast	basimusobaano
castle	chiyakwa chilamfu
casual	zitakwe mulawu loko
cat	kakkiti
catch	baka
catch	jata
category	bbazu
cattle	ng'ombe
caught	wakajatwa
cause	chetelezya
caution	nchenjezyo
cautious	kuchenjelela
cave	bulyango
cease	kwiima
ceiling	kukaluli
celebrate	pobweda
cell	chitookesi
center	aakati
century	mwaanda waminyaka
cereal	gele
ceremony	pobwe
certain	chimwi chintu
certainly	mbubo loko
certificate	chitupa
chain	cheni
chain	mulongo
chair	chibbula
challenge	buyumuyumu
chance	mweenya
change	sandula
chaos	mpyopyongano
character	buntu
characteristics	zitondeezya
charge	muulo
charity	lugwasyo
charming	kutola moyo
chart	pepa lilembedwe
chase	tandaania
chat	zuwa
cheap	chilichipide
cheat	kubbida
cheating	kubbida
check	langa
cheek	seya
cheer	kusekelelana
cheerful	kusekelela
cheers	kusekelela
cheese	chiizi
chemistry	misamu
cherish	kuyandisya
chess	tandaania
chest	kaango
chew	nyeela
chicken	nkuku
chief	mwami
child	mwana
childhood	chiindi chakukomena
children	bana
chill	kutontolela
chimneys	mimpong'olo
chin	chilezu
chocolate	chokkoleti
choice	kusala
choose	sala
chop	nenga
chores	milumu
chubby	kuneneya
church	nsondo
church	chikombelo
cinnamon	i-cinnamon
circle	mufumbo
circumstances	zichitika
citizen	muntu
city	dolopo
claim	kulembela kuyanda chintu
clarify	bika entanganana
class	ikilasi
clay	bulongo
clean	kusalala
clear	kwalibonia
clerk	mulembi
clever	bupampu
client	sikuula
cliff	ejulu akalundu
climate	bwiime bwakunze
climb	tanta
clingy	kujatilila
clock	wachi
close	jala
closet	afwiifwi loko
cloth	mucheka
clothes	zizwaato
cloud	joba
cloudy	kuli mayoba
clown	muntu usesya
clue	ntondeko
clumsy	tazibambidwe kabotu
cluster	kabunga
coach	kkochi
coal	malasha
coast	kumbali
coat	jasi
coffee	kkofi
cognitive	mukuziba
coincidence	kuchitikila amwi
cold	kutontola
collapse	kuwa
collar	kkola
colleague	muntu ngumu belaka amwi
colleagues	babeleka amwi
collect	bungania
collection	zyabunganisigwa
college	kkoleji
color	mubala
colorless green ideas slept furiously	tazikwe mubala wesokwe tete koona ziyoosya
colour	mubala
column	mulongo
comb	kamuna
combination	zili amwi
combine	kujatanisya
come	sika
come here	kweza okuno
come on	kweza na
comfort	kukkala kabotu
comfortable	kukkalinkana
coming	kusika
coming soon	kusika lino lino
command	lulayo
comment	pa aako majwi
commercial	nzyabbizimusi
commission	mulawu wakutobelezya , kabunga kasalidwe
commit	peda
commitment	kulipeda
committed	ulilipedelede
commodity	chintu chuulwa
common	chili zibilikide
communicate	kwambuzyania
communication	kwaambuuzyania
community	gundu
commute	kugada kkombi
companion	muzolani
company	kkampani
company	muzolani
compare	kweelanisya
comparison	kwelanisya
compassion	kumvwida luzyalo
compassionate	kufwida luzyalo
compatible	kweendelana
compete	jiizya
competent	ulakonzya
competition	kujiizyania
competitive	kujiizyania
complain	kunyontooka
complaint	chinyontoosi
complement	kwamba majwi mabotu
complete	maninsya
completely	kumaninsya
complex	busena
complex	nkuyumu
compliance	kutobelezya
complicated	nchiyumu
compliment	kulumbayizya
comply	tobelezya
composition	zilimukati
composition	lwaano
compound	munkomponi
comprehension	kumvwisisisya
comprehensive	kumvwisisika
compromise	kuzumina
compromise	kuchitila kuti zyiinde
compulsory	chelede kuchitwa
computer	kkompiyuta
concentrate	kuswiilizya kabotu
concept	muzeezo
concern	kulikataazya
concerned	kujatinkana mumoyo
concert	kkonsati
conclusion	mamanino
concrete	samende
condition	milawu
conditions	zyakutobelezya
conduct	kulijata
conference	muswaangano
confess	zumina
confidence	chaamba
confident	chaamba
confirm	zumina
conflict	kusulana
confused	kutaziba kabotu
confusion	kutamvwanana
congrats	atuba
congratulation	twakabomba twakatandabala
congratulation	atuba
congratulations	twakabomba twakatandabala
conjunction	kujatana
connect	kujatana
conquer	zunda
conscious	kuziba
consciousness	kuziba zilikuchitika
consent	kuzumina
consequences	mapenzi
conservation	nzila zitanyonyooni
conservative	kubamba kabotu
consider	ziyeesesye
considered	kazitambulwa
consist	zibikkilizya
consistency	zichitika chiindi cheelede
consistent	zilachitika muchiindi choonse
constant	zilachitika
constantly	zikkala kazichitika
constipation	kuzembelwa
construction	kuyaka
consume	kulya
consumption	kubelesya
consumption	kulya
contact	kujatika muntu
contagious	kutabukizya
contain	zilimukati
contains	zilimukati
contemporary	nzyamazuba aano
contempt	kulangilansi
content	zilimukati
contest	mujiizyano
context	mpuzilikuchitikila
continent	nyika lyamanyika
continue	yinkila kunembo
contract	chizuminano
contrast	kuteendelana
contribute	pa lugwasyo
contribution	kuswaanizya zintu
control	kweendelezya
controversial	tazimwvisisiki
convenience	zilachitika
convenient	chiindi chilikabotu
conversation	kwaambuzyania
convert	sandula
convey	tula majwi
convince	kuchita kuzumina
convinced	wazisyoma
cook	jika
cooking	kujika
cool	koola
cooperation	kubelekala antoomwe
cope	kukonzya
copper	kkopa
core	chipati
corn	chipopwe
corner	nyona
correct	mbubo loko
cost	muulo
costume	chakuzwata
cottage	maanda akukkala
cotton	luchinda
cotton	buluba
couch	sofa
cough	kkolokolo
could	zyalikuba
council	kkansili
count	bala
counter	kuswaaana
country	chisi
country	nyika
countryside	kumyuunzi
couple	babili
couple	bakwetene
courage	manguzu
course	chiiyo
court	nkuta
courtesy	kutondeezya kulemeka
cousin	mujwama
cover	vumba
cow	ng'ombe mpwizi
coward	muyoofu
cozy	kulyiiba
crab	syamfogo
crack	kunkemuka
craft	panga
crap	chitakwe mutwe
crash	kupwaya
craving	kuyanda chintu
crawl	kokoba
crazy	kupenga
create	bumba
create	panga
creative	busongo bwakupanga
credit	chikwelete
creep	kunjila kavwindi
creepy	kunjila munzila itali njiyo
crew	basikubeleka
crime	mulandu
cringe	kusendeka mutwe
crisis	penzi
criteria	nzila yakutobelezya
critical	nchikoloondo
criticism	kusola
crop	chilyo
crops	zilyo
cross	zubuka
crow	mukkokoliko
crowd	idwi
crowded	kuzwide bantu
crown	muchoko
crucial	nchipati
cruel	moyo mubi
cruise	kuyamba mubbodi
crush	kupwanda
cry	lila
cucumber	kkowa
cuddle	kumbundila
culture	tunsiyansiya
cunning	kubelesya nzila mbi
cup	nkomeki
cupboard	kkaboti
curb	tabilila
cure	silika
curfew	chiindi chakunjila mung'anda
curiosity	kuyanda kuziba
curious	kuyeyela
curly	zili vungene
currency	musyobo wamali
current	lino
currently	kwalino
curse	chituko
curtain	kketani
cushion	kkushini
custom	chiyanza
customer	sikuula
customs	ziyanza
cut	gonka
cute	mubotu
cute	nchibotu
cycle	zizyunguluka
cycling	kweenzya nchinga
dad	ndeende
daddy	ndeende
daily	lubbe
dairy	malili
dam	damu
damage	kunyonyoka
damn	nchibi
damp	chitete
dance	zyana
danger	ntenda
dangerous	chili antenda
dark	kusiya
darling	muyandwa
dash	kuchijaana chakufwaambana loko
data	data
date	izuba
daughter	mwana musimbi
day	zuba
dead	chilifwide
deadline	zuba lyakumaninizya
deaf	tamwi kumatwi
deal	chizuminano
dear	mweenzuma
Dear All	Kuli ndinywe moonse
Dear Customer	kuli nduwe sikuula
Dear Parents	Kulindinywe noBazyali
Dear Sir	Kulindinywe Taata
Dear students	Kuli ndinywe nobayiiyi
Dear Team	Kuli ndinywe nokabunga
death	lufu
debate	kukazyania
debit	kupa chikwelete
debris	bufwefwelenga
debt	chikwelete
decade	minyaka kkumi
decay	kubola
deceased	sikufwa
deceive	kweena
december	nalupale
decent	kutobelezya milawu
decide	sala
decided	wakasala
decision	musalo
deck	chibikilo
decline	kukaka
decrease	chesya
dedicated	kulipeda
dedication	kulipeda
deed	nchito
deep	bbila
deer	musefu
default	mbuli mbukubede
defeat	kuzundwa
defeat	kuzunda
defend	kutabilila
define	pandulula
definitely	mpawo loko
definition	bupanduluzi
degree	idigili
delay	kuchedwa
delayed	kuchedwa
delete	zima
deliberate	echaali
delicate	cheelede kujatwa oobotu
delicious	chilanona
delight	kubotela
delighted	botelwa
deliver	kutola
delivered	chakatulwa
delivery	kusisya
demand	yanda
demanding	kuyanda chimwi chintu
democracy	lwaangunuko
demon	dimoni
demonstrate	tondeezya
denied	kukasigwa
density	bulemu
dentist	musilisi wameno
deny	kaka
department	mutabi
departure	kwanzaana
depend	kuyaama
deploy	kuutola
deposit	bika
depressed	kuyeesesya
depression	kuyeesesya
depth	kubbila
describe	bandawuka
description	bupanduluzi
desert	nkanda
deserve	welede
design	kupanga
designation	chuuno
desire	chiyandisyo
desk	tebuli
despair	kubula bulangizi
desperate	kumaninwa
despite	nikuba kuti
dessert	idissert
destination	kuyigwa
destiny	kubusena bwamamanino
destroy	kunyonyoona
destruction	kujaya
detail	zyiingi
details	zimbi zyiingi
detect	kubuka kuzimvwa
determination	ulangide loko
determine	kwaamba kuti
determined	ulilipedelede
devastated	kukatala anzizyo
develop	lungisya
develop	panga
developed	kupanga
development	lusumpuko
development	zyachitika
device	munchina
devil	satani
devoted	ulilipedelede
Dhivehi	chiDhivehi
diabetes	bulwazi bweshuga
diarrhea	kupaya
diary	bbuku laykulembela zichitika
dictionary	mpandulula mabala
did	chakachitwa
die	fwa
died	wakafwa
diet	chakulya
difference	musiyano
different	kusiyana
difficult	nchiyumu
dig	sya
dignity	lulemeko
diligent	abusongo
dinner	chakulya chagoko
dip	kubbila
direct	mumoomo
direction	kutondeezya kuyigwa
director	mweendelezyi
dirt	tombe
dirt	doti
dirty	tombe
disable	kachizya
disabled	kulemana
disappear	mwayika
disappointed	kumanabulangizi
disaster	ntenda mpati
discard	kusowa
discharge	kugwisya
discipline	lulayo
discount	kugwisizigwa imwi mali
discover	kubona
discrimination	kusaluula
discuss	zuwa
discussion	kuzuwisyania
disease	malwazi
diseases	malwazi
disguise	kuchitaanga mbubo kakutali mbubo pe
disgusting	zilasesemya
dish	bbavu
dish	pakula
dishes	zilongo
dismiss	kuchayizya
dispatch	kugwisya
display	kubika entanganana
disposal	kugwisya
dispute	kutamvwanana
distance	musinzo
distinct	chilisiyene
distinguish	siyanisya
distress	koomba mumiyeeyo
distribution	kwaaba
district	bbooma
disturb	nyongania
ditch	kusiya
dive	kusotokela
diverse	kusanduka
diversity	busiyano
divide	anzaania
divine	mulemu
divorce	kulekana
dizzy	chizyuungu
do	chita
do you	ulayanda
do you love me	ulandiyanda na
doctor	dokotela
document	lugwalo
does	ulachita
doesn't	tazichiti
dog	mubwa
Dogri	chiDogri
doing	kuchita
doll	chidoli
domain	aawo abelekelwa
Dombe	ChiDombe
domestic	amuunzi
dominant	chavula
don't	tochiti
Don't worry	utabi apenzi
donate	kupa
done	zyachitwa
donkey	donki
dope	chakufweba
double	zibili
doubt	kudoneeka
dough	fulawu yaamba kubbekkwa
down	aansi
download	angula
draft	lemba
drag	kwela
drain	minununa
drama	musaano
draw	dweba
draw	enga
drawer	sikweenga
drawer	kabbazu kajalwa kakkala zindu
drawer	sikudweba
drawing	kweenga
drawing	kudweba
dread	masusu alukidwe
dream	lota
dream	chiloto
dress	dilezi
drill	donkola
drink	nywa
drive	enzya moota
drop	losya
dropped	chalosegwa
drought	bbalangwe
drunk	wakolwa
dry	nkuyumu
duck	idada
dude	musankwa
due	chasika chiindi
due to	nkaambo ka
dull	busongo mbuche
dumb	tamvwi
dump	takwe luzibo
dump	nchitete
duration	bulamfu
during	muchiindi
dust	lusuko
duty	mulimu
dwell	kukkala
dying	kufwa
each	achimwi
each other	awumwi
eager	kulangila loko
eagle	chuungwe
ear	kutwi
earlier	kusule
early	kufwambaana
earn	jana mali
ears	matwi
earth	nyika
earthquake	kuzuzuma kwenyika
ease	nkuuba
easily	nchuuba
east	kubuzwezuba
easy	nchuuba
eat	lya
eating	kulya
economic	buvubi
economy	buvubi
edge	kumbali
edit	edita
education	lwiiyo
effect	kusanduka kweetelezegwa
effective	chilabeleka
efficiency	kuchitwa munzila iilikabotu
efficient	zilikabotu
effort	nguzu
egg	iji
eggplant	i-eggplant
ego	kulimvwa
eight	musanu atutatu
eighteen	kkumi lilamusanu atutatu
eighty	makkumi musanu amakkumi aatatu
either	kana kuti
elaborate	yungizya
elbow	kakkokola
elder	mupati
elderly	bapati
elegant	nchibotu
element	chintu
elephant	nzovu
eleven	kkumi akamwi
eligible	kweelela
eliminate	gwisizyatu
else	amwi
embarrassed	kubensoni
embarrassing	kufwisya bweeme
embrace	tambula
emerge	kuzwa
emergency	chakufwambaana
emotional	mamvwido
empathy	kufwida luzyalo
emphasis	kusisya kwaamba
emphasize	kwaamba chakasimpe
employee	sikubeleka
employees	basikubeleka
employer	sikubelekelwa
employment	mulimu
empty	tamukwe chintu
enable	kuchita kukonzya
encounter	kuswaana
encourage	sungwaazya
end	maninsya
endangered	chili muntenda
endeavor	kweezya kuchita
endurance	kujatilila
endure	jatilila
enemy	sinkondonyokwe
energy	manguzu
engage	kweebwa
engage	jatana
engaged	kweebwa
engagement	kweebwa
engagement	kwaambuzyania
engine	injini
engineer	injiniya
English	Chikuwa
enhance	kusumpula
enjoy	botelwa
enormous	chipati kwiindilila
enough	kwakkwana
enough	kwazulila
ensure	ba asimpe
enter	njila
entertainment	kulisangalizya
enthusiasm	kuyandisisya
enthusiastic	chiyandisyo chipati
entire	choonse
entitled	nchichako
entity	chintu
entrance	mulyango
entrepreneur	simabbizimusi
envelope	envelopu
environment	zituzyungulukide
envy	bbivwe
epic	zyechiindi
epidemic	dwazi pati
equal	kweelana
equipment	zyakubelesya
equity	nzila yakweelania
equivalent	kweelana
eraser	kuzima
error	kubisya
escape	kuchija
especially	ikapati
essay	lwaano lulembedwe
essence	chilinchicho loko
essential	nchilemu
establish	sanguna
established	chakasangunwa
estate	lubono
estimate	yeyela
estimated	zyakayeyelwa
etc	azimwi
eternal	mane kutamani
ethics	buntu
evaluate	langisisya
evaluation	kulangisisya mukweela
even	kweelana
even though	nikuba oobo
evening	goko
event	nchito
eventually	kumamanino
ever	kuba
every	zyoonse
everybody	muntu woonse
everyone	boonse
everything	zyonse
evidence	bukamboni
evil	chibi
evolution	kusanduka
evolve	kubumbika buniini buniini
Ewe	chiEwe
ex	nguwakali kuyandana aawe
exact	muchibede loko
exactly	mpawo
exam	musunko
examine	kusunka
example	mukozyanisyo
exceed	kwiinda
excellent	kwiinda kubota
except	kunze kwa
exception	chimwi chisiyene
excess	kuvulisya
excessive	kwiindilila
exchange	kuchinchaana
excited	botelwa
excitement	kunoneezegwa
exciting	chilanoneezya
exclusive	nchicho achilike
excuse	chikumbilo
excuse me	ndakumbila
execute	chita
execution	kuchita
executive	bapati
exercise	chiiyo
exercise	kulisimya mubili
exhaust	kumaninsya
exhausted	kukatala
exhibit	kutondeezya
exhibition	zyakutondeezya
exist	mpuchili
existence	kubawo
existing	mpuchili
exit	kuzwa
expand	komezya
expect	kulangila
expected	chilangilidwe
expenses	zyuulwa
expensive	kudula
experience	nzuwakiinda mulinzizyo
experiment	kulanga buchitike
expert	sibusongo
expired	lyakiinda zuba lyakubeleka
explain	pandulula
explanation	bupanduluzi
exploit	kubelesya buzwide
explore	kuyandulisya
export	kuzizya kunzenyika
expose	kugwisya entanganana
exposed	kubikkwa entanganana
exposure	kuzibinkana
express	tondeezya
expression	kulitondeezya
extend	yungizya
extended	kwiinzizya
extension	kukomezya
extension	kwiinzizya
extent	bulamfu bwakuchitika
external	aanze
extinct	chakamana
extra	zili etala
extract	kugwisya
extraordinary	chiliindilide
extreme	kwiindilila
extremely	kwiindilila
eye	linso
eyes	menso
fabric	mucheka
fabulous	kweebeka
face	kumenso
facilitate	kweendelezya
facilities	zintu
facility	chakubelesya
facility	chiyakwa
fact	ndisimpe
factor	cheetelezya
factory	busena bwamabbindawuko
facts	masimpe
fade	kuyobumana
fail	kukachilwa
failed	wakachilwa
failure	kukachilwa
faint	takuboneki
faint	suntuka
fair	kuli kabotu
fairly	kwelene obotu
fairy	chilaboya
faith	kusyoma
faithful	ulisyomekede
fake	tachili che simpe pe
fall	kuwa
FALSE	mabejo
fame	kuzibinkana
familiar	chilizibinkene
family	impuli
famine	nzala
famous	ulizibinkene
fan	mutobeli
fancy	kuyanda
fantastic	nchibotu
far	kule
farewell	kooneka
farm	pulazi
farmer	mulimi
fascinating	chilasesya
fashion	zizwaato zibotu
fast	fwambaana
fat	kuneneya
fatal	zilajaya
fate	mbuzyaba
father	ndeende
fatigue	kukatala
fault	bubi
favorite	chilamoyo
favour	luse
favourite	nchayandisya
fear	kuyoowa
feast	kupobola
feather	mulimba
feature	kubawo
features	zitondeezyo
february	mulumi
fed up	kukatala anzizyo
fee	mali
feed	pa chakulya
feedback	mpindu
feedback	nsandulo
feel	kumvwa
feeling	kumwa
feet	mano
fell	wakawa
fellow	umwi ngubali aamwi
felt	kumvwa
female	mwanakazi
fence	fensi
fertile	kulivundide
festival	pobwe
fetch	teka
fever	kupya mubili
few	ziche
fewer	nziche
fiance	muntu waamba kukwatwa
fiction	kulemba musobano
field	muunda
fierce	chilayoosya
fifteen	kkumi lilamusanu
fifty	makkumi musanu
fight	lwana
fighting	kulwana
figure	chiimo
figure	mweele
figure out	kubona kuti uchite biyeni
file	fayila
fill	zuzya
filled	kuzuzigwa
film	filimu
filthy	nzibi
finally	kumamanino
finance	zyamali
financial	zyamali
find	yanduula
find out	yanduula
fine	nchibotu
fine	musunkwindi
finger	kanwe
finish	maninsya
finished	kumaninsigwa
fire	mulilo
firm	kuyuma
firm	kkampani
first	chakusanguna
first name	zina lyako
fish	inswi
fit	nchisimu
five	musanu
fix	kubwedeezya
fixed	mbuchibede
flag	ndembela
flash	tila maanzi
flat	bwata
flaw	chintu chabisya
flawless	taakwe chibi
flee	chija
flesh	nyama
flew	wakawuluka
flex	kulitondeezya
flexible	chilikabotu
flight	lweendo lwendeke
flip	jula
flirt	kusesyania
flirting	kwambula zyakuyandana
float	kwiibuka
flood	mapoopoma
floor	aansi
flour	fulawu
flow	kukkunka
flower	luba
flu	isini
fluent	kukonzya loko
fluently	kwaambula zimvika
fluffy	chuuba
fluid	maanzi
fly	uluka
focus	kulanga chitu chomwe
fog	mayoba
foggy	sinkunkwe
fold	vunga
folks	bazolani
follow	tobela
follow up	tobela
following	kutobela
food	chakulya
fool	chituta
foolish	bututa
foot	ino
football	mupiila
for	cha
For example	mbuli mukozyanisyo
for instance	mbuli kuti
for you	chako
forbidden	tachizumizigwi
force	kujata amanguzu
forecast	kulanga kunembo
forehead	nkumu
foreign	mutuba
forest	lusaka
forever	aatu
forget	luba
forgive	kulekelela
forgot	kuluba
fork	ifork
form	chiimo
formal	mumulawu
former	wakali
fortunately	akubota
fortune	choolwe
forty	makkumi aane
forty-two	makkumi aane atubili
forward	kuya kunembo
foster	kusungwaazya kusumpula
fought	wakalwana
found	chakajanika
found	chajanika
foundation	kumatalikilo
four	tune
fourteen	kkumi atune
fox	mwaaba
fragile	chilafwambaana kufwa
frame	chiyakwa
frame	bubumbwe bwamuntu
framework	mabambe abweendelezi
fraud	kubba
freak	kuyoowa
free	kwaangunuka
freedom	kwaangunuka
freeze	kuyumya mumpeyo
frequency	buvule bwakuchitika
frequent	zikkala kazichitika
frequently	chilachitika chitika
fresh	chichili chibotu
friday	bwasanu
fridge	filiji
friend	mweenzuma
friendly	wangunukide
friends	beenzuma
friendship	buzolani
friendship	bweenzuma
frightened	kuyoowa
frightening	kulayoosya
frog	chulwa
from	kuzwa
front	kunembo
frozen	ziliyumide empeyo
fruit	muchelo
frustrated	bijilwa
fuel	mafuta
Fulfulde	chiFulfude
full	zula
fun	kunoneezya
function	beleka
fundamental	chilalemekeka
funeral	dilwe
funny	nsesya
fur	boya
furious	kunyema kupati
furniture	lubono lwamung'anda
further	kunembo
furthermore	kuya kunembo
future	lyajuunza
gain	kujana
game	musaano
gap	mweenya
garage	garaji
garbage	tombe
garden	chilili
garlic	i-garlic
gate	gede
gather	bungania
gathering	mbungano
gauge	kwelanisya
gave	wakapa
gear	giya
gender	mwanakazi naakuti mwaalumi
general	chilizibilikide
generally	mbukubede
generate	kupanga
generation	zyalane
generous	ulaangunukide
genius	mupampu
genius	musongo
genre	musyobo
gentle	obotu obotu
genuine	nchenchicho loko
gesture	chachitwa
get	tola
get dressed	zwaata
get up	nyampuka
get well soon	pona kufwambaana
getting	kujana
ghost	cheelo
ghosting	kuba cheelo
giant	chipati loko
gift	chipo
ginger	i-ginger
girl	musimbi
girlfriend	musimbi wakwe
give	pa
give up	leka
given	wakapegwa
glad	botelwa
glance	kulanga lumwi
glass	gilazi
glasses	magilazi
glimpse	yuna
global	ansi koonse munyika
gloomy	kuvwindaana
gloves	magilovosi
glow	kumweka
glow up	mweka loko
glue	guluu
go	inka
go ahead	inkila kunembp
go away	zwa aawa
go to bed	koya ukalale
goal	chilangilidwe
goals	zilangilwa kujanwa
goat	mpongo
god	leza
god bless you	leza akulongezye
goes	kweenda
going	kuyobwiinka
going to	kuya ku
gold	ngolide
gone	wiinka
gonna	ndila
goo	tombe linamatila
good	nchibotu
good afternoon	mwayusa biyeni
good bye	bbayi bbayi
good day	zuba bbotu
good evening	kwasiya
good job	mulimu mubotu
good looking	uboneka kabotu
good luck	ndakusyulizizya zibotu
good morning	mwabuka biyeni
good morning my love	wabuka biyeni muyandwa wangu
good night	busiku bubotu
goodbye	bbayi bbayi
goodbye	kooneka
goodnight	busiku bubotu
goods	lubono
goods	zilongo
Google	Google
Google Translate	kusandwida aGoogle
goose	dada lyamumulonga
gorgeous	kubota
gossip	vwiya
got	wakajana
got it	ndazijana
got it	ndazimvwa
government	fulumende
grab	tola amanguzu
grade	giledi
gradually	mbichaani mbichaani
graduate	wakamna chikolo
grain	nseke
grain	ntanga
grant	kupa
granted	wapegwa
grapes	magirepu
grasp	kujata
grass	masokwe
grateful	kupa kulumba
gratitude	kulumba
grave	kabanda
gray	mubala wedota
great	chipati loko
greed	mafwiti
greedy	mafwiti
green	sokwetete
greet	juzya
greeting	kujuzya
greetings	kujuzyania
grey	mubala wedota
grid	bwaalo buyalidwe
grief	kulila
grind	gaya
grip	jatisya
grocery	igilosali
groom	sikukwata
gross	chipati  kwiindila
gross	zyiingi
ground	aansi
group	kabunga
grow	komena
growth	kukomena
grumpy	ulabbowa
Guarani	chiGuarani
guarantee	chisyomezyo
guard	sikulinda
guess	yeyela
guest	mweenzu
guidance	kululamikwa
guide	lulamika
guilty	ulamulandu
guy	mwaalumi
guys	baalumi
gym	jimu
habit	chiimbo
habitat	sikukkala
had	wakale
hail	kulumbayizya
hair	masusu
half	chisela
hall	ng'anda mpati
hand	kuboko
handle	kujata
handsome	mubotu
hang	anzika
hang out	kuswaanana abamwi
happen	kuchitika
happened	zyakachitika
happiness	kubotelwa
happy	botelwa
happy birthday	ube azuba lyakuzyalwa bbotu
happy birthday to you	ba ezuba lyako bbotu lyakuzyalwa
happy new year	ube amunyaka mupya mubotu
hard	chiyumu
hardly	nkuyumu kuchitika
hardly ever	taziyondochitika
harm	penzi
harm	kuchisa
harm	kulichisa
harmful	chili entenda
harmony	kumvwanana
harsh	nkuyumu
harvest	butebuzi
has	chile
hate	kuzonda
have	balezyo
have a good day	ba azuba bbotu
have a nice day	ube azuba bbotu
have breakfast	lya chakulya chakuseni
have fun	kuchita zyakulisangalizya
have you eaten	walya na
having	kujana
hazard	ntenda
haze	kuntontola buniini
he	mwaalumi
he has	ule
he is	uli
head	mutwe
headache	mutwe uuchisa
heal	pona
healing	kupona
health	bulondozi
healthy	busanambi
hear	mvwa
heard	wakamvwa
heart	moyo
heat	kupya
heaven	julu
heavy	chilemu
hectic	kukataazya
height	bulamfu
heir	sikukona lubono
heist	kubba
held	wakajiswi
hell	gehena
Hello	Mbiyeni
hello dear	wapona mwana
hello how are you	yebo ulikabotu na
hello how are you doing	wapona ulikabotu na
helmet	ngwani yamulimu itabilila mutwe
help	gwasya
helpful	kugwasya
hence	aboobo
her	wachanakazi
herd	buvule
here	aawa
heritage	tunsiyansiya
hesitate	kudoneeka
Hey	Iwe
Hi	wapona
hi how are you	wapona ulibiyeni
Hi there	Wapona oko
hidden	zilisisidwe
hide	yuba
hierarchy	mbuzitobelana
high	chili mujulu
highlight	kwambisya
hike	tanta
hiking	kutanta
hilarious	kulisumpula
hill	kalundu
him	we
hint	kuzibisya mbichaani
hip	kasolo
hips	tusolo
hire	kuhaya
hiring	kunjizya mulimu
his	chakwe
history	lwaano
hit	chuumwa
Hmm	hmm
hobby	nchayandisisya
hold	jata
hold on	jatilila
hole	mpako
holiday	chiindi chakulyookezya
hollow	kubbila
home	muunzi
homework	mulimu wakung'anda
honest	kusyomeka
honestly	chasimpe loko
Honey	Buchi
honor	lemeka
hood	mubusena
hook	kalobyo
hop	kusotoka
hope	kulangila
hope	bulangizi
hopefully	kulangila zibotu
hopeless	taachikwe bulangizi pe
horizontal	kazilede
horn	lwija
horrible	kubija
horror	intenda
horse	bbiza
hospital	chibbadela
hospitality	kutambula kabotu beenzu
host	kusikilwa
hostile	kukazya
hostile	kutayanda muntu
hot	kupya
hotel	wotela
hour	wola
hours	mawola
house	ng'anda
household	zyamung'anda
how	biyeni
how about you	iwe ulibiyeni
how are you	ulibiyeni
how are you doing	ulibiyeni
how are you doing today	ulibiyeni sunu
how are you today	ulibiyeni sunu
how do you do	ulibiyeni
how is	ulibiyeni
how many	nzingane
how much	nimalinzi
how often	zichitika twiingi biyeni
how old are you	uli aminyaka mingana
how was your day	lyali biyeni zuba lyako
how was your night	alibiyeni mansiku aako
however	nikuba oobo
hub	kuswananinwa
hubby	mulumi
hug	kumbungatila
huge	chipati kwiinda
human	zyabuntu
humble	kulibombya
humid	nkutete
humidity	kutete
hundred	mwaanda
hungry	kumvwa nzala
hunt	vwima
hurricane	mvula nyiingi
hurry	fwambaana
hurry up	fwambaana
hurt	kuchisigwa
husband	mulumi
hustle	kubeleka
hut	nganda yabwizu
hygiene	busanambi
I	ime
I am	ndili
I am fine	ndili kabotu
I can	ndilakonzya
I can't	nsikkonzyi
I do	ndazumina
I do not know	nsizi pe
I do not understand	taakwe nindamvwisisisya pe
I don't	nsichiti
I don't know	nsizizi pe
I don't understand	tendamvwisisisya pe
I don't understand what you mean	nsiliku mvwisisisya pe kuti waambanzi
I don't understand you	teensi ndili kukumvwisisisya pe
I don’t know	asizi
I don’t understand	nsimvwisisisyi pe
i guess	ndiyeeya oobo
I had	ndakale
I have	ndili e
I have been	ndakali
I hope so	ndilangila oobo
I know	ndilizi
I like	ndiyanda
I like you	ndilakuyanda
I love	ndiyanda
I love my big brother	ndilamuyanda mukulana wangu mwaalumi
I love my big sister	ndilamuyanda mukulana wangu mwanakazi
I love my father	ndilamuyanda ndeende
I love my little brother	ndilamuyanda mwanike wangu mulombe
I love my little sister	ndilamuyanda mwanike wangu musimbi
I love my mother	ndilabayanda baamangu
I love you	Ndilakuyanda
I love you so much	ndilakuyanda loko
I love you too	ndilakuyanda ambebo
I mean	ndaamba kuti
I miss you	ndakuyeeya
I miss you so much	ndakuyeeya loko
I see	ndabona
I think	ndiyeeya kuti
I understand	ndamvwisisisya
I want	ndiyanda
I want to see you	ndiyanda kukubona
I want you	ndiyanda nduwe
I was	ndakali
I will	ndila chita
I would be	ndeelede
I'm	ndili
I'm fine	ndilikabotu
I'm good	ndilikabotu
I'm here	ndili aano
I'm sorry	ndilekelele
ice	manzi alibbwe
ice cream	ice crema
idea	muyeyo
idea	muzeezo
ideal	kulikabotu
identical	zilakozyania
identify	tondeezya
identity	chitupa
identity	chitondezya
idiot	chituta
idle	tachibeleki
if	ikuti
ignore	kuleka kuzilanga
ill	kuchiswa
illegal	tazili mumulawu pe
illness	kuchiswa
Ilocano	chiIIocano
image	mufanikisyo
imagine	yeeya
immediate	mpawaawo
immediately	mpawaawo
immense	niuzya
impact	nchicheetelezya
impatient	kukatala kulindila
implement	zyakazuzikizigwa
import	kunjizya munyika
important	nchikoloondo
impose	kubika amanguzu
impossible	tazichitiki pe
impress	kubotezya
impression	kuyeeyela
impressive	zilabotezya
improve	kusumpula
improvement	kusumpuka
in	mukati
in addition	kuyingizya
In fact	musimpe
in front of	kunembo lya
in order to	kuchitila kuti
inappropriate	tachilikabotu pe
incentive	kuyungizigwa chimwi chintu
incident	chakachitika
include	kubikilizya
including	kubikkilizya
income	imali injila
inconvenience	kukachizya
increase	yungizya
increased	zyayungizigwa
incredible	nzibotu
indeed	simpe
independent	kulyiminina
India	India
indicate	kutondeezya
indigenous	nzyamomuno
individual	muntu alike
industry	mabbindawuko
inevitable	cheelede
infant	mwana mutete
infection	bulwazi
infinity	kutamani
inflammation	kuchisa
inflation	kumana manguzu kwemali
influence	ijungwe
inform	ambila
information	majwi
ingredients	zyakubelesya
inheritance	lukono
initial	kusanguna
initiative	kusanguna chintu
injured	kulichisa
injury	kulichisa
innocent	taakwe mulandu
innovation	kulipangila chintu
inquiry	kubuzya
insane	kupenga
insect	kanyamankala
insecure	kutakkalinkana
insert	syomeka
inside	mukati
insight	luzibo
insist	kuyandisya
insomnia	kutoona
inspiration	kupa kuti umwi abe echiyandisyo
inspire	kweebwa awumwi kuti abe mbuli nduwe
install	bika
instance	chakachitika
instant	mpawaawo
instead	kwiinda kuti
instead of	kwiinda kuti
instructions	zyakutobelezya
instrument	munchina
insult	chitusi
insurance	inshuwarensi
intact	zilijisini
integrity	kulemekeka
intellectual	zilabusongo
intelligence	busongo
intelligent	busongo
intend	kuyanda kuchita
intended	nzizyalikuyandikana
intense	nkuyumu
intention	chiyandisyo
interact	ambuzyania
interaction	kwambuzyania
interest	kuyanda
interested	kuba achiyandisyo
interesting	kunoneezya
interfere	kunjilila
intermediate	simweenda aakati
internal	mukati
international	zimwi nyika
internship	kuyiila mulimu
interpret	tolekela
interpreter	sikutolika
interrupt	kupambanisya
interrupt	kunjila aakati
interview	mbuzisisyo
intimate	kuswaanana
intimate	kulala amwi
into	mukati
introduce	zibisya
introduction	kuzibisya
introduction	manjililo
introvert	muntu ukkala kalijalilide
intuition	kuba aluzibo
invalid	tachili nchincho pe
invent	kusanguna kupanga chinti
inventory	zintu zyoonse zilembedwe
invest	bikka mali
investigate	kuyandulisisya
invitation	kutambwa
invite	tamba
invoice	pepa litondezya mali
involve	bikkilizya
involved	njila
iron	ayini
is	chili
island	kasuwa
isolated	kubikkwa kumbali olike
issue	kaambo
issue	kupa
issues	twaambo
it	cho
it is	chili
it was	chakali
it's	chili
it's ok	kulikabotu
It's okay	kuli kabotu
item	chintu
items	zintu
its	cha
I’m	ndili
jacket	jasi
jail	jele
jail	ntolongo
January	Mukazimaziba
jar	nkomeki
jaw	mweebo
jealous	bbivwe
jerk	kufwambana
jerk	muntu uutanonezyi
jewelry	zyakulibotya zilimbuli madikezi
job	mulimu
jogging	kuchijaana
join	njila
joint	aswaananwa
joke	nsesya
journalist	simutola twaambo
journey	lweendo
joy	kukondwa
judge	beteka
juice	chinywigwa
july	kunkumunamasamu
jump	sotoka
june	gandapati
junk	zibi
just	bubotu
just do it	chita biyo
justice	bweendelezi bubotu
justify	bika bukamboni
Kalaallisut	chiKalaallisut
keen	chiyandisyo
keep	bamba
keep it up	kkala kochita kabotu
kept	wakabamba
kettle	kketulo yakubizizya maanzi
key	ikkii
kick	bbakala
kid	mwana
kidding	kusaana
kidney	insa
kids	bana
kill	jaya
kind	moyo mubotu
kinda	zibaanga
kindly	amoyo mubotu
kindness	moyo mubotu
king	mwami
kiss	kkisi
kiss	myonta
kitchen	kkichini
kite	kkayiti
kitten	kana ka kkiti
knee	izwi
knew	walizi
knife	kafulo
knight	silumamba
know	ziba
knowledge	luzibo
known	chilizibinkene
Konkani	chiKonkani
Krio	chiKiro
label	zina
labor	mulimu
labor	machise aakutumbuka
labour	machise aakutumbuka
labour	mulimo
lack	kucheya
ladder	muntambiliko
lady	mwakazi
laid	bikka aansi kabotu
lake	lwizi
lamb	mbelele
lame	kutyoka
lamp	lampi
land	gundu
landscape	aansi
landscape	bwime bwepepa
language	mulaka
lap	zibelo
large	chipati
last	chakumanisizya
last but not least	chakumaninizya pesi kachitali chiniini
last name	mutupo
late	kuchedwa
lately	aano mazuba
later	mulichimwi chiindi
latest	zyachitika lino
latter	kunembo
laugh	seka
laughing	kuseka
laughter	kuseka
launch	kusanguna
laundry	zizwaato zyakuwacha
law	mulawu
lawn	nzinza
lawn	sokwe
lawyer	loya
lawyer	mwiiminini
lay	lala
layer	kubikka atala
layout	kubamba
lazy	mukandu
lead	zulula
leader	muzululi
leaf	itu
leak	kuzuza
lean	yaama
leap	kusunkuta
learn	yiiya
learning	kwiiya
lease	chizuminano
least	chiniini
leather	chukumba
leave	enda
leaves	matu
led	wakazulula
left	chimweensi
left	kweenda
leg	kuulu
legacy	lwaano
legal	mulawu
legend	mupati
legit	nchesimpe
leisure	kulibotezya
lend	cheneka
length	bulamfu
less	ziche
lesson	chiiyo
let	chita
letter	lugwalo
lettuce	lettuce
level	chibaka
leverage	kwelana
liability	chintu chikulida mali
library	ng'anda yamabbuku
lick	myanguta
lie	beja
lies	mabejo
life	buumi
lift	nyampula
light	mumuni
lightning	kalabi
like	yanda
likely	nga kulaba
likewise	mbuli mbuboobo
line	mukondo
Lingala	chiLingala
link	jatania
lion	mulavu
liquid	manzi
list	zintu zilembedwe
listen	swiilizya
listening	kuswiilizya
literally	mbuzibede kale
literature	zilembedwe
litter	tombe
little	chiniini
live	chuumbulu
liver	chini
lives	buumi
living	kupona
living room	ng'anda yakwiizizya
lizard	kadolyo
load	longela
loaf	lofu
loan	chikwelete
local	omuno mubusena
location	busena
lock	chikkulukulu
lockdown	kujalilwa
log	chisamu
lol	seka
lonely	alike
long	bulamfu
long time no see	chalampa chiindi nkesikubwene
look	langa
loop	musungo
loose	kusweekelwa
lord	mwami
lose	kuswekelwa
loss	kusweekelwa
lost	chasweeka
lot	zyiingi
loud	wambulisya
lounge	nganda yakwiizizya
love	luyando
love you	ndakuyanda
lovely	chilabotezya
low	aansi
lower	munsi
loyal	ulisyomekede
loyalty	kulibombya munsi
luck	laki
lucky	laki
Luganda	chiLuganda
luggage	zilongo
lump	kkoto
lunch	chisusulo
lungs	mapapu
luxury	zyakulisangalizya
lying	kubeja
machine	munchina
mad	kupenga
madam	mwanakazi
made	chakachitwa
magazine	bbuku
magnificent	chibotu kwiindila
maid	musimbi uubeleka
main	chili nchicho
maintain	kubamba kabotu
maintenance	kubamba
Maithili	chiMaithili
major	nchipati
majority	biingi
make	chita
make up	kuchita chintu
make up	zyakunana
male	mwaalumi
mall	kuzintoolo
man	mwaalumi
manage	endelezya
management	bapati bamulimu
manager	maneja
mandatory	cheelede
manifest	kuzwa antanganana
manipulate	kweendelezya munzila yako
manner	munzila
manual	zichitwa amaboko
many	zyiingi
many many happy returns of the day	mpindu nyiiingi mbotu zyazuba
march	kumacha
margin	kumbali
market	akusambalila
market	musika
marriage	makwatano
married	kukwata
married	kukwatwa
mask	masiki
mass	kulema
massive	nzipati
master	mupati
match	elanisya
mate	muzolani
material	zintu
math	nsamu
matter	kaambo
maturity	wakomena
may	amwi
maybe	amwi
me	ime
me too	ambebo
meal	chakulya
mean	chilangilwa aansi
mean	chaamba kuti
meaning	nchizyaamba
means	chaamba kuti
meant	kwaamba kuti
meanwhile	kakuchili aawo
measure	kweela
measures	zyauchita
meat	nyama
medical	zyakusilikwa
medicine	musamu
meditation	kukomba muchuumunizi
medium	aakati aakati
meet	swaana
meeting	muswaangano
Meiteilon	chiMeiteilon
melt	yeemuka
memories	miyeeyo
memories	mizeezo
memory	miyeeyo
mental	nzyaboongo
mention	amba
mentioned	chakaambwa
mentor	sikuyiisya
merchant	sikuuzya
mercy	luzyalo
merely	ibiyo
merry christmas	ube akkisimusi mbontu
mess	zibi
message	mulumbe
messy	zilivwangeene
metal	nsimbi
method	nzila
mice	mabbende
middle	aakati
midnight	aakati kabo
might	amwi
might	manguzu
mild	akati aakati
milestone	musinzo
military	zyabasilumamba
milk	malili
million	miliyoni
mind	boongo
mindset	boongo
mine	changu
mingle	kuswanana
minor	muniini
minute	miniti
minutes	maminiti
miracle	maleele
miracle	chigambyo
mirror	gilazi
miscellaneous	zintu zilembedwe amwi
mischievous	kutamvwa
miserable	koomba
misery	koomba
miss	musimbi
miss you	ndakuyeeya
missing	kusweeka
mission	chilangilwa kuchitwa
mist	sikunkwe
mistake	kubisya
Mizo	chiMizo
mobile	foni yamunkomo
mobile	kweenda
mock	kuseka muntu
model	chitondeezyo
moderate	kweenedelezya
modern	nzyamazuba aano
modest	chamazubasunu
moist	nzitete
moisture	ibutete
mold	bumba
mole	chuulu
mom	baama
moment	chiindi
monday	muvulo
money	imali
monitor	kulanga
monkey	cheta
month	mweezi
mood	bube
moody	ulibijilidwe
moon	mweezi
moral	nzila iitondezya bubi abubotu
more	ziyungizya
moreover	etala azyo
morning	kuseni
mortgage	chikwelete che ng'anda
most	zyiingi zyazyo
mostly	chindi chiingi
mother	baama
motion	kweenda
motivation	chisungwaazyo
mountain	kalundu
mouse	ibbende
mouth	mulomo
move	kweenda
movement	kweenda
movie	muvi
mrs	muka
much	nzyiingi
mud	matope
mug	nkomeki
muscle	kusima nyama
museum	ng'anda yakubambila lwaano
mushroom	ndyu
mushroom	boowa
music	nyiimbo
must	cheelede
mute	kuumuna
mutual	kumvwanana
my	changu
My dear	mweenzuma
my friend	muzolani wangu
My hovercraft is full of eels	moota yangu izwide nswi
my love	muyandwa wangu
my name is	zina lyangu ndime
my pleasure	ndabotelwa
myself	ime
mysterious	chigambyo
mystery	chigambyo
myth	lusyomo lwechintu chitako
nail	chipikili
naive	taakwe nchazi pe
name	izina
narrative	kwaana kaano
narrow	nchiniini
nasty	nchibi
national	nzyanyika
nationality	bunachisi
native	ngwamumo oomo
natural	kwaanzwa
nature	kwaanzwa
nausea	kuvunduka kumoyo
near	afwiifwi
nearby	afwiifwi
nearly	kwaba aafwiifwi
neat	chileebeka
necessary	chilayandikana
neck	mukosi
necklace	cheni yamumukosi
need	chiyandikana
negative	tachiwo
negative	chintu chibwedezya musule
neglect	kulekela
negotiate	kwaambuzyania
neighbor	simayakilane
neighborhood	mubusena mokkala
neither	taakwe
nephew	mujwa
nerd	muntu mupampu
nervous	ndazwa moyo
nest	bbiki
net	kansabwe
network	imayuwe
neutral	zilakati aakati
never	taakwe
never give up	utaleki pe
never mind	toziyeeyi
nevermind	utachiziyeeyi
nevertheless	nikuli mbuboobo
new	chipya
news	makani
next	chiza
next to	afwiifwi a
nice	nchibotu
nice to meet you	ndabotelwa kukuswaana
niece	mujwa
night	mansiku
nightmare	maloto mabi
nine	musanu atune
nineteen	kkumi lilamusanu atune
ninety	makkumi musanu amakumi aane
No	peepe
no problem	taakwe bubi pe
no way	tazichiti pe
nobody	taakwe muntu
noise	musabilo
noisy	chilamusindo
none	taakwe
noon	sikati
nope	pepe
nor	nansya
normal	mbukubede
north	kunyika
nose	mpemo
nostalgic	mamvwido akuyeeya zyechiindi
not	teensi
not at all	taakwe pe
not bad	tachili chibi pe
Not now	Pepe lino
not yet	takuna pe
note	kagwalo
noted	ndamvwa
nothing	taakwe
notice	lugwalo lupa nchenjezyo
notice	kubona
noticed	wakabona
noun	zina
nouns	mazina
novel	bbuku lyatwaano
november	vumbipati
now	lino
nowadays	mazubaano
nuisance	zilasesemya
null	taakwe
numb	tamvwi
number	mweelwe
nurse	moongi
nut	ndongo
nut	bbawuti
nutmeg	i-nutmeg
nutrition	chakulya chiyaka mubili
oath	chikonke
obesity	kuneeneyesya zyindililde
obey	lemeka
object	kaka
objective	chilangilwa
obligation	mulandu wakwe
obscure	kujalila
obscure	kusinkila chitu kuti tachiboneki
observation	chakaboneka
observe	langisisya
obsessed	kuyaandisisya kwiindilide
obsession	kuyanda chintu kwiindilide
obsolete	chakafwa
obstacle	chakachizya
obtain	jana
obtained	wakajana
obvious	mbuzyalangilidwe
obviously	mbuzyalangidwe kuba
occasionally	chimwi chiindi
occupation	mulimu
occupied	kunjila
occur	kuchitika
occurred	zyakachitika
occurs	zichitika
ocean	lwizi
october	kavumbikaniini
odd	chilsiyene
odds	taziyondochitika
of	cha
of	wa
of course	mbubo
off	kutabawo
offensive	zilamulandu
offer	amba nzoyanda
offer	pa
office	wofesi
official	zilimumulawu
often	chiindi chiingi
Oh	Amu
Oh	O
oh really	amu mbubo na
oil	oyili
ok	kabotu
ok dear	owoo mwana
ok honey	iyii muyandwa
ok my love	iyii muyandwa
okay	kabotu
okay baby	owoo bbebbi
okay dear	iyii mwana
okay honey	owoo noyandwa
okay my love	iyii muyandwa wangu
old	chechiindi
on	etala
once	lumwi
one	chomwe
one language is never enough	mulaka omwe tuzulili pe
onion	onyeni
online	gubi
only	achilike
open	jula
operation	kuchita
operation	kufundwa
opinion	mubono
opportunities	myeenya
opportunity	mweenya
opposite	limwi bbazu
optimistic	kusyoma
option	chakusala
optional	chakulisalila
or	naakuti
orange	fuleente
orange	muchelo orange
order	kubambika
ordinary	zilizibilikide
organization	bungano
orientation	kutondeezya
origin	nkuzizwida
original	chili nchicho
Oromo	chiOromo
orphan	muchaala
other	chimwi
otherwise	pesi
ought	kulangila
our	zyesu
Our mission: to enable everyone, everywhere to understand the world and express themselves across languages.	Mpalamo yesu: kuchita kuti bantu boonse munyika bakonzye kulyaambwida mumilaka njibayanda
Our mission: to organize the world's information and make it universally accessible and useful.	Mpalamo yesu: kubungania majwi amunyika yoonse akuchita kuti ajanike abeleseke
out	aanze
outcome	zyazwa
outfit	chizwaato
outgoing	kweendeenda
outlet	kuzwida
outline	baluuka
outside	aanze
outstanding	chilisiyene azimwi
oven	wovoni
over	aatala
over there	okuya
overall	zyoonse
overcome	zunda
overthinking	kuyeeya kwiindilide
overwhelmed	kuvulilwa
overwhelming	nzyiingi kwiindilila
owe	kukweleta
owl	chipolo
own	chaba chako
owner	mwani
ox	nkabe
pace	ntambo
pack	kulongela
package	kulonegala
paid	chakabbadalwa
pain	machise
paint	penta
painting	kupenta
painting	chipentedwe
pair	zyobilwe
pale	kutubuluka
palm	janza
pan	ipani
pandemic	dwazi lijaya
panic	kuteketa
pants	tubbudula
paper	ipepa
paradise	julu
parallel	kumbali
parcel	pasulo
pardon	amba lubo
parents	bazyali
park	kwakulyookezezya
parrot	kayuni
parsley	iparsely
part	bbazu
participate	jatikizya
particular	chilinsini
particularly	eechi lwacho
partner	mwenzuma
party	musobaano
pass	kuzwidilila
pass	yiinda
passage	kaano
passage	nzila yakwiinda
passed	wakazunda
passed	wakiinda
passion	moyo uuyanda
passionate	chiyandisyo
passive	kuchitika kakutabwenekede
password	bbalansiswa
past	chiinda
patch	chigamba
path	nzila
pathetic	nchibi loko
patience	kulindila
patient	sikuchiswa
pattern	kweenda kwezyo
pause	imikila buniini
pavement	nzila yakumbali amugwagwa
pay	bbadala
payment	kubbadala
payment	luliyo
peace	luumuno
peaceful	muluumuno
peach	i-peach
peak	kutala
pear	muchelo wa pear
peas	i-peas
peculiar	chilisiyene
pee	kusuba
peel	papula
peer	muzolani
peers	basimusela omwe
pen	peni
pencil	mpesele
pending	zichilindidwe
people	bantu
pepper	mpilipili
perceive	maboneno
perception	zilimuboongo
perfect	chilinchicho
perform	chita
performance	musaano
perhaps	amwi teni
period	muchiindi
permanent	chiindi choonse
permission	nzumizyo
permit	kuzumizya
perseverance	kujatilila choonse chiindi
persistent	kujatilila eechintu
person	muntu
personal	nchamuntu
personality	buntu
perspective	mubono
persuade	kukombelezya
pervert	kubisya
pet	kanyama kalelwa amuunzi mbuli mubwa akakkiti
phase	chiindi
phenomenon	chintu chachitika
philosophy	luzibo lwazichitika
phone	fooni
photo	mufanikisyo
phrase	munchali
physical	chijatika
pick	bweza
pick up	bweza
picture	mufanikisyo
piece	chimpanzi
pieces	zifwafula
pig	ngulube
pigeon	nkwilimba
pile	ilika
pillow	pilo
pilot	mweenzyi wendeke
pin	pini
pineapple	i-pineapple
pink	mubala wachiyokansi
pit	dindi
pitch	kutondeezya
pity	luzyalo
place	busena
places	masena
plague	malwazi aakapaluka
plain	taakwe chintu
plan	bambila
plane	ndeke
plant	byala
plants	zimena
plants	zilyo
plate	ndido
platform	akwaambwida
play	kusaana
playing	kusaana
pleasant	nchibotu
please	inche
pleased	kubotelwa
pleasure	kunonezegwa
pledge	chikonke
plenty	nzyiingi
plot	muunda
plug	syomeka
plum	i-plum
plumber	sikulungisya mapayipi
plural	zyiingi
podcast	majwi arekkodedwe ajanika egubi
poem	kapeto
poetry	zyatupeto
point	tondeka
poison	musamu ujaya
police	bakapokola
police	mapulisa
policy	mulawu
polite	kulibombya
pollution	kubisya bwaanze
pond	chikkala
pool	dambwa
poop	mazyu
poor	kufwaba
pop	kubbutuka
popular	kuzibinkana
population	buvule bwabantu
pork	nyama yengulube
porridge	gele
port	kumbali alwizi kwiima bwaato
position	chuuno
positive	kuba simpe
possess	chaba chako
possession	chako
possessive	kuyanda chibe chako olike
possessive	kuyanda kuti abe wako olike
possible	kukonzeka
post	kwiinda
post	kutumina
postpone	kwiimika
potato	gwili
potential	chilakonzya
pound	twa
poverty	kufwaba
power	manguzu
powerful	zilamanguzu
practical	zilakonzeka kuchitika
practice	eezya
praise	lumbayizya
prank	kusoka busisikide
pray	komba
precious	chileebwa
precise	mpawo loko
precisely	mpawo
predict	yeyela
prefer	kuyanda chimwi kwiinda chiimwi
preference	ziyandikana kwiinda zimwi
pregnant	uleda
prejudice	kukachizya
premises	mawofesi
premium	zyeetala
preparation	kubambila
prepare	bambila
prepared	kulibambila
preposition	nambanisyo
presence	kubawo
present	mpali
present	lino
presentation	kutula malembe
presentation	kutula majwi
preserve	londola kabotu
president	muzuluzi
press	basimakani
press	tyanka
pressure	kufwambanisigwa
pressure	kujatwa manguzu
pretend	kuchitaanga
pretty	kubota
prevent	tabilila
previous	kusanguna
prey	kujiilwa kuligwa
price	muulo
pride	kuliyanda
priest	mupayizi
primary	chikolo chaansi
primary	chakusanguna
prime	chipati
prime	chikoloondo kwiinda zimwi
princess	mwana wamwami
principal	mupati wechikkolo
prior	kazitanachitika
priority	chipati
prison	jele
prison	ntolongo
privacy	nsiswa
private	nsiswa
privilege	cheelelo
prize	muulo
probably	ateni
problem	penzi
procedure	nzila yakutobelezya
proceed	inkila kunembo
process	mabambe
produce	panga
produce	chita
product	chintu chizwa
production	kupanga zintu
profession	mulimu
professional	muntu uyiide
profile	bwiime
profit	makwebo
profound	simpe pati
progress	kuya kunembo
project	mabambe
prominent	kuzibinkana
promise	kusyomezya
promote	sumpula
promotion	kusumpulwa
prompt	mpawaawo
prone	muntenda
pronouns	injiminazina
pronunciation	miitilo
proof	bukamboni
proper	oobotu
properly	kabotu
properties	zijanika mukati
property	lubono
property	zilongo
proposal	chikumbilo
prospect	zilangilwa
prosperity	kuzwidilila
prosperous	kuzwidililila
protect	tabilila
proud	kulidunda
prove	tondeezya kuti ndisimpe
provide	janisya
provide	pa
provided	kujanisigwa
province	chilikiti
provision	zipegwa
puberty	chiindi chakuzwa kubuniini kuya kupati
public	aabantu
pull	kwela
pumpkin	tangazungu
punctual	muchiindi cheelede
pupil	mwana wechikolo
purchase	kuula
pure	nchibotu
purple	ntumbula
purpose	mpalamo
purse	chikwama
pursue	tobela
pursuit	kutobela
push	tonta
put	bika
qualification	zyiiyo zyeelede
qualification	kuba aziyandikana
quality	bubotu
quantity	kuvula
quarantine	kubikkwa olike
quarrel	kukazyania
quarter	kampanzi
Quechua	chiQuechua
queen	bakkazi bamwami
queer	tachizibilikide
query	kunyotooka
question	mubuzyo
queue	mulongo
quick	kufwambaana
quickly	fwambaana
quiet	kumuna
quilt	tebwe
quit	leka
quite	kapati
quiz	mibuzyo
quotation	muulo ulembedwe
quote	tola majwi amuntu
quotes	twaambo twakaambwa
rabbit	kasulwe
race	mujiizyano
race	bantu bamusyobo omwe mbuli makuwa abantu basiya
rage	kunyema loko
rain	imvula
raise	nyampula
raised	kunyampulwa
raised	kusumpulwa
ran	wakachijaana
random	chimwi biyo
range	muchiimo eecho
rapid	chakufwambaana
rapidly	chakufwambaana
rare	taziyondochitika
rarely	tazichitiki loko
rash	bukoto
rash	fumukwa
rat	ibbende
rate	nzila yakwenda kwezintu
rather	nikuba kuti
ratio	kweela
rational	mbuli mbukweelede
raw	chibisi
reach	kusikila
reached	yakasika
reaction	nzila yakutambula majwi naakuti chimwi chintu
read	bala
reading	kubala
ready	kulibambila
real	choonzyo
reality	chasimpe loko
realize	kubona
realized	kuzobona kuti
really	nchoonzyo na
rear	kusule
reason	cheetelezya
reasonable	zilamvwika
recall	kuyeeya
receipt	kutambula
receive	tambula
received	zyatambulwa
recent	lino lino
recently	chiindi chiinda
reception	kutambulwa
recipe	ziswanizigwa mukujika
reckless	kulilekelela
recognition	kuziba
recognize	kubona
recommend	kusalila
recommended	nziziyandikana
record	kurekkoda
record	kulemba
recover	kujana lubo zintu zyako
recovery	kuboozya
rectangle	i-rekutengulu
red	chisalala
redeem	kufutula
redemption	lufutuko
reduce	selezya
redundant	kwiindulula
refer	yinzya
reference	kulanga kulichimwi
reflect	kuotondeezya
reflection	limwi bbazu
refrain	leka
refrigerator	filiji
refund	kubweedezya mali
refund	kkuboozya mali
refuse	kaka
refused	wakaka
regard	kulemeka
regarding	kakulangidwe
regardless	kakutalangwi
regards	majule
region	cheengele
register	lembesya
regret	kulisola
regular	zilachitika chitika
regularly	chindi chiingi chitalidwe
reject	kukaka
relate	zileendelana
related	basinzubo
relationship	bulyidilano
relative	bbululu
relatives	zibbululu
relatives	basinzubo
relax	kkalinkana
release	kulekela
released	kugwisigwa
relevant	zyeelede
reliable	chilasyomeka
relief	kwefuula
relieve	kwangunuka
relieved	wangunuka
religion	lusyomo
religious	zyensondo
reluctant	kulyiiba
rely	kuyaama
remain	chaala
remaining	kuchaala
remarkable	chintu chibotu
remedy	chigwasizya kulungisya
remember	yeeya
remind	yeezya
reminder	chiyeezyo
remote	kule
remove	gwisya
render	pa
rent	renti
repair	lungisya
repeat	yindulula
replace	kubikka chimbi
reply	sandula
report	majwi
report	kuman'gala
represent	kwiminina
reputation	bulemu
request	kumbila
require	kukumbila
required	chiyandikana
rescue	kufutula
research	mfunkununo
resemble	zikozyania
resentment	kutayanda chintu
reservation	kubambilwa
reserve	siya zimwi
resident	mukkali
resign	kuleka mulimu
resilience	kusima
resilient	kukkalilila
resist	kukaka
resistance	kukachila kutambula
resolution	kumana penzi
resolve	mana penzi
resort	busena bwakuswayila
resort	bweeda
resources	zyakubelesya
respect	lemeka
respond	vwiila
response	nsandulo
responsibility	mulandu wakwe
responsible	kuba achintu chakuchita
rest	kulyookezya
rest in peace	lyokeezye mulumuuno
restaurant	ng'anda yakulyida
restore	bweedezya
restrict	kkasya
result	mpindu
results	mpindu
resume	sanguna
retail	kuuzya
retain	kuchaala chaba chako
retention	kukkala kachili chako
retired	wakaleka
retreat	kubweeda
retrieve	kuboozya
return	boola
reveal	wavundula
revealed	zyaba entanganana
revenge	kubwedezya
revenue	mali
reverse	chibundasule
review	langa lubo
revise	langa lubo
revision	kulanga lubo
revolution	kusanduka
reward	chipo
rhythm	kweendelana kwezilizigwa
rib	kampango
rice	rayisi
rich	munoti
rid	gwisya
ride	tanta
ridiculous	chilagambya
right	chilikabotu
right	chilisyo
right now	lino
rigid	kuyumya mutwe
ring	i-ringi
rinse	sumbuluzya
riot	nyonganyonga
ripe	kubizwa
rise	nyampuka
risk	ntenda
rival	sinkondoma
river	mulonga
road	mugwagwa
roast	kukkanga
robust	changuzu
rock	bbwe
rod	nsamu
rod	mufunko
role	mukuli
roll	kunkulisya
roof	kaluli
room	ng'anda
root	muyanda
rope	lukumba
rope	ntambo
rotten	chilibolede
rough	munzila mbi
roughly	muzila mbi
round	dendelete
route	nzila
routine	munzila yezyo
row	mulongo
rub	bukusa
rubber	labba
rubbish	tombe
rude	kutaswiilila
rug	chicheka
ruin	nyonyoona
rule	tonga
ruler	rula
rules	milawu
run	chijaana
running	kuchijaana
rural	kumuunzi
rush	fwambaana
sack	saka
sacred	chabunaleza
sacrifice	kulipeda
safe	chilabutabilizi
safe flight	weende kabotu kulweendo lwako lwendeke
safety	butabilizi
sage	masokwe
said	wakati
sail	kuyamba
sailing	kuyamba bwaato
sake	nkaambo
salary	muholo
sale	kuuzya
salmon	inswi
salt	mwinyo
same	kulakozyania
Same here	akokuno mbubo
sample	chitondeezyo
sand	muse
Sanskrit	chiSankrit
sarcastic	chichititwe munzila isesya
sassy	kusekelela kubotelwa
sat	wakakkala
satisfaction	kkutisikana
satisfied	kukkutisikana
satisfy	kukkutisika
satisfying	kukkutisikana
Saturday	Mugibelo
sausage	soseji
savage	kuyoosya
save	londola
saw	wakabona
say	tedi
scale	chikkelo
scam	kubbidwa
scar	aakali chilonda
scarce	tazijaniki
scared	kuyoowa
scarf	chicheka chamumukosi
scary	chilayoosya
scattered	kusansaana
scene	aawo achitikila chintu
scenery	busena bweebegwa
scent	kununkilila
schedule	mabame
school	chikolo
science	sayensi
scientist	wezya sayensi
scientists	bazya sayensi
scissors	chigelo
scold	kulaya
scope	mubweendelezi
score	gozya
scrap	gwisya
scratch	kwamba
scream	kwiila
screen	skrini
screw	chipikili
script	malembe
sea	lwizi
seal	kujala
search	yanduula
season	mwaaka
seat	chibbula
second	chamibi
secret	nsiswa
section	bbazu
secure	tabilila
security	butabilizi
see	bona
see	langa
see you	ndilakubona
see you later	ndilakubona kunembo
see you soon	ndilakubona lino lino
see you tomorrow	ndilakubona juunza
seed	mbuto
seek	kuyanduula
seem	kubaanga
seems	kubaanga
seen	wakaboneka
seize	jata
seizure	kusuntuka
seldom	nkuchekuche
select	sala
self	muntu lwakwe
self healing	kupona olike
selfish	kulilanga lwako
sell	kuuzya
send	tumizya
send me your picture	nditumizye mufanikisyo wako
senior	mupati
sense	boongo
sensible	zilamutwe
sensitive	nchilemu
sent	chakatumizigwa
sentence	munchali
sentences	michali
separate	anzaania
Sepedi	chiSepedi
september	vwivwi
sequence	mbuzitobelana
series	zyiindululwa
serious	zyesimpe
seriously	loko loko
serve	kubelekela
service	kweendelezya mulimu
session	chimpanzi
set	bika
set up	lungisa
setting	mabambe
settle	kkalinkana
seven	musanu atubili
seventeen	kkumi lilamusnu atubili
seventy	makkumi musanu amakkumi aabili
several	zyiingi
severe	zyabija loko
sew	suma
shade	mweenzule
shadow	muzuzumbwe
shake	kkuchunia
shall	kulaba
shallow	nchifwiifwi
shame	nsoni
shape	kubumbwa
share	aaba
sharp	kubosya
she	wechanakazi
she has	ule
she is	uli
shed	chitungu
sheep	mbelele
sheet	lembo lyakuyala
shelf	shelufu
shell	chikanda
shelter	ng'anda
shield	kuvumba
shift	chiindi chamulimu
shift	kusunzuluka
shine	mweka
ship	bwaato
shipping	kweenzya zintu mubwaato
shirt	chibaku
shoes	nsangu
shoot	dubula
shoot	tola mufanikisyo
shop	chintoolo
shopping	kuula
shore	kumbali alwizi
short	chifwiifwi
shortage	kucheya
shot	wakadubula
should	cheelede
shoulder	ikkuko
shout	tambwizya
show	tondeezya
show me	nditondeezye
shower	kusamba
shrimp	kanyamankala kamumaanzi
shrink	kuboola amwi
shut	jala
shut up	umuna
shy	nsoni
sibling	muntu ngumuzyalwa aawe
siblings	mbozyalwa aabo
sick	kuchiswa
side	kumbali
sigh	kutula choyo
sight	kubona
sightseeing	kweeba busena
sign	chitondeezyo
signature	siginecha
signature	nzilingo
significant	chileelede
silence	kuumuna
silent	kuumuna
silk	mulembo
silly	bututa
silver	siliva
similar	chilakozyania
simp	muntu uchitila ngwayanda zintu zyiingi
simple	nchuuba
simultaneously	chiindi chomwe
since	kuzwida
sincere	nchobeni
sincerely	amoyo woonse
sing	yimba
singer	mwiimbi
single	alike
sink	kuniula
Sir	Ta
sister	muchizi
sister in law	malima
sit	kkala
site	busena
situation	chiimo
six	musanu akamwi
sixteen	kkumi lilamusanu akamwi
sixty	makkumi musanu alimwi
size	nsayizi
skill	busongo
skills	busongo
skin	chikumba
skinny	kukotela
skip	sotoka
skirt	chikketi
sky	ijulu
slave	muzike
sleep	lala
sleep	wona
sleeping	koona
sleepy	kumvwa ng'onzi
sleeve	kuboko kwechizwaato
slice	chimpanzi
slide	tonta
slightly	buniini
slim	ulikotede
slip	kapepa
slope	munkunu
slot	chibaka
slow	kuneelela
slowly	buche buche
slowly	mbuchani mbichani
small	chiniini
smart	busanambi
smell	kununka
smile	mwekamweka
smoke	busi
smooth	chuuba
snack	chakulya chakujana bunyeela
snail	nkumba
snake	nzoka
snap	mufanikisyo
snow	mpeyo yamabwe
so	oobu
so cute	kubota
so far	kwalino
soak	nika
soap	sipa
sober	takkoledwe
soccer	mupiila
social	kukkalisyania
society	bukkale
socks	sokesi
soft	chuuba
software	zyenzya minchina
soil	muse
sold	kuuzigwa
sold out	zyawuzigwa zyoonse
soldier	silumamba
sole	achilike
sole	alike
solid	chilijisini
solution	kumana penzi
solve	lungisya
solve	mana penzi
some	zimwi
somebody	umwi
somehow	bumbi
someone	umwi muntu
something	chimwi chintu
sometimes	chimwi chiindi
song	nyiimbo
soon	lino lino
sophisticated	chiyandikana kujatwa kabotu
Sorani	chiSorani
sore	kuchisa
sore throat	kuchisa aamoyo
sorrow	mapenzi
Sorry	Lulekelelo
sort	bamba
sought	kuyanduulwa
soul	muuya
soulmate	muyandwa wamoyo
sound	musindo
soup	musinza
sour	kupanyuka
source	nkuzizwa
south	kumusanza
space	bbazu
spam	zitakwe mutwe
span	sendeka
Spanish	ChiSpanish
spare	chimwi chakumbali
speak	ambuula
special	nchibotu chilemekeka
species	musyobo
specific	nchicho loko
spectacular	chileebeka
speech	majwi
speechless	kubula majwi
speed	kuchijaana
spell	peleta
spend	wakabelesya
spent	zyakabelesegwa
spicy	zilula
spike	yasa
spin	pindimuna
spinach	chisyu che spinach
spirit	muuya
spit	swida
splendid	nchibotu
split	anzaania
spoil	bisya
spoiled	kubisya
spontaneous	chintu chichitika mpawaawo
spoon	chipunu
spot	aawo
spouse	mulumakwe
spouse	banakwe
spread	sansaania
spring	chilimu
square	sikweya
squeeze	kudina
squid	chinyamankala chamumaanzi chabuulu bulamfu
squirrel	kayuni
st	mugwagwa
stab	yasa
stable	kukkalinkana
stack	kubika eetala
staff	basikubeleka
stage	achiimo echi
stain	bbata
stairs	mintambiliko
stake	chisamu chakusyomeka
stalk	kuyubilila
stall	kwiimika
stamp	chidindo
stand	chitanda
standard	mbukubede
star	nyenyeezi
start	sanguna
started	wakatalika
starving	kufwa nzala
state	mbuchibede
statement	malembe
statement	majwi
station	chitishini
statue	chifanikisyo chakubeza
status	chiimo
stay	kkala
stay safe	kkala kolitabilide
steady	kukkalinkana
steak	nyama
steal	bba
steam	muuya upya
steel	nsimbi
steep	kubbila
stem	chisiko
step	nyendelo
stick	kuchiswa
stiff	nchiyumu
still	kulizinza
still	nikuba oobo
sting	kuyaswa
sting	kulumwa
stingy	muunyu
stir	kopa
stock	zintu zyuulidwe
stolen	zyakabbigwa
stomach	bula
stomach	tumbu
stone	ibbwe
stood	wakiima
stool	chibbula
stop	ima
storage	kwakubambila
store	longela
storm	mvula mpati
story	lwaano
stove	chitofu
straight	kululama
straightforward	zililuleme
strain	kudonseka
strange	tachimvwisisiki
stranger	mutuba
strategy	nzila ibambidwe
straw	ikkuba
strawberry	i-strawberry
streak	mukondo
stream	kutondeezya
street	mugwagwa
strength	kusima
stress	kulikataazya
stretch	kulampa
strict	kutobelezya zyoonse zyeelede
strike	kutakata mulimu
strike	kuuma
string	lukumba
strip	gwisya
strive	kweezya
stroke	kulebuuka
strong	chilisimine
struck	kutululwa
struck	kutemwa
structure	chibumbwa
struggle	buyumuyumu
struggling	koomba
stubborn	mutwe muyumu
stuck	kupatila
student	sikwiiya
study	kwiiya
study	kubala
studying	kwiiya
studying	kubala
stuff	mufunko
stunning	chabotesya
stupid	chituta
style	nzila yakuchitwa
style	buchitwe
subject	muntu ubeleka
subject	chiiyo
submission	kulibombya
submit	kulipeda
submit	kutula
substance	chintu
substitute	chakabika aalichimwi
subtle	obotu
succeed	kuzwidilila
success	kuzwidilila
successful	wakazwidilila
such	mbuli
such as	mbuli
suck	nyonka
sudden	mpawo
suddenly	mpawo mpawo
suffer	kufwaba
suffering	koomba
suffering	kufwaba
sufficient	kulazulila
sugar	shuga
suggest	pa muzeezo
suggestion	muzeezo
suit	isuti
suitable	cheelede
suitable	weelede
suitcase	sutukesi
sum	vwangania
summary	mubufwiifwi
summer	miinza
summit	muswaangano
sun	izuba
sunday	nsondo
sunny	kubala kwezuba
sunset	kubbila kwezuba
sunshine	kubala kwezuba
super	nchibotu
superior	mupati
supervisor	sikulanga
supervisor	folomani
supper	chilalilo
supply	sisya
support	lugwasyo
suppose	kuyeyela
supposed	zyakeelede
sure	simpe
surface	etala echintu
surge	kutanda
surgery	kukkilinika
surname	mutupo
surprise	chigambyo
surprised	kugamba
surrender	kukonwa
surrounding	zizyungulukide
surveillance	kulangulilsya
survey	yandulisisya
survive	kupona
suspect	uyeyelwa
suspended	kwiimikwa
suspicious	kuyeyela
sustain	kugwasya
sustainability	zilakonzeka
sustainable	zilachitika
swag	kuzwata zibotu
swallow	mena
swap	chinchaania
swear	kukkonka
sweat	zitukuta
sweater	juzi
sweep	kuyiila
sweet	chinono
sweet dreams	ulote zibotu
sweet tooth	kuyanda zinono
sweetheart	muyandwa wamoyo
swell	kuzimba
swelling	kuzimba
swim	dubbwa
swimming	kudubbwa
swing	kuyuunta
switch	chinchaania
swollen	kuzimba
sword	fulo
sword	panga
symbol	chitondeezyo
sympathy	luzyalo
symptoms	zitondeezyo
system	nzila yakuchita zintu
table	tebuli
tackle	kujata
tag	kapepa kalembedwe
tail	muchila
take	tola
take away	kwiinka aazyo
take care	londola
take off	nyampuka
taken	zyabwezwa
talk	ambuula
talkative	kwaambulisya
tall	mulamfu
tap	mpompi
tape	chakwaanzya
target	chilangidwe
task	chakuchita
taste	kulabila
tasty	kunona
taught	wakayiisya
taught	wakayiisigwa
tea	itii
teach	yiisya
teacher	muyiisyi
team	kabunga
tear	delula
tears	misozi
tease	kusoba
technology	zyaminchina yamazubaano
teeth	meno
tell	ambila
tell me	ndibuzye
temper	kunyema
temperature	kumpya naa kuntontola
temple	tempeli
temporary	kwachiindi chifwiifwi
ten	kkumi
ten thousand	zyuulu zili kkumi
tenant	sikuyalila
tenant	loja
tend	kweelede
tendency	chiimbo
tender	chiniini
tender	chuuba kujata
tense	kutamvwanana
tense	ngambwido
tension	kutamvwanana
tent	tente
tentative	chinga chilaba
term	bbala
term	temu
terms	zyakutobelezya
terrible	chilayoosya
terrific	kuvulisya
territory	busena oobo
test	langa
test	ezya
text	mulumbe
than	kwiinda
thank	lumba
thank you	twalumba
Thank you for your patience while we investigate shipment	twalumba amoyo wako mulamfu nituchi yanduulisisya aatala alubono oolu
thank you so much	ndalumba loko
thank you very much	ndalumba loko
thanks	ndalumba
Thanks for using our app	twakulumba akubelesya app yesu
that	echiya
that	eecho
that is	nkokuti
that's good	eechi nchibotu
the	chi
theft	bubbi
their	zyabo
them	bo
theme	musongosongo
themselves	bo lwabo
then	mpawo
theory	bwiime bwamiyeeyo
theory	bwiime bwamizeezo
there	ookuya
there	aalya
there are	kuli
there is	kuli
therefore	musule azeezyo
therefore	mpawo
these	eezi
they	bo
they are	bali
thick	chilivulide
thief	sikubba
thigh	chibelo
thin	chilikotede
thin	chilinyanide
thing	chintu
things	zintu
think	yeeya
third	watatu
thirsty	nyota
thirteen	kkumi atutatu
thirty	makumi atatu
this	eechi
this is	echi nchi
thorough	kuchita zyoonse kabotu
thoroughly	kuchita kabotu
those	eeziya
those	eezyo
though	pesi
thought	muyeeyo
thoughtful	kuyeeya kabotu
thoughts	miyeeyo
thousand	chuulu
thread	luchinda
threat	chiyoosyo
threaten	kuyoosezya
three	zitatu
threshold	mulyango
thrilled	kubotezegwa
thrive	kweezya
throat	aamoyo
through	kwiinda
throughout	muli zyoonse
throw	waala
thumb	chaala
thunder	kalabi
Thursday	Bwane
thus	aboobo
tick	kwenga
tide	mayuwe
tidy	kuli salede
tie	anga
tiger	siluwe
tight	chilijisi
Tigrinya	chiTigrinya
time	chiindi
timid	moyo muniini
tiny	nkaniini
tip	kamali
tip	maanu
tips	maanu
tire	katala
tire	vili
tired	kukatala
tissue	tishu
title	chuuno
to	ku
to be	kulaba
toast	kkanga
today	sunu
toddler	mwana mutete
toes	tunwe twakumawulu
together	antoomwe
together	aamwi
toilet	chimbuzi
told	kwaambila
tolerance	kulekelela
tolerate	kulekelela
tomato	tamatisi
tomorrow	juunza
tongue	lulimi
tonight	sunu goko
too	achilacho
took	wakabweza
tool	chakubelesya
tools	zyakubelesya
tooth	lino
top	etala
topic	mutwe wamakani
torn	kudeluka
torture	kusyonsegwa
total	zyoonse
touch	guma
tough	nchiyumu
tour	kweendenda
toward	kutozya
towards	kutozya
towel	tawulo
town	dolopo
toxic	nchibi
trace	kutobelezya
track	tobelezya
trade	kuuzya
tradition	ziyanza
traditional	buntususu
traffic	kweenda kwaabantu naa moota
trail	kutobelezya
train	yiiya
training	njiisyo
trait	chimwi chiboneka
traits	zitondeezyo
transfer	yinzizya
transition	kusanduka
translate	sandwida
transparent	zili entanganana
transport	chakweenzya
transportation	zyakweenzya
trap	kuteya
trash	tombe
trauma	kuyoowa amachise
travel	yenda
tray	itireyi
treasure	chintu chibotu
treat	silika
treatment	majatilo
treatment	kusilikwa
tree	musamu
tremendous	nchipati loko loko
trend	meendelo aazyo
trial	kubeteka
trial	kweezya
trick	kubbidikizya
tried	wakeezya
trigger	cheetelezya
trim	nengulula
trip	lweendo
trouble	penzi
trousers	talawuzi
truck	loli
TRUE	choonzyo
trunk	chisiko
trust	kusyoma
truth	simpe
try	ezya
Tsonga	chiTsonga
tube	ichubbu
Tuesday	Bwabili
tuition	mali yechikolo
turkey	ngalukkuni
turmeric	i-tumeric
turn	kunyona
turtle	fulwe
tutor	muyiisyi
twelve	kkumi atubili
twenty	makumi abili
twenty-one	makkumi abili akamwi
Twi	chiTwi
twice	tubili
twist	monya
two	zyobilwe
type	musyobo
typical	mbukubede
ugly	nchibi
ultimate	kuchitika kumamanino
umbrella	amburela
unable	kukachilwa
uncle	tatalenzi
unconscious	ulizilikide
under	munsi
underneath	munsi enyika
underrated	chilangilwa ansi
understand	mvwisisisya
understood	nzyamvwisisika
unfortunately	kakutalimbubo
uniform	yunifomu
unique	chisalikene
unit	chintu
university	yunivesiti
unknown	tazizibinkene
unless	kunze kwakuti
until	kusikila
unusual	tazizibilikide pe
up	kujulu
up to you	kulinduwe
update	majwi akunembo
upgrade	kusumpula
upon	aawo
upset	kubijilwa
urban	dolopo
urban	muchikuwa
urge	sungwaazya
urgent	chakufwambaana
us	iswe
use	belesya
used	chakabelesegwa
useful	chilabeleseka
useless	tachibeleki pe
usual	mbuli lubbe
usually	chiindi chiingi
utility	kubeleseka
vacation	chiindi chakulyookezya
vaccination	kuyasa nsunda
vaccine	nsunda
vacuum	kuchaala kamutakwe chintu
vague	tazimvwiki oobotu
valid	chichibeleka
valley	kkuti
valuable	chilalemekeka
value	bulemu
variety	zisiyene
various	zisiyene
vary	kusiyana
vase	vaazi
vast	buvule
vegetable	chisyu
vegetables	zisyu
vehicle	moota
vendor	sikuuzya
venom	musamu
venture	kunjila
venue	busena
verify	kulanga kuti nchicho na
versatile	kuchita zintu zisiyene
version	umwi musyobo
vertical	kulanzya kujulu
very	loko
very good	nchibotu loko
vessel	chakubikila
via	kwiinda
vibe	kubotezya
vibes	kunoneezya
vicious	nintenda loko
victim	sikunjila mupenzi
video	vidiyo
view	kweeba
village	gunzi
villain	muntu uchita zibi
vinegar	viniga
vintage	chibotu chakachitika chiindi
violence	lupyopyongano
violent	muntu wakulwana
viral	zyazula
virgin	nakalindu
virtual	muluuwo
virtue	kulijata kubotu
vision	mubono
visit	kuswaya
visual	ziboneja
vital	chilayandikana
vivid	kuyeeya kabotu
vocabulary	mabala
voice	ijwi
void	tachichibeleki
volume	musabilo
volume	musindo
volunteer	sikulipeda
vomit	luka
vulnerable	ulimuntenda
wage	mufolo
wages	miholo
wages	mifolo
waist	chikungu
wait	linda
waiter	sikupa chakulya
waiting	kulindila
wake	buka
wake up	buka
walk	enda
walking	kuyobweenda
wall	bulambo
wall	muduli
wallet	chikwama
wander	kwendeenda katakwe nkoya
wanna	ndiyanda
want	kuyanda
wanted	wakali kuyanda
war	nkondo
wardrobe	wodiropu
warehouse	kung'anda kubambwa zintu
warm	kukasaala
warn	kupa nchenjezyo
warning	nchenjezyo
warrior	mulwani
was	wakali
was	chakali
wash	wacha
waste	saania
watch	wachi
water	maanzi
water	meenda
watermelon	namunwa
wave	mayuwe
way	nzila
we	iswe
we are	tuli
we can	tulakonzya
weak	kubula manguzu
weakness	kubula manguzu
wealth	kunota
wealthy	bunoti
wear	zwaata
wearing	kuzwaata
weather	bwiime bwakunze
wedding	muchado
Wednesday	Bwatatu
weed	sokwe
week	imviki
weekend	kumana kwemviki
weight	bulemu
weird	tachimvwisisiki
welcome	watambulwa
welfare	bupone bubotu
Well	Obotu
well done	wachita kabotu
went	waya
went	wakaya
were	bakali
were	zyakali
west	kububbila
wet	nchitete
whale	inswi mpati loko
what	inyamanzi
what about you	ani iwe
what are you doing	ulikuchita nyamanzi
what are you doing now	ulikuchita nyamayi lino
what are you doing right now	ulikuchita nyamanzi lino
what do you do	uchita nyamanzi
what do you do for a living	uchita nyamanzi mubuumi bwako
what do you mean	waamba nyamayi
what do you want	uyanda nyamanzi
what happened	niinzi chakachitika
what is	niinzi
what is this	niinzi echi
what is your job	mulimu ulibiyeni ngochita
what is your name	nduweni izina lyako
what's up	zityeni
what's your name	nduweni zina lyako
whatever	nikuba echili
wheat	witi
wheel	vili
when	ilili
whenever	alili
where	okuli
where are you	uli kuli
where are you from	uzwa kuli
where are you now	ulikuli lino
where do you live	ukkala kuli
where is	uli kuli
whereas	kakuli kuti
whether	naakuti
which	chili
while	nikuchili
whisper	kuvwiyavwiya
whistle	kusibilizya
white	kutuba
who	ngwani
who are you	nduweni
who is	ngwani u
who is this	ngwani oyu
whole	choonse
whom	oyo
whose	njiayani
why	nkaambonzi
why not	nkaambo nzi
wicked	mubi
wide	kukwazamuka
widow	mukamufu
width	kukwazamuka
wife	mukayintu
wild	lusaka
will	kuyanda
willing	ulayanda
win	zunda
wind	guwo
window	windo
windy	guwo
wine	wayini
winter	mpeyo
wipe	sinda
wire	kawayile
wisdom	busongo
wise	mupampu
wish	kusyuulizya
wish you all the best	ndikusyuulizizya zibotu zyoonse
witch	mulozi
with	aamwi
withdraw	kugwisya
withdrawal	kugwisya
within	mukati
without	katakwe
witness	mukamboni
witness	mufakazi
witty	kwaambula munzila inonezya
wolf	wumpe
woman	mwanakazi
women	banakazi
won	kuzunda
won't	tako
wonder	chigambyo
wonderful	chibotu loko
wood	chisamu
wool	wuulu
word	bbala
words	mabala
work	beleka
work out	kubeleka
working	kubeleka
world	nyika
worm	kavwinyu
worm	wemusi
worn	kudeluka
worried	kulikataazya
worry	kuyeeya penzi
worse	nkubi
worship	komba
worst	nchaansi loko
worth	bulemu
worth it	zileelede
worthy	zyeelede
would	wali kuno
wound	chilonda
Wow	Amu
wrap	vunga
wrath	kunyema
wrist	janza
write	lemba
Write here	lemba aawa
writing	chakulemba
written	zililembedwe
wrong	chibi
wrote	wakalemba
yard	lubuwa
yawn	kulya myaayi
Yeah	iyii
year	munyaka
years	minyaka
yeast	i-yeast
yell	kwiila
yellow	muntondo
Yes	Iyii
yes baby	iyii bbebbi
yes dear	iyii mwana
yes honey	iyii muyandwa wangu
yes my love	iyii muyandwa wangu
yes of course	iyii loko
yesterday	ijilo
yet	kale
yield	kutebula
you	iwe
you are	uli
you are beautiful	ulimubotu
you are so beautiful	ulimubotu loko
you are welcome	watambulwa
you can	ulakonzya
You know	Ulizizi
you too	ayebo
you're welcome	watambulwa
young	muniini
your	chako
your welcome	watambulwa
yourself	iwe
youth	uchikomena
you’re welcome	watambulwa
yummy	zinono
zero	takwe
