a	a
a little	un pôc
a lot	un grum
a lot of	un sac di
abandon	abandonât
abandoned	abandonât
abide	rispietâ
ability	abilitât
able	bon
about	rivuart
above	sore
abroad	tal forest
absence	assence
absent	assent
absolutely	in mût assolût
absorb	assorbî
abstract	astrat
absurd	assurt
abundance	bondance
abundant	vivarôs
abundant	bondant
abundant	tant
abuse	abûs
abuse	abusâ
accent	enfasi
accent	acent
accept	acetâ
access	permès
access	jentrâ
access	acès
accident	incident
accommodation	sotet
accomplish	otignî
accomplished	finît
accomplished	espert
according	secont
account	rindicont
account	opinion
account	cont
accuracy	cure
accurate	curât
accused	imputât
ache	fâ mâl
ache	dolôr
achieve	otignî
achievement	incasinât
acknowledge	ricognossi
acquaintance	cognossint
acquaintance	cognossince
acquire	cuistâ
acquired	cuistât
acquisition	acuisizion
across	a traviers di
across	orizontâl
across	in
act	agjî
act	finzion
act	at
action	trame
action	moviment
action	azion
active	atîf
activities	ativitât
activity	ativitât
actor	atôr
actual	reâl
actually	in efiets
acute	alt
acute	spiç
acute	fin
adapt	adatâ
adapt	adatâsi
add	zontâ
addicted	dipendent
addition	zonte
additional	adizionâl
address	indreçâsi a
address	direzion
address	indreçâ
adequate	adat
adjacent	dongje
adjective	adietîf
adjust	modificâ
admire	amirâ
admit	ameti
adopt	adotâ
adorable	adorabil
advance	avanzâ
advance	avanzade
advance	anticip
advanced	avanzât
advantage	vantaç
adventure	aventure
adverb	averbi
advertisement	publicitât
advertising	publicizâ
advertising	publicitât
advice	consei
advise	conseâ
advocate	sostignî
advocate	sostignidôr
aesthetic	estetic
affair	venture
affair	afâr
affect	vê consecuence su
affection	afiet
afford	permetisi
affordable	economic
afraid	spaurît
after	dopo
afternoon	dopomisdì
afterwards	dopo
again	di gnûf
against	cuintri
age	etât
age	ete
agency	agjenzie
agency	azion
agent	agjent
aggressive	agressîf
agile	agjil
ago	indaûr
agree	concuardâ
agreement	acuardi
agriculture	agriculture
ahead	indenant
aid	aiût
aim	obietîf
aim	pontâ
air	aiar
airport	aeropuart
aisle	coridôr
aisle	nâfs
alarm	spaventâ
alarm	alarme
alcohol	alcul
alcohol	alcolics
alert	atent
alert	alarme
alert	alarmâ
alive	vîf
all	dut
all right	va ben
all the best	auguris
allow	lassâ
allowed	permetût
almost	cuasi
alone	bessôl
along	lunc
already	biel
Alright	Va ben
also	ancje
alternative	alternative
although	ancje se
always	simpri
am	soi
amazing	stupent
ambiguous	ambigui
ambition	ambizion
ambitious	ambiziôs
amend	modificâ
amid	tal mieç di
among	tra
among us	tra di nô
amount	impuart
amusing	divertent
an	un
analysis	analisi
ancestors	antenâts
anchor	ancure
anchor	condutôr
anchor	ancorâ
ancient	antîc
and	e
and you	e tu
angel	agnul
anger	rabie
anger	urtâ
angle	angul
angle	pont di viste
angry	inrabiât
animal	animâl
ankle	cjavile
anniversary	aniversari
announcement	anunzi
annoy	infastidî
annoyed	sustât
annoying	fastidiôs
annual	anuâl
anonymous	anonim
another	un altri
answer	rispueste
anticipate	anticipâ
anticipate	spietâsi
anxiety	ansie
anxious	ansiôs
any	cualsiasi
anymore	plui
anyone	cualsisei
anything	cualsisei robe
anyway	in ogni câs
anyways	in ogni câs
apart	separât
apartment	apartament
apologize	scusâsi
apparent	aparent
apparently	in aparence
appeal	apel
appeal	apelâ
appear	aparî
appearance	comparizion
appearance	aspiet
appeared	someât
appetite	apetit
apple	miluç
application	aplicazion
application	domande
apply	dâ sù
apply	doprâ
apply	aplicâ
appointment	apontament
appreciate	agradî
appreciation	ringraciament
appreciation	preseament
appreciation	increment
approach	frontâ
approach	svicinâsi
appropriate	just
approval	aprovazion
approve	aprovâ
approved	aprovât
approximately	cirche
april	Avrîl
arbitrary	arbitrari
architect	architet
architecture	architeture
archive	archivi
archive	archiviâ
are	son
are you	sêstu
are you busy	sêstu impegnât
are you married	sêstu maridât
are you married or single	sêstu maridât o no
Are you still there?	Sêstu ancjemò ai?
are you there	sêstu alì
area	aree
argue	barufâ
argument	barufe
argument	resonament
argument	dibatiment
arise	capitâ
arm	braç
army	armade
army	esercit
around	ator
around	reperibil
around	tor
arrange	stabilî
arrange	organizâ
arrangement	acuardi
arrangement	rangjament
arrangement	disposizion
arrival	vignude
arrive	rivâ al travuart
arrive	rivâ
arrived	rivâ al travuart
arrived	rivât
arrogant	rogant
arrow	frece
art	art
article	articul
artificial	artificiâl
artist	artist
as	come
as long as	fin che
as well	ancje
as well as	ancje
ash	cinise
ash	frassin
ashamed	vergognâsi
ask	domandâsi
asked	domandât
asleep	indurmidît
aspect	aspiet
Assamese	Assamese
assault	atac
assault	tacâ
assembly	assemblament
assembly	assemblee
assertive	determinât
assess	valutâ
assessment	valutazion
asset	ben
asset	vantaç
assets	bens
assign	assegnâ
assignment	incarghe
assignment	compit
assist	assisti
assist	dâ une man
assistant	assistent
associate	soci
associate	associât
associate	associâ
associated	associât
association	associazion
assume	presumi
assumption	suposizion
at	a
at	es
at least	almancul
ate	mangjà
athlete	atlete
attach	tacâ
attached	zonte
attached	afezionât
attachment	zonte
attachment	zontâ
attachment	tacament
attack	atac
attack	atacâ
attempt	tentatîf
attend	partecipâ
attendance	presince
attention	atenzion
attitude	ande
attract	atrai
attraction	atrazion
attractive	atraent
attribute	atribuî
attribute	atribût
audience	public
august	prestigjôs
august	Avost
aunt	agne
aunty	agne
authentic	autentic
author	autôr
authority	autoritât
autumn	Autun
available	disponibil
average	medie
avoid	evitâ
awake	sveâsi
awake	sveât
award	conferî
award	premi
award	decision
aware	cussient
awareness	cussience
away	vie
away	lontan
awesome	brâf
awesome	maraveôs
awful	trement
awful	propri
awkward	strani
Aymara	Aymara
baby	frutin di scune
bachelor	laureât
bachelor	vedran
bachelor	lauree trienâl
back	daûr
back	indaûr
back	schene
background	fonts
background	suaze
bad	trist
bad	mâl
bad	scjars
bag	bagai
bag	pachet
bag	borse
bait	lescje
bake	cuei tal for
bake	secjâsi
bake	scjafoiâ
bakery	for
baking soda	bicarbonât di sodi
balance	ecuilibrâ
balance	ecuilibri
ball	bale
Bambara	Bambara
banana	banane
band	bande
bang	sbati
bang	colpî
bang	bot
bank	arzin
bank	banc
bank	bancje
bar	sbare
bar	bar
bar	bancon
barely	a stentis
bargain	acuardi
bargain	tratâ
bargain	afâr
bark	vuacâ
barley	vuardi
barrier	bariere
base	base
based	cun sede
based	ambientât
basement	cantine
basic	essenziâl
basic	elementâr
basically	in sostance
basil	basili
bastard	bastart
batch	lot
batch	infornade
batch	dividi in lots
bath	bagn
bath	fâ il bagn
bathroom	bagn
battery	pachis
battery	batarie
battle	bataie
battle	combati
bay	baie
bay	orâr
be	jessi
be careful	sta atent
beach	splaze
beam	rai
beam	iluminâ
beam	trâf
beans	fasûi
bear	tolerâ
bear	ors
bear	sopuartâ
beard	barbe
bearing	angul
bearing	orientament
bearing	rilevance
beast	bestie
beat	bati
beat	batude
beautiful	biel
beauty	bielece
became	deventè
because	parcè
become	deventâ
bed	jet
bedroom	cjamare
bee	âf
beef	manç
beef	reclam
beef	reclamâ
been	stât
beer	bire
before	prime
began	scomençè
begin	scomençâ
beginning	principi
behalf	par cont di
behave	compuartâsi
behavior	compuartament
behaviour	compuartament
behind	daûr
being	jessint
belief	crodince
belief	fidance
believe	crodi
belly	panze
belong	apartignî
beloved	amât
below	sot
belt	cinture
bench	bancjute
bench	tignî in bancjute
bend	pleâsi
bend	pleâ
bend	volt
beneath	sot
benefit	benefici
benefit	gjoldi
benefits	beneficis
benefits	zovâsi
beside	rispiet a
beside	di bande
besides	e ancjemò
best	miôr
best of luck	buine fortune
best regards	cun rispiet
better	miôr
between	tra
beverage	bevande
beyond	plui di
beyond	oltri
beyond	indenant
Bhojpuri	Bhojpuri
bias	predilezion
bias	prejudizi
biased	di part
biased	plen di prejudizis
bicycle	biciclete
bid	ufrî
bid	ufierte
big	grant
bike	lâ in biciclete
bike	biciclete
bill	faturâ
bill	fature
bill	cont
bind	leâ
bird	uciel
birthday	complean
bit	pôc
bit	muardût
bit	tocut
bite	becade
bite	muardi
bite	bocjade
bitter	amâr
black	neri
blade	lame
blame	acusâ
blame	colpe
blank	vueit
blanket	totâl
blanket	strât
blanket	cuvierte
blast	spas
blast	esplosion
blast	sun improvîs
bleach	sblancjâ
bleach	varechine
blend	messedâ
blend	messede
bless	benedî
blessed	benedet
blessed	fortunât
blind	vuarp
blind	inceâ
blind	persiane
bliss	felicitât
block	bloc
block	blocâ
blood	sanc
bloom	rose
bloom	lâ in flôr
bloom	floridure
blow	colp
blow	soflâ
blow	sclopâ
blue	blu
blue	deprimût
blunt	smussâ
blunt	brusc
board	cartel
board	lavagne
board	bree
boat	barcje
body	cuarp
boil	bulî
bold	coragjôs
bold	spelât
bond	cauzion
bond	leam
bond	unî
bone	vues
book	libri
boost	aument
boost	promovi
boost	sostignî
booster	amplificadôr
booster	riclam
boot	baûl
boot	stivâl
boot	trai il balon
boots	stivâi
boots	baûls
border	confin
bore	stufâ
bore	noie
bore	sbusâ
bored	stufât
boring	noiôs
born	nassût
borrow	prestâ
borrow	cjoli in prestit
boss	paron
both	ducj i doi
bother	pene
bother	fastidi
bother	infastidî
bottle	imbutiliâ
bottle	butilie
bottom	daûr
bottom	fonts
bought	comprât
bounce	salt
bounce	saltâ
bound	salt
bound	leât
boundaries	confin
bow	inchin
bow	arc
bow	fâ un inchin
bowl	scudiele
bowl	buse
bowl	zuiâ di bowling
box	scjatule
box	fâ pugjilât
boy	frut
boyfriend	morôs
bracelet	braçalet
brain	cerviel
branch	ramificâsi
branch	ramaç
branch	filiâl
brand	marche
brave	coragjôs
breach	butâ jù
breach	violazion
breach	violâ
bread	pan
break	polse
break	polsâ
break	rompi
breakfast	gulizion
breast	sen
breath	respîr
breathe	respirâ
breed	tirâ sù
breed	riprodusisi
breed	incrosament
brick	modon
bride	nuvice
bridge	puint
bridge	puint di comant
bridge	unî
brief	essenziâl
brief	istruzion
brief	mudantis
bright	inteligjent
bright	luminôs
brilliant	brilant
brilliant	lusint
bring	puartâ
bro	fradi
broad	ampli
broadcast	trasmeti
broadcast	trasmission
broke	cence un carantan
broke	falît
broken	rot
broom	scove
brother	fradi
brother in law	cugnât
brought	puartât
brown	maron
brush	bruschinâ
brush	sborf
brush	pinel
bucket	seglot
buddy	amì
budget	sume
bug	cimi
bug	inset
bug	erôr
build	costruî
building	edifici
built	atletic
built	costruît
bulk	volum
bull	taur
bully	bulo
bump	gobe
bump	urtâ
bump	bot
bunch	grup
bunch	mac
bunch	rap
bundle	meti dongje
bundle	pacut
bundle	insiemi
burden	pês
burden	pesâ
buried	blocât
buried	soterât
burn	brusâ
burst	sclopât
bury	soterâ
bury	scjafoiâ
bus	bus
bush	di cjamp
bush	sterp
bush	bosc
business	afârs
business	aziende
bust	blitz
bust	bust
bust	faliment
busy	impegnât
but	ma
butter	spongje
butterfly	pavee
button	distintîf
button	boton
button	botonâsi
buy	comprâ
by	dongje
by	di
by	da
by the way	in ogni câs
bye	mandi
cabbage	verze
cabinet	guvier
cabinet	armâr
cage	inscjaipulâ
cage	scjaipule
cake	torte
calf	vidiel
call	clamade
call	elencâ
call	clamâ
call me	clamimi
called	clamât
calm	calm
came	vignût
campaign	campagne
campaign	fâ campagne
can	latine
can	savê
can	podê
can't	no pues
Cancel	cancelâ
cancer	cancar
capable	bon
capacity	capacitât
capital	maiuscul
capital	capitâl
caption	meti une didascalie
caption	didascalie
caption	sottitul
capture	cature
capture	cjapâ
car	machine
career	cariere
careful	atent
carefully	cun prudence
careless	distrat
caring	curâsi
caring	amorôs
carpenter	marangon
carpet	tapêt
carpet	moquette
carrot	carote
carry	puartât
carry	vê puartament
carry	jessi incinte
carry on	lâ indenant
carry out	eseguî
case	custodie
case	câs
cash	contants
cast	trai
castle	cjistiel
casual	casuâl
cat	gjat
catch	ingjan
catch	pescje
catch	pescjâ
category	categorie
cattle	besteam
caught	cjapât
cause	motîf
cause	causâ
cause	cause
caution	atenzion
cautious	prudent
cave	landri
cave	cantine
cave	esplorâ grotis
cease	cessâ
ceiling	sofit
ceiling	limit
celebrate	celebrâ
cell	celule
cell	cele
cell	celulâr
center	centri
century	secul
cereal	cereâl
ceremony	cerimonie
certain	sigûr
certain	cualchi
certainly	sigûr
certificate	certificât
chain	cjadene
chair	cjadree
chair	fâ di president
chair	cjadree cu lis ruedis
challenge	sfide
challenge	sfidâ
chance	oportunitât
change	cambiâ
change	cambiament
chaos	caos
character	personalitât
character	personaç
character	caratar
characteristics	carateristichis
charge	cost
charge	acuse
charge	cjamâ
charity	istituzion benefiche
charity	beneficence
charming	inmagant
chart	classifiche
chart	regjistrâ
chart	grafic
chase	inseguiment
chase	cori daûr
chat	conversazion
chat	chatâ
cheap	a bon presit
cheap	sparagnin
cheap	scjars
cheat	ingjanâ
cheat	imbroi
cheating	imbroiâ
cheating	disonest
check	assegn
check	control
check	controlâ
cheek	muse
cheek	muse a fruçons
cheer	buine lune
cheer	tignî
cheer	jufufui
cheerful	legri
cheers	salût
cheese	formadi
chemistry	chimiche
chemistry	sintonie
cherish	apreçâ
chess	sacs
chest	pet
chew	mastiâ
chicken	poleç
chief	diretôr
chief	principâl
chief	responsabil
child	frut
childhood	infanzie
children	fruts
chill	frêt
chill	disfredâ
chill	rilassâsi
chimneys	cjamin
chin	barbuç
chocolate	cjocolate
choice	sielte
choose	sielzi
chop	rompi
chop	taiâ
chop	cotolete
chores	lavôrs di cjase
chubby	tarondut
church	glesie
cinnamon	canele
circle	cercli
circle	zirâ ator
circumstances	circostancis
citizen	citadin
city	citât
claim	afermazion
claim	reclam
claim	afermâ
clarify	sclarî
class	classe
clay	arzile
clean	onest
clean	net
clean	netâ
clear	liberâ
clear	clâr
clear	trasparent
clerk	impleât
clever	inteligjent
client	client
cliff	scoiere
climate	clime
climb	lâ sù
climb	scjalade
climb	scjalâ
clingy	tacadiç
clingy	aderent
clock	orloi
clock	cronometrâ
close	sierâ
close	dongje
close	stret
closet	armâr
cloth	peçot
cloth	stofe
clothes	vistîts
cloud	nûl
cloudy	turbit
cloudy	nulât
clown	paiaç
clue	indizi
clumsy	imberdeât
clumsy	malfat
cluster	tirâ dongje
cluster	fûc
cluster	rap
coach	coriere
coach	alenâ
coach	alenadôr
coal	cjarbon
coal	bore
coast	no impegnâsi
coast	cueste
coat	dâ sù
coat	capot
coat	pêl
coffee	cafè
coffee	di cafè
cognitive	cognossitîf
coincidence	cumbinazion
coincidence	coincidence
cold	frêt
collapse	colâ in svaniment
collapse	lâ a tocs
collar	dacuel
collar	golâr
colleague	coleghe
colleagues	coleghis
collect	colezionâ
collection	racuelte
college	universitât
color	colôr
color	colorâ
colorless green ideas slept furiously	cence colôr vert ideis durmît cun acaniment
colour	colôr
column	colone
comb	pietin
comb	drazâ
comb	petenâ
combination	cumbinazion
combine	cumbinâ
come	vignî
come here	ven ca
come on	sù po
comfort	consolâ
comfort	consolazion
comfort	comoditât
comfortable	comut
coming	daûr a rivâ
coming soon	prest
command	ordenâ
command	autoritât
command	comant
comment	coment
comment	comentâ
commercial	comerciâl
commission	comission
commit	impegnâsi
commitment	impegn
committed	impegnât
commodity	marcjanzie
commodity	materie prime
common	comun
communicate	comunicâ
communication	comunicazion
community	comunitât
commute	jessi pendolâr
companion	compagn
company	compagnie
company	aziende
compare	paragonâ
comparison	paragon
compassion	compassion
compassionate	compassionevul
compatible	compatibil
compete	contindisi
competent	fat ben
competent	competent
competition	concorence
competitive	competitîf
complain	lamentâsi
complaint	lagnance
complement	corispuindi cun
complement	complement
complement	aparât
complete	complet
complete	completâ
completely	a plen
complex	complès
complex	complicât
compliance	conformitât
complicated	complicât
compliment	fâ un compliment
compliment	compliment
comply	rispietâ
composition	composizion
compound	capitalizâ
compound	aree
comprehension	comprension
comprehensive	complet
compromise	comprometi
compromise	compromès
compulsory	obligatori
computer	computer
concentrate	concentrâ
concept	concet
concern	preocupazion
concern	preocupâsi
concerned	rivuardât
concerned	preocupât
concert	concert
conclusion	conclusion
concrete	beton
concrete	concret
condition	cundizion
conditions	cundizion
conduct	trasmeti
conduct	condusi
conduct	comandâ
conference	conference
confess	confessâ
confidence	fidance in se
confident	sigûr
confirm	confermâ
conflict	contrastâ
conflict	conflit
confused	confusionât
confusion	confusion
congrats	compliments
congratulation	congratulazions
congratulations	congratulazions
conjunction	zontadure
conjunction	coniunzion
connect	jessi in sintonie
connect	colegâ
conquer	concuistâ
conscious	cussient
consciousness	cussience
consent	consens
consequences	consecuencis
conservation	conservazion
conservative	partît conservadôr
conservative	prudent
conservative	conservadôr
consider	considerâ
considered	atent
consist	includi
consist	jessi fat di
consistency	coerence
consistent	coerent
constant	costant
constant	costante
constantly	simpri
constipation	costipazion
construction	costruzion
consume	consumâ
consume	distruzi
consumption	consum
contact	contatâ
contact	contat
contagious	infetîf
contain	tignî
contains	conten
contemporary	contemporani
contempt	dispreseament
content	contignût
content	content
content	sodisfazion
contest	competizion
contest	competi
context	contest
continent	continent
continue	continuâ
contract	contrat
contrast	contrast
contribute	contribuî
contribution	contribût
control	control
control	controlâ
controversial	dibatût
convenience	convenience
convenience	vantaç
convenient	util
convenient	a bon presit
conversation	conversazion
convert	convertî
convey	trasmeti
convey	traspuartâ
convince	convinci
convinced	convint
cook	cusinâ
cook	cogo
cooking	cusinant
cooking	cuete
cooking	cusinâ
cool	frêt
cool	fuart
cooperation	cooperazion
cope	passâ
cope	resisti
copper	ram
copper	sbîr
core	essence
core	centri
core	tors
corn	cal
corn	grignel
corn	blave
corner	angul
correct	corezi
correct	coret
cost	cost
cost	costâ
costume	costum
cotton	coton
couch	poltrone
cough	tossi
cough	tos
could	podarès
council	consei
count	cont
count	contâ
counter	sportel
counter	bancon
country	paîs
countryside	campagne
couple	pâr
couple	cubie
courage	coraç
course	plat
course	cors
court	cort
court	tribunâl
courtesy	cortesie
cousin	cusin
cover	cuvierte
cover	taponâ
cow	vacje
coward	vîl
cozy	comut
cozy	profont
crab	granç
crack	crevâsi
crack	crepadure
crack	risolvi
craft	abilitât
craft	mistîr
crap	cacan
crap	cagadis
crap	cragne
crash	sbati
crash	davoi
crash	incident
craving	brame
craving	voie di
crawl	lâ biel planc
crawl	strissâ
crazy	mat
create	creâ
creative	creatîf
credit	credit
credit	increditâ
creep	lechin
creep	vier
creepy	orent
creepy	losc
crew	grup
crew	flote
crew	scuadre
crime	crimin
cringe	jessi servîl
cringe	fâ une smorfie
cringe	intrigôs
crisis	crisi
criteria	criteris
critical	critic
criticism	criticitât
crop	coltivazion
crop	racuelte
crop	taiâ
crops	grup
crops	culture
cross	passâ
cross	misture
cross	crôs
crow	corvat
crowd	int
crowded	jemplât
crown	corone
crucial	fondamentâl
cruel	crudêl
cruise	lâ in crosere
cruise	crosere
cruise	velocitât di crosere
crush	cuete
crush	fruçâ
cry	berlâ
cry	vaî
cucumber	cudumar
cuddle	abraçâ
cuddle	abraç
culture	culture
cunning	scaltri
cunning	sveltece
cup	cope
cup	tace
cup	cjaliç
cupboard	stanzin
cupboard	credince
curb	frenâ
curb	marcjepît
curb	limit
cure	cure
cure	curâ
curiosity	curiositât
curious	curiôs
curious	strani
curly	riçot
currency	valude
current	atuâl
currently	in dì di vuê
curse	maledî
curse	maledizion
curtain	lâ in sene
curtain	disastri
curtain	tende
cushion	amortizâ
cushion	cussin
custom	ûs
custom	personalizâ
custom	personalizât
customer	client
customs	dogane
customs	tradizions
cut	taiât
cut	riduzion
cut	taiâ
cute	ninin
cycle	lâ in biciclete
cycle	cicli
cycling	lâ in biciclete
cycling	ciclisim
dad	pari
daddy	papà
daily	zornalîr
dairy	di lat
dairy	latarie
dam	arzinâ
dam	dighe
damage	dam
damage	cost
damage	fâ dam
damn	maledet
damn	maledizion
damn	pardabon
damp	ridusi
damp	depression
damp	umit
dance	bal
dance	balâ
danger	pericul
dangerous	pericolôs
dark	scûr
darling	ninin
dash	tratut
dash	un got
dash	cori
data	dâts
date	date
daughter	fie
day	dì
dead	muart
deadline	scjadince
deaf	sort
deal	acuardi
deal	dâ
dear	cjâr
Dear All	Cjârs ducj
Dear Customer	Cjâr client
Dear Parents	Cjârs gjenitôrs
Dear Sir	Cjâr siôr
Dear students	Cjârs students
Dear Team	Cjare scuare
death	muart
debate	discussion
debit	contizâ
debit	debit
debris	detrîts
debt	debit
decade	deceni
decay	decomposizion
deceased	defont
deceive	ingjanâ
december	Dicembar
decent	decent
decent	rispietabil
decide	decidi
decided	decidût
decision	decision
deck	puint
deck	pedane
deck	decorâ
decline	refudâ
decline	declinâ
decline	diminuzion
decrease	diminuî
decrease	diminuzion
dedicated	dedicât
dedication	dediche
dedication	dedizion
deed	azion
deep	insot
deep	profont
deer	cierf
default	dâ faliment
default	abandon
default	inadempiment
defeat	bati
defend	difindi
define	definî
definitely	in maniere definitive
definition	definizion
degree	grât
degree	lauree
degree	nivel
delay	tardâ
delay	ritart
delayed	ritardât
delete	scancelâ
deliberate	intenzionâl
delicate	delicât
delicious	deliziôs
delight	sflandôr
delight	legrâ
delight	plasê
delighted	content
deliver	consegnâ
delivered	emetût
delivered	consegnât
delivered	parturît
delivery	consegne
demand	domandâ
demand	domande
demanding	sfadiôs
demanding	esigjent
democracy	democrazie
demon	demoni
demonstrate	protestâ
demonstrate	dimostrâ
denied	neât
density	densitât
dentist	dentist
deny	neâ
department	dipartiment
departure	partence
depend	dipendi
deploy	scuadronâ
deploy	impegnâ
deposit	dipuesit
depressed	deprimût
depression	depression
depth	profonditât
describe	descrivi
description	descrizion
desert	desert
deserve	meretâ
design	progjetâ
design	progjet
designation	designazion
designation	titul
desire	desiderâ
desire	desideri
desk	scritori
desk	sportel
desk	banc
despair	disperâsi
despair	pierdi la sperance
despair	disperazion
desperate	disperât
despite	a dispiet
dessert	dolç
destination	destinazion
destiny	destin
destroy	distruzi
destruction	distruzion
destruction	ruvine
detail	detai
details	detaie
details	detais
detect	rilevâ
determination	determinazion
determine	individuâ
determined	determinât
devastated	sbalsamât
develop	svilupâ
developed	svilupât
development	svilup
device	dispositîf
devil	diaul
devoted	concentrât
devoted	leâl
Dhivehi	Dhivehi
diabetes	diabete
diarrhea	diaree
diary	diari
diary	agjende
dictionary	dizionari
did	à fat
die	murî
died	muart
diet	diete
difference	diference
different	diviers
difficult	dificil
dig	sgjavâ
dignity	dignitât
diligent	diligjent
dinner	cene
dip	sbassament
dip	bagnâ
dip	cuince
direct	indreçât
direction	direzion
director	diretôr
dirt	magle
dirt	cragne
dirt	tiere
dirty	soç
disable	disabilitâ
disabled	disabil
disappear	sparî
disappointed	deludût
disaster	disastri
discard	scartâ
discharge	scaric
discharge	jessude
discharge	licenziament
discipline	dissipline
discipline	educâ
discount	scontâ
discount	scont
discount	ignorâ
discover	scuvierzi
discrimination	discriminazion
discuss	discuti
discussion	discussion
disease	mâl
diseases	malatiis
disguise	travistîsi
disguise	platâ
disgusting	stomeôs
dish	plat
dish	parabule
dishes	plats
dismiss	congjedâ
dismiss	licenziâ
dismiss	scartâ
dispatch	distrigâ
dispatch	mandâ
dispatch	comunicât
display	manifestazion
display	schermi
display	mostrâ
disposal	eliminazion
disposal	conversion
dispute	disputâ
dispute	dispute
distance	distance
distinct	distint
distinguish	distingui
distress	aflizi
distress	angosse
distress	emergjence
distribution	distribuzion
district	distret
disturb	disturbâ
ditch	butâ vie
ditch	lassâ pierdi
ditch	canâl
dive	butâsi
diverse	diviers
diversity	diversitât
divide	dividi
divine	divin
divorce	divorzi
divorce	divorziâ
dizzy	sturnît
dizzy	sturnî
do	lâ
do	fâ
do you	tu
do you love me	mi vûstu bon
doctor	dotôr
document	document
does	fâs
doesn't	no
dog	cjan
Dogri	Dogri
doing	fasint
doll	pipine
domain	domini
domestic	nazionâl
domestic	di famee
domestic	di cjase
dominant	dominant
don't	no
Don't worry	No stâ a preocupâti
donate	donâ
done	fat
donkey	mus
dope	jerbe
double	dopleâ
double	dopli
doubt	dubi
dough	monede
dough	impast
down	deprès
down	jù
down	plui indenant
download	discjariament
download	scjamâ
draft	stampon
draft	imbastî
drag	secjadure
drag	vistîsi da femine
drag	strissinâ
drain	scaric
drain	scjariâ
drain	disgotâ
drama	storie dramatiche
drama	teatrâl
drama	drame
draw	atrai
draw	dissegnâ
drawer	scansel
drawer	dissegnadôr
drawing	dissen
dread	pôre
dread	temê
dream	insumiâsi
dream	sium
dress	vistî
dress	vistît
drill	trapanadôr
drill	trapanâ
drill	esercitazion
drink	bevi
drink	bevande
drive	vuidâ
drive	puartâ
drive	sburtade
drop	calâ
drop	got
drop	câl
dropped	fat colâ
drought	mancjance
drought	sec
drunk	cjoc
drunk	bevût
dry	plen di sêt
dry	noiôs
dry	sec
duck	raze
duck	schivâ
dude	fradi
due	cun scjadince
due to	colpe
dull	fosc
dull	lizêr
dull	noiôs
dumb	stupit
dump	butâ
dump	discjarie
dump	molâ
duration	durade
during	intant di
dust	polvar
duty	dovê
dwell	risiedi
dwell	polse
dwell	rumiâ
dying	in pont di muart
dying	muribont
each	ognun
each other	un cun chel altri
eager	apassionât
eager	bramôs
eagle	acuile
ear	orele
earlier	prime
early	adore
earn	vuadagnâ
ears	orelis
earth	Tiere
earthquake	taramot
ease	ridusi
ease	prosperitât
ease	facilitât
easily	cun facilitât
east	estindi
easy	siôr
easy	plasevul
easy	facil
eat	mangjâ
eating	mangjâ
eating	mangjant
economic	economic
economy	economie
edge	lame
edge	ôr
edge	vantaç
edit	modificâ
education	istruzion
effect	efiet
effective	efetîf
efficiency	eficience
efficient	eficient
effort	sfuarç
egg	ûf
eggplant	melanzane
ego	autostime
eight	vot
eighteen	disevot
eighty	otante
elaborate	elaborâ
elbow	comedon
elder	saût
elder	plui grant
elderly	anzians
elderly	anzian
elegant	elegant
element	element
elephant	elefant
eleven	undis
eligible	bon partît
eligible	vê il dirit
eligible	idoni
eliminate	eliminâ
else	altri
embarrassed	imberdeât
embarrassing	intrigôs
embrace	capî
embrace	abraçâ
embrace	abraç
emerge	vignî a flôr
emergency	emergjence
emotional	emotîf
emotional	emozionant
empathy	empatie
emphasis	enfasi
emphasize	enfatizâ
employee	dipendent
employees	dipendents
employer	paron
employment	ocupazion
empty	vueit
enable	abilitâ
encounter	incuintri
encourage	incoragjâ
end	fin
endangered	in pericul di estinzion
endangered	in pericul
endeavor	sfuarçâsi di
endeavor	imprese
endurance	durade
endure	sopuartâ
enemy	nemì
energy	energjie
engage	ingranâ
engage	cjapâ dentri
engage	frontâ
engaged	imprometût
engaged	ocupât
engaged	impegnât
engagement	impromission
engagement	impegn
engine	locomotive
engine	motôr
engineer	mecanic
engineer	inzegnîr
English	inglês
enhance	miorâ
enjoy	gjoldi
enormous	enormi
enough	avonde
ensure	garantî
enter	digjitâ
enter	iscrivisi
enter	jentrâ
entertainment	intratigniment
enthusiasm	passion
enthusiastic	entusiast
entire	intîr
entitled	intitulât
entitled	che al pense di jessi privilegjât
entity	entitât
entrance	jentrade
entrepreneur	imprenditôr
envelope	buste
environment	ambient
envy	invidie
envy	invidiâ
epic	fantastic
epic	epiche
epidemic	epidemie
epidemic	epidemic
equal	compagn
equipment	imprescj
equity	ecuitât
equity	capitâl propri
equivalent	ecuivalent
eraser	strisse
eraser	gome
error	erôr
escape	scjampâ
escape	evasion
especially	in maniere particolâr
essay	provâ
essay	teme
essence	essence
essential	essenziâl
establish	fissâ
established	costituît
established	inviât
estate	possediment
estate	ereditât
estate	terens
estimate	stimâ
estimated	stimât
etc	e vie indenant
eternal	eterni
ethics	etiche
evaluate	valutâ
evaluation	valutazion
even	nancje
even	ancje
even though	ancje se
evening	sere
event	event
eventually	infin
ever	mai
every	ogni
everybody	ducj
everyone	ducj
everything	dut
evidence	provis
evil	trist
evolution	evoluzion
evolve	evolvi
Ewe	Ewe
ex	ex
exact	esat
exactly	propit
exam	esam
examine	esaminâ
example	esempli
exceed	prevanzâ
excellent	ecelent
except	gjave
exception	ecezion
excess	in ecès
excess	ecès
excessive	ecessîf
exchange	scambiâ
exchange	scambi
excited	ferbint
excitement	agjitazion
exciting	entusiasmant
exclusive	esclusîf
excuse	scusâ
excuse me	scusi
execute	justiziâ
execution	esecuzion
executive	esecutîf
exercise	esercizi
exercise	esercitâsi
exhaust	cane di scaric
exhaust	esaurî
exhausted	scanât
exhibit	mostrâ
exhibit	esibîsi
exhibit	mostre
exhibition	esibizion
exist	esisti
existence	esistence
existence	creât
existing	esistent
exit	jessude
expand	slargjâ
expect	spietâsi
expected	spietât
expenses	spesis
expensive	cjâr
experience	esperience
experiment	esperiment
expert	espert
expired	scjadût
explain	sclarî
explanation	spiegazion
exploit	doprâ
explore	esplorâ
export	esportazion
export	espuartâ
expose	esponi
exposed	esponût
exposure	esposizion
express	esprimi
express	esprès
expression	espression
extend	estindi
extended	estês
extension	estension
extent	entitât
external	esterni
extinct	defont
extinct	inatîf
extra	adizionâl
extract	estrat
extraordinary	straordenari
extreme	estrem
extremely	in maniere ecezionâl
eye	voli
eyes	voi
fabric	tiessût
fabulous	favolôs
face	muse
face	frontâ
facilitate	facilitâ
facilities	struture
facility	struture
fact	fat
factor	fatôr
factory	fabriche
facts	fats
fade	smamîsi
fade	indebilîsi
fail	falî
fail	sbocjâ
fail	faliment
failed	falît
failure	faliment
faint	vignî fastidi
faint	fumôs
faint	debil
fair	just
fair	clâr
fairly	regolarmentri
fairly	avonde
fairly	in maniere ecue
fairy	fade
faith	fede
faithful	fedêl
fake	fâ fente
fake	falsificâ
fake	fals
fall	colâ
fall	colade
fall	Autun
FALSE	fals
fame	fame
familiar	cognossût
familiar	di famee
family	di famee
family	famee
famine	miserie
famous	famôs
fan	fan
fan	svintule
fancy	di gale
fancy	plasê
fancy	fantasie
fantastic	fantastic
far	lontan
farewell	a riviodisi
farm	coltivâ
farm	arlevâ
farm	massarie
farmer	contadin
fascinating	inmagant
fashion	mode
fashion	fabricâ
fast	dizunâ
fast	veloç
fat	gras
fatal	fatâl
fate	destin
father	pari
fatigue	fadie
fault	fal
fault	vuast
fault	colpe
favorite	favorît
favour	vê miôr
favour	favôr
favourite	preferît
fear	pôre
fear	vê pôre
feast	fraiâ
feast	tratament
feather	di plumis
feather	plume
feature	presentâ
feature	atrazion
feature	carateristiche
features	trats
february	Fevrâr
fed up	stuf
fed up	no fâje plui
fee	tarife
fee	abonament
fee	impueste
feed	nudrî
feedback	opinion
feel	pensâ
feel	sensazion
feel	sintî
feeling	sintiment
feet	pîts
fell	colât
fellow	tâl
fellow	coleghe
fellow	membri
felt	sintût
female	feminîl
female	femine
fence	sierai
fence	discuti
fence	ostacul
fertile	fertil
festival	festival
fetch	lâ a cjoli
fetch	cjoli
fever	fiere
few	pôcs
fewer	mancul
fiance	morôs
fiction	storie di fantasie
fiction	romanç
field	cjamp
fierce	salvadi
fierce	feroç
fifteen	cuindis
fifty	cincuante
fight	lote
fighting	combatiment
fighting	discussion
figure	cifre
figure	personaç
figure	fisic
figure out	comprendi
figure out	risolvi
file	archiviâ
file	lime
file	racueidôr
fill	compilâ
fill	jemplâ
filled	sierâ
filled	farsît
filled	jemplât
film	pelicule
film	film
film	filmâ
filthy	cragnôs
finally	infin
finance	finance
financial	finanziari
find	cjatâ
find out	scuvierzi
fine	fin
fine	ben
finger	dêt
finish	finî
finished	finît
fire	fûc
firm	dûr
firm	determinât
firm	aziende
first	prin
first name	non
fish	pes
fit	stâ
fit	in forme
five	cinc
fix	fissâ
fixed	comedât
fixed	trucât
fixed	fis
flag	contrassegnâ
flag	segnalâ
flag	bandiere
flash	lamp
flash	lampâ
flash	mostrâ velocementri
flat	flap
flat	apartament
flat	plac
flaw	difiet
flawless	perfet
flee	scjampâ
flesh	cjar
flew	rêt da pescje
flew	svolà
flex	mostrâ
flex	fleti
flexible	flessibil
flight	svol
flip	ribaltâ
flip	tombule
flirt	morosinâ
flirting	morosinant
float	svolâ
float	nadâ
float	boie di salvament
flood	montane
flood	inagâ
flood	sdrume
floor	paviment
floor	distirâ
floor	plan
flour	farine
flow	flus
flow	corint
flow	cori
flower	rose
flu	influence
fluent	in mût coret
fluently	in maniere fluente
fluffy	fof
fluid	fluit
fly	svolâ
fly	svolâ cul avion
fly	moscje
focus	concentrâsi
focus	concentrazion
fog	ofegâ
fog	fumate
foggy	fumate
fold	dismeti
fold	pleâ
fold	plee
folks	miei
folks	fantats
folks	int
follow	stâ daûr
follow up	continuâ
follow up	lâ insot
following	dopo
following	acompagnatori
food	mangjâ
fool	stupit
foolish	stupit
foot	pît
football	balon
for	par
For example	Par esempli
for instance	par esempli
for you	par te
forbidden	proibît
force	sfuarçâ
force	fuarce
forecast	prevision
forehead	cerneli
foreign	forest
forest	bosc
forever	simpri
forget	dismenteâ
forgive	perdonâ
forgot	dismenteât
fork	piron
form	modul
form	formâ
form	forme
formal	formâl
former	prin
fortunately	par fortune
fortune	fortune
forty	cuarante
forty-two	cuarantedoi
forward	sfrontât
forward	atacant
forward	indenant
foster	incoragjâ
foster	adotîf
foster	sintî
fought	combati
fought	scuintri
found	cjatât
foundation	fondis
foundation	fondazion
four	cuatri
fourteen	cutuardis
fox	bolp
fragile	fragjil
fragile	flevar
frame	curnîs
frame	struture
frame	incurnisâ
framework	struture
framework	impalcadure
fraud	fraude
fraud	trufadôr
freak	stravagant
freak	fanatic
free	liberâ
free	gratis
free	libar
freedom	libertât
freeze	conzelâ
frequency	frecuence
frequent	frecuent
frequent	regolâr
frequently	spes
fresh	fresc
fresh	inovatîf
fresh	nome
friday	vinars
fridge	frigo
friend	amì
friendly	di amicizie
friends	amîs
friendship	amicizie
frightened	spaurît
frightening	spaventôs
Friulian	Furlan
frog	crot
from	da
front	indenant
front	denant
front	front
frozen	glaçât
fruit	pomis
frustrated	insodisfat
fuel	alimentâ
fuel	carburant
Fulfulde	Fulfulde
full	bondant
full	plen
full	passût
fun	divertent
function	funzion
fundamental	fondamentâl
funeral	funerâl
funny	divertent
funny	stramp
fur	pelice
furious	furiôs
furniture	mobii
further	altri
further	plui lontan
furthermore	cun di plui
future	futûr
gain	aument
gain	vuadagnâ
gain	otignî
game	zûc
game	salvadi
gap	divari
garage	garage
garage	oficine
garbage	scovacis
garbage	stupidadis
garden	zardin
garlic	ai
gate	porton
gate	jessude
gather	tirâ dongje
gather	riunîsi
gathering	racuelte
gathering	cjapant sù
gathering	assemblee
gauge	misurâ
gave	de
gear	marcje
gear	imprescj
gender	ses
general	gjenerâl
generally	gjeneralmentri
generally	la plui part des voltis
generate	gjenerâ
generation	gjenerazion
generous	gjenerôs
genius	gjeni
genre	gjenar
gentle	zentîl
gentle	nobil
gentle	lizêr
genuine	sclet
genuine	vêr
gesture	mot
gesture	pose
get	cjoli
get	puartâ
get	otignî
get dressed	vistîsi
get up	sveâ
get up	cjatâ
get up	alçâsi
get well soon	stâ miôr subit
ghost	fantasime
ghosting	sfantâsi
giant	enormi
giant	zigant
gift	regalâ
gift	regâl
ginger	ros
ginger	zenzevar
girl	fantate
girl	frute
girlfriend	morose
give	dâ
give	cedevul
give up	rinunziâ
given	dât
given	ciertece
glad	content
glance	cjalade
glass	tace
glass	veri
glasses	ocjâi
glimpse	barlum
glimpse	intraviodi
global	globâl
gloomy	deprès
gloomy	nulât
gloomy	scûr
gloves	manecis
glow	radiôs
glow	stralûs
glow	stralusî
glue	cole
glue	incolâ
go	lâ
go ahead	lâ indenant
go away	va vie
go to bed	va tal jet
goal	obietîf
goal	gol
goal	puarte
goals	obietîfs
goals	puartis
goals	gols
goat	cjavre
god	diu
god bless you	che Diu ti benedissi
goes	al va
going	inviât
going	corint
gold	aur
gone	lât
goo	sostance slichiote
good	bon
good afternoon	bon dopomisdì
good bye	mandibule
good day	buine zornade
good evening	bine sere
good job	biel lavôr
good looking	atraent
good luck	buine fortune
good morning	bundì
good morning my love	bundì, gno amôr
good night	buine gnot
goodbye	mandi
goodnight	buine gnot
goods	articui
Google	Google
Google Translate	Google Tradutôr
goose	ocje
gorgeous	stupent
gossip	peteçs
got	otignût
got it	o ai capît
government	guvier
grab	gafâ
grab	cjapâ
grade	pendence
grade	corezi
grade	vôt
gradually	in maniere graduâl
graduate	laureâsi
graduate	laureât
grain	vene
grain	grignel
grain	cereâi
grant	concedi
grant	donazion
granted	sigûr
granted	concedi
grapes	ue
grasp	cjapâ
grass	jerbe
grass	informadôr
grass	marihuana
grateful	grât
gratitude	gratitudin
grave	grâf
grave	tombe
gray	grîs
great	fantastic
greed	avaritât
greedy	bramôs
green	vert
greet	saludâ
greet	includi
greeting	salût
greeting	biliet di auguris
greetings	salûts
grey	grîs
grid	tabele
grid	rêt eletriche
grid	gatar
grief	displasê
grind	drandran
grind	gran
grind	polverizâ
grip	strenzi
grip	cjapâ
grip	prese
grocery	buteghe di alimentârs
groom	netâsi
groom	sistemâsi
gross	clamorôs
gross	sporc
gross	schifôs
ground	punî
ground	tiere
ground	cjamp
group	grup
grow	cressi
growth	cressite
grumpy	stramp
Guarani	Guarani
guarantee	garanzie
guard	protezi
guard	vuardie
guess	induvinâ
guess	ipotesi
guest	ospit
guidance	assistence
guidance	indicazion
guide	vuidâ
guide	vuide
guilty	colpevul
guilty	sintîsi in colpe
guy	fantat
guys	fantats
gym	palestre
gym	gjinastiche
habit	ûs
habitat	habitat
had	ve
had	à vût
hail	tampieste
hail	clamâ un taxi
hail	tampiestâ
hair	cjavei
half	timp
half	metât
hall	residence
hall	coridôr
hall	sale
hand	man
handle	mantie
handle	tocjâ
handle	gjestî
handsome	biel
hang	picjâ
hang out	passâ il timp
happen	sucedi
happened	sucedût
happiness	felicitât
happy	content
happy birthday	bon complean
happy birthday to you	bon complean a ti
happy new year	bon an gnûf
hard	dûr
hardly	a malepene
hardly ever	cuasi mai
harm	dam
harm	fâ dam
harmful	nocîf
harmony	armonie
harsh	sevêr
harsh	crût
harvest	racuelte
has	à
hate	odeâ
hate	odi
have	vê
have a good day	buine zornade
have a nice day	bine zornade
have breakfast	fâ gulizion
have fun	divertîsi
have you eaten	âstu mangjât
having	vint
having	vê
hazard	pericul
hazard	riscjâ
haze	confusion mentâl
haze	fumadice
he	lui
he has	lui al à
he is	al è
head	cjâf
headache	mâl di cjâf
heal	vuarî
healing	vuarî
health	salût
healthy	san
hear	capî
hear	sintî
heard	sintût
heart	cûr
heat	cjalt
heat	riscjaldament
heat	batarie
heaven	paradîs
heavy	pesant
hectic	frenetic
height	altece
heir	erêt
heist	rapine
held	spietât
held	tignût
held	imbraçât
hell	infier
Hello	mandi
hello dear	mandi, stele
hello how are you	mandi, cemût stâstu
hello how are you doing	mandi, cemût stâstu
helmet	casc
helmet	elm
help	judâ
helpful	util
hence	duncje
her	so
her	jê
herd	trop
here	chi
heritage	patrimoni
hesitate	esitâ
Hey	Ou
Hi	Mandi
hi how are you	mandi, cemût stâstu
Hi there	Mandi
hidden	scuindût
hide	platâ
hierarchy	jerarchie
high	drogât
high	alt
highlight	evidenziâ
highlight	massim
hike	escursion
hike	fâ une cjaminade
hiking	escursionisim
hilarious	cetant divertent
hill	culine
him	lui
hint	consei
hip	a la mode
hip	ombul
hips	ombuls
hire	assumi
hire	cjoli a nauli
hiring	assumint
his	il so
history	storie
hit	colp
hit	sucès
hit	batût
Hmm	Mm
hobby	passion
hold	imbraçâ
hold	tignî
hold	prese
hold on	spietâ
hold on	resisti
hole	buse
holiday	vacance
hollow	vueit
hollow	ingjavât
home	cjase
home	patrie
homework	compits
honest	onest
honestly	in maniere oneste
Honey	stele
Honey	mîl
honor	onorâ
honor	stime
honor	onôr
hood	cape
hood	ghet
hood	nape aspirante
hook	colegâ
hook	caturâ
hook	ganç
hop	saltâ
hope	sperâ
hope	sperance
hopefully	o speri che
hopeless	cence sperance
horizontal	trasferiment
horizontal	orizontâl
horn	pivet
horn	cuar
horrible	oribil
horror	horror
horror	terôr
horse	cjaval
hospital	ospedâl
hospitality	ospitalitât
hospitality	alberghîr
host	ospitâ
host	presentadôr
host	paron di cjase
hostile	ostîl
hot	cjalt
hot	atraent
hotel	hotel
hour	ore
hours	oris
house	cjase
household	cjase
household	famee
household	di famee
how	cemût
how about you	e tu
how are you	cemût stâstu
how are you doing	cemût stâstu
how are you doing today	cemût stâstu vuê
how are you today	cemût stâstu vuê
how do you do	plasê
how is	cemût isal
how many	cetancj
how much	cetant
how often	ogni cetant
how old are you	cetancj agns âstu
how was your day	cemût ise lade vuê
how was your night	cemût ise lade la gnot
however	in ogni câs
hub	centri
hubby	om
hug	abraç
huge	enormi
human	uman
humble	umil
humid	umit
humidity	umiditât
hundred	cent
hungry	cence mangjâ
hungry	bramôs
hunt	cjace
hunt	lâ a cjace
hurricane	uragan
hurry	premure
hurry	movisi
hurry up	moviti
hurt	ofindût
hurt	fâ mâl
hurt	dolôr
husband	om
hustle	spesseâ
hustle	lavôr indiaulât
hustle	imbroi
hut	ripâr
hygiene	igjiene
I	jo
I am	o soi
I am fine	o stoi ben
I can	O pues
I can	O soi
I can't	tu no tu puedis
I do	lu vuei
I do	Sì
I do not know	no sai
I do not understand	no capis
I don't	no
I don't know	No sai
I don't understand	no capìs
I don't understand what you mean	no capis ce che tu dîs
I don't understand you	no ti capis
I don’t know	no sai
I don’t understand	no capis
i guess	o induvini
I had	o vei
I have	o ai
I have been	o soi stât
I hope so	o speri
I know	o sai
I like	mi plâs
I like you	tu mi plâs
I love	o vûl ben
I love my big brother	o voi bon a gno fradi grant
I love my big sister	o voi bon a mê sûr grande
I love my father	o voi bon a gno pari
I love my little brother	o voi bon a gno fradi piçul
I love my little sister	o voi bon a mê sûr piçule
I love my mother	o voi bon a mê mari
I love you	ti vuei ben
I love you so much	ti vuei tant ben
I love you too	ancje jo ti vuei ben
I mean	o intint
I miss you	Tu mi mancjes
I miss you so much	tu mi mancjes tant
I see	o viôt
I think	o pensi
I understand	o capìs
I want	o vuei
I want to see you	o vuei vioditi
I want you	a ti vûl
I was	o jeri
I would be	o sarès
I'm	o soi
I'm fine	o stoi ben
I'm good	o soi brâf
I'm here	o sei chi
I'm sorry	mi displâs
ice	glace
ice cream	gjelât
idea	idee
ideal	ideâl
identical	identic
identify	identificâ
identity	identitât
idiot	stupit
idle	stâ dibant
idle	inatîf
idle	sflacjon
if	se
ignore	ignorâ
ill	malât
illegal	ilegâl
illness	mâl
Ilocano	Ilocano
image	imagjin
imagine	figurâsi
immediate	imediât
immediately	daurman
immense	imens
impact	impat
impatient	impazient
implement	implementâ
import	importazion
import	indicâ
import	impuartâ
important	impuartant
impose	imponi
impossible	impussibil
impress	cjalcjâ
impress	impressionâ
impression	impression
impressive	impressionant
improve	miorâ
improvement	miorament
in	in
in addition	par prionte
In fact	In fat
in front of	denant
in order to	par
inappropriate	inadat
incentive	incentîf
incident	incident
include	meti dentri
include	cjapâ dentri
including	ancje
income	faturât
income	jentrade
inconvenience	dâ fastidi a
inconvenience	fastidi
inconvenience	svantaç
increase	aument
increase	aumentâ
increased	aumentât
incredible	incredibil
indeed	di fat
indeed	pardabon
independent	indipendent
India	India
indicate	indicâ
indigenous	indigjen
individual	individuâl
industry	setôr
inevitable	inevitabil
infant	frut
infection	infezion
infinity	infinît
inflammation	inflamazion
inflation	inflazion
influence	influence
influence	influençâ
inform	vualîf
inform	monture
information	informazion
ingredients	ingredients
inheritance	ereditât
initial	prin
initial	iniziâl
initiative	iniziative
injured	ferît
injury	infortuni
innocent	inocent
innovation	inovazion
inquiry	inchieste
insane	mat
insect	inset
insecure	insigûr
insert	insert
insert	inserî
insert	introdusi
inside	dentri
insight	idee
insight	cognossince
insight	aprofondiment
insist	insisti
insomnia	insonie
inspiration	ispirazion
inspire	ispirâ
install	instalâ
instance	istance
instant	istantani
instant	istant
instead	invezit
instead of	al puest di
instructions	istruzions
instrument	imprest
insult	insultâ
insult	insult
insurance	sigurazion
intact	intat
integrity	integritât
intellectual	inteletuâl
intelligence	inteligjence
intelligence	informazions
intelligent	inteligjent
intend	intindi
intended	finalizât
intense	fuart
intention	intenzion
interact	interagjî
interaction	interazion
interest	interès
interested	interessât
interesting	interessant
interfere	impaçâsi
interfere	interferî
intermediate	intermedi
internal	didentri
internal	interiôr
international	internazionâl
internship	specializazion
interpret	interpretâ
interpreter	interprete
interrupt	interompi
interview	interviste
intimate	intim
into	in
into	passionât
introduce	presentâ
introduce	introdusi
introduction	introduzion
introvert	sierât
intuition	intuizion
invalid	no bon
invent	inventâ
inventory	inventari
invest	invistî
investigate	indagâ
invitation	invît
invite	invît
invoice	mandâ une fature
invoice	fature
involve	implicâ
involved	cjapât dentri
iron	sopressâ
iron	soprès
iron	fier
is	è
island	isule
isolated	isolât
issue	probleme
issues	problemis
it	al
it is	al è
it was	al jere
it's	al è
it's ok	va ben
It's okay	gracie
It's okay	A va ben
It's okay	No
item	articul
items	ogjets
its	al è
I’m	o soi
jacket	gjachete
jail	impresonâ
jail	preson
January	Zenâr
jar	scjassâ
jar	bussulot
jaw	mandibule
jealous	zelôs
jerk	stupit
jerk	tiron
jerk	dâ un tiron
jewelry	zoiis
job	lavôr
jogging	corispuindi cun
join	unîsi
joint	zontadure
joint	spinel
joint	coletîf
joke	scherç
joke	scherçâ
journalist	gjornalist
journey	viaç
joy	plasê
judge	judiç
judge	judicâ
juice	struc
july	Lui
jump	saltâ
june	Jugn
junk	strafaniç
junk	pueste malvolude
just	a pene
just	just
just do it	fa lu e vonde
justice	legjitimitât
justice	justizie
justify	justificâ
Kalaallisut	Kalaallisut
keen	entusiast
keep	tignî
keep it up	stâ daûr
keep it up	continue cussì
kept	mantignût
kettle	bulidôr
key	clâf
kick	pidade
kick	trai il balon
kid	fantat
kid	frut
kid	scherçâ
kidding	scherçant
kidney	rognon
kids	fruts
kill	copâ
kind	zentîl
kind	version
kinda	in sostance
kindly	cun cortesie
kindness	zentilece
king	re
kiss	bussâ
kiss	bussade
kitchen	cusine
kite	acuilon
kitten	gjatut
knee	zenoli
knee	inzenoglâsi
knee	dâ une zenoglade
knew	savevi
knife	curtìs
knife	scurtissâ
knight	cavalîr
know	savê
knowledge	cognossince
known	cognossût
known	famôs
Konkani	Konkani
Krio	Krio
label	etichetâ
label	etichete
labor	lavôr
labour	fadie
labour	travai
lack	mancjâ
lack	mancjance
ladder	scjale
lady	Lady
lady	siore
laid	displeât
laid	deponût
lake	lât
lamb	agnel
lame	pôc convincent
lame	noiôs
lamp	lampade
land	cjapâ tiere
land	tiere
land	otignî
landscape	paisaç
language	lenghe
lap	vascje
lap	grim
lap	zîr
large	larc
large	gras
large	altisonant
last	stât
last	durâ
last	ultin
last but not least	par ultin, ma no mancul impuartant
last name	cognon
late	tart
lately	tai ultins timps
later	plui tart
latest	ultin
latter	ultin
laugh	ridi
laugh	ridade
laughing	ridint
laughing	ridade
laughter	ridadis
launch	butâ
launch	molâ
launch	varâ
laundry	bugade
law	leç
lawn	prât
lawyer	avocat
lay	laic
lay	covâ
lay	discjariâ
layer	strât
layout	disposizion
lazy	sflacjon
lead	vuidâ
lead	direzi
leader	leader
leaf	fuee
leak	pierdi
leak	fuide di notiziis
leak	pierdite
lean	butâ
lean	magri
lean	inclinazion
leap	salt
learn	imparâ
learning	imparant
learning	culture
learning	aprendiment
lease	fitâ
lease	fit
least	mancul
least	minim
least	ultin
leather	piel
leave	molâ
leave	lâ vie
leaves	fueis
leaves	va vie
leaves	lasse
led	LED
left	çampe
leg	talpe
leg	trate
leg	gjambe
legacy	ereditât
legacy	lâ daûr
legal	legâl
legend	mît
legend	liende
legit	legâl
leisure	cu la calme
leisure	ozi
leisure	timp libar
lend	imprestâ
lend	furnî
length	lungjece
less	mancul
lesson	lezion
let	fitâ
let	fitât
let	lassâ
letter	letare
lettuce	salate
level	nivel
level	plac
level	nivelâ
leverage	influence
leverage	jeve
liability	responsabilitât
liability	ostacul
library	biblioteche
lick	lecâ
lie	mintî
lie	jessi distirât
lie	bausie
lies	mintî
lies	è distirât
lies	bausiis
life	vite
lift	alçâ
lift	assensôr
light	lûs
light	impiâ
lightning	fulmin
like	plasê
like	come
likely	probabil
likewise	parimentri
line	linie
line	file
Lingala	Lingala
link	colegament
link	colegâ
link	anel
lion	leon
liquid	licuit
list	elencâ
list	listin
list	liste
listen	scoltâ
listening	scolte
listening	scoltânt
literally	in mût leterâl
literature	leterature
litter	scovacis
litter	butâ scovacis
little	piçul
live	vivi
liver	fiât
lives	vitis
lives	al vîf
living	campâ
living	stîl di vite
living	vîf
living room	tinel
lizard	lisierte
load	cjame
load	cjamâ
loaf	torzeonâ
loaf	pagnoche
loan	prestâ
loan	prestit
local	locâl
location	lûc
location	posizion
lock	sierâ
lock	blocâ
lock	sieridure
lockdown	lockdown
log	regjistri
log	regjistrâ
lol	ridi a crepepanze
lonely	bessôl
long	lunc
long time no see	no si viodin da tant
look	stîl
look	cjalade
look	cjalâ
loop	circuit
loop	ripetisi
loop	anel
loose	siolt
loose	dismolât
loose	fumôs
lord	siôr
lose	pierdi
loss	pierdite
lost	pierdût
lost	confusionât
lot	grum
loud	insistent
loud	rumorôs
loud	vistôs
lounge	poltronâ
lounge	sale di spiete
lounge	tinel
love	amôr
love you	ti vuei ben
lovely	biel
low	umil
low	imorâl
low	bas
lower	plui bas
loyal	leâl
loyalty	lealtât
luck	fortune
lucky	fortunât
Luganda	Luganda
luggage	valîs
lump	ingrumâ
lump	prominence
lunch	gustâ
lungs	polmon
luxury	lus
lying	mintint
lying	mintî
machine	machine
machine	veicul
mad	mat
madam	siore
made	prodot
made	fat
magazine	riviste
magnificent	magnific
maid	signorine
maid	massarie
main	principâl
maintain	mantignî
maintenance	manutenzion
Maithili	Maithili
major	grâf
major	cors
major	grant
majority	maiorance
make	model
make	fâ
make up	ingrumâ
make up	fâ la pâs
make up	inventâ
male	mascjo
mall	centri comerciâl
man	om
manage	gjestî
management	direzion
management	gjestion
manager	manager
mandatory	obligatori
manifest	manifest
manifest	manifestâ
manipulate	manovrâ
manner	maniere
manual	manuâl
many	tancj
many many happy returns of the day	bon complean
march	marcjâ
march	Març
margin	margjin
market	marcjât
market	comercializâ
marriage	matrimoni
married	maridât
mask	mascare
mask	mascarâ
mass	grum
mass	int
massive	imponent
master	mestri
match	corispuindi
match	fulminant
mate	amì
material	materiâl
math	matematiche
matter	cuistion
maturity	maturitât
may	podarès
may	mai
maybe	forsit
me	mi
me too	ancje jo
meal	past
mean	volê dî
mean	trist
meaning	significât
means	vûl dî
meant	volût dî
meanwhile	intant
measure	misurâ
measure	misure
measures	misurâ
measures	confrontâ
measures	unitât di misure
meat	cjar
medical	visite
medical	fâsi visitâ
medical	miedi
medicine	medisine
meditation	meditazion
medium	medi
meet	cjatâ
meeting	incuintri
Meiteilon	Meiteilon
melt	disfâsi
melt	disfâ
melt	dismolâsi
memories	memoriis
memory	memorie
mental	mentâl
mention	nomenâ
mentioned	riferiment
mentioned	menzonâ
mentor	fâ da vuide
mentor	vuide
merchant	marcjadant
merchant	comerciâl
mercy	indulgjence
merely	a malepene
merry christmas	Bon Nadâl
mess	caos
message	messaç
message	mandâ un messaç
messy	disordenât
metal	metal
method	metodi
mice	surîs
middle	centri
middle	mieç
middle	centrâl
midnight	miezegnot
might	podarès
might	potence
mild	clip
mild	bon
mild	lizêr
milestone	piere miliâr
military	militâr
military	esercit
milk	lat
million	milion
mind	opinion
mind	ment
mind	displasê
mindset	mentalitât
mine	gno
mingle	messedâsi
mingle	acanît
minor	plui piçul
minor	piçul
minute	minût
minutes	minûts
miracle	miracul
mirror	spieli
miscellaneous	altris se a 'nd è
mischievous	birbant
miserable	avilît
misery	malinconie
misery	miserie
miss	mancjâ
miss you	tu mi mancjis
missing	pierdût
missing	mancjant
mission	mission
mist	plovuçâ
mist	fumadice
mistake	erôr
Mizo	Mizo
mobile	mobil
mobile	celulâr
mock	sfidâ
mock	ridi fûr
mock	fint
model	model
moderate	moderât
modern	moderni
modest	modest
moist	umit
moisture	in maniere dificile
mold	mufe
mold	modelâ
mold	stamp
mole	farc
mom	mari
moment	moment
monday	lunis
money	bêçs
monitor	visôr
monitor	controlâ
monkey	simie
month	mês
mood	umôr
moody	lunatic
moon	lune
moral	morâl
more	plui
moreover	cun di plui
morning	matine
mortgage	mutui
most	plui part
mostly	soredut
mother	mari
motion	moviment
motivation	motivazion
mountain	mont
mouse	mouse
mouse	surîs
mouth	bocje
move	mosse
move	movisi
move	movi
movement	trasferiment
movement	moviment
movement	passaç
movie	film
mrs	siore
much	cetant
mud	pantan
mug	cjicare
muscle	muscul
museum	museu
mushroom	fonc
music	musiche
must	dovê
must	esigjence
mute	mut
mutual	mutuâl
my	gno
My dear	Gno cjâr
my friend	gno amì
My hovercraft is full of eels	Il gno hovercraft al è plen di bisats
my love	gno amôr
my name is	mi clami
my pleasure	prego
myself	me stes
myself	jo
mysterious	misteriôs
mystery	misteri
myth	mît
nail	ongule
nail	claut
nail	inclaudâ
naive	ingjenui
name	non
narrative	storie
narrative	naratîf
narrow	stret
nasty	trist
nasty	soç
nasty	stomeôs
national	nazionâl
nationality	nazionalitât
native	natîf
natural	naturâl
natural	talent naturâl
nature	nature
nausea	nausie
near	dongje
nearby	tai contors
nearly	cuasi
neat	in ordin
neat	slis
neat	precîs
necessary	necessari
neck	cuel
necklace	golaine
need	dibisugne
need	vê bisugne
negative	negatîf
neglect	trascurâ
negotiate	tratâ
neighbor	vicin
neighborhood	vicinât
neither	ni
nephew	nevôt
nerd	fruielibris
nervous	gnervôs
nest	nît
net	rêt
net	net
network	network
neutral	neutrâl
never	mai
never give up	mai rindisi
never mind	no impuarte
nevermind	no impuarte
nevertheless	cun dut achel
new	gnûf
news	notiziis
next	prossim
next to	dongje
next to	cuasi
nice	biel
nice to meet you	plasê
niece	gnece
night	gnot
nightmare	brut sium
nine	nûf
nineteen	disenûf
ninety	novante
No	No
no problem	nissun probleme
no way	impussibil
no way	no
nobody	nissun
noise	rumôr
noisy	rumorôs
none	nissun
noon	misdì
nope	no
nor	ni
normal	normâl
north	Nord
nose	nâs
nostalgic	nostalgjic
not	no
not at all	par nuie
not bad	no mâl
Not now	no cumò
not yet	no inmò
note	notâ
note	note
noted	capît
noted	clâr
noted	famôs
nothing	nuie
notice	avîs
noticed	notât
noun	sostantîf
nouns	non
novel	gnûf
novel	romanç
november	Novembar
now	cumò
nowadays	in dì di vuê
nuisance	secjadure
null	nul
numb	paralizât
numb	indurmidî
numb	indurmidît
number	numar
nurse	infermîr
nut	mat
nut	nole
nut	cocule
nutmeg	nole moscjade
nutrition	nudriment
oath	zurament
obesity	obesitât
obey	ubidî
object	ogjet
objective	obietîf
obligation	oblic
obscure	indistint
obscure	scûr
observation	osservazion
observe	osservâ
obsessed	ossessionât
obsession	ossession
obsolete	obsolet
obstacle	ostacul
obtain	otignî
obtained	cuistât
obvious	naturâl
obviously	logjic
occasionally	ogni tant
occupation	ocupazion
occupation	lavôr
occupied	ocupât
occur	vignî tal cjâf
occur	sucedi
occurred	sucedût
occurred	esistût
occurred	vignût tal cjâf
occurs	sucêt
occurs	ven tal cjâf
occurs	esist
ocean	ocean
october	Otubar
odd	discompagn
odd	dispar
odd	strani
odds	probabilitât
of	di
of course	sigûr
off	frait
off	studât
off	sbaliât
offensive	ofensîf
offer	ufrî
offer	ufierte
office	incarghe
office	ufici
official	uficiâl
often	spes
Oh	Oh
oh really	oh, verementri
oil	vueli
oil	petroli
ok	va ben
ok dear	va ben, ninin
ok honey	va ben, stele
ok my love	va ben, gno amôr
okay	va ben
okay baby	va ben stele
okay dear	va ben, ninin
okay honey	va ben stele
okay my love	va ben amôr
old	vecjo
on	su
once	une volte
one	un
one language is never enough	une lenghe no je mai avonde
onion	cevole
online	on line
only	dome
open	viert
operation	operazion
opinion	opinion
opportunities	oportunitâts
opportunity	oportunitât
opposite	contrari
opposite	in face di
optimistic	otimist
option	opzion
optional	facoltatîf
or	o
orange	narançon
orange	narançâr
order	ordenâ
order	ordin
ordinary	ordenari
organization	organizazion
orientation	orientament
origin	principi
original	origjinâl
Oromo	Oromo
orphan	vuarfin
other	altri
otherwise	altrimentri
ought	dovê
our	nestri
Our mission: to enable everyone, everywhere to understand the world and express themselves across languages.	La nestre mission: consintî a ducj, dapardut, di capî il mont e esprimisi in svariadis lenghis
Our mission: to organize the world's information and make it universally accessible and useful.	La nestre mission: organizâ las informazions mondiâls e rindilis acessibilis e utilis par ducj
out	cence
out	fûr
out	fûr di mode
outcome	esit
outfit	furnî
outfit	vistît
outgoing	socievul
outlet	sfogade
outlet	pont di vendite
outlet	prese
outline	delineâ
outline	contor
outside	fûr
outstanding	incredibil
oven	for
over	sore
over there	a là
overall	tal complès
overcome	superâ
overthinking	pensâ masse
overwhelmed	cjapât
overwhelmed	cjamât
overwhelming	di no crodi
owe	dovê
owl	çus
own	vê
own	propri
owner	proprietari
ox	bo
pace	pas
pack	pac
pack	imbalâ
pack	fâ las valîs
package	pac
paid	paiât
pain	dolôr
paint	piturâ
paint	colôr
painting	piture
pair	pâr
pale	palit
palm	fuee de palme
palm	palme
pan	padiele
pan	bacinele
pandemic	pandemie
panic	panic
pants	scjars
pants	bregons
pants	folc ti trai
paper	cjarte
paper	articul
paper	gjornâl
paradise	paradîs
parallel	paralêl
parcel	pac
pardon	perdonâ
pardon	scuse
pardon	pardon
parents	gjenitôrs
park	parc
park	zardin
parrot	pampagal
parrot	fâ il pampagal
parsley	savôrs
part	toc
participate	partecipâ
particular	particolâr
particularly	in particolâr
partner	compagn
party	fieste
pass	passâ
pass	tessare
pass	passaç
passage	buse
passage	il passâ
passage	passaç
passed	traviersât
passion	passion
passionate	passionât
passive	passîf
password	password
past	passât
patch	imblecâ
patch	blec
patch	inzornament
path	percors
pathetic	patetic
patience	pazience
patient	pazient
pattern	sacomâ
pattern	scheme
pattern	fantasie
pause	polse
pavement	marcjepît
pavement	asfaltadure
pay	paiâ
pay	paie
payment	paiament
peace	pâs
peaceful	pacific
peach	pescje
peak	pic
peak	rivâ su la cime
pear	piruç
peas	cesaron
peculiar	strani
pee	pipì
pee	pissâ
peel	scusse
peel	scussâ
peer	smicjâ
peer	coleghe
peers	coleghe
pen	pene
pen	stie
pen	stangjaçade
pencil	lapis
pending	impastanât
people	personis
pepper	pevaron
pepper	pevar
perceive	sintî
perception	percezion
perfect	perfet
perfect	perfezionâ
perform	sodisfâ
perform	recitâ
perform	cumplî
performance	prestazion
perhaps	forsit
period	periodi
period	pont
period	mestruazion
permanent	permanent
permission	permès
permit	permès
permit	permeti
perseverance	perseverance
persistent	costant
persistent	insistent
person	persone
personal	personâl
personality	personalitât
perspective	prospetive
persuade	convinci
pervert	corompi
pervert	pervertît
pet	cjareçâ
pet	preferît
pet	animâl dumiesti
phase	fase
phenomenon	fenomen
philosophy	filosofie
phone	telefon
phone	telefonâ
photo	foto
phrase	frase
physical	fisic
pick	gjavâ
pick	sielzi
pick	cjapâ sù
pick up	cjoli sù
pick up	cjoli
picture	imagjin
picture	fotografie
piece	spetacul
piece	articul
piece	toc
pieces	tocs
pig	purcit
pigeon	colomp
pile	grum
pile	spessôr
pillow	cussin
pilot	pilote
pin	brucjin
pin	spile
pineapple	ananas
pink	rose
pit	cicatrîs
pit	buse
pit	miniere
pitch	proponi
pitch	ton
pitch	cjamp
pity	pecjât
pity	dûl
pity	compatî
place	meti
place	puest
places	puest
plague	peste
plague	invasion
plain	sempliç
plain	clâr
plain	plan
plan	planificâ
plane	avion
plant	stabiliment
plant	plante
plant	plantâ
plants	plantis
plate	plat
plate	targhe
plate	plache
platform	plateforme
play	zuiâ
play	spetacul
playing	sunant
playing	zuiant
pleasant	plasevul
please	par plasê
pleased	content
pleasure	plasê
pledge	promesse
pledge	imprometi
plenty	fin avonde
plot	lot
plot	trame
plot	complot
plug	impirâ la spine
plug	spine
plug	prese eletriche
plum	ciespe
plumber	idraulic
plural	plurâl
podcast	podcast
poem	poeme
poetry	poesie
point	pontâ
point	pont
poison	velen
police	polizie
policy	ûs
policy	polize
polite	educât
pollution	incuinament
pond	sfuei
pool	pissine
poop	cacan
poor	scjars
poor	puar
pop	distaponâ
pop	pop
pop	bot
popular	popolâr
population	popolazion
pork	purcit
porridge	porridge
port	puart
position	meti
position	posizion
positive	positîf
possess	vê
possession	possediment
possession	possession
possession	ben
possessive	possessîf
possible	pussibil
post	imbusâ
post	puest
post	pueste
postpone	posticipâ
potato	patate
potential	potenziâl
pound	sterline
pound	lire
poverty	puaretât
power	energjie
power	corint
power	potence
powerful	potent
practical	pratic
practice	profession
practice	ûs
practice	alenament
praise	laudâ
prank	scherç
prank	fâ un scherç
pray	preâ
precious	preziôs
precise	precîs
precisely	cun precision
precisely	propit
predict	previodi
prefer	vê miôr
preference	preference
pregnant	incinte
prejudice	prejudizi
premises	presuposizion
premises	premesse
premises	sede
premium	premi
premium	di alte cualitât
premium	cost adizionâl
preparation	preparazion
prepare	preparâ
prepared	preparât
preposition	preposizion
presence	presince
present	regâl
present	presint
presentation	presentazion
preserve	marmelade
preserve	preservâ
president	president
press	stampâ
press	sburtâ
press	stampe
pressure	pression
pretend	fâ fente
pretend	fente
pretty	avonde
pretty	biel
prevent	prevignî
previous	prin
prey	prede
prey	predâ
price	presit
pride	braùre
priest	predi
primary	primari
prime	origjinari
prime	di prime cualitât
princess	principesse
principal	preside
principal	principâl
prior	prin
priority	prioritât
prison	preson
privacy	riservatece
privacy	vite privade
privacy	solitudin
private	privât
privilege	privileç
prize	premi
probably	probabil
problem	probleme
procedure	procedure
proceed	procedi
process	procès
process	elaborâ
produce	prodots agriculs
produce	produsi
product	prodot
production	produzion
production	spetacul
profession	profession
professional	professionâl
professional	professionist
profile	delineâ
profile	profîl
profit	profit
profound	acût
profound	profont
progress	progrès
project	progjet
prominent	famôs
prominent	impuartant
promise	promesse
promise	imprometi
promote	promovi
promotion	promozion
prompt	sugjerî
prompt	imediât
prompt	sugjeriment
prone	propens
pronouns	pronon
pronunciation	pronunzie
proof	provis
proper	just
proper	formâl
properly	in maniere adeguade
properties	proprietât
property	proprietât
proposal	propueste
prospect	prospetive
prosperity	prosperitât
prosperous	abenât
prosperous	di sucès
protect	protezi
proud	orgoiôs
prove	dimostrâ
provide	proviodi
provided	furnît
province	provincie
provision	furnidure
puberty	pubertât
public	public
pull	tirâ
pumpkin	coce
punctual	puntuâl
pupil	arlêf
purchase	acuist
purchase	cuistâ
pure	pûr
purple	viole
purpose	obietîf
purse	borsete
purse	erari
purse	tacuin da femine
pursue	cirî di vê
pursue	cori daûr
pursuit	ricercje
push	sburtâ
push	pocade
push	pocâ
put	stimâ
put	meti
put	dî
qualification	cualificazion
qualification	certificât
qualification	recuisît
quality	cualitât
quantity	cuantitât
quarantine	cuarantene
quarrel	barufe
quarrel	barufâ
quarter	cuart
quarter	cuartîr
quarter	trimestri
Quechua	Quechua
queen	regjine
queer	particolâr
query	interogâ
query	domande
question	domandâ
question	domande
queue	fâ la code
queue	code
quick	svelt
quickly	di presse
quiet	cuiet
quilt	plumin
quit	molâ
quite	avonde
quite	in maniere perfete
quiz	interogâ
quiz	cuesît
quotation	preventîf
quote	fâ un preventîf
quote	citâ
quote	preventîf
quotes	al cite
rabbit	cunin
race	gare
race	raze
race	competi
rage	rabie
rain	ploie
raise	alçâ
raise	aument
raise	aumentâ
raised	in rilêf
ran	corût
random	casuâl
random	no cognossût
random	a torzeon
range	sielte
range	schirie
rapid	veloç
rapidly	di corse
rare	râr
rarely	di tant in tant
rash	precipitôs
rash	iritazion
rash	precipitâsi
rat	pantiane
rate	tas
rate	tarife
rate	valutâ
rather	pluitost
rather	avonde
ratio	proporzion
rational	sensât
raw	naturâl
raw	crût
reach	cjapâ
reach	tocjâ
reach	puartade
reached	rivât
reaction	reazion
read	lei
reading	lei
ready	pront
real	reâl
reality	realtât
realize	capî
realize	realizâ
realized	realizât
really	propit
rear	daûr
rear	tirâ sù
rear	cûl
reason	reson
reasonable	resonevul
recall	ricuardâsi
receipt	ricevude
receive	cjapâ
receive	ospitâ
receive	ricoverâ
received	ricevût
recent	resint
recently	che al è pôc
reception	acet
reception	riceviment
reception	ricezion
recipe	ricete
reckless	ardît
recognition	ricognossiment
recognition	stime
recognize	cognossi
recommend	racomandâ
recommended	conseât
record	record
record	note
record	document
recover	recuperâ
recover	vuarî
recovery	recupar
recovery	vuarison
recovery	riprese
rectangle	retangul
red	ros
redeem	doprâ
redeem	sfrancjâ
redeem	redimi
redemption	redenzion
reduce	ridusi
redundant	ridondant
refer	riferîsi
reference	consultazion
reference	font
reference	riferiment
reflect	spielâ
reflection	riflès
refrain	melodie
refrain	stratignîsi
refrigerator	frigo
refund	dâ un rimbors
refund	rimbors
refuse	refudâ
refused	refudât
regard	cjalâ
regard	stimâ
regarding	rispiet
regardless	a part
regards	a rivuart di
region	regjon
register	regjistri
regret	pintîsi
regret	pintiment
regular	afezionât
regular	regolâr
regularly	in maniere regolâr
reject	refudâ
relate	capî
relate	colegâ
relate	contâ
related	colegât
relationship	relazion
relative	parint
relative	relatîf
relatives	parincj
relax	relax
relax	scrivi
relax	rilassâsi
release	liberazion di preson
release	comunicât
release	dâ fûr
released	molât fûr
relevant	rilevant
reliable	afidabil
relief	socors
relief	solêf
relieve	slizerî
relieved	solevât
religion	religjon
religious	religjôs
reluctant	restîf
rely	fidâsi
remain	restâ
remaining	rest
remaining	che a restin
remarkable	significant
remedy	rimiedi
remember	impensâsi
remember	ricuardâ
remind	impensâsi
reminder	pro memoria
remote	lontan
remove	tirâ vie
render	tradusi
render	rapresentâ
render	furnî
rent	fitâ
rent	fit
repair	riparazion
repair	riparâ
repeat	ripeti
repeat	repliche
replace	cambiâ
reply	rispuindi
reply	rispueste
report	relazion
report	segnalâ
represent	rapresentâ
reputation	reputazion
request	domandâ
request	domande
require	vê bisugne
required	necessari
rescue	socori
rescue	socors
research	cirî
research	ricercje
resemble	someâ
resentment	risintiment
reservation	inciertece
reservation	prenotazion
reservation	risierve
reserve	risiervâ
reserve	scorte
reserve	risierve
resident	resident
resign	dimetisi
resilience	resilience
resilient	flessibil
resilient	resistent
resist	resisti
resist	fâ resistence
resistance	resistence
resolution	risoluzion
resolve	risolvi
resort	vilaç turistic
resources	risorsis
respect	rispietâ
respect	rispiet
respond	rispuindi
response	rispueste
responsibility	responsabilitât
responsible	responsabil
rest	polse
rest	polsâ
rest	rest
rest in peace	polse in pâs
restaurant	ristorant
restore	ristabilî
restore	ripristinâ
restrict	strenzi
restrict	limitâ
result	risultâ
result	risultât
results	risultâts
resume	tornâ a cjapâ
resume	sunt
resume	curriculum
retail	al detai
retail	cumierç al detai
retail	vendi al detai
retain	conservâ
retain	memorizâ
retention	ritenzion
retired	lâ in pension
retired	pensionât
retreat	ritirade
retreat	isolament
retrieve	recuperâ
return	dât indaûr
return	tornâ
reveal	palesâ
reveal	rivelazion
revealed	palesât
revenge	vendete
revenue	redit
reverse	contrari
reverse	marcje indaûr
reverse	cancelâ
review	revisionâ
review	revision
revise	revisionâ
revision	revision
revolution	rivoluzion
revolution	rotazion
reward	ricompense
reward	premiâ
rhythm	ritmi
rib	cueste
rice	rîs
rich	siôr
rich	fuart
rich	saurît
rid	liberâ di
ride	lâ in biciclete
ride	lâ a cjaval
ride	lâ in moto
ridiculous	ridicul
right	just
right	bon
right now	cumò
rigid	dûr
rigid	rigjit
ring	sun
ring	anel
ring	sunâ
rinse	resentâ
riot	ribelâsi
riot	rivolte
rip	copiâ
rip	sbregâ
rip	scussade
ripe	madûr
rise	lâ sù
rise	aument
rise	il rivâ
risk	pericul
risk	riscjâ
rival	rivâl
river	flum
road	strade
roast	rustî
roast	rost
roast	gridele
robust	resistent
rock	cret
rod	barcjute
role	part
roll	pagnoche
roll	rodul
roll	rodolâ
roof	tet
room	stanzie
root	lidrîs
rope	cuarde
rotten	frait
rough	grês
rough	ruspi
roughly	a pressapôc
round	taront
round	ator
round	round
route	instradâ
route	trate
routine	dran dran
row	barufe
row	rie
row	barufâ
rub	dâ sù
rub	sfreolâ
rubber	di gome
rubber	preservatîf
rubber	gome
rubbish	scovacis
rubbish	stupidadis
rude	maleducât
rug	tapêt
ruin	ruvinâ
ruin	ruvine
rule	guviernâ
rule	regule
rule	deliberâ
ruler	sovran
rules	delibere
rules	guvierne
rules	regulis
run	corse
run	cori
running	cori
rural	rurâl
rush	premure
rush	davoi
rush	cori
sack	sac
sack	licenziâ
sack	svalisâ
sacred	sacri
sacrifice	sacrifici
sacrifice	sacrificâ
safe	sigûr
safe flight	bon svol
safety	sigurece
sage	salvie
said	dit
sail	navigâ a vele
sail	navigâ
sail	vele
sailing	navigant
sake	ben
salary	paie
sale	vendite
salmon	salmon
salt	sâl
same	compagn
Same here	Ancje jo
sample	campion
sand	savalon
Sanskrit	Sanskrit
sarcastic	sarcastic
sassy	spiritôs
sat	fo sentât
satisfaction	sodisfazion
satisfied	sodisfat
satisfy	sodisfâ
satisfying	suficient
satisfying	di sodisfazion
Saturday	sabide
sausage	luianie
savage	salvadi
save	salvâ
saw	viodût
say	par esempli
say	turni
say	dî
scale	belance
scale	puartade
scam	imbroi
scar	cicatrîs
scar	segnâ
scarce	râr
scarce	scjars
scared	spaurît
scarf	siarpe
scary	spaventôs
scattered	sparpagnât
scattered	indicâ
scene	sene
scenery	panorame
scent	profum
scent	ferade
schedule	program
school	XXXX
science	sience
scientist	sientist
scientists	sienziâts
scissors	fuarpiis
scold	bruntulâ
scold	cridâ
scope	puartade
score	pont
scrap	scarts
scrap	rotams
scratch	anulâ
scratch	sgrifade
scratch	sgrifâ
scream	berlâ
scream	berli
screen	schermi
screw	vît
screw	invidâsi
screw	invidâ
script	recipe
script	copion
script	fâ la senegjature
sea	mâr
seal	sigjîl
seal	sigjilâ
seal	foche
search	cirî
search	ricercje
season	stagjon
seat	poltrone
seat	sente
second	par secont
second	poiâ
second	secont
secret	segret
section	sezion
section	sudividi
secure	sigûr
secure	sigurâ
security	sigurece
see	viodi
see you	si viodìn daspò
see you later	si viodin plui indenant
see you soon	si viodin prest
see you tomorrow	si viodìn doman
seed	semence
seek	cirî
seem	someâ
seems	somee
seen	viodût
seize	gafâ
seize	secuestrâ
seizure	concuiste
seizure	confische
seizure	crisi
seldom	di tant in tant
select	selezionâ
select	evidenziâ
select	sielt
self	stes
self healing	vuarî se stes
selfish	egoist
sell	vendi
send	mandâ
send me your picture	mandimi une tô foto
senior	plui anzian
sense	percepî
sense	sensazion
sense	sens
sensible	savi
sensitive	sensibil
sent	spedît
sentence	frase
sentences	frasis
separate	separât
separate	separâ
Sepedi	Sepedi
september	Setembar
sequence	secuence
series	serie
serious	seri
seriously	in maniere serie
serve	servî
service	servizi
session	session
set	colezion
set	impuestâ
set up	configurâ
setting	ambientazion
setting	senografie
setting	configurazion
settle	acuardâsi
settle	risolvi
seven	siet
seventeen	disesiet
seventy	setante
several	svariâts
severe	sevêr
severe	grâf
sew	cusî
shade	ombrenon
shade	ombrene
shade	tonalitât
shadow	fantasime
shadow	ombrene
shake	remenâ
shake	tremâ
shake	trindulâ
shallow	superficiâl
shallow	curt
shallow	bas
shame	vergogne
shame	disonorâ
shape	forme
shape	influençâ
share	spartî
share	cuote
share	azion
sharp	uçât
sharp	scaltri
sharp	clar
she	jê
she has	jê e à
she is	jê e je
shed	barache
sheep	piore
sheet	strât
sheet	bleon
sheet	sfuei
shelf	scansie
shell	cape
shell	scus
shelter	dâ acet
shelter	ripâr
shield	riparâ
shield	scût
shift	movi
shift	cambiâ
shift	turni
shine	lusî
shine	iluminâ
ship	nâf
ship	mandâ
shipping	spedizion
shirt	cjamese
shoes	scarpis
shoot	sbarâ
shoot	zirâ
shop	buteghe
shop	cuistâ
shopping	acuist
shore	rive
shore	rasule
short	curt
short	bas
shortage	mancjance
shot	trat
shoulder	spale
shout	berlâ
shout	berli
show	mostrâ
show	spetacul
show me	mostrimi
shower	doce
shrimp	gjambarel
shrink	strenzisi
shrink	psicolic
shut	sierâ
shut	sierât
shut up	stâ cidin
shut up	cidin
shy	timit
sibling	sûr
sibling	fradi
siblings	fradis
sick	fuart
sick	malât
side	aleâsi
side	secondari
side	flanc
sigh	suspîr
sigh	suspirâ
sight	lumâ
sight	viste
sightseeing	viaç turistic
sightseeing	visitant
sign	cartel
sign	segn
sign	mot
signature	firme
significant	significant
silence	cidin
silent	cidin
silk	sede
silly	stupit
silly	ridicul
silver	arint
similar	simil
simp	gnogno
simple	sempliç
simultaneously	in simultanie
since	da
sincere	sincîr
sincerely	cun rispiet
sing	cjantâ
singer	cjantant
single	no maridât
single	singul
sink	lavandin
Sir	Siôr
sister	sûr
sister in law	cugnade
sit	jessi sentât
sit	sentâsi
sit	sentâ
site	sît
situation	situazion
six	sîs
sixteen	sedis
sixty	sessante
size	dimensions
skill	competence
skills	competencis
skin	scusse
skin	piel
skinny	magri
skinny	cun lat sbrumât
skip	saltâ
skirt	cotule
sky	cîl
slave	sclâf
sleep	durmî
sleep	sium
sleeping	durmint
sleepy	insumît
sleeve	manie
slice	fete
slide	diapositive
slightly	un ticut
slim	pôc
slim	magri
slim	calâ
slip	sbrissade
slip	sbrissâ
slip	lapsus
slope	pendence
slot	fressure
slow	lent
slow	çondar
slowly	biel planc
small	limitât
small	bas
small	piçul
smart	inteligjent
smart	elegant
smell	odôr
smile	fâ bocje di ridi
smoke	fum
smooth	slis
smooth	fin
smooth	justâ
snack	crustâ
snack	mirinde
snail	lacai
snake	sarpint
snap	muardi
snap	crevâsi
snap	fâ une fotografie
snow	nêf
so	cussì
so cute	cussì biel
so far	fin cumò
soak	bagnâsi
soak	in muel
soak	strafondi
soap	telenovela
soap	insavonâ
soap	savon
sober	stratignût
sober	sincîr
soccer	balon
social	sociâl
society	societât
socks	cjalcins
soft	tenar
software	software
soil	teren
soil	sporcjâ
sold	vendût
sold out	dut esaurît
soldier	soldât
sole	plante dal pît
sole	unic
sole	sfuei
solid	solit
solution	soluzion
solve	risolvi
some	cualchi
somebody	cualchidun
somehow	in cualchi mût
someone	cualchidun
something	alc
sometimes	cualchi volte
song	cipament
song	cjançon
song	cjantâ
soon	adore
sophisticated	sofisticât
Sorani	Sorani
sore	plaie
sore	dolorôs
sore throat	mal di cuel
sorrow	dolôr
Sorry	Mi displâs
sort	ordenâ
sort	tip
sought	cirût
soul	anime
soulmate	om de sô vite
soulmate	femine de sô vite
sound	san
sound	sun
soup	sope
sour	avilît
sour	ruvinâ
sour	garp
source	fontane
source	origjin
south	Sud
space	spazi
spam	cjar in scjatule
spam	pueste malvolude
span	lungjece
span	durâ
span	cjapâ dentri
Spanish	Spagnûl
spare	scorte
spare	lassâ fûr
speak	fevelâ
special	speciâl
species	specie
specific	specific
spectacular	spetacolâr
speech	discors
speechless	cence peraulis
speed	velocitât
spell	incjantesim
spell	scrivi
spell	pronunzie letare par letare
spend	spindi
spent	scanât
spent	passâ
spent	spindi
spicy	picant
spicy	saurît
spike	ponte
spike	tocjâ il massim
spin	filâ
spin	zirâ
spinach	spinaze
spirit	spirt
spit	spudâ
spit	spêt
spit	spudacj
splendid	splendit
split	dividût
split	dividi
split	lassâsi
spoil	viziâ
spoiled	lât di mâl
spoiled	viziât
spontaneous	spontani
spoon	sedon
spot	magle
spot	puest
spot	ricognossi
spouse	nuvice
spread	spandisi
spread	tacâ
spread	difusion
spring	primevere
square	sincîr
square	place
square	cuadrât
squeeze	strucâ
squeeze	strente
squid	calamâr
squirrel	sghirate
stab	curtissâ
stable	stabil
stable	stale
stack	tasse
stack	intassâ
staff	personâl
stage	fase
stain	magle
stain	maglâ
stairs	scjalis
stake	pâl
stake	interès
stalk	stâ daûr
stalk	gjambe
stall	rimandâ
stall	distudâsi
stall	barachin
stamp	bol di letare
stamp	timbri
stamp	timbrâ
stand	jevâ
stand	barachin
stand	posizion
standard	convenzionâl
standard	nivel
star	stele
start	principi
start	scomençâ
started	iniziât
starving	muart di fam
state	stât
statement	declarazion
station	stazion
statue	statue
status	stât
stay	stâ
stay	restâ
stay	permanence
stay safe	stâ atent
stay safe	sta atent
steady	stabil
steady	dreçâ
steak	tai
steak	bisteche
steal	robâ
steam	vapôr
steel	ucecurtìs
steel	açâl
steep	imbombî
steep	ripit
steep	meti in infusion
stem	lidrîs
stem	fros
stem	derivâ
step	pas
step	pestâ
step	scjalin
stick	tacâ
stick	plantâ
stick	ramaçut
stiff	indulît
stiff	rigjit
still	fer
still	calm
still	inmò
sting	becade
sting	becâ
sting	asei
stingy	avâr
stir	messedâ
stir	provocâ
stir	messedade
stock	magazen
stock	scorte
stock	vê a disposizion
stolen	robât
stomach	stomi
stone	clap
stone	disvuessâ
stone	nusel
stood	jevât
stool	bredul
stop	fermâ
storage	dipuesit
storage	memorie
store	archiviâ
store	buteghe
store	imagazenâ
storm	burascje
storm	temporâl
story	conte
stove	fornel
stove	stue
straight	dret
straightforward	diret
strain	tension
strain	sfuarç
strain	filtrâ
strange	stramp
stranger	no cognossût
stranger	forest
strategy	strategjie
straw	fros
strawberry	freule
streak	segn
streak	serie
streak	riâ
stream	riul
stream	secuence
stream	trasmeti in streaming
street	strade
strength	fuarce
stress	gnervôs
stretch	fâ stirament
stretch	slungjâsi
stretch	slungjâ
strict	sevêr
strike	siopar
string	cuarde
strip	striche
strip	gjavâ
strip	piste
strive	impegnâsi
stroke	ictus
strong	fuart
struck	scossât
structure	struture
struggle	lote
struggle	fadie
struggle	fâ fadie
struggling	fâ fadie
stubborn	ustinât
stuck	blocât
student	student
study	studi
studying	studiant
stuff	robis
stunning	scaturîts
stunning	splendit
stupid	stupit
style	stîl
style	fâ une petenadure
subject	sudit
subject	materie
submission	sudizion
submit	mandâ
substance	sostance
substitute	sostituî
substitute	suplent
subtle	fin
subtle	lizêr
subtle	discret
succeed	rivâ
success	sucès
successful	di sucès
such	di chest gjenar
such as	come
suck	jessi une porcarie
suck	supâ
sudden	improvîs
suddenly	al improvîs
suffer	sufrî
suffering	soference
suffering	duliôs
sufficient	suficient
sugar	zucar
suggest	sugjerî
suggestion	sugjeriment
suit	regolâ
suit	cause
suit	mude
suitable	adat
suitcase	valîs
sum	sume
summary	somari
summer	Istât
summit	summit
summit	cime
sun	soreli
sunday	domenie
sunny	seren
sunny	solâr
sunset	tramont
sunshine	soreli
super	super
superior	superiôr
supervisor	sorevisôr
supper	cene
supply	furnidure
supply	furnî
support	supuartâ
support	supuart
suppose	presumi
supposed	presumût
sure	sîgur
surface	superficie
surface	plan
surge	sorecjame
surge	maree
surge	impenade
surgery	chirurgjie
surgery	operazion
surname	cognon
surprise	sorprese
surprised	maraveât
surrender	rindisi
surrender	abandonâ
surrounding	ator
surrounding	dintors
surveillance	vigjilance
survey	sondaç
survey	fâ un sondaç
survive	sorevivi
suspect	suspiet
suspect	suspietâ
suspended	sospindût
suspicious	malfident
sustain	tignî
sustain	sostignî
sustainability	sostignibilitât
sustainable	sostignibil
swag	feston
swag	botin
swag	fagot
swallow	cisile
swallow	gloti
swap	scambiâ
swap	scambiâsi
swear	zurâ
sweat	sudâ
sweater	felpe
sweep	scovâ
sweep	moviment svelt
sweep	lotarie
sweet	dolç
sweet dreams	duar ben
sweet tooth	golôs
sweetheart	stele
swell	aumentâ
swelling	aument
swelling	sglonfadure
swim	nadâ
swimming	nadâ
swing	colp
swing	balâ
swing	tricul
switch	cric
switch	cambiâ
switch	cambiament
swollen	sglonf
sword	spade
symbol	simbul
sympathy	afiet
symptoms	sintoms
system	sisteme
table	taule
tackle	placade
tackle	frontâ
tag	zontâ
tag	etichete
tail	code
take	cjapâ
take	puartâ
take	volê
take away	puartâ vie
take care	tignîti cont
take care	tignî cont
take off	gjavâsi
take off	jevâ
take off	gjavâ
taken	cjapât
talk	presentazion
talk	fevelâ
talk	conference
talkative	cjacaron
tall	alt
tap	batuçâ cui dêts
tap	bati
tap	rubinet
tape	curdele adesive
tape	cassete
target	obietîf
target	pontâ
task	incargâ
task	compit
taste	savôr
taste	gustâsi
tasty	gustôs
taught	insegnât
tea	te
teach	insegnâ
teacher	insegnant
team	scuadre
tear	sbregâ
tear	lagrime
tear	sbregade
tears	lagrime
tease	burlon
tease	ridi fûr
tease	provocâ
technology	tecnologjie
teeth	dincj
tell	mot
tell	culine
tell	dî
tell me	dimi
temper	moderâ
temper	caratar
temper	caratarut
temperature	temperadure
temple	timpli
temple	templi
temporary	temporani
ten	dîs
ten thousand	dîs mil
tenant	fituâl
tenant	detentôr
tend	tindi
tendency	tindince
tender	sensibil
tender	tenar
tender	fragjil
tense	tirât
tense	ansiôs
tense	indurîsi
tension	tension
tent	paveon
tent	tende
tentative	esitant
tentative	provisori
term	mandât
term	peraule
term	semestri
terms	scjadince
terrible	teribil
terrific	magnific
territory	teritori
test	prove
test	provâ
text	messaç
text	test
text	mandâ un messaç
than	rispiet a
thank	ingraciâ
thank you	gracie
Thank you for your patience while we investigate shipment	Gracie pe pazience intant che controlin la spedizion
thank you so much	gracie
thank you very much	gracie
thanks	gracie
Thanks for using our app	Gracie che tu dopris l'app
that	chel
that is	o ben
that's good	va ben
the	il
theft	robarie
their	il lôr
them	lôr
theme	teme
themselves	si
themselves	se stes
then	dopo
theory	teorie
there	ai
there are	a son
there is	al è
therefore	duncje
these	chestis
they	lôr
they are	lôr a son
thick	fis
thick	sturnît
thick	robust
thief	lari
thigh	cuesse
thin	magri
thin	sutîl
thing	robe
things	robis
think	pensâ
third	tierç
thirsty	plen di sêt
thirteen	tredis
thirty	trente
this	chest
this is	chest al è
thorough	meticolôs
thoroughly	cun scrupul
those	chei
though	ancje se
thought	pinsîr
thoughtful	premurôs
thoughts	pinsîrs
thousand	mil
thread	impirâ
thread	fîl
threat	menaçâ
threat	menace
threaten	menaçâ
three	trê
threshold	confin
thrilled	emozionât
thrive	prosperâ
throat	gole
through	a traviers di
throughout	intant di
throw	butâ
thumb	passâ
thumb	poleâr
thunder	ton
Thursday	joibe
thus	duncje
tick	cecje
tick	dispontâ
tick	ticade
tide	tindince
tide	maree
tidy	ordenât
tie	paritât
tie	leâ
tie	golarine
tiger	tigre
tight	sparagnin
tight	strent
Tigrinya	Tigrinya
time	timp
timid	timit
tiny	piçul
tip	buine man
tip	consei
tip	dâ la buine man
tips	estremitât
tips	inclinâ
tips	buine man
tire	stracâ
tire	gome
tire	stracâsi
tired	strac
tissue	façolet
tissue	tiessût
title	titul
to	a
to	di
to	viers
to be	jessi
toast	brindis
toast	brustulâ
toast	toast
today	vuê
toddler	frutin di lat
toes	dêts dal pît
together	insiemi
toilet	toilette
told	dit
tolerance	tolerance
tolerate	sopuartâ
tomato	tomat
tomorrow	doman
tongue	lenghe
tonight	usgnot
too	ancje
took	puartât
took	funzionât
took	cjolt
tool	imprest
tools	imprest
tooth	dint
top	cime
top	maiute
top	massim
topic	argoment
torn	sbregât
torn	malsigûr
torture	torturâ
torture	lambicâ
torture	torture
total	totâl
touch	tocjade
touch	tocjâ
tough	dûr
tour	viaç
tour	zîr
toward	viers
towards	viers
towel	suieman
towel	peçot
towel	têl di mâr
town	citadine
toxic	tossic
trace	olme
trace	lassâ
track	olme
track	binari
track	piste
trade	scambiâ
trade	setôr
trade	cumierç
tradition	tradizion
traditional	tradizionâl
traffic	trafic
trail	olme
trail	strissinâsi
trail	troi
train	alenâsi
train	tren
training	alenament
trait	linie
trait	carateristiche
traits	carateristiche
transfer	trasferî
transition	transizion
transition	passâ a
translate	tradusi
transparent	trasparent
transport	traspuart
transportation	traspuart
trap	trapule
trap	cjapâ
trash	porcarie
trash	scovacis
trauma	traume
travel	viazâ
tray	guantiere
tray	cassele
treasure	tesaur
treat	sorprese
treat	tratâ
treat	regâl
treatment	tratament
tree	arbul
tremendous	enormi
tremendous	ecezionâl
trend	tindince
trial	prove
trial	provâ
trick	ingjanâ
trick	scherç
trick	truc
tried	provât
trigger	impiâ
trigger	scatarel
trigger	tocjâ
trim	scurtâ
trim	snel
trim	tai
trip	viaç
trip	saltuçâ
trip	inçopedâsi
trouble	dificoltât
trouble	berlarili
trouble	fadie
trousers	bregons
truck	camion
TRUE	vêr
trunk	tronc
trunk	baûl
trust	fidance
truth	veretât
try	tentatîf
try	provâ
try	mete
Tsonga	Tsonga
tube	cjamare di aiar
tube	metropolitane
tube	tubi
Tuesday	martars
tuition	istruzion
tuition	tassis universitariis
turkey	dindi
turmeric	curcuma
turn	svoltade
turn	turni
turn	zirâ
turtle	copasse
tutor	tutôr
twelve	dodis
twenty	vincj
twenty-one	vincjeun
Twi	Twi
twice	dôs voltis
twist	stuarzi
twist	torsion
twist	intorteâ
two	doi
type	model
type	caratar
type	scrivi a machine
typical	tipic
ugly	orent
ultimate	il massim
ultimate	finâl
umbrella	ombrene
umbrella	ombrenon
umbrella	universâl
unable	no jessi bon
uncle	barbe
unconscious	svanît
unconscious	incussient
unconscious	involontari
under	sot
underneath	sot
underrated	sotvalutât
understand	capî
understood	capît
unfortunately	purtrop
uniform	monture
unique	unic
unit	unitât
university	universitât
unknown	no cognossût
unless	fûr che
until	fin
unusual	insolit
up	sù
up	in pîts
up	aumentât
up to you	sielç tu
update	inzornament
update	meti in zornade
upgrade	inzornament
upgrade	inzornâ
upon	rivuart
upon	subit daspò che
upon	su
upset	turbâ
upset	turbât
urban	urban
urge	desideri
urge	bati
urgent	urgjent
us	nô
use	ûs
use	doprâ
used	doprât
useful	util
useless	inutil
usual	solit
usually	in gjenar
utility	utence
utility	utilitât
vacation	vacance
vaccination	vacinazion
vaccine	vacine
vacuum	vueit
vacuum	aspiradôr
vague	fumôs
valid	valit
valley	val
valuable	preziôs
value	valôr
variety	varietât
various	altris
vary	variâ
vase	vâs
vast	vast
vegetable	vegjetâl
vegetables	verdure
vehicle	veicul
vendor	vendidôr
venom	velen
venture	aventurâsi
venue	lûc
venue	sede
verify	verificâ
versatile	versatil
version	version
vertical	verticâl
very	cetant
very good	une vore bon
vessel	recipient
vessel	vâs
vessel	nâf
via	vie
vibe	vibrazion
vibes	vibrazions
vicious	agressîf
victim	vitime
video	video
view	visuâl
village	paîs
villain	vilan
vinegar	asêt
vintage	antîc
violence	violence
violent	violent
viral	virâl
virgin	vergjin
virtual	virtuâl
virtue	virtût
vision	vision
vision	viste
visit	visite
visit	visitâ
visual	visîf
visual	ilustrazion
vital	vitâl
vivid	vîf
vocabulary	vocabolari
vocabulary	lessic
voice	vôs
void	cence
void	nul
void	timbrâ
volume	volum
volunteer	volontari
vomit	butâ fûr
vomit	gomit
vulnerable	vulnerabil
wage	tacâ
wage	paie
wages	paie
waist	flancs
wait	spietâ
waiter	camarîr
waiting	spiete
wake	sveâsi
wake up	sveâsi
wake up	sveâ
walk	cjaminade
walk	cjaminâ
walking	cjaminant
wall	mûr
wallet	tacuin
wander	svagâ
wander	divagâ
wander	spassizâ
wanna	volê
want	brame
want	scjarsetât
want	volê
wanted	ricercjât
war	vuere
wardrobe	armaron
warehouse	magazen
warm	cjalt
warn	visâ
warning	alarme
warning	visant
warrior	vuerîr
was	jere
wash	lavade
wash	blancjarie
wash	lavâ
waste	escrement
waste	butâ vie
waste	scovacis
watch	vegle
watch	orloi
watch	cjalâ
water	aghe
watermelon	angurie
wave	onde
wave	saludâ cu la man
wave	bugade
way	maniere
way	strade
way	porzion
we	nou
we are	nô o sin
we can	o podìn
weak	debil
weakness	debilece
wealth	ricjece
wealthy	siôr
wear	vistî
wear	meti
wearing	vistint
wearing	faturôs
weather	timp
wedding	matrimoni
Wednesday	miercus
weed	jerbe
weed	jerbate
week	setemane
weekend	fin setemane
weight	pês
weird	strani
welcome	benvignût
welfare	benstâ
Well	beh
well done	cusinâ a vapôr
went	lât
were	jerin
west	Ovest
wet	cence caratar
wet	ploiot
wet	bagnât
whale	balene
what	Ce
what about you	e tu
what are you doing	ce fâstu
what are you doing now	ce fâstu cumò
what are you doing right now	ce fâstu cumò
what do you do	ce fâstu
what do you do	ce lavôr fâstu
what do you do for a living	ce lavôr fâstu
what do you mean	ce intindistu
what do you want	ce vûstu
what happened	ce isal sucedût
what is	ce isal
what is this	ce isal
what is your job	ce lavôr fâstu
what is your name	cemût ti clamistu
what's up	cemût
what's your name	cemût ti clamistu
whatever	amen
whatever	cualsisei
wheat	forment
wheel	ruede
wheel	tamon
wheel	volant
when	cuant
whenever	in cualsisei moment
whenever	cuant che
where	dulà
where are you	dulà sêstu
where are you from	di dulà vênstu
where are you now	dulà sêstu cumò
where do you live	indulà vivistu
where is	dulà isal
whereas	invezit
whether	se
which	chel
while	intant che
whisper	cisicâ
whistle	sivilâ
whistle	sivilade
white	blanc
who	cui
who are you	cui sêstu
who is	cui isal
who is this	cui isal chest
whole	intîr
whom	cui
whose	di cui
why	parcè
why not	parcè no
wicked	trist
wide	ampli
wide	lontan
widow	vedue
width	largjece
wife	femine
wild	salvadi
will	testament
will	determinazion
will	mût di fâ
willing	disponibil
win	vincite
win	vinci
wind	fâ sù
wind	vint
wind	pêt
window	dade
window	barcon
windy	areât
wine	vin
winter	Invier
wipe	scancelâ
wipe	façoletut
wipe	freâ
wire	cabli
wire	viersâ
wire	fîl di fier
wisdom	savietât
wise	savi
wish	desideri
wish	bramâ
wish you all the best	ti auguri il miôr
witch	strie
with	cun
withdraw	ritirâ
withdrawal	prelêf
withdrawal	ritîr
withdrawal	astinence
within	dentri
without	cence
witness	testemoni
witty	spiritôs
wolf	lôf
woman	femine
women	feminis
won	vint
won	vincii
wonder	stupôr
wonder	miracolôs
wonder	domandâsi
wonderful	stupent
wood	len
wool	di lane
wool	lane
word	peraule
words	peraulis
work	lavorâ
work	lavôr
work out	alenâsi
working	funzionant
working	lavorant
world	mont
worm	vier
worn	metût sù
worried	preocupât
worry	preocupâsi
worry	preocupazion
worse	piês
worship	venerazion
worship	venerâ
worst	piês
worth	valôr
worth	preseabil
worth it	valê la pene
worthy	degn di
wound	feride
wound	ferî
wrap	involuçâ
wrap	sial
wrap	confezionâ
wrath	rabie
wrist	pols
write	scrivi
Write here	Scrîf chi
writing	scrivi
written	scrit
wrong	tuart
wrong	sbaliât
wrong	in maniere scorete
wrote	scrivè
yard	cort
yawn	sossedâ
yawn	sossedade
Yeah	Sì
year	agn
years	agns
yeast	levan
yell	berlâ
yell	berli
yellow	zâl
Yes	sì
yes baby	sì, ninine
yes dear	sì, stele
yes honey	sì, stele
yes my love	sì, gno amôr
yes of course	sì, sîgur
yesterday	îr
yet	ma ben
yield	racuelte
yield	rindi
yield	rindiment
you	tu
you are	tu sês
you are beautiful	tu sês biele
you are so beautiful	tu sês propit biele
you are welcome	tu sês il benvignût
you can	tu sâs
you can	tu puedis
You know	Tu sâs
you too	ancje tu
you're welcome	tu sês benvignût
you're welcome	prego
young	zovin
your	il to
your welcome	prego
yourself	di te stes
youth	zoventût
you’re welcome	prego
yummy	deliziôs
zero	zero
