abandoned	ojehejapyre
abandon	hejarei
abide	pu'aka
ability	ipyrusúva
able	katupyry
about	upéva rehegua
above	hi'ári
abroad	tetã ambuépe
absence	pore'ỹ
absent	pore'ỹ
absolutely	upeichaite
absorb	mbopyte
abstract	mombyky
absurd	vyrésa
abundance	hembýva
abundant	oĩhetáva
abuse	meg̃uamboru
accent	muanduhẽ
accept	moneĩ
access	jeike
accident	japaro
accommodation	kotykoha
accomplished	jehupytypyre
accomplish	hupyty
according	oje'eháicha
account	mba'erepy
accuracy	teko ha'ete
accurate	hesetéva
accused	mombe'uaipyra
ache	tasy
achieve	g̃uahẽ
achievement	jehupyty
acknowledge	jehechakuaa
acquaintance	kuaapyre
acquired	amba'ejogua
acquire	mba'ejoguáva
acquisition	jeguereko
across	ambue gotyo
act	apo
action	ojejapóva
active	kyre'ỹ
activities	mba'aporã
activity	mba'apo
actor	ha'ãngakuaáva
actual	añete
actually	Añetehápe
acute	akua
adapt	jepokuaa
addicted	jeikerypy´ũ
additional	mbohetave
addition	jepokuaavai
add	moinge
address	oñe'ẽ chupe
adequate	heséva
adjacent	ykeregua
adjective	terayke
adjust	jejopy
admire	guerohory
admit	moneĩpyréva
adopt	ñemomba'e
adorable	juky
advanced	tenonde
advance	jehotenonde
advantage	yvytu
adventure	tembiasapyreita
adverb	ñe'ẽteykéva
advertisement	marandu ñemurã
advertising	marandu ñemurã
advice	moñe'ẽ
advise	moñe'ẽ
advocate	pysyrõhára
aesthetic	porãreko
affair	porohayhu
affect	hupytýva
affection	porayhu
affordable	hepy'ỹva
afford	hepyme'ẽkuaa
afraid	kyhyjeha
afternoon	ka'aru
after	rire
afterwards	upéi
again	jey
against	hovaigua
age	arykuéra
agency	mba'aporenda
agent	tembiapo mbohapehára
aggressive	oñemombaretéva
agile	pya'e
ago	kupe
agreement	ñoñe'ẽme'ẽ
agree	ñemoneĩ
agriculture	ñemitỹ
ahead	tenonde
aid	pytyvõ
aim	monguatia
airport	aviõguejyha
air	yvytu
aisle	guatahapo'i
alarm	mombayhapu
alcohol	kaguy
alert	marandu
a little	michĩmi
alive	aiko
all	opavave
allowed	ojejapokuaáva
allow	heja
all right	iporãmba
all the best	mba'eporãmbaite
almost	haimete
alone	ha'eño
along	ipukukuévo
a lot	heta
a lot of	atýragua
already	oĩma
Alright	oiporã
also	avei
alternative	ambuekua
although	jepe
always	akói
amazing	ndaroviái
ambiguous	nahesakãporãiva
ambition	mba'epota
ambitious	imba'epotaitereíva
am	che
amend	myatyrõ
amid	mbytépe
among	mbytépe
among us	ñande apytépe
amount	mboýpa
amusing	vy'araity
analysis	hesa'ỹijo
ancestors	ypykuéra
anchor	pindakakuaa
ancient	ymaguare
and	ha
and you	ha nde
angel	tupãremimbou
anger	pochy
angle	apy
angry	pochy
animal	mymba
ankle	pyñuã
anniversary	aramboty
announcement	marandu
annoyed	pochyreko
annoying	pochypópe
annoy	myangekói
annual	aryñavõgua
anonymous	kuaa'ỹva
another	ambue
an	peteĩ
answer	mbohovái
anticipate	motenonde
anxiety	py'atarova
anxious	py'atarova
anymore	nahanirivéima
any	oimeraẽva
anyone	mavave
anything	oimeraẽva
anyway	opaicharei
anyways	jepéramo upéicha
apart	ha'eño
apartment	mboja'oha
a	peteĩ
apologize	ñeñyrõuka
apparent	gua'u
apparently	upéicha nunga
appeal	tembijerurejey
appearance	ojehechaháicha
appear	apysẽ
appeared	osẽmbaite
appetite	vare'a
apple	gjuavirana'a
application	porupyrã
apply	poru
appointment	hysýi
appreciate	momorã
appreciation	jehecharamo
approach	ñemboja
appropriate	hekópe
approval	moneĩpyre
approved	ñemoneĩmby
approve	hasapyre
approximately	ag̃uiete
april	jasyrundy
arbitrary	mba'e'apo porandu'ỹre
architect	arquitecto
architecture	arquitectura
archive	ñongatuha
area	hendaha
are	oĩ
are you busy	Nerembiapópa
are you married or single	Ndépa remendáva térã remenda'ỹva
are you married	Remendápa
are you	ndépa ha'e
Are you still there?	reimegueterípa
are you there	Reimépa upépe
argue	jeikovai
argument	tembiakuaapy
arise	oñemotenonde
arm	jyva
army	Guarini'aty
around	jerére
arrangement	myatyrõ
arrange	mohenda
arrival	g̃uahẽ
arrived	g̃uahẽpyre
arrive	g̃uahẽ
arrogant	oñembotuicháva
arrow	hu'y
article	akytã
artificial	gua'úva
artist	temiporãhára
art	temiporã
ashamed	ñemotĩ
ash	tusukue
asked	omba'eporandu
ask	jerure
asleep	kerambi
as long as	katuetévo
as	mba'éicha
aspect	ha'ãnga
Assamese	asamés
assault	monda
assembly	mbosako'i
assertive	hesakuaitépe
assess	hepyme'ẽ
assessment	kuaara'ã
asset	kyre'ỹ
assets	naiñate'ỹíva
assign	me'ẽ
assignment	me'ẽ
assistant	pytyvõhára
assist	pytyvõ
associated	atygua
associate	moirũ
association	ñembyaty
assume	ñemomba'e
assumption	mo'ã
as well as	upeichaháicha
as well	avei
ate	okarúkuri
athlete	hetekatupyry
at least	pévajepe
at	pe
attached	oñembojoapýva
attach	mbojoaju
attachment	ambojoaju heseve kuatia
attack	g̃uahẽmbaite
attempt	ñeha'ãjey
attendance	ñeime
attend	ñangareko
attention	jesareko
attitude	lája
attraction	hecharamo
attractive	oporopy'ara'ãva
attract	poropy'areraha
attribute	aporãkatu
audience	henduharakuéra
august	jasypoapy
aunt	pehẽngue
aunty	pehẽngue
authentic	tekoite
author	apohára
authority	tendota
autumn	araroguekúi
available	oĩ
average	mbytegua
avoid	jehekýi
awake	páy
award	me'ẽ
aware	andukuaa
awareness	andukuaa
away	mombyry
awesome	jarýi
awful	ivairasa
awkward	nahendáiva
Aymara	aimara
baby	mitãra'y
bachelor	omenda'ỹva
background	tapykuere
back	kupe
bad	vai
bag	voko
bait	ñandy
bake	mbyakuha
bakery	mbujaperenda
baking soda	bicarbonato
balance	mbojoja
ball	manga
Bambara	Bámbara
banana	pakova
band	mbopuha'aty
bang	mbokapu
bank	Viruñeñongatuha
barely	haimetéva
bargain	ñemu
bar	guarirenda
bark	ape
barley	avatimirĩchu
barrier	apañuãi
based	oñemboguapypyre
basement	koty'yvyguy
base	pyenda
basically	ñepyrũ'ypy
basic	pererĩva
basil	albahaca
bastard	ra'yoka
batch	pehẽ
bath	jahuha
bathroom	koty'i
battery	ñaniryiryru
battle	ñorairõ
bay	ysyryrembe'y
beach	pararembe'y
beam	háse
beans	kumanda
beard	hendyva
bearing	Oguerahávo
bear	oso
beast	mymba vai
beat	tytýi
beautiful	iporãiterei
beauty	porãngue
became	moambue
be careful	eñangarekóke
because	rupi
become	jeikojey
bedroom	kotykeha
bed	tupa
beef	vaka
bee	káva
been	tetã
beer	guariryju
before	mboyve
began	moñepyrũ
begin	ñepyrũ
beginning	oñepyrũ
behalf	hérape
behave	jeikoporã
behavior	teko
behaviour	Hapykuere
behind	kupépe
being	upévo
belief	jeroviapy
believe	guerovia
belly	tye
belong	imba'erehegua
beloved	ojehayhúva
below	guýpe
belt	ku'ajokoha
bench	mesa mba'aporã
bend	mopẽ
beneath	karape
benefit	jopoipyhy
benefits	mba'eporã
beside	ipýpe
besides	avei
best	iporãvéva
best of luck	tandepo'aite
best regards	jesarekópe
better	porãve
between	mbyte
beverage	jey'urã
beyond	hasave
Bhojpuri	Bhojpuri
biased	ag̃aguareko
bias	omba'aposéva
bicycle	bicicleta
bid	poravorãrenói
big	tuicha
bike	apajerekõi
bill	kuatiarepykue
bind	mbojoaju
bird	guyra
birthday	aramboty
bite	su'u
bit	sa'i
bitter	ro
black	hũ
blade	kysepuku
blame	mboja
blanket	ahoja
blank	nandi
blast	mbokapu
bleach	tanimbury
blend	jehe'a
blessed	ikaraipyre
bless	hovasa
blind	ohecha'ỹva
bliss	vy'apavẽ
block	tape
blood	tuguy
bloom	ñemboyvoty
blow	peju
blue	hovy
blunt	hãimbe'ỹva
board	techaukaha
boat	yga
body	tete
boil	mbopupu
bold	iñakuã
bond	jokupyty
bone	kangue
book	aranduka
booster	jejopyveha
boost	mbohetave
boot	pyrehegua
boots	pyrehegua
border	tetãkorapy
bored	kaigue
bore	kaigue
boring	kuerái
born	heñóiva
borrow	poru
boss	momba'apohára
bother	moangekói
both	mokõivéva
bottle	liméta
bottom	hypykue
bought	jogua
bounce	opopojevy
boundaries	rembe'y
bound	ojoajúva
bow	guyrapa
bowl	harroguasu
box	mba'yru
boyfriend	menarã
boy	mitãrusu
bracelet	pyapyjeguaka
brain	apytu'ũ
branch	yvyrarakã
brand	téra
brave	py'aguasúva
breach	pa'ũnandi
bread	mbujape
breakfast	rambosa
break	pytu'u
breast	pyti'a
breathe	pytuhẽ
breath	pytu
breed	mongakuaa
brick	yvy'atã
bride	tembirekorã
bridge	jehasaha
brief	sapy'aite
bright	overa
brilliant	overáva
bring	gueru
broadcast	mbohasa
broad	pe
broke	jesoite
broken	jeka
broom	typycha
bro	pehẽngue
brother	hermano
brother in law	rovaja
brought	oguerúkuri
brown	yvysa'y
brush	kytyha
bucket	reiete
buddy	irũ
budget	hepykuaarã
bug	jejavy
building	óga yvate
build	mba'e'apo
built	oga'apo
bulk	hetakuére
bull	Vakame
bully	oporojukáva
bump	kandu
bunch	aty
bundle	ejapo
burden	mba'erepy
buried	oñeñotỹma
burn	hapy
burst	kapu
bury	ñotỹ
bush	ñanandy
business	ñemuharenda
bus	mba'yruguata
bust	pyti'a
busy	hembiapoheta
but	hakatu
butterfly	panambi
butter	kyramonarã
button	votõ
buy	jogua
bye	jajohecha peve
by	rupi
by the way	ñañe'ẽnguévo
cabbage	tajao
cabinet	mburuvichakoty
cage	mymbarokái
cake	mbujapehe'ẽ
calf	vakara'y
called	ñehenói
call	henói
call me	cherenoimi
calm	py'aguapy
came	og̃uahẽ
campaign	Myasãi
Cancel	Heja
cancer	mba'asyvai
can	ikatu
can't	tovamokõi
capable	katupyry
capacity	katupyry
capital	tavaguasu
caption	ñe'ẽakãguy
capture	japyhy
career	mba'apokuaa teéva
carefully	reñangarekóke
careful	ñangareko
careless	oñangareko'ỹva
caring	py'apy
car	mba'yruguata
carpenter	yvyrapandára
carpet	yvyhoja
carrot	sanaoria
carry on	jeho tenondeve
carry out	japo
carry	raha
case	ojehúva
cash	viruete
castle	ogakakuaa
cast	poi
casual	jehureíva
catch	japyhy
category	hendápe
cat	mbarakaja
cattle	tymba
caught	ojapyhy
cause	gui
caution	jesarekópe
cautious	jepy'amongeta
cave	itakua
cease	joko
ceiling	ogahoja
celebrate	guerovy'a
cell	koty'i
center	mombyte
century	sa ary
cereal	mba'era'ỹi
ceremony	atypavẽ
certain	añete
certainly	oje'ehaichaite
certificate	moañeteha
chain	itasã
chair	apyka
challenge	porohekáva
chance	juruja
change	guerova
chaos	sarambikue
character	heseguáva
characteristics	heseguáva
charge	oĩha
charity	pytyvõreko
charming	ombopajéva
chart	haipyre
chase	hapykuereho
chat	mongeta
cheap	hepy'ỹ
cheating	guata'oka
cheat	moñuha
check	vichea
cheek	tovayke
cheerful	hory
cheer	jekuaauka
cheers	porã
cheese	kesu
chemistry	kímika
cherish	hecharamo
chess	ajedréz
chest	pyti'a
chew	ñamindu'u
chicken	ryguasu
chief	mburuvucha
childhood	mitãreko
child	mitã
children	mitã
chill	ho'ysã
chimneys	tatatĩsẽha
chin	tañykã
chocolate	chocolate
choice	jeporavo
choose	poravo
chop	jopi
chores	mba'aporã
chubby	kyraite
church	Tupão
cinnamon	canela
circle	apu'a
circumstances	oikóvare
citizen	tavayguára
city	táva
claim	he'i
clarify	myesakã
class	mbo'ehakoty
clay	ñai'ũ
clean	ipotĩ
clear	hesakã
clerk	pytyvõhára
clever	arandu
client	ñemuhára
cliff	pararembe'y
climate	arareko
climb	jejupi
clingy	ojapareíva
clock	aravopapaha
close	mboty
closet	aorenda
cloth	ao
clothes	ao
cloud	arai
cloudy	araipa
clown	toryja
clue	marandurendapy
clumsy	ipomberu
cluster	aty
coach	mba'yrumýi
coal	tatapỹihũ
coast	yrembe'y
coat	Aokate
coffee	café
cognitive	apytu'ũmegua
coincidence	jejuhumo'ã'ỹre
cold	ho'ysã
collapse	ñembyaipa
collar	mbo'y
colleague	javegua
colleagues	oñoirũva
collection	ñembyatyteĩre
collect	mbyaty
college	mbo'ehaovusu
colorless green ideas slept furiously	akãreñói hovyũ isa'yỹva oke pochypópe
color	sa'y
colour	sa'y
column	ytaguasu
combination	mbojeporukuaa
combine	mbojoja
comb	kygua
come here	eju ápe
come	ju
come on	jaha
comfortable	jeiko porã
comfort	ñeñandu porã
coming	jejúvo
coming soon	tenondeve
command	japouka
comment	oje'éva
commercial	ñemurã
commission	aty motendeha
commit	japo
commitment	ñe'ẽme'ẽ
committed	porojokuáva
commodity	mba'erepy
common	jepigua
communicate	mombeupy
communication	ñe'ẽkuaamyasãi
community	avarekoha
commute	guatapuku ára ñavõ
companion	irũ
company	tembiaporenda
compare	mbojoja
comparison	mbojoja
compassionate	poriahuvereko
compassion	poriahuvereko
compatible	hesegua
competent	katupyry
compete	oñemoañotenondeséva
competition	ñeha'ã
competitive	ipu'akáva
complain	chi'õ
complaint	ñemombe'u
complement	moĩmbaha
completely	opaite
complete	orekopáva
complex	hypy'ũ
compliance	py'ajoja
complicated	mbojetu'u
compliment	mongele'e
comply	mboajeha
composition	oñondiveguáva
compound	oñondiveguáva
comprehension	kũmby
comprehensive	kũmbykuaa
compromise	ñe'ẽme'ẽmby
compulsory	jejapova'erã
computer	mohendaha
concentrate	jesarekoite
concept	kuaapy
concerned	py'apy
concern	jepy'apy
concert	mba'epujoyvy
conclusion	mohu'ã
concrete	ytaguasu itaguigua
conditions	teko
condition	tekovia
conduct	teko
conference	ñe'esyry
confess	mombe'u
confidence	jerovia
confident	jeroviapy
confirm	moneĩ
conflict	ñorairõ
confused	jesarea
confusion	Guyryry
congrats	vy'apavẽ
congratulation	mbovy'apavẽ
congratulations	Vy'apavẽ
conjunction	mbojoapy
connect	mbojoaju
conquer	mosã
conscious	hechakuáva
consciousness	apytu'ũjera
consent	potárupi
consequences	apopyre'a
conservation	jeguereko
conservative	nomoambueséiva
considered	jehechakuaa
consider	hechakuaa
consistency	hetepy'atãva
consistent	mba'e'atã
consist	mba'erehegua
constantly	mantereíva
constant	mantereiguáva
constipation	tekakapa'ã
construction	mopu'ã
consume	u
consumption	hi'upyje'u
contact	jekuaaverã
contagious	ovakuaáva
contain	oreko ipype
contains	oguereko
contemporary	ko'ag̃aguáva
contempt	royrõ
content	pypegua
contest	kuaara'ãmby
context	ñe'ẽnda
continent	yvyvusu
continue	mbojoapy
contract	ñoñe'ẽme'ẽ
contrast	hesakãngue
contribute	pytyvõkuaa
contribution	pytyvõrã
control	jehechaukaha
controversial	mboikovaikuaáva
convenience	juporã
convenient	ouporãva
conversation	ñomongeta
convert	moambuejey
convey	ñe'ẽmyasãi
convinced	rovia
convince	roviauka
cooking	Otembi'u'apo
cook	tembi'u'apo
cool	piro'ysã
cooperation	ñopytyvõ
cope	mbohovake
copper	kuarepotipytã
core	mbyte
corn	avati
corner	ykejoajuha
correct	hekokatúva
cost	repykue
costume	aogua'u
cottage	óga
cotton	mandyju
couch	apykaguasu
cough	hu'u
could	ikatúne
council	Ñemoñe'ẽ
counter	hi'arigua
count	jepapa
countryside	ñu
country	tetã
couple	ñemoirũ
courage	tekotee
course	guerojera
courtesy	poroguerekokuaa
court	tekojoja'apoha aty
cousin	tiora'y
cover	mo'ã
coward	py'amirĩ
cow	vaka
cozy	py'aguapyreko
crab	japeusa
crack	jeka
craft	apopyre
crap	vyrorei
crash	mbokapu
craving	mba'epotapy
crawl	poñy
crazy	tavy
create	mboypy
creative	iñapytu'ũrokypavẽ
credit	ijeroviaha
creep	mbojoha
creepy	pirĩmba
crew	yvyporakuéra ygapegua
crime	mba'evai'apo
cringe	otĩeterei
crisis	hasa'asy
criteria	temimo'ã
critical	hemianduteĩva
criticism	kaguai
crop	ñemitỹ
crops	kóga
cross	kurusu
crowd	atyguasu
crowded	je'oiha
crown	akãngora
crow	yryvu
crucial	tekotevẽterei
cruel	aña
cruise	ygaguasu
crush	jopy
cry	tasẽ
cucumber	pepino
cuddle	añuã
culture	arandupy
cunning	ikarakatúva
cupboard	tembiporurenda
cup	kaguaka
curb	taperembe'y
cure	monguera
curfew	jepyta ñehenói
curiosity	oikuaaséva
curious	kuaase
curly	apopẽ
currency	viru ñemoambue
current	Ko'ag̃agua
currently	ko'ág̃aramo
curse	ñe'ẽngai
curtain	ovetãhoja
cushion	aramboha
customer	ñemuhára
custom	jepokuaa
customs	virumba'erepýre
cute	porã
cut	kytĩ
cycle	vore
cycling	ciclismo
daddy	ru
dad	túva
daily	ára ha ára
dairy	kambyrenda
damage	mbyai
damn	añaretãygua
damp	mohe'õ
dam	yno'õ
dance	jeroky
danger	ñemongyhyje
dangerous	iñangave'ỹva
dark	pytũ
darling	kunu'ũ
dash	ku'i
data	marandurenda
date	fecha
daughter	tajýra
day	ára
deadline	arange g̃uahẽ meve
dead	mano
deaf	apysape
deal	ñe'ẽpeteĩ
Dear All	hayhupára
Dear Customer	Marchánte
dear	mi
Dear Parents	maitei tuvakuéra
Dear Sir	karaimi
Dear students	temimbo'ekuérami
Dear Team	atymi
death	te'õngue
debate	ñembohovake
debit	ojeíva
debris	ytymbyaty
debt	tepyme'ẽrã
decade	pa ary
decay	kaigue
deceased	manopyre
deceive	mbotavy
december	jasypakõi
decent	porã
decided	py'apeteĩ'apo
decide	py'apeteĩ
decision	py'apeteĩ
deck	pyendavusu
decline	mbotove
decrease	mopokã
dedicated	aranduhetakuaáva
dedication	jejapoporã
deed	apopy
deep	hypýva
deer	guasu
default	upevakuére
defeat	po'ẽ
defend	pysyrõ
define	teko rechauka
definitely	upeichaite
definition	he'iséva
degree	jehupive
delayed	ojejagarrába
delay	mbegue
delete	mboje'oha
deliberate	japovaisevoi
delicate	tekomirĩ
delicious	heterei
delighted	vy'a
delight	mytuẽ
delivered	ñeme'ẽmbyre
deliver	me'ẽ
delivery	me'ẽ
demanding	jopy
demand	oñeikotevẽva
democracy	jekupyty
demon	aña
demonstrate	hechauka
denied	oñembotovéva
density	pohyikue
dentist	tãipohãnohára
deny	mbotove
department	jeikorenda
departure	ñesẽha
depend	joaju
deploy	pyso
deposit	kotyñongatuha
depressed	motĩndýva
depression	ãngakangy
depth	hypy'ũ
describe	techaukahai
description	techaukaha
desert	Yvymeme
deserve	momba'eguasu
design	apora'ãngarã
designation	me'ẽ
desire	potapy
desk	mesa mba'apoha
despair	py'aropu
desperate	py'aropu
despite	upéicharamo jepe
dessert	mahe'ẽ
destination	jehoha
destiny	jehoha
destroy	mbyai
destruction	mbyai
detail	sa'iha
details	sa'ỹijo peteĩteĩ
detect	kuaa
determination	py'apeteĩ
determined	hekome'ẽva
determine	hekome'ẽ
devastated	mbokusugue
developed	guerojera
develop	guerojera
development	guerojera
device	tembiporu
devil	aña
devoted	jeroviahára
Dhivehi	Dhivehi
diabetes	tuguyasuka
diarrhea	Tye
diary	aragua
dictionary	ñe'ẽryru
did	ojapo
died	mano
die	mano
diet	karuporã
difference	joavy
different	iñambue
difficult	hasy
dig	jo'o
dignity	teko yvate
diligent	katupyry
dinner	karupyhare
dip	monaha
direct	hesete
direction	ogarenda
director	myakãhára
dirt	mba'eky'a
dirty	ky'a
disabled	ñemonandi
disable	mbogue
disappear	kañy
disappointed	mokangy
disaster	sarambi
discard	ñemboyke
discharge	ñemboguejy
discipline	tekokuaaporu
discount	hepysa'ive
discover	juhu
discrimination	apo'i
discussion	jeikovai
discuss	jeikovai
disease	mba'asy
diseases	mba'asykuéra
disguise	tova'ãnga
disgusting	mbojeguarúva
dishes	ña'ẽmbekuéra
dish	ña'ẽmbe
dismiss	mboyke
dispatch	guerahauka
display	techaukahára
disposal	ñemoĩpyre
dispute	ñorãirõ
distance	pukukue
distinct	ojoavýva
distinguish	jehechakuaa
distress	angata
distribution	mboja'o
district	táva
disturb	myangekói
ditch	yvykua
diverse	ikoéva
diversity	jopara
dive	typeka
divide	mboja'o
divine	tupã rehegua
divorce	jopoi
dizzy	akãnga'u
doctor	pohãnohára
document	kuatia
doesn't	nahániri
does	ojapo
dog	jagua
Dogri	dogri
doing	apohápe
do	japo
doll	pyapy
domain	poguýpe
domestic	ogayguáva
dominant	pu'akapa
donate	me'ẽrei
done	apopyre
donkey	Chavurro
don't	Nahániri
Don't worry	Ani rejepy'apy
dope	pohãvai
double	kõi
doubt	py'amokõi
dough	mbaipy
down	iguýpe
download	mboguejy
do you love me	cherayhúpa
do you	nde reñemoneĩ
draft	yvytupa'ũ
drag	mbosyryry
drain	hykue'o
drawer	kahõ
drawing	ta'anga
draw	moha'anga
dread	kyhyje
dream	kerecha
dress	sái
drill	mbokuaha
drink	mboy'u
drive	mboguataha
drop	mondoho
dropped	ho'áva
drought	ndokyvéi puku
drunk	ka'u
dry	hypa
duck	Ype
dude	tío
due	oñemoha'arõva
due to	peicharupi
dull	kaigue
dumb	výro
dump	yñohẽha
duration	hi'arekue
during	aja
dust	yvytimbo
duty	tembiapo
dwell	jeiko
dying	omanopotáva
each other	ojupe
each	peteĩteĩ
eager	py'atarova
eagle	apakani
earlier	mboyve
early	voi
ear	nambi
earn	ñesẽtenonde
ears	nambi
earthquake	yvyryrýi
earth	yvy
ease	mbohasy'ỹ
easily	hasy'ỹme
east	kóva
easy	hasy'ỹ
eating	karuhápe
eat	karu
economic	hepy'ỹva
economy	virureko
edge	tembe'y
edit	moambue
education	tekombo'e
effect	hahykuere
effective	ha'eve
efficiency	hembiapoporãva
efficient	hembiapoporãva
effort	ñeha'ã
eggplant	berenjena
egg	ryguasurupi'a
ego	chénte
eighteen	papoapy
eight	poapy
eighty	poapypa
either	oimeraẽva
elaborate	apo
elbow	jyvanga
elderly	tuja
elder	tuichave
elegant	ñembokate
element	mba'e rehegua
elephant	elefante
eleven	pateĩ
eligible	poravokuaa
eliminate	pe'a
else	hetave
embarrassed	ñemotĩ
embarrassing	ñemotĩ
embrace	hupytypa
emerge	akarapu'ã
emergency	ojapuráva
emotional	py'andýireko
empathy	py'aporã
emphasis	mbojekuaaverã
emphasize	hechaukave
employee	mba'apohára
employees	mba'apohára
employer	momba'apóva
employment	mba'apoha
empty	nandi
enable	mbopu'aka
encounter	jejuhu
encourage	mokyre'ỹ
endangered	oguepotaitémava
endeavor	ñeha'ã
end	paha
endurance	pu'aka
endure	gueropu'aka
enemy	ija'e'ỹva
energy	mbaretekue
engaged	poravopyre
engagement	ñe'ẽme'ẽpyre
engage	ñe'ẽme'ẽtee
engineer	papapykuaahára
engine	mba'eka
English	inglés
enhance	moporã
enjoy	hasaporã
enormous	tuicha
enough	hetáma
ensure	mbojerovia
enter	jeike
entertainment	vy'arã
enthusiasm	kyre'ỹ
enthusiastic	kyre'ỹ
entire	paite
entitled	oñembohera'ỹva
entity	temimoĩmby
entrance	g̃uahẽha
entrepreneur	mba'apome'ẽha
envelope	ári
environment	ñandejere
envy	potangai
epic	tembiasakue ojehecharamóva
epidemic	mba'asysarambi
equal	ojoja
equipment	aty
equity	viru
equivalent	mbojoja
eraser	mboje'oha
error	jejavy
escape	jehekýi
especially	mba'erãite
essay	ha'ã
essence	tekoite
essential	oñeikotevẽva
established	je'epyre
establish	mboguapy
estate	mba'erepy
estimated	ojehayhúva
estimate	mbojerovia
etc	ambueve
eternal	apyre'ỹ
ethics	tekoporã
evaluate	kuaara'ã
evaluation	hepyme'ẽ
evening	pyhare
even	joja
even though	jepe
event	Jeguerohyha
eventually	ipahaitépe
ever	ikatu jave
everybody	opavave
every	ñavo
everyone	opaite arapygua
everything	opaite
evidence	ñembojapyre
evil	vai
evolution	mbokakuaa
evolve	mongakuaa
Ewe	Ewe
exact	ha'ete
exactly	hesakuaitépe
exam	aranduchauka
examine	jehechauka
example	tembiecharã
exceed	rasa
excellent	jarýi
exception	pe'apyre
except	ndoikéi
excess	hetaiterei
excessive	imba'erasa
exchange	me'ẽjovái
excited	py'akyrỹi
excitement	py'andýi
exciting	ñandujoko'ỹ
exclusive	ñoite
excuse	mbojeko
excuse me	ñyrõ
execute	apo
execution	jejapo
executive	japopya'éva
exercise	tembiaporã
exhausted	kane'õrasa
exhaust	kane'õ
exhibit	hechauka
exhibition	jehechauka
existence	jeiko
existing	oĩva
exist	oĩ
exit	Ñesẽha
ex	kue
expand	myasãi
expected	ñemotenondepyréva
expect	ñeha'arõ
expenses	joguapyre
expensive	hepy
experience	tembiasa
experiment	apora'ãteĩ
expert	katupyry
expired	Kaluka
explain	myesakã
explanation	myesakãrã
exploit	kapu
explore	jehyvykói
export	rova
exposed	oñemoĩreiete
expose	hechauka
exposure	jehechauka
expression	je'e
express	je'ẽpyre
extended	ojepysóva
extend	pysove
extension	mbotuicha
extent	pysokue
external	okapegua
extinct	oguepámava
extract	guenohẽ
extra	oñemoĩvéva
extraordinary	jepivegua'ỹva
extreme	apýra
extremely	rasaite
eyes	tesa
eye	tesa
fabric	ao
fabulous	iporãitereirasa
face	tova
facilitate	rembohape
facilities	ñemoĩmbyre
facility	ñemohendapyre
fact	apopyre
factor	mba'e apoha
factory	apopyrãhaguasu
facts	oikóva
fade	py'amano
failed	ñesẽvai
fail	meg̃ua
failure	jejavyreko
faint	py'amano
fairly	ha'evéma
fair	oiporãva
fairy	jarýi
faithful	jeroviapy
faith	jerovia
fake	gua'u
fall	ho'a
false	japu
fame	terakuã
familiar	ogayguáva
family	ogaygua
famine	karu'ỹguasu
famous	herakuava
fancy	hova'atã
fan	pejuha
fantastic	jarýi
farewell	maitei paha
farmer	ñemitỹhára
farm	mymba mongakuaaha
far	mombyry
fascinating	guerovia'ỹ
fashion	jeporumeméva
fast	pya'e
fatal	oporojukáva
fate	jehoha
father	túva
fatigue	kane'õrasa
fat	ñandy
fault	angaipa
favorite	poravoraẽte
favourite	guerohoryvéva
favour	jerure
fear	kyhyje
feast	karuguasu
feather	tague
feature	heseguáva
features	teko
february	jasykõi
fed up	mbyaju
feedback	mandu'arãjey
feed	tembi'urã
feeling	andu
feel	ñandu
fee	mba'erepy
feet	py
fell	kytĩ
fellow	irũ
felt	ñandúva
female	kuña
fence	kora
fertile	ñemoñakatúva
festival	vy'aguasu
fetch	oguerekojey
fever	akãnundu
fewer	michĩve
few	sa'i
fiance	menarã
fiction	apy'ãreko
field	ñu
fierce	pohýi
fifteen	papo
fifty	popa
fighting	ñorairõme
fight	ñorairõ
figure	ha'ãnga
figure out	kuaareka
file	tapykuererekahai
filled	henyhẽ
fill	myanyhẽ
film	ta'angaryrýi
filthy	ky'a
finally	ipahápe
finance	viruporukuaa
financial	virume'ẽ
find	juhu
find out	jeporekuaa
fine	multa
finger	kuã
finished	opa
finish	mohu'ã
fire	tata
firm	teraguapy
first name	téra peteĩha
first	peteĩha
fish	pira
fit	pytaporã
five	po
fixed	oñemyatyrõva'ekue
fix	myatyrõ
flag	poyvi
flash	mimbi
flat	Tenda
flawless	marã'ỹ
flaw	tembiapovai
flee	guari
flesh	so'o
flew	oveve
flexible	hu'ũva
flex	pyso
flight	veve
flip	jere
flirt	Guereko
flirting	ñemboki
float	ombovevúiva
flood	yjasuru
floor	tendapa'ũ
flour	hu'itĩ
flower	yvoty
flow	mbosyry
fluently	syrýpe
fluent	syrykue
fluffy	haviru
fluid	hykuévo
flu	tĩsyry
fly	mberu
focus	jesareko renda
foggy	tatatĩna
fog	tatatĩna
fold	mboape
folks	kuimba'ekuéra
follow	hakykuerereka
following	uperiregua
follow up	rakykuerereka
food	hi'upyrã
foolish	tavyrai
fool	ñembotavy
football	fútbol
foot	py
forbidden	ndovaléiva ojejapo
force	mbarete
forecast	ha'uvõ
forehead	tenonde
foreign	pytagua
forest	ka'aguy
forever	arerã
For example	techapyrã ramo
forget	hesarái
forgive	ñyrõ
forgot	hesarái
for	g̃uarã
for instance	tembiecharã
fork	kypa
formal	hekóicha
former	mboyvegua
form	ysaja
fortunately	Ha'etépe
fortune	vurureta
forty	irundypa
forty-two	irundypa mokõi
forward	tenonde gotyo
for you	ndéve g̃uarã
foster	mboatukupe
fought	ñorãirõmbyre
foundation	atyguasu ñemopyendarã
found	mboypy
four	irundy
fourteen	parundy
fox	aguara
fragile	pererĩ
frame	okẽnda
framework	hetepy
fraud	mbotavy
freak	ojehechakatu'ỹva
freedom	sãso
free	reiguáva
freeze	mohatã
frequency	mantereíva
frequent	jepiguáva
frequently	mantereíva
fresh	piro'y
friday	arapoteĩ
fridge	moro'ysãha
friend	angirũ
friendly	rayhuha
friendship	tekoayhu
friends	ñoangirũ
frightened	ñemondýi
frightening	omongyhyjéva
frog	ju'i
from	gua
front	henondeguáva
frozen	hatãmbyre
fruit	yva'a
frustrated	po'a'ỹ
fuel	Ñandyratarã
Fulfulde	Fulfulde
full	orekopáva
function	hembiapo
fundamental	mopyenda
funeral	manoha
funny	kachiãi
fun	vy'akuaa
fur	akãrague
furious	pochyvai
furniture	ogapy rembiporu
furthermore	ha'eve
further	ve
future	tenondegua
gain	ñesẽ tenonde
game	ñembosarái
gap	jeka
garage	mba'yrumýi koty
garbage	yty
garden	yvotyty
garlic	áho
gate	okẽ
gathering	ñembyaty
gather	ñembyaty
gauge	techaukaha
gave	ome'ẽkuri
gear	apu'ajere mongu'e
gender	meña
generally	tuichaháicha
general	opavavépe
generate	moheñói
generation	avakuéra ojojaveguáva
generous	pojera
genius	imba'ekuaáva
genre	meña
gentle	hory
genuine	hekopegua
gesture	teterechaukapy
get dressed	ñemonde
get	reko
getting	hupyty
get up	pu'ã
get well soon	taneresãivokói
ghosting	póraicha
ghost	póra
giant	tuichaitereíva
gift	jopói
ginger	jengibre
girlfriend	Kichiha
girl	mitãkuña
give	me'ẽ
given	cultural adaptation
give up	ojeheja
glad	vy'a
glance	ma'ẽ
glasses	tesarenondegua
glass	ñeangecha
glimpse	he'ipa'ỹva
global	yvy ape arigua
gloomy	pytũ
gloves	poao
glow	omimbi
glow up	mimbi
glue	mbojaha
go ahead	jehove
goal	gol
goals	ojehupytyséva
goat	kavara
go away	jeho
god bless you	Tupã tanderovasa
god	ñandejára
goes	oho
go	ho
going	aha'aína
going to	aháta
gold	itaju
gone	ndahapykueréiva
gonna	jeho
good afternoon	tandeka'aru porãite
goodbye	Jajoecha peve
good bye	jajohecha peve
good day	mba'éichapa neko'ẽ
good evening	mba'éichapa ndepyhare
good	iporã
good job	mba'apo porã
good looking	porãite
good luck	po'aite
good morning	mba'éichapa ndepyhare
good morning my love	taneko´ẽporãit che mborayhujára
good night	mba'éichapa ndepyhare
goodnight	mba'éichapa ndepyhare
goods	mba'erepy
Google	Google
Google Translate	Google ñe'ẽasa
goo	mba'e ijaisýva
goose	ypeguasu
gorgeous	iporãiterei
gossip	terakuã
got it	aikũmby
go to bed	tereho reke
got	oreko
government	tetãrerekua
grab	pyhy
grade	kuaara'ã techaukaha
gradually	mbeguekatúpe
graduate	mba'ekuaaru'ã
grain	ra'ỹi
granted	oñeme'ẽva
grant	me'ẽ
grapes	úva
grasp	pyhy
grass	ka'avo
grateful	aguyjeme'ẽreko
gratitude	aguyjereko
grave	tyvy
gray	hũngy
great	iporã
greed	mba'epotarasa
greedy	imba'epotáva
green	hovyũ
greeting	maitei
greetings	maitei
greet	momaitei
grey	hovyhũ
grid	kora'aty
grief	mba'asy
grind	mongu'i
grip	jejoko
grocery	ñemuha
groom	menarã
gross	ikoróchova
ground	yvy
group	aty
grow	kakuaa
growth	kakuaa
grumpy	chi'õ
Guarani	guarani
guarantee	mbojeroviauka
guard	ñangarekohára
guess	mba'emotepa
guest	mbohupa
guidance	Guatarã
guide	moakãhára
guilty	mbojaha
guys	ojueheguáva
guy	tekove
gym	tetemongu'eha
habitat	tekoha
habit	jepokuaa
had	orekókuri
hail	Toikove
hair	áva
half	mbyte
hall	kotyguasu
handle	ipoguýpe oĩva
hand	po
handsome	ipínta porã
hang out	hasa porã
hang	saingo
happened	oikova'ekue
happen	jehu
happiness	vy'apavẽ
happy birthday to you	Vy'apavẽ ndéve g̃uarã
happy birthday	vy'apavẽ
happy new year	vy'apavẽ arymbotýre
happy	vy'a
hard	hatã
hardly ever	haimete márõ
hardly	hasýpe
harmful	oporombyaíva
harm	mba'e'apovai
harmony	puporã
harsh	hatã
harvest	mono'õ
has	oguereko
hate	py'ako'õ
have a good day	tande'araporãite
have a nice day	tande'ára porãite
have breakfast	rambosa
have fun	Vy'akuaa
have	reko
have you eaten	rekarúpiko
having	oguerekóvo
hazard	cháke
haze	tatatina
headache	akãrasyvai
head	akã
healing	monguera
heal	monguera
health	tesãi
healthy	hesãi
heard	ohendúkuri
hear	hendu
heart	korasõ
heat	haku
heaven	ára
heavy	pohýi
hectic	py'aropu
he	ha'e
he has	ha'e oguereko
height	yvatekue
heir	jararã
he is	ha'éva
heist	monda
held	ojokókuri
hell	añaretã
hello dear	Mba'éichapa, kunu'ũ
hello how are you doing	Maitei, mba'éichapa reime
hello how are you	Maitei mba'éichapa
Hello	Mba'éichapa
helmet	akãrehegua
helpful	jokuaikuaa
help	pytyvõ
hence	upévare
herd	ndururu
here	ápe
her	i
heritage	imba'eteéva
hesitate	ipya'amokõi
Hey	Nde
hidden	kañy
hide	mongañy
hierarchy	tuvicharenda
highlight	jehechaukakuaave
high	yvate
hi how are you	mba'éichapa reime
hike	guata
hiking	tapepo'i
hilarious	ikyre'ỹetereíva
hill	yvytymi
Hi	Mba'éichapa
him	ha'e
hint	kuaaukavy
hip	ku'a
hips	kuakuéra
hire	jasyporuka
hiring	momba'apo
his	imba'e
history	tembiasakue
Hi there	Maitei
hit	pete
Hmm	mmm
hobby	akãraku
hold	joko
hold on	ha'arõ
hole	kuára
holiday	arete
hollow	pa'ũ
home	óga
homework	mba'e'aporã
honestly	tekopotĩme
honest	tekoporã
Honey	Kunu'ũ
honor	terakuãguasu
hood	akãmo'ãha
hook	potãi
hope	esperanza
hopefully	hi'ãite
hopeless	jeroviaha'ỹre
hop	yvyra
horizontal	ipekuévo
horn	hatĩ
horrible	ivaieterei
horror	kyhyjevai
horse	kavaju
hospitality	tekorory
hospital	tasyo
hostile	myangekói
host	ogajára
hotel	pytu'uha
hot	haku
hour	aravo
hours	aravokuéra
household	ogaygua
house	óga
how about you	ha nde
how are you doing	mba'éichapa reime
how are you doing today	mba'éichapa reime ko árape
how are you	mba'éichapa reime
how are you today	mba'éichapa reime ko árape
how do you do	Mba'éichapiko rejapo
however	upéicharamo jepe
how is	mba'éicha
how many	mboýpa
how	mba'éicha
how much	mboýpa
how often	Mba'eichaitépa
how old are you	mboy áño eguereko
how was your day	Mba'éichapa nde árara'e
how was your night	mba'eichaitépa ndepyhare
hubby	ména
hub	mbyte
hug	añuã
huge	tuichaiterei
human	yvypóra
humble	noñemomba'eguasúi
humid	he'õ
humidity	havẽmba
hundred	sa'aty
hungry	ñembyahýi
hunt	marika
hurricane	yvytu'atã
hurry	py'arag̃e
hurry up	pya'eve
hurt	mbohasy
husband	ména
hustle	myaña
hut	óga
hygiene	potĩreko
I am	che
I am fine	aime porã
I can	ikatukuaa
I can't	ndikatúi
ice cream	mba'ere'ẽ ro'ysã
ice	yrypy'a
I	che
ideal	oñeha'ãrõháicha
idea	temimo'ã
identical	joguaha
identify	jekuaapyre
identity	herakuaáre
idiot	tavyrai
idle	ndoku'evéi
I do	ajapo
I do not know	Ndaikuaái
I do not understand	naikũmbýi
I don't	Che nahániri
I don't know	Ndaikuaái
I don’t know	Ndaikuaái
I don't understand	Naikũmbýi
I don’t understand	Naikũmbýi
I don't understand what you mean	naikũmbýi ereséva
I don't understand you	nahesakãi eréva
if	ramo
ignore	ñembotavy
i guess	cheverõ g̃uarã
I had	arekókuri
I have	areko
I have been	aiméva
I hope so	upéva aha'arõ
I know	Aikuaa
I like	arohory
I like you	roguerohory
illegal	leimboykeha
ill	hasýva
illness	mba'asy
Ilocano	ilocano
I love my big brother	ahayhu che ryke'ýpe
I love my big sister	Ahayhu che reindy tenonderépe
I love my father	ahayhu che rúpe
I love my little brother	ahayhu che ryvýpe
I love my little sister	Ahayhu che reindýpe
I love my mother	ahayhu che sýpe
I love	oikoite
I love you	Rohayhu
I love you so much	rohayhueterei
I love you too	rohayhu avei
image	ta'ãnga
imagine	ha'ãngáva
I'm	Che
I’m	Che ha'e
I mean	ha'ese
I'm fine	aime porã
I'm good	aime porã
I'm here	ápe aime
I miss you	Rohechaga'u
I miss you so much	rohechaga'ueterei
immediate	ag̃aiteguáva
immediately	ag̃aiténtema
immense	tuichaitereíva
impact	hapykueréva
impatient	py'arag̃e
implement	moingeñepyrũ
important	momba'eguasu
import	pytaguañemu
impose	japouka
impossible	ikatu'ỹva
impression	temimo'ã
impressive	guerovy'a'ỹ
impress	jehechaukase
improvement	ñemoporã
improve	moporãve
I'm sorry	Cheñyrõ
in addition	avei
inappropriate	hekope'ỹ
incentive	mokyre'ỹ
incident	jeikovai
include	moinge
including	jeikéva
income	jeike
inconvenience	hekopegua'ỹ
increased	mbotuichave
increase	moĩve
incredible	ojeguerovia'ỹva
indeed	upeichaite
independent	hekosã'ỹva
India	India
indicate	hechauka
indigenous	te'ýi
individual	teko'año
industry	tembiapo ñemboaporekopýva
inevitable	reha'arõ'ỹva
In fact	upeichaite
infant	mitãrekóva
infection	ai
infinity	apyra'ỹreko
inflammation	ruru
inflation	viruguejy
influence	ipokatu
information	marandu
inform	momarandu
in front of	henondépe
ingredients	porupyrã
inheritance	hejapyre
initial	ñepyrũ
initiative	apopyrã moñepyrũ
injured	hasýva
injury	ñehunga
innocent	mitãreko
innovation	mbopyahuha
in order to	péicha ikatukuaa
in	pe
inquiry	mba'eporandu
insane	tavy
insect	vícho
insecure	py'amirĩ
insert	moinge
inside	hyepy
insight	hechapy
insist	jerurejey
insomnia	keve'ỹ
inspiration	moapytu'ũroky
inspire	mokyre'ỹ
install	mboguejy mohendahápe
instance	tembiecharã
instant	ko'ag̃aite
instead of	hendaguépe
instead	rãngue
instructions	jejaporaẽva
instrument	tembiporu
insult	ja'o
insurance	kyhyje'ỹha
intact	ojepoko'ỹva
integrity	hekopeteĩva
intellectual	iñarandúva
intelligence	katupyry
intelligent	arandu
intended	intended
intend	ha'ã
intense	pohýi
intention	potapy
interaction	jekupyty
interact	jekupyty
interested	oikuaaseteéva
interesting	iporãite
interest	virumemby
interfere	oñemombyte
intermediate	mbytegua
internal	hyepygua
international	tetãnguéra
internship	hasyñenóva
interpreter	ñe'ẽmbohasahára
interpret	ñeikũmby
interrupt	joko
interview	ñe'ẽjovake
intimate	oñondivegua
into	pype
introduce	moinge
introduction	moñepyrũmby
introvert	hekoñembotýva
intuition	kuaatenonde
invalid	moneĩ'ỹ
invent	moheñói
inventory	jeguerokorysýi
investigate	hapykuerereka
invest	moambue
invitation	ñeipepirũ
invite	ñepepirũ
invoice	ñemumbyrehai
involved	oikepáva
involve	moinge
iron	kuarepoti
I see	ahecha
is	ha'e
island	yno'õ
isolated	ñemomombyry
issue	mba'e
issues	ko'ã mba'ére
item	artículo
items	rehegua
I think	arovia
it is	oĩ
it's	ha'e
its	imba'e
It's okay	oĩ porã
it's ok	oĩ porã
it	upéva
it was	oho
I understand	aikũmby
I want	aipota
I want to see you	rohechase
I want you	roipota
I was	chékuri
I will	aháta
I would be	chéne
jacket	chakéta
jail	ka'irãi
January	jasyteĩ
jar	hárro
jaw	tañykã
jealous	hakate'ỹreko
jerk	výro
jewelry	jeguaka
job	mba'apo
jogging	ñanipopo
join	mbyaty
joint	kanguejoajuha
joke	jaru
journalist	maranduhára
journey	guatapuku
joy	tory
judge	tekojojahára
juice	yvarykue
july	jasypokõi
jump	po
june	jasypoteĩ
junk	mba'evaikue
just do it	ejaponte'arã
just	hekopotĩ
justice	tekojoja
justify	mba'érepa
Kalaallisut	Kalaallisut
keen	tetia'éva
keep it up	Eho hese péicha
keep	jeguereko
kept	oguerekókuri
kettle	Ytakuryru
key	ndavoka
kick	pyvoi
kidding	ñembojaru
kid	mitã
kidney	pitikiri'ĩ
kids	mitãnguéra
kill	porojuka
kinda	michĩmi
kindly	hory
kindness	py'aporã
kind	rory
king	réi
kiss	Hetũ
kitchen	kosina
kite	mbyjarata
kitten	mbarakaja'i
knee	tenypy'ã
knew	oikuaákuri
knife	kyse
knight	Kuimba'e
know	kuaa
knowledge	kuaa
known	ojekuaáva
Konkani	Konkani
Krio	Krio
label	maranduhaipyre
labor	mba'apo
labour	tembiapo
lack	guereko'ỹ
ladder	jupiguejyha
lady	kuñakarai
laid	oñemboguapypyre
lake	ypa
lamb	ovechara'y
lame	kaigue
lamp	tesapeha
landscape	ñupyso
land	yvy
language	ñe'ẽ
lap	tapypa'ũ
large	tuicha
last but not least	ipahápe, ndatuichamba'evéiramo
last name	terajoapy
last	paha
late	ka'aru
lately	ipahaitépe
later	ka'aruve
latest	ramoiteguavéva
latter	paha
laughing	hory
laugh	puka
laughter	puka
launch	myasãi
laundry	aojoheirenda
law	léi
lawn	kapi'ipe
lawyer	ñe'ẽngára
layer	apeao
lay	moĩ
layout	ta'ãnga
lazy	ate'ỹ
leader	omoakãva
lead	myakã
leaf	togue
leak	ñekañy
lean	porãguerojera
leap	po
learning	ñembokatupyrykuévo
learn	kuaapyhy
lease	porukavepy
least	sa'ive
leather	pire
leave	sẽ
leaves	osẽ
led	LED
left	asu
legacy	hapykuereja
legal	tekome'ẽhe'íva
legend	mombe'ugua'u
legit	ha'etéva
leg	tetyma
leisure	tekoreíva
lend	poru
length	pukukue
less	mbovy
lesson	mbo'epy
let	heja
letter	kuatiañe'ẽ
lettuce	tajaomirĩ
level	yvatekueha'ã
leverage	poru
liability	arigua
library	arandukarenda
lick	heréi
lie	japu
lies	japu
life	teko
lift	mopu'ã
lightning	aravera
light	tesakã
like	arohory
likely	ikatukuaa
likewise	avei
line	kytarysýi
Lingala	Lingala
link	joajuha
lion	leõ
liquid	hykuéva
listen	hendu
listening	hendyhápe
list	rysýi
literally	he'ihaichaite
literature	ñe'ẽporãhaipyre
litter	ñemoña aty
little	michĩ
live	ko
liver	py'akue
lives	oiko
living	guapyha
living room	kotyñeimehã
lizard	teju
load	mba'epohýi
loaf	mbujape
loan	jeporupy
local	hendaite
location	ñeimeha
lockdown	ñemboty
lock	mbotyha
log	mboguapyha
lol	puka
lonely	ha'eño
long	puku
long time no see	aretéma ndajajehechavéi
look	Jesareko
loop	sã
loose	poipyre
lord	karai
lose	takykue
loss	po'ẽ
lost	kañýva
lot	yvy
loud	hyapúva
lounge	kotyguasu
lovely	hekopajéva
love	mborayhu
love you	rohayhu
lower	guejy
low	iguýpe
loyal	jerovia
loyalty	jeroviaha
luck	po'a
lucky	ipo'áva
Luganda	Luganda
luggage	voko
lump	jokuapy
lunch	karu
lungs	ñe'avevúi
luxury	mba'ehepy
lying	japu
machine	mba'eka
madam	kuñakarai
made	apopyre
mad	pochy
magazine	kuatiahai
magnificent	jarýi
maid	tembiguái
maintain	guereko
maintenance	ñangareko
main	tuichavéva
Maithili	Maithili
majority	hetavéva
major	momba'eguasu
make	japo
make up	moingo
male	kuimba'e
mall	nemurenda
management	viru sãmbyhykuaa
manage	mongu'e
manager	motenondeha
mandatory	katuetéva
manifest	haipy
manipulate	japurã
man	kuimba'e
manner	teko
manual	popeguáva
many	heta
many many happy returns of the day	taheta mba'eporã pejujeyhágui
march	jasyapy
margin	pa'ũnandi
market	ñemuguasu
marriage	menda
married	omendáva
mask	tovajo'a
massive	tuichakue
mass	tuichakue
master	Mba'ekuaavetehára
match	partido
mate	irũ
material	iñapỹiva
math	Papapykuaa
matter	mba'e
maturity	hi'aju
maybe	ikatu mba'e
may	mayo
meal	tembi'u
mean	he'ise
meaning	he'iséva
means	mbytevoréva
meant	je'eva'ekue
meanwhile	upe aja
measure	ha'ã
measures	ha'ã
meat	so'o
me	che
medical	pohãnohára
medicine	pohanokuaa
meditation	py'amongeta
medium	mbyte
meeting	aty
meet	ñombyaty
Meiteilon	Meiteilon
melt	mboyku
memories	mandu'a
memory	mandu'a
mental	apytu'ũregua
mentioned	oñe'ẽva'ekue
mention	jehechakuaa
mentor	sãmbyhyhára
merchant	ñemuhára
mercy	poriahuvereko
merely	tasy'ỹ
merry christmas	vy'apavẽ tupãra'ýre
message	marandu
mess	guyryry
messy	iky'a
metal	kuatepoti
method	tapereko
me too	che avei
mice	anguja
middle	mbyte
midnight	pyharepytũ
might	pokatu
mild	vevúi
milestone	mba'eguasu
military	milíko
milk	kamby
million	sua
mind	pensar
mindset	apy'ãháicha
mine	chemba'e
mingle	jejehe'a
minor	imitãvéva
minute	aravo'i
minutes	aravo'i
miracle	jehupavẽkatu
mirror	itangecha
miscellaneous	hekopeteĩ joavy
mischievous	oporombyaíva
miserable	heko'asýva
misery	tekoasy
missing	okañýva
mission	mba'e'aporã
miss	techaga'u
miss you	rohechaga'u
mistake	jejavy
mist	aratĩmbo
Mizo	Mizo
mobile	omýiva
mock	oñembohory hese
model	techapyrãramo
moderate	akãguapy
modern	iyahúva
modest	jejapo'ỹva
moist	he'õva
moisture	he'õ
mold	ta'ãnga
mole	ñuaũ
moment	ko'ag̃aite
mom	sy
monday	arakõi
money	viru
monitor	jehechaha
monkey	ka'i
month	jasy
mood	teko
moody	pirevai
moon	Jasy
moral	tekoporã
more	heta
moreover	hi'arijey
morning	Ko'ẽ
mortgage	mbo'itaguy
most	heta
mostly	ñepyrũrãitevoi
mother	sy
motion	mongu'e
motivation	mokyre'ỹ
mountain	yvyty
mouse	anguja
mouth	juru
movement	mongu'e
move	mongu'e
movie	ta'ãngamýi
mrs	Kuñakarai
much	heta
mud	tuju
mug	hárro
muscle	tajygue
museum	apokatuĩro
mushroom	capiñón
music	mba'epu
must	hembiapo
mute	ñe'ẽngu
mutual	oñondive
my	che
My dear	Mi
my friend	che angirũ
My hovercraft is full of eels	che yga henyhẽ mbusúgui
my love	che mborayhu
my name is	cheréra
my pleasure	torypápe
myself	chete
mysterious	herug̃ua
mystery	kañymby
myth	mombe'ugua'u
nail	pyapẽ
naive	výro
name	téra
narrative	mombe'u rehegua
narrow	po'i
nasty	ay
nationality	tetãygua
national	tetãygua
native	ypykuéra
natural	heko ypýva
nature	tekoha
nausea	py'ajere
near	ag̃ui
nearby	ag̃ui
nearly	haimete
neat	mohendakuaa
necessary	oñeikotevẽva
neck	ajúra
necklace	mbo'y
need	kotevẽ
negative	mbotove
neglect	techagi
negotiate	ñemoñe'ẽpeteĩ
neighborhood	ogaykeregua
neighbor	óga ykeregua
neither	mba'evéichagua
nephew	sobrino
nerd	iñarandúva
nervous	py'atytýi
nest	rupa
net	jeipyso'oso'ỹre
network	ñanduti
neutral	ñemombyte
never	araka'eve
never give up	araka'eve nañañeme'ẽiva'erã
nevermind	marãve ndoikói
never mind	tanderesarái
nevertheless	jepéramo
new	pyahu
news	marandu
next	ag̃ui
next to	ipýpe
nice	iporãiterei
nice to meet you	cherory roikuaáre
niece	pehẽngue
nightmare	kerai
night	pyhare
nine	porundy
nineteen	paporundy
ninety	porundypa
nobody	avave
noise	tyapu
noisy	hyapúva
No	nahániri
none	avave
noon	asajepyte
nope	nahániri
no problem	ndaipóri ivaíva
nor	jepe
normal	jepigua
north	yvatévo
nose	tĩ
nostalgic	techaga'u
not at all	mba'eveichavérõ
not bad	porã
noted	ojehechaukáva
note	haipy
nothing	mba'eve
noticed	ojehechakuaáva
notice	hechakuaa
not	nahániri
Not now	Ko'ag̃a nahániri
not yet	neĩrã gueteri
nouns	téra
noun	téra
novel	mombe'upyrusu
november	jasypateĩ
nowadays	ko arapegua
no way	mba'eveichavérõ
now	ko'ág̃a
nuisance	angekói
null	mba'evegua
number	papapy
numb	japa
nurse	mba'asy ñangarekoha
nutmeg	nuez ku'i
nut	nue
nutrition	karu porã
oath	ñe'ẽme'ẽ
obesity	kyrarasa
obey	ñe'ẽrendu
objective	jehupytyrã
object	mba'e
obligation	apopyrãtee
obscure	pytũ
observation	jesareko
observe	jesareko
obsessed	py'ajopy
obsession	py'ajopy
obsolete	tujapyre
obstacle	apokytã
obtained	ojeguerekóva
obtain	jeguereko
obviously	ojekuaapámava
obvious	ojekuaaháicha
occasionally	sapy'ánteva
occupation	tembiapo
occupied	oikorei'ỹva
occur	oiko
occurred	oiko
occurs	oikóva
ocean	paraguasu
october	jasypa
odd	joja'ỹva
odds	joja'ỹ
of course	upeichaite
offensive	royrõ
offer	hepy'ỹva
office	mba'apoha
official	tetãmba'éva
off	oguehápe
of	gua
often	jepi
Oh	oh
oh really	Ah, añete
oil	ñandyhũ
okay baby	néi, kunu'ũ
okay dear	jehayhúva
okay honey	Néi, kunu'ũ
okay my love	NÉI, che mborayhu
okay	néi
ok dear	oĩma chera'a
ok honey	oĩma chemborayhu
ok my love	Néi che rembiayhu
ok	oĩma
old	tuja
once	peteĩ jey
one language is never enough	peteĩ ñe'ẽ ndahetái araka'eve
one	peteĩ
onion	sevói
online	liñoitére oĩva
only	ha'eño
on	pe
open	pe'a
operation	apo
opinion	oje'éva
opportunities	juruja
opportunity	juruja
opposite	joavýva
optimistic	jeroviakuaa
optional	poravokuaa
option	ambue ojeporavokuaáva
orange	narã
order	hekopete
ordinary	jepivegua
organization	mohendakuaa
orientation	mbohape
original	ypykue
origin	ypykue
Oromo	Oromo
orphan	tyre'ỹ
or	térã
other	ambue
otherwise	ambueháicha
Our mission: to enable everyone, everywhere to understand the world and express themselves across languages.	Ore mba'e'aporã: opavave toikũmby ha toñomongeta ñe'ẽnguéra rupive
Our mission: to organize the world's information and make it universally accessible and useful.	Ore mba'e'aporã: yvóra marandu ñemohenda opapave oikuaa ha oiporúva.
our	ñande
outcome	sẽ
outfit	ñemonde
outgoing	sẽpotáva
outlet	tendyrysẽha
outline	jere
out	okápe
outside	okápe
outstanding	jepivegua'ỹva
oven	mbyakuha
overall	tuichaháicha
overcome	pu'aka
over	rehe
over there	Pérupi
overthinking	ñamindu'ueterei
overwhelmed	hekoasýva
overwhelming	jopy
owe	hembiaporã
owl	urukure'a
own	areko
owner	jára
ox	guéi
pace	hasa
package	mba'epehẽ
pack	jejokuapyeta
paid	hepyme'ẽmbyre
pain	hasy
painting	takambyrundy
paint	ta'ãnga
pair	papyjoja
pale	hesa'yju
palm	karanda'yrogue
pandemic	virumba'asy
panic	kyhyjevai
pan	japepo pererĩ
pants	kasõmbuku
paper	kuatia
paradise	yvotyrokái
parallel	ijyvijojáva
parcel	mba'yrupehẽ
pardon	ñyrõ
parents	túva
park	okarusu
parrot	gua'a
parsley	perejil
participate	jejapo
particularly	avateĩgua
particular	poravpyre
partner	irũ
part	pehẽ
party	vy'arã
passage	pyrũ
passed	ymaguare
pass	hasa
passionate	akãraku
passion	vy'apota
passive	ipy'aguapýva
password	taiñomi
past	hasapyréva
patch	mbotyha
pathetic	mopirĩva
path	tapepo'i
patience	jahei'ỹ
patient	ra'arõkuaa
pattern	momba'apohára
pause	pa'ũ
pavement	yvy'atã
pay	hepyme'ẽ
payment	hepyme'ẽ
peaceful	py'aguapy
peace	py'aguapy
peach	melocotón
peak	hu'ã
pear	yvavo'ĩ
peas	kumandareko
peculiar	teete
pee	kuaru
peel	piro
peer	papapyete
peers	ñoirũ
pencil	haiha
pending	oha'arõva
pen	haiha
people	yvypóra
pepper	ky'ỹi
perceive	ñandupyre
perception	japyhykatúva
perfect	Iporãmbajepéva
performance	ojapokuaáva
perform	apo
perhaps	ikatu
period	arapa'ũ
permanent	tapiaguáva
permission	jehechagi
permit	jurujái
perseverance	ñepia'ã
persistent	jeyjey
personal	ha'ete
personality	teko
person	yvypóra
perspective	hechamombyry
persuade	roviauka
pervert	tie'ỹ
pet	tymba
phase	aravore
phenomenon	ojehukakuaáva
philosophy	arandupukuaaty
phone	pumbyry
photo	ta'ãnga
phrase	ñe'ẽ'apesã
physical	hete
pick	poravo
pick up	ñembyatyjey
picture	ha'ãnga
piece	pehẽ
pieces	koty
pigeon	pykasu
pig	kure
pile	tendyme'ẽha
pillow	aramboha
pilot	mba'yrumbovevehára
pineapple	avakachi
pin	ju
pink	Pytãngy
pitch	ñembosaraiha
pit	kuára
pity	ñembyasy
places	tenda
place	tenda
plague	Mba'evai
plain	ñupyso
plan	aponde'a
plane	aviõ
plants	ñana
plant	yvyra
plate	ña´ẽmbe
platform	pyendavusu
playing	ñembosaraihápe
play	ñembosarái
pleasant	ijuky
pleased	tyg̃uatã
please	mína
pleasure	mbovy'aha
pledge	ñe'ẽme'ẽ
plenty	heta
plot	ñepu'ãse
plug	mbotyha
plumber	fontanero
plum	ciruela
plural	papyeta
podcast	podcast
poem	ñe'ẽpoty
poetry	ñe'ẽpoty
point	kyta
poison	tykuevai
police	tahachi
policy	tetãrayhu
polite	hekorory
pollution	ñembohekotyai
pond	yrenda
pool	ytarenda
poop	tekaka
poor	mboriahu
pop	pop purahéi
popular	ojehayhúva
population	tetãyguára
pork	kure
porridge	avena ku'i
port	Ygag̃uahẽha
position	ñeĩha
positive	py'aporã
possess	guereko
possession	guerekopy
possessive	rerekopaséva
possible	ikatukuaaite
post	jehechauka
postpone	mbohasa
potato	makychĩ
potential	kyre'ỹ
pound	libra
poverty	mboriahureko
powerful	pokatu
power	pokatu
practical	apokuaa
practice	japo
praise	Ñemomorã
prank	jaru
pray	ñembo'e
precious	porãiterei
precise	ha'ete
precisely	katuete
predict	hechatenonde
preference	motenonde
prefer	potaveha
pregnant	hyeguasu
prejudice	mbyai
premises	tenda
premium	prima
preparation	ñembosako'i
prepared	apopyre
prepare	ñembosako'i
preposition	ñe'ẽriregua
presence	tovake
presentation	hechauka
present	ĩ
preserve	ñongatu
president	mburuvicha
press	marandumyasãiha
pressure	jejopy
pretend	ñembotavy
pretty	iporã
prevent	pia
previous	mboyvegua
prey	pyhypyre
price	hepykue
pride	juruvu
priest	pa'i
primary	tenondeguáva
prime	tenondeguáva
princess	princesa
principal	tenondetegua
priority	ñemotenonde
prior	mboyve
prison	ka'irãi
privacy	iimba'etee
private	jekuaa'ỹva
privilege	hayhuve
prize	hepyme'ẽ
probably	ikatukuaa
problem	apañuãi
procedure	guerojera
proceed	jehove
process	mba'éichapa ojejapóva'erã
produce	ojapo
production	apopyre
product	mba'eapopyre
professional	katupyrytee
profession	tembiapo
profile	yke
profit	tembiaporepy
profound	pypuku
progress	akãrapu'ã
project	apopyrã
prominent	heko yvatevéva
promise	ñe'ẽme'ẽngue
promote	moherakuã
promotion	moherakuã
prompt	pya'e
prone	hekopoi
pronouns	terarãngue
pronunciation	ñemokũjera
proof	kuaara'ã
proper	heseguáva
properly	imba'erekóva
properties	ipepe oĩva
property	imba'éva
proposal	mba'ekuave'ẽmby
prospect	oñeha'arõva
prosperity	po'areko
prosperous	po'a
protect	ñangareko
proud	juruvu
prove	ha'ã
provided	taupéichanteke
provide	me'ẽ
province	tetãpehẽ
provision	tekotevẽva
puberty	mitã'aky
public	opavavépe g̃uarã
pull	mombo
pumpkin	andai
punctual	aravoietépe
pupil	temimbo'e
purchase	jogua
pure	marã'ỹ
purple	pytãũ
purpose	rembipota
purse	vosa
pursue	hapykuéri
pursuit	jeheka
push	myaña
put	moĩ
qualification	hepyme'ẽ
quality	porãngue
quantity	hetakue
quarantine	ñemoha'eño
quarrel	ñorairõ
quarter	jasyapy'aty
Quechua	quechua
queen	reina
queer	kuimba'ese
query	mba'eporandu
question	porandu
queue	tuguái
quickly	pya'e
quick	pya'e
quiet	py'aguapy
quilt	ñuvãha
quite	rasa
quit	heja
quiz	mba'era'a
quotation	ñembyatykuaaha
quote	hysýi
quotes	jojuhu
rabbit	tapiti
race	ñemoñanga
rage	ñeko'õi
rain	ama
raised	tekoyvate
raise	jehupi
random	ijykegua
range	teko
ran	oñani
rapidly	pya'e
rapid	pya'e
rare	jepivegua'ỹ
rarely	sapy'aguáva
rash	mbita'i
rat	anguja
rate	mbohepy
rather	rãngue
rational	apy'ãreguáva
ratio	tuichakue
raw	pýra
reached	ojehupytýva
reach	hupyty
reaction	pu'ã
reading	moñe'ẽrã
read	lee
ready	Oĩmbáma
real	añete
reality	añetegua
realized	jehechakuaa
realize	hechakuaa
really	añetehápe
rear	teviro'o
reasonable	apy'ãreko
reason	temiandu
recall	ñemomandu'a
receipt	virume'ẽhare
received	japyhypyre
receive	japyhy
recently	nda'areiete
recent	ramoitegua
reception	mog̃uahẽ
recipe	apopyrã
reckless	heko tarováva
recognition	jehechakuaa
recognize	hechakuaa
recommended	jeroviaha
recommend	jekuaauka
record	mboguapyre
recover	guerekojey
recovery	ñeimeporãjey
rectangle	hakãmbymbo'ýva
redeem	jora
redemption	jora
red	pytã
reduce	momichĩ
redundant	ñe'ẽhetareíva
reference	kuaukarã
refer	mombe'u
reflect	hechauka
reflection	py'amongeta
refrain	pujoja
refrigerator	moho'ysãha
refund	myengovia
refused	mbotove
refuse	porujey
regarding	oje'évare
regard	jehechakuaa
regardless	jepevéramo
regards	maitei
region	tavapehẽ
register	Ñemboheraguapy
regret	ñembyasy
regularly	katuínte
regular	mbohekojoja
reject	mombia
related	heseguaite
relate	ñembojoja
relationship	jokupyty
relative	hesegua
relatives	pehẽnguekuéra
relax	rekopy'aguapy
released	sasõpyre
release	mosãso
relevant	heseguáva
reliable	jeroviaha
relief	py'avevúi
relieved	okueramievéva
relieve	mbovevúi
religion	tupãjerovia
religious	tupãrayhu
reluctant	jejapojeýva
rely	jerovia
remaining	hembýva
remain	ñeime
remarkable	Ojehechakuaavéva
remedy	pohã
remember	mandu'a
reminder	momandu'ahára
remind	mandu'a
remote	mombyryeterei
remove	pe'a
render	apo
rent	mba'erepy
repair	myatyrõ
repeat	je'ejey
replace	myengovia
reply	mbohovái
report	momarandu
represent	myakã
reputation	tekorechapy
request	tembijerure
required	apopeteĩrã
require	mba'ejerure
rescue	pyhyjey
research	tembikuaareka
resemble	jejogua
resentment	py'atyai
reservation	mohemby
reserve	ñemboyke
resident	tendagua
resign	heja
resilience	akãrapu'ãjey
resilient	tosã
resistance	jepytaso
resist	ñemyatã
resolution	apoukapy
resolve	apañuãijora
resort	mba'eguerekopy
resources	tembiporu
respect	momba'e
respond	mbohovái
response	mbohovái
responsibility	hembiaporeko
responsible	poguypegua
restaurant	karurenda
rest in peace	topytu'u
restore	mbohekopyahu
rest	pytu'u
restrict	joko
result	ohejáva
results	ojehecháva
resume	moñepyrũjey
retail	ñemumirĩ
retain	ñongatu
retention	jejoko
retired	jeipyre
retreat	jeyjey
retrieve	rekojey
return	jujey
revealed	mbojekuaa
reveal	myesakã
revenge	py'arasykue
revenue	virumono'õ
reverse	guevi
review	vichea
revise	vichea
revision	hechajey
revolution	ñepu'ã
reward	mbojopói
rhythm	purysýi
rib	ñarukã
rice	arro
rich	iviruhetáva
ride	guata
ridiculous	jepuka
rid	jei
right	akatúa
right now	ko'ag̃aite
rigid	omyi'ỹva
ring	kuãirũ
rinse	joheijo'a
riot	guyryry
ripe	hi'aju
rip	jeka
rise	moĩve
risk	kyhyjerã
rival	hovaigua
river	ysyry
road	tape
roast	moka'ẽ
robust	kakuaa
rock	itaguasu
rod	yvyra
role	kuatia
roll	mbojere
roof	ogahoja
room	irundyha
root	rapo
rope	sã
rotten	tuju
rough	korócho
roughly	hekoitépe
round	jere
route	tapeguasu
routine	ojejapóva opa ára
row	hysýi
rubber	mangaysy
rubbish	yty
rub	pichy
rude	tie'ỹ
rug	yvy ahoja
ruin	tapere
rule	mbojojaha
ruler	sãmbyhyhára
rules	mbojojaha
run	ñañi
running	mbosyryha
rural	okaraygua
rush	rag̃e
sack	aokate
sacred	itupãrekóva
sacrifice	jehasa'asy
safe flight	jeveve kyhyje'ỹre
safe	katuete
safety	kyhyje'ỹ
sage	arandu
said	he'íkuri
sailing	ytaha
sail	tataindy
sake	mba'érepa
salary	tembiaporepy
sale	mboguejy
salmon	salmón
salt	juky
Same here	Ápe upéicha avei
same	upeichaguaite
sample	hechauka
sand	yvyku'i
Sanskrit	Sánscrito
sarcastic	oñembohorýva
sassy	kachiãi
sat	arapokõi
satisfaction	tyg̃uatã
satisfied	hyg̃uata
satisfying	angapyhy
satisfy	mohyg̃uatã
Saturday	arapokõi
sausage	so'ojopypy
savage	ñarõ
save	pysyrõ
saw	ohechákuri
say	e
scale	pirapire
scam	mbotavy
scarce	pokã
scared	ñemondýi
scarf	ajuriaogua
scar	pere
scary	mongyhyjéva
scattered	sarambi
scene	oikóva
scenery	ñupyso
scent	tyakuã
schedule	tiempo
school	mitãrusumbo'ehao
science	tembikuaa
scientists	mba'ekuaahára
scientist	tembikuaarekahára
scissors	jetapa
scold	ja'o
scope	hupyty
score	kytame'ẽ
scrap	mba'ekue
scratch	karãi
scream	sapukái
screen	pejuha
screw	kutujereha
script	apopyrã
seal	ta'ãnga'i
sea	para
search	jeheka
season	aravore
seat	guapyha
second	mokõiha
secret	ñemigua
section	tenda
secure	kyhyje'ỹ
security	kyhyje'ỹ
seed	ra'ỹi
see	hecha
seek	heka
seem	jehu
seems	ni'ãche
seen	ojehecháva
see you	jajohecháta
see you later	jajoecha peve
see you soon	rocheháta vokoiete
see you tomorrow	ko'ẽrõ jajohecháta
seize	juru'akua
seizure	ñemomba'e
seldom	jepive'ỹguáicha
select	poravo
self healing	ñemboguera
selfish	ha'enteséva
self	mba'éva
sell	hepyme'ẽ
send me your picture	egueruka ne ra'anga
send	rahauka
senior	tuichavéva
sense	ñandukuaáva
sensible	akãguapy
sensitive	andukuaa
sentence	ñembo'e
sentences	ñe'ẽjoaju
sent	guerahauka
separate	mboja'o
Sepedi	Sepedi
september	jasyporundy
sequence	takykuerigua
series	tysýi
seriously	añetehápe
serious	vaieterei
serve	ñangareko
service	tembiapopy
session	aporã
set	mohenda
setting	jejopyrã
settle	apañuãi jora
set up	mbohete
seven	pokõi
seventeen	papokõi
seventy	pokõipa
several	hetaichagua
severe	ivaietereíva
sew	mbovyvy
shade	ta'anga
shadow	kuarahy'ã
shake	jetyvyro
shall	mba'aporã
shallow	pererĩ
shame	poriahuvereko
shape	molde
share	mboja'o
sharp	hãimbe'e
shed	mo'ãha
sheep	ovecha
sheet	savana
she	ha'e
she has	ha'e oreko
she is	amo kuña ha'e
shelf	mba'erenda
shell	pire
shelter	kañyrenda
shield	ape'atã
shift	ha'arõkuaa
shine	overa
shipping	Oguerahaukáva
ship	ygarata rehegua
shirt	kamisa
shoes	sapatukuéra
shoot	japi
shop	ñemurenda
shopping	jogua
shore	rembe'y
shortage	mbovy
short	mbyky
shot	mbokapu
shoulder	ati'y
should	va'erã
shout	sapukái
shower	jahuha
show	hechauka
show me	Ehechaukápy chéve
shrimp	kamarõ
shrink	ñyñýi
sh	sh
shut	mboty
shut up	ekirirĩ
shy	hi'otĩva
sibling	pehẽngue
siblings	pehẽngue
sick	hasýva
side	yke
sigh	ãho
sight	hecha
sightseeing	Guataha
signature	teraguapy
significant	tuicha mba'éva
sign	mboheraguapy
silence	kirirĩ
silent	kirirĩme
silk	ysorenimbo
silly	výro
silver	viru
similar	joguaha
simple	ndahekohetáiva
simp	výro
simultaneously	ojovái
since	guive
sincere	japu'ỹ
sincerely	jesarekópe
singer	puraheihára
single	imenda'ỹ
sing	purahéi
sink	moñapymi
Sir	karai
sister in law	uke'i
sister	pehẽngue
site	tendapy
sit	guapy
situation	teko
six	poteĩ
sixteen	papoteĩ
sixty	poteĩpa
size	tuichakue
skill	katupyry
skills	katupyrykuéra
skinny	piru
skin	pire
skip	jepopo
skirt	sái ruguái
sky	ára
slave	tembiguái
sleeping	kehápe
sleep	ke
sleepy	keparei
sleeve	Kamisa jyva
slice	hi'upy
slide	ta''ãngarechauka
slightly	mbeguekatu'asy
slim	Po'i
slip	pysyrỹ
slope	oha'arõva
slot	pa'ũ
slowly	mbeguekatu
slow	mbegue
small	michĩ
smart	arandu
smell	hetũ
smile	pukavy
smoke	tatatĩ
smooth	apesỹi
snack	tembi'u jurujokoha
snail	Jatyta
snake	mbói
snap	so
snow	yrypy'avavúi
soak	Ñapymi
soap	havõ
sober	akãporã
soccer	manga ñembosarái
social	ava'aty
society	avano'õ
socks	py'ao
so cute	iporãite
so far	ko'a peve
soft	sỹi
software	software
soil	sapy'ajepi
soldier	guarini
sold	ñemumbyrémava
sold out	hepyme'ẽmbyre
sole	hekopeteĩva
solid	hatãva
solution	myatyrõ
solve	mbo'aipo'i
somebody	máva
somehow	oimeháicha
someone	máva
some	peteĩva
something	mba'e
sometimes	akóinte
song	purahéi
soon	pya'e
sophisticated	hekojegua
Sorani	Sorani
sore	susu'a
sore throat	ahy'orasy
sorrow	ñembyasy
Sorry	chediskulpa
sort	mohenda
sought	ojehekáva
soul	ãnga
soulmate	anga kõingue
sound	pu
so	upéicharõ
soup	tykue'i
source	heñoipy
sour	hái
south	ñemby
space	pa'ũ
spam	ñe'ẽveve ndojeipotáiva
Spanish	karaiñe'ẽ
span	tuichakue
spare	rekoviarã
speak	ñe'ẽ
special	mba'eraite
species	nungakuéra
specific	ha'etéva
spectacular	mopirĩ
speech	eñe'ẽ
speechless	Ñe'ẽngu
speed	pya'eterei
spell	tai ñemoñe'ẽ
spend	jehepyme'ẽ
spent	tuja
spicy	rokuete
spike	jopi
spinach	ka'anaite
spin	mbojere
spirit	ãnga
spit	ndyvu
splendid	iporãitereíva
split	jeho
spoiled	oñemokunu'ũva
spoil	mokunu'ũ
spontaneous	ijeheguirei
spoon	kũimbe
spot	marã
spouse	kichiha
spread	mona
spring	arapoty
square	hakambyrundýva
squeeze	hykue'o
squirrel	kuatĩ
stab	kutu
stable	ñeimeporã
stack	mbochovi
staff	mba'apohára
stage	tenda jehechaukaha
stain	para
stairs	jupiha
stake	ha'ã
stalk	tapo
stall	mymbaróga
stamp	ta'angajopy
standard	techaukarã
stand	ñemboyhápe
star	mbyja
started	moñepyrũ
start	ñepyrũ
starving	mano ñembyahýigui
statement	mombe'u
state	teko
station	arajere
statue	ta'angaita
status	tetã
stay	pyta
stay safe	ñeime pysyrõhápe
steady	ndoku'éiva
steak	so'o pehẽngue
steal	monda
steam	timbo
steel	kuarepotitã
steep	yvate
stem	sy
step	pyrũ
stick	yvyra
stiff	mohatã
still	ne'írã
sting	jopihare
stingy	jopy
stir	pyvu
stock	apopy
stolen	mondapy
stomach	py'a
stone	ita
stood	oĩkuri
stool	tekaka
stop	pyta
storage	mono'õha
store	ñemurenda
storm	yvytu'atã
story	tembiasa
stove	tembi'u'aporenda
straightforward	yvype
straight	naikarẽiva
strain	pochy
strange	jepigua'ỹva
stranger	hekomarãva
strategy	akãporukuaa
strawberry	fresa
straw	Kapi'i
streak	mba'eitarysýi oikóva
stream	Ysyry
street	tape
strength	mbarete
stress	kane'õpyre
stretch	pehẽngue
strict	hekoitére
strike	mba'apopyta
string	sã
strip	poyvi jeguaka
strive	ñepia'ã
stroke	mbota
strong	mbarete
struck	poronupã
structure	hetepy
struggle	hasýva
struggling	ñorãirõme
stubborn	tova'atã
stuck	ojáva
student	temimbo'e
studying	ñemoarandu
study	ñemoarandu
stuff	mba'e
stunning	iporãitéiko
stupid	tovatavy
style	tekopy
subject	ñe'ẽrã
submission	poguyguáva
submit	rahauka
substance	mbaipy
substitute	myengovia
subtle	vevui
succeed	hupyty
successful	hekovepo'a
success	ñesẽporã
such as	peichaite
such	ha'eteháicha
suck	pyte
suddenly	peichahágui
sudden	ojehureíva
suffering	tekoasy
suffer	jepy'apy
sufficient	oĩporãma
sugar	asuka
suggestion	momarandu
suggest	momarandu
suitable	heseguáva
suit	ao kate
suitcase	voko
summary	mombyky
sum	mbohetave
summer	arahaku
summit	tu'ã
sunday	arateĩ
sun	kuarahy
sunny	ikuarahy
sunset	kuarahyresẽ
sunshine	Kuarehy rendy
superior	yvateve
super	oikoite
supervisor	jesarekohára
supper	karupyhare
supply	jehupytyka
support	pytyvõ
supposed	ñeimo'ãva
suppose	mo'ã
sure	upeichaite
surface	ape
surge	mbotuicha
surgery	ñembovo
surname	rerajoapy
surprised	noha'arõite
surprise	oñeha'ãrõ'ỹva
surrender	ojeheja
surrounding	ojerévo
surveillance	jesareko
survey	porandueta
survive	jeikove
suspect	ñemo'ã
suspended	jejokopyre
suspicious	ñembojaha
sustainability	guerojerapuku
sustainable	hekojokopykuaáva
sustain	mbojoko
swag	tekoporãmby
swallow	mokõ
swap	ñomoambue
swear	ñe'ẽme'ẽpy
sweater	ao
sweat	ty'ái
sweep	typei
sweet dreams	tandekera porã
sweetheart	kunu'ũ
sweet	he'ẽ
sweet tooth	mba'ehe'ẽ'uha
swelling	ruru
swell	ruru
swimming	ytakuaa
swim	yta
swing	ñemyatymói
switch	myandyha
swollen	ruru
sword	kysegi
symbol	mba'ejehero
sympathy	tory
symptoms	ñandukuaa
system	mohendapyrã
table	aripaka
tackle	ñemboja
tag	mbohéra
tail	tuguái
take away	pe'a
take care	ejesarekóke
take	japyhy
taken	jaipyhypyre
take off	pe'o
talkative	oñe'ẽva
talk	ñe'ẽ
tall	yvate
tape	apoype
tap	ysẽha
target	morotĩ
task	mba'aporã
taste	kũmby
tasty	heterei
taught	ombo'ékuri
teacher	mbo'ehára
teach	mbo'e
tea	kojói
team	aty
tears	tesay
tear	tesay
tease	moñeko'õi
technology	tembiporu pyahu
teeth	tãi
tell	e
tell me	ere
temperature	arapytureko
temper	mbohekoporã
temple	haty
temporary	ag̃aguarã
tenant	mbohupa
tendency	je'ereta
tender	kyrỹi
tend	mosãingo
ten	pa
tense	ára
tension	pyatã
tentative	ikatúneva
ten thousand	pasu
tent	ñemuha
term	ñe'ẽ
terms	teko
terrible	ivairasáva
terrific	iporãrasa
territory	yvytuicha
test	aranduchauka
text	maranduhai
thank	aguyjeme'ẽ
thanks	aguyjevete
Thanks for using our app	Aguyjevete reiporuhaguére ore rembiporu
thank you	aguyje
Thank you for your patience while we investigate shipment	Aguyje mante reha'arõ haguére roheka aja umi mba'e ojeguerukava'ekue
thank you so much	aguyjevete
thank you very much	aguyjevete
that is	pe oje'eséva
that	péva
that's good	oĩ porã
theft	monda
the	ha'e
their	imba'ekuéra
theme	ñe'ẽrã
them	hikuái
themselves	ha'ekuéra voi
then	upéicharõ
theory	kuaapy
there	amo
there are	oĩ
therefore	upevakuére
there is	oĩ
these	ko'ãva
they are	hikuái
they	ha'ekuéra
thick	poguasu
thief	mondaha
thigh	ñeñongatupýva
thing	mba'e
things	mba'e
think	jepy'amongeta
thin	Po'i
third	mbohapyha
thirsty	y'uhéi
thirteen	paapy
thirty	mbohapypa
this is	kóva
this	kóva
thorough	jehyvykói pypuku
thoroughly	jehechasa'imimi
those	umíva
though	jepe
thoughtful	mba'erechakuaa
thoughts	apytu'ũroky
thought	upéicharõ
thousand	su
thread	inimbo
threaten	ha'anga
threat	ja'o
three	mbohapy
threshold	rembe'y
thrilled	itavyete hese
thrive	ñakãrapu'ã
throat	ahy'o
throughout	ñepyrũpýgui opa peve
through	rupi
throw	mombo
thumb	kuãnguasu
thunder	arasunu
Thursday	arapo
thus	upéicha
tick	jatevu
tide	yjupi
tidy	omohendakuaáva
tie	ñapytĩ
tiger	Jaguarete
tight	jopypópe
Tigrinya	Tigrinya
time	aravo
timid	otĩ
tiny	mirĩ
tips	tekombo'e
tip	virujopói
tired	kane'õ
tire	mba'ejerepytu
tissue	pyahapy
title	myakãha
toast	maimbe
today	ko árape
toddler	mitã'i
toes	pysãnguéra
together	oñondive
to	g̃uarã-hag̃ua
toilet	koty'i
told	oikohague
tolerance	techagi
tolerate	pu'aka
tomato	tomáte
tomorrow	ko'ẽrõ
tongue	ñe'ẽ
tonight	ko pyharépe
too	avei
took	ojapyhýkuri
tools	tembiporu
tool	tembiporu
tooth	tãi
topic	ñe'ẽrã
top	yvate
torn	karãimbyre
torture	ñembyepotíva
total	opaite
touch	poko
tough	hasy
tour	ñeikundaha
toward	gotyo
towards	gotyo
towel	mokãha
town	táva
toxic	oporombyaíva
trace	takykuere
track	marandu ñongatuha
trade	ñemurenda
traditional	jepokuaa'yma
tradition	jepokuaa
traffic	ku'eñemurã
trail	tapejehoha
training	ñembokatupyryve
train	ñembosako'i
traits	teko
trait	tova mopeteĩha
transfer	mbohasa
transition	jehasasapy'a
translate	ñe'ẽmbohasa
transparent	marã'ỹ
transportation	mba'yru
transport	rojaha
trap	ñuha
trash	yty
trauma	moangata
travel	guatapuku
tray	ña'ẽmbeguasu
treasure	mba'e hepy
treatment	ñemboguata
treat	trata
tree	yvyra
tremendous	andu tuicha
trend	jeporumeméva
trial	apy'ãpo
trick	truco
tried	ha'ãmbyre
trigger	ñembokapu
trim	ñekytĩ
trip	guatapuku
trouble	apañuãi
trousers	kasõmbuku
truck	kamiõ
true	teete
trunk	vokorenda
trust	jerovia
truth	añetegua
try	ha'ã
Tsonga	Tsonga
tube	mba'ekua apu'a
Tuesday	araapy
tuition	mbo'erã
turkey	jaku
turmeric	cúrcuma
turn	jere
turtle	karumbe
tutor	ñangarekohára
twelve	pakõi
twenty	mokõipa
twenty-one	mokõipapeteĩ
twice	mokõijey
twist	jere
Twi	Twi
two	mokõi
type	hesegua
typical	ymareko
ugly	ivai
ultimate	ipahapeguáva
umbrella	mo'ãha
unable	pituva
uncle	pehẽngue
unconscious	ojaporeíva
under	iguýpe
underneath	iguýpe
underrated	ra'ã
understand	kũmby
understood	hesakã
unfortunately	añarã
uniform	mbojojateĩ
unique	ipeteĩva
unit	vorepeteĩ
university	mbo'ehaovusu
unknown	kuaa'ỹva
unless	ndaupéichairamo
until	Peve
unusual	ojehecharamóva
update	mbopyahu
upgrade	mbopyahu
upon	hi'ári
upset	pochy
up to you	Nde rehénte
up	yvate
urban	tavayguáva
urge	ñemuaña
urgent	pya'eve
used	porupyre
useful	purupykuaáva
useless	pituva
use	poru
us	ore
usually	jepi
usual	ojeporupy'ỹiva
utility	porupyrã
vacation	pytu'u
vaccination	pohãkutu
vaccine	vakuna
vacuum	ytypyteha
vague	hekoreíva
valid	moañetéva
valley	yvytypa´ũ
valuable	hepýva
value	hepykue
variety	hetaháicha
various	hetaichagua
vary	moambue
vase	hárro
vast	tuichaitereíva
vegetable	ka'avo
vegetables	ka'avokuéra
vehicle	mba'yrumýi
vendor	ñemuha
venom	jukaha
venture	mba'apoha renda
venue	tendavore
verify	vichea
versatile	hekopyta'ỹva
version	je'eháicha
vertical	ñembo'yakua
very	eterei
very good	iporãiterei
vessel	kagua
via	tape
vibes	tekoryrýi
vibe	tekoha
vicious	tekovai
victim	jaheiha
video	techarã
view	hecha
village	táva
villain	tekove aña
vinegar	kag̃uihái
vintage	uva'aporykue
violence	mbaretejeporu
violent	mbaretépe
viral	herakuã
virgin	pyahúva
virtual	py'endaveve
virtue	tekokatu
vision	techa
visit	mbohupa
visual	ojehecháva
vital	tekotevẽite
vivid	jeikopyréva
vocabulary	ñe'ẽndy
voice	ñe'ẽsẽ
void	nandi
volume	tuichakue
volunteer	kyre'ỹ
vomit	gue'ẽ
vulnerable	ipererĩva
wage	mba'aporepyme'ẽ
wages	mba'apoharepy
waist	ku'a
wait	Eha'arõ
waiter	tembigueruha
waiting	ha'arõhápe
wake	páy
wake up	epáy
walk	guata
walking	oguatávo
wall	agyke
wallet	viruryru
wander	tavahu
wanna	pota
wanted	mi
want	pota
wardrobe	ao oñeñongatuha
warehouse	ñemu
warm	haku
warning	ñemongyhyje
warn	momarandu
war	ñorãirõ
warrior	ñorãirõhára
wash	johéi
waste	hejarei
was	va'ekue
watch	reloj
watermelon	sandía
water	y
wave	ypyu'ã
way	mba'éichapa
weak	kangy
weakness	kangyreko
wealth	viruhetáva
wealthy	viruhetáva
we are	ñaime
wearing	ñemonde
wear	ñemonde
weather	ára
we can	ñandeikatu
wedding	Menda
Wednesday	ararundy
weed	ka'avo
week	arapokõindy
weekend	arapokõindypaha
weight	pohýi
weird	noĩporãmbáiva
welcome	tapeg̃uahẽporãite
welfare	tekoporã
well done	japo porã
Well	iporã
went	ohókuri
we	ore-ñande
were	kuri
west	kuarahyreike
wet	hykue
whale	vallena
what about you	Nde mba'éicha reime
what are you doing	mba'épa rejapo ko'ág̃a
what are you doing now	mba'épa rejapo ko'ág̃a
what are you doing right now	mba'épa reja ko'ag̃aite
what do you do for a living	Mba'épepa remba'apo
what do you do	mba'épe remba'apo
what do you mean	Mba'épa erese
what do you want	Mávapa nde
whatever	taha'éva
what happened	mba'épa ojehu
what is	Mba'épa
what is this	Mba'épiko
what is your job	Mba'épa ne rembiapo
what is your name	mba'éichapa nderéra
what	mba'épa
what's up	Mba'e oiko
what's your name	mba'éichapa nde réra
wheat	avatimirĩ
wheel	apu'a
when	araka'épa
whenever	oikóvo
where are you from	moõguápa nde
where are you	Moõpa reime
where are you now	moõ reime ko'ág̃a
whereas	upe jave
where do you live	moõ reiko
where is	moõpa
where	moõpa
whether	taha'e
which	mba'eichagua
while	upe aja
whisper	ñe'ẽñemi
whistle	turuñe'ẽ
white	morotĩ
who are you	máva nde
who is	mávapiko
who is this	Mávapa
whole	paite
who	mávapa
whom	máva
why	mba'érepa
why not	mba'érepa nahániri
wicked	aña
wide	tuichakue
widow	hembirekove'ỹva
width	ipekue
wife	tembireko
wild	sarigue
willing	hembiapo ra'arõva
will	upéichata
window	ovetã
windy	pyno
wind	yvytu
wine	kag̃ui
win	ñerumonga
winter	araro'y
wipe	mopotĩ
wire	itaembo
wisdom	arandu
wise	arandu
wish	potapy
wish you all the best	tandepo'aite
witch	kuñapaje
withdrawal	jehomombyry
withdraw	pe'a
within	hyepy
with	ndive
without	ỹ
witness	hechapyréva
witty	katupyry
wolf	jaguaru
woman	kuña
women	kuñanguéra
wonderful	iporãitereíva
wonder	ñeporandu
won	mymba'aty
won't	nahániri
wood	yvyra
wool	taviju
word	ñe'ereko
words	ñe'ẽnguéra
working	mba'apokuaa
work out	japo
work	tembiapo
world	arapy
worm	yso
worn	tuja
worried	angapy
worry	jepy'apy
worse	ivaivénte
worship	Momorar
worst	ko'ýte
worth it	iporãko hína
worth	ovaléva
worthy	hepýva
would	upéichane
wound	mba'epore
Wow	!nde¡
wrap	ape
wrath	pochy
wrist	pyapy
write	hai
Write here	ehai ápe
writing	ohaihína
written	haipy
wrong	hekope'ỹgua
wrote	hai
yard	korapy
yawn	topehýi
Yeah	Héẽ
year	ary
years	ary
yeast	mohag̃uinoha
yellow	sa'yju
yell	sapukái
yes baby	néi che mborayhu
yes dear	néi che kunu'ũ
Yes	heẽ
yes honey	héẽ, che mborayhu
yes my love	héẽ, che mborayhu
yes of course	upeichaite
yesterday	kuehe
yet	gueteri
yield	moingo
you are beautiful	neporã
you are	nde
you are so beautiful	neporãitépa
you are welcome	ndaipóri mba'érepa
you can	ikatu
You know	reikuaápa
you	nde
young	tekopyahu
you're welcome	mba'evére
you’re welcome	mba'evére
your	nde
yourself	ndete
your welcome	mba'evére
youth	tekopyahu
you too	nde avei
yummy	heterei
zero	mboyve
