a	lɛ
a little	fioo
a lot	pii
a lot	babaoo
a lot of	pii
abandon	shiŋ
abandoned	shii
abide	hi shi yɛ mla mli
abide	kpɛlɛ
abide	ye nↄ
ability	nↄni akɛbaafe
able	nyɛ
about	ehe
above	ŋwei
abroad	abloshi
absence	ebɛ
absent	ebɛ
absolutely	nakai
absorb	eya omli
absorb	awo mli
abstract	susumↄ
absurd	jwɛŋmↄ bɛ mli
abundance	babaoo
abundant	babaoo
abuse	abiusimↄ
abuse	abius
accent	wiemↄ
accept	hemↄ owo mli
access	asɛɛs
access	ekashi
accident	oshinaa
accommodation	tsu
accomplish	tsuusumↄ
accomplished	fee
accomplished	tsu
according	kɛɛha
account	akaŋout
accuracy	fitsofitso
accurate	pɛpɛɛpɛ
accused	folↄ naa
ache	miiwa
ache	miigba
achievement	agbojee
acknowledge	shidaa
acquaintance	nanemɛi
acquire	namↄ
acquisition	namↄ
across	foomli
act	nifeemↄ
action	nifeemↄ
active	ekaa
activities	nifeemↄi
activities	nitsumↄi
activity	nitsumↄi
activity	nifeemↄ
actor	shwɛmↄ he hiɛtserelↄ
actual	diɛŋtsɛ
actually	asumaa
acute	waa
adapt	hemↄ awomli
add	kɛtsa
addicted	ŋↄↄ mↄ nyↄŋ
addicted	eka ehe
addition	kɛfata
additional	kɛfata he
additional	krokomei
address	bↄni okɛmi baawie
address	adrɛɛss
adequate	efa
adjacent	bɛŋkɛ
adjective	sutsↄↄlↄ
adjust	saamↄ ohe
admire	sumↄ
admit	hemↄ owomii
adopt	kpɛlɛ
adopt	ŋↄ
adorable	fɛɛfɛo
advance	emiiwa
advance	miiwafeemↄ
advanced	hiɛnyɛmↄ
advantage	ninejurↄ
adventure	miishɛɛ nii
adverb	mligbalalɔi
advertisement	nihↄↄmↄ he adafitswaa
advertising	nihↄↄmↄ he adafitswaa
advice	ŋaa
advise	ŋaa
advocate	fii sɛɛ
advocate	sɛɛfilↄ
aesthetic	fɛo nii
affair	ehi esɛɛ
affect	naagba
affection	sumↄmↄ
afford	baanyɛ ni ahe
affordable	abaanyɛ ahe
afraid	gbeyeeshemↄ
after	no sɛɛ lɛ
afternoon	shwane
afterwards	no sɛɛ lɛ
again	ekoŋŋ
against	afiiisɛɛ
age	afi
agency	nitsmↄhe
agent	tsuji
agent	najiaŋdamↄlↄ
aggressive	gidigidi
agile	oya waa
ago	etsɛɛ
agree	ekomefeemↄ
agreement	gbeekpamↄ
agriculture	okwaayeli
ahead	hiɛtrↄↄmↄ
aid	wa
aim	shuutumↄ
air	kↄↄyↄŋ
airport	kɔɔyɔŋ lɛjiadaamɔhe
aisle	gbɛ ni ka sɛii ateŋ
alarm	oshebɔɔ
alcohol	daaŋ
alert	klalofeemↄ
alert	hɛlemↄ
alive	yɛ wala
all	fɛɛ
all right	ojogbaŋŋ
all the best	shade kpakpa
allow	ŋmɛɛ gbɛ
allowed	ŋmɛɛgbɛ
almost	eshɛ eta
alone	mipɛ
along	yɛ
already	momo
Alright	yoo
also	ni
alternative	ekokro
although	shi
always	daa
am	ji
amazing	hetse
ambiguous	shishinumↄ bɛ faŋŋ
ambition	gbɛihemↄ
ambitious	ambishin
amend	saamↄ
amid	yɛ
among	fatahe
among us	wↄtɛŋ amli lɛ
amount	ayibↄ
amusing	miishɛɛ
an	lɛ
analysis	kwɛmcmli
ancestors	blematsɛmɛi
anchor	ankↄ
ancient	blema
and	kɛ
and you	ni bo hu
angel	bↄfo
anger	miifu
angle	kroko
angry	miifu
animal	koolo
ankle	nanetalↄ
anniversary	gbi jurↄ
announcement	adafitswaa
annoy	mlila woo
annoyed	miiwola
annoying	miila
annual	daa afi
anonymous	aleee
another	ekokro
answer	hetoomↄ
answer	hetoo
anticipate	miiŋmɛ
anxiety	basaafeemↄ
anxious	tsuiŋtswa
any	fɛɛko
anymore	dↄↄŋ
anyone	mↄfɛɛmↄ
anything	fɛɛ eko
anyway	afↄ afa
anyways	fɛɛ sɛɛ lɛ
apart	gbala teŋ
apartment	shia
apologize	kpafai
apparent	faŋŋ
apparently	asumaa
appeal	fai kpamↄ
appear	jekpo
appearance	bↄni oyↄↄ
appeared	jie ehe kpo
appetite	akↄnↄ
appetite	tsinebaa
apple	aluguitugui
application	aplikashiŋ
apply	apleemↄ
appointment	apↄintmɛnt
appreciate	shidaa
appreciation	shidaa
approach	bɛŋkɛ
approach	nifeemↄ
appropriate	esa
approval	ŋmɛgbɛ
approve	ŋmɛɛ gbɛ
approved	nↄkpɛlɛmↄ
approximately	tamↄ
april	abɛibe
arbitrary	jabejabe
architect	ŋaalↄ
architecture	tsumaa
archive	nitoohe
are	yɛ
are you	bo ji
are you busy	oyɛ dekaa
are you married	awo bo ga
are you married or single	ogaa aloo obɛ moko
Are you still there?	oyɛ jɛmɛ olo
are you there	oyɛ jɛŋ
area	aria
argue	bemↄ
argument	saji naataamↄ
arise	te shi
arm	nine
army	asa
around	bↄlemↄ
arrange	too
arrangement	heboamↄ
arrival	ashɛ
arrive	shɛɛ
arrived	shɛɛ
arrogant	henaamↄ
arrow	gaimlibii
art	nitɛŋmↄ
article	nikasemↄ
artificial	gbↄmↄ fee
artist	lalafolↄ
artist	nitɛŋlↄ
as	tamↄ
as long as	yɛ
as well	kɛ agbɛnɛ
as well as	ni agbɛnɛ hu
ash	lamulu
ashamed	hiɛgbomↄ
ask	bi
asked	bi
asleep	awↄ
aspect	ko
Assamese	Assamese
assault	niseniianii
assembly	kpee
assertive	nyɛↄ mↄ nↄ
assess	akwɛ
assessment	assɛsmɛnt
asset	nii ni sɛɛnamↄ yↄↄ he
assets	nii ni sɛɛnamↄ yↄↄ he
assign	ha
assignment	asainmɛnt
assist	yebuamↄ
assistant	walↄ
associate	bↄ
associated	bↄ
association	ku
assume	jwei
assumption	yiŋsusumↄ
at	yɛ
at least	kɛhoo kwraa
ate	ye omo
athlete	kpↄiaŋgbↄlelↄ
attach	fata
attached	fata
attachment	hekpɛtɛmↄ
attack	tutuamↄ
attempt	atɛŋmt
attempt	atɛŋmtimↄ
attend	yaa
attendance	mɛi ni ba
attention	kɛ otoi aba biɛ
attitude	suban
attract	tsɛmↄ
attraction	yeɔ ebua
attractive	yɛfɛo
attribute	sui
attribute	susu
audience	toibolↄi
august	manyawale
aunt	nyɛkwɛ
aunty	nyɛkwɛ
authentic	ja
author	niŋmalↄ
authority	hegbɛ
autumn	otuum
available	eyɛ
average	avraji
avoid	tee
awake	shitee
award	jweremↄ nii
aware	elee
awareness	alee
away	tee
awesome	jeee biɛ
awful	ehiii
awkward	ↄkwↄↄd
Aymara	Aymara
baby	gbekɛ ŋmↄŋ
bachelor	oshija
back	sɛɛ
background	sɛɛ gbɛ
bad	ehiii
bag	baggi
bait	kpoŋ
bake	nishaa
bakery	bodobodo shaahe
baking soda	bekin soda
balance	balasimↄ
balance	balans
ball	bↄↄlu
Bambara	Bambara
banana	akwadu
band	gboklɛi
bang	gbɛɛmↄ
bang	shimↄ
bank	shikatoohe
bar	daanumↄ he
barely	jeee tsↄ
bargain	yenaa
bark	boo
bark	tsosɛɛ
barley	akoko
barrier	husu
barrier	gbɛtsii
base	shishi
based	yɛ
basement	shishi tsu
basic	mli hiamↄ nii
basically	kɛ ma kɛɛ lɛ
basil	besil
bastard	gbↄmↄ gbonyo
batch	muu
bath	hejuu
bathroom	hejuuhe
battery	batre
battle	ta
bay	blema
be	feemↄ
be careful	kwɛmↄ jogbaŋŋ
beach	ŋshↄↄnaa
beam	kpɛ
beam	mplaŋi
beans	yↄↄ
bear	enyɛɛɛ
bear	oshishirishi
beard	tsɛŋ
bearing	yɛ
beast	kooloo
beat	biti
beat	yiimↄ
beautiful	fɛɛfɛo
beauty	hefɛɛo
became	tsↄↄ
because	ejaakɛ
become	tsↄ
bed	saatso
bedroom	sɛɛtsu
bee	wuobii
beef	bifi
been	yɛ
beer	daaŋ
before	dani
began	je shishi
begin	jee shishi
beginning	shishijee
behalf	kɛ ha
behave	feↄ nii
behavior	subaŋ
behaviour	subaŋ
behind	sɛɛ
being	adesa
belief	hemↄkɛyeli
believe	hemↄ oye
belly	musu
belong	fatamↄ he
beloved	sumↄↄ waa
below	shishi
belt	bɛlt
bench	sɛi
bend	dↄↄmli
beneath	shishi
benefit	nasɛɛ
benefit	sɛɛamↄ
benefits	sɛɛnamↄi
beside	kɛfata he
besides	fɛɛsɛlɛ
best	ehi waa
best of luck	shade kpakpa
best regards	buu kpakpa
better	ehi wa
between	teŋ
beverage	daa
beyond	eho ehe
Bhojpuri	Bhojpuri
bias	bayas
biased	miijiemɔ
bicycle	bisikil
bid	kaa
big	agbo
bike	baisikle
bill	biili
bind	fimɔ
bird	looflo
birthday	gbifↄmↄ
bit	fioo
bite	kↄↄŋ
bite	kↄŋmↄ
bitter	joo
black	ediŋ
blade	bledi
blame	kɛfↄ enↄ
blame	nↄfↄↄ
blank	ediŋ
blanket	kuŋtu
blast	kpamↄ
blast	okplɛmfeemↄ
bleach	hekpↄmↄ
blend	futu
bless	jↄↄmↄ
blessed	jↄↄmↄ
blind	hiŋmei shwelamↄ
bliss	ŋↄↄmↄ
bliss	miishɛɛ
block	tsi
blood	la
bloom	gbalamↄ
bloom	he kpo
blow	huumↄ
blue	akasesu
blunt	wiemↄ kpookpoo
board	tso
boat	lɛlɛ
body	gbↄmↄtso
boil	tswa
bold	hiɛwa
bond	suↄmↄ ni mli wa
bone	wu
book	buukimↄ
book	wolo
boost	buust
boost	tsiyisɛɛ
booster	busta
boot	aspaatere
boots	aspaaterei
border	husu
bore	wo
bore	gbu
bore	fↄ
bored	dↄↄ
boring	dↄↄ
born	fↄ
borrow	fliimↄ
boss	nutsumↄ onukpa
both	enyↄ fɛɛ
bother	gba enaa
bottle	tↄ
bottom	shishi
bought	he
bounce	hiɛ dↄdↄↄdↄ
bound	etsa
boundaries	husu
bow	shikotomↄ
bowl	bolu
box	akrabatsa
boy	nuu
boyfriend	jↄle
bracelet	nineshi nii
brain	jweimↄ
branch	gbɛŋta
brand	pↄtɛɛ
brave	hiɛwalↄ
breach	fitemↄ
breach	fↄji
bread	bloodo
break	hefoo
break	kuuŋ
breakfast	leebi niyenii
breast	fↄfↄ
breath	muuŋ
breathe	muuŋ
breed	woↄ
brick	brikii
bride	nuugbaayoo
bridge	briji
brief	fioo
bright	kpɛↄ
brilliant	nilee
bring	kɛba
bro	anyɛmi
broad	lɛɛ
broadcast	adafitswaa
broke	eku
broken	kuŋmↄ
broom	bↄlↄ
brother	nyɛminuu
brother in law	shabi
brought	kɛba
brown	asrasu
brush	sha
bucket	goga
buddy	anyɛmi
budget	akuntaa
bug	kplukai
build	maa
building	tsu
built	ma
bulk	ekome
bull	tsina
bully	yiwalↄ
bump	fuumↄ
bunch	srↄtoi
bundle	keikei
bundle	fimↄ
burden	naagba
burden	musuŋ
buried	fuu
burn	shaaŋ
burst	jwaa
bury	fuu
bus	bↄↄs
bush	jwaamli
business	nitsumↄ
bust	tsitsi
busy	dekabɛ
but	shi
butter	bↄta
butterfly	abɛɛ
button	bↄtun
buy	hemↄ
by	yɛ
by the way	kɛfↄ afa
bye	yaaba
cabbage	shweebaa
cabinet	adeka
cage	dade tsui bibii
cake	keeki
calf	tsinabi
call me	tswaa mi
called	tswa
calm	hejↄ
came	ba
campaign	ta
can	manyɛ
can	koŋko
can't	nyɛɛɛ
Cancel	foo mli
cancer	kansa
capable	abaanyɛ
capacity	manyɛ
capital	maŋtiasei
caption	mfoniri
capture	mↄ
car	lↄle
career	nistumↄ
careful	kwɛmↄ he
carefully	kwɛmc jogbaŋŋ
careless	anyagba feemↄ
caring	lɛↄ
carpenter	ŋaalↄ
carpenter	kapintɛfonyo
carpet	kapɛti
carrot	karoti
carry	wo
carry on	yaanↄ
carry out	feemↄ
case	sane
cash	shika
cast	kasti
castle	mↄↄ
casual	shia atedei
cat	alonte
catch	mↄ
category	henↄi
cattle	tsina
caught	mↄ
cause	hani eba
cause	nↄni hewↄ
caution	kↄkↄbↄↄ
cautious	kwɛ ohenↄ jogaŋŋ
cave	tɛkplo
cave	bu
cease	sɛɛ fo
ceiling	sɛndo
celebrate	yeli
cell	wala yibii
cell	tsuŋwoohe
center	teŋ
century	nyↄŋma enyↄ
cereal	ŋmaa
ceremony	nifeemↄ
certain	krokomei
certainly	lɛɛlɛŋ
certificate	aplɛto
chain	tsein
chair	sɛi
challenge	ewahami
challenge	tsalenji
chance	gbɛ
change	tsakemↄ
chaos	basabasa
character	subaŋ
characteristics	sui
charge	he
charity	yelikɛbuamↄ nifeemↄ
charming	fɛo
chart	akrabatsa
chase	sɛɛnyɛmↄ
chat	gba sane
chat	sanegba
cheap	ejala waaa
cheat	shishiu
cheating	shishiuu
check	kweɛmↄ
check	tsɛki
cheek	kpai
cheer	miishɛɛ
cheerful	miishɛɛ
cheers	tsiɛɛs
cheese	tsiisi
chemistry	tsofa futumↄ
cherish	edↄↄ
cherish	sumↄↄ
chess	tsɛs
chest	tsitsi
chew	taa
chicken	wↄloo
chief	maŋtsɛ
child	gbekɛ
childhood	gbkɛbiiashi
children	gbekɛbii
chill	fɛŋ
chill	ejↄ
chill	hejↄ
chimneys	tsu yiteŋ fɔlɔ ni lasu tsɔɔ k3jeɔ kpo
chin	tsɛŋ
chocolate	tsↄklet
choice	nihalamↄ
choose	tsuusumↄ
chop	foo
chop	gba
chop	folↄmↄ
chores	shia nii
chubby	obolo
church	sↄlemↄhe
cinnamon	sinamon
circle	kↄkrↄↄ
circumstances	beni ebalɛ
citizen	maŋbii
city	maŋ
claim	ekɛɛ
claim	kɛɛmↄ
clarify	ha efe faŋŋ
class	klas
clay	su
clean	falefale
clear	miitsemↄ
clear	eetse
clerk	woloŋmalↄ
clerk	klakefonyo
clever	jweimↄ
client	klaɛt
cliff	tɛsaai
climate	kↄↄyↄŋ tsakemↄ
climb	kↄↄ
clingy	mↄpɛtɛmↄ
clock	watsi
close	ŋa
closet	atadei adeka
cloth	mama
clothes	ataadei
cloud	atatu
cloudy	atatu ewo
clown	tsobi
clue	nibii
clumsy	hekpokpomↄ
cluster	kui
coach	tsↄↄlↄ
coach	kotsimↄ
coal	ŋaai
coast	ŋshↄnaa
coat	kootu
coffee	kↄfi
cognitive	jwɛŋmↄ
coincidence	heniianaa
cold	fɛɛŋ
collapse	gbeeshi
collar	kɔla
colleague	kↄleji
colleagues	nanemɛi
collect	hemↄ
collection	hemↄ
collection	buamↄ na
college	univɛsiti
color	su
colorless green ideas slept furiously	eŋɔli ni anaaa kɛ mlifu wɔ
colour	sui
column	akulashiŋi
column	mlijaa
comb	osɛlɛ
combination	futuↄ
combine	kɛtsa
come	ba
come here	ba biɛ
come on	baaba
comfort	miishɛjemↄ
comfortable	hejↄlɛ
coming	eeba
coming soon	eeba nↄↄ
command	kita
comment	hetoo
commercial	kↄmɛshia
commission	kↄmishin
commit	fee
commitment	komitmɛnt
committed	fee
commodity	guɔnii
common	ale
communicate	gbaa sane
communication	wiemↄ
community	ku
commute	yaa kɛ baa
commute	jɛↄ
companion	hefatalɔ
company	kↄmpani
compare	keto he
comparison	toŋ
compassion	musuŋtsↄlɛ
compassionate	musuŋ tsɔɔ
compatible	kpaa gbee
compete	shi akaŋ
competent	he esa
competition	kↄmpitishin
competitive	akaŋshii
complain	tↄke
complaint	wiemↄ huhuuhu
complement	ye abua
complement	yelikɛbualↄ
complete	gbeenaa
completely	emuu
complex	haŋtsii
compliance	botoi
complicated	emli wa
compliment	yi jiemↄ
comply	kpɛlɛnↄ
composition	saneŋmaa
compound	shia mli
comprehension	shishinumↄ
comprehensive	Shishinumↄ
compromise	kↄpromais
compromise	kↄmprmaisimↄ
compulsory	esani afee
computer	kↄmpiuta
concentrate	kwɛmↄ nↄ
concept	tsↄↄmↄ
concern	etsↄↄ
concern	naagb
concerned	tsuiyeli
concert	kↄnsɛtii
conclusion	naagbee
concrete	pↄtɛɛ
concrete	kↄnkret
concrete	nↄ ni yↄↄ diɛŋtsɛ
condition	kondishiŋŋ
conditions	shihilɛ
conduct	feemↄ
conference	kpee
confess	jaje
confidence	hiɛɛ gbooo
confident	kↄfidɛnt
confirm	ŋↄↄ
conflict	beei
confused	olaaje mi
confusion	futufutu
congrats	ayekoo
congratulation	ayekoo
congratulations	ayekoo
conjunction	tsalↄ
conjunction	kɛfata
connect	tsakpaa
conquer	kunimyeli
conscious	ehiɛ ka
consciousness	hiɛ tserɛmↄ
consent	hegbɛɛnamↄ
consent	hegbɛ
consequences	sɛɛ namↄ
conservation	sanegbaa
conservative	akɛtoↄ
consider	kwɛmↄ ekoŋŋ
considered	miikwɛ
consist	eyɛ
consistency	tsaanↄ daa
consistent	daafeemↄ
constant	daa
constantly	daa
constipation	musuŋ etiŋ
construction	aama
consume	ye
consumption	niyeli
contact	nine ashɛɛ wo
contact	moko ni ole
contagious	tsɛŋeↄ
contain	kɛwo
contains	yɛ mli
contemporary	tipɛŋfonyo
contempt	heguↄgbee
content	kↄntɛnt
contest	akaŋshii
context	kukuji
continent	maji
continue	tsanↄ
contract	kpaŋmↄ
contrast	srↄtoifeemↄ mli
contrast	nↄni tamↄ nakai
contribute	hamↄ
contribution	tooyeli
control	kudↄↄ
controversial	naataamↄ
convenience	hejↄlɛ shihilɛ
convenient	ehiha mi
conversation	sanegbaa
convert	tsakemↄ
convert	atsake
convey	kɛjɛ hekome kɛya hekroko
convince	kↄnvins
convinced	yiŋ
cook	hoomↄ
cook	nihoolↄ
cooking	nihoomↄ
cool	hejↄ
cool	ejↄ
cooperation	fee ekome
cope	damↄ
copper	kcpa
core	miinii
corn	abele
corner	koji
correct	anↄkwale
cost	opee enyɛ
cost	efee enyɛ
costume	atadei
cottage	shia bibioo
cotton	odonti
couch	sɛɛ
cough	wↄlↄmↄ
could	manyɛ
council	gwabɔɔ
count	kanemↄ
counter	okpↄlↄ
country	maŋ
countryside	akrowa
couple	gbalↄi
courage	kenyaa
course	kↄↄs
court	ↄↄt
courtesy	bulɛ
cousin	nyɛmi
cover	by naa
cow	tsina
coward	gbeyeilↄ
cozy	hejↄↄmↄkohe
crab	kaa
crack	eku
crack	egba
craft	shↄↄ
crap	fee
crash	suↄmↄ
crash	kɛshi
craving	eba mitsine
crawl	wamↄmↄ
crazy	sɛkɛ
create	bↄↄ
creative	debↄↄ
credit	flimↄ
creep	waamↄↄ
creepy	klilii
crew	kruu
crime	awuiyeli
cringe	krinjimↄ
cringe	krinj
crisis	naagba
criteria	taomↄ nii
critical	enaa ewa
criticism	kwiemↄ ke shimↄ
crop	ŋmↄ
crops	aduawai
cross	foomli
cross	ↄrↄs
crow	kwaakwalↄbite
crowd	mɛi babaoo
crowded	etsiŋ
crown	akekre
crucial	krushia
cruel	abuuumↄ
cruise	lɛlɛ
cruise	gbↄjↄ
crush	suↄmↄ
crush	kɛshi
cry	fo
cucumber	kukumba
cuddle	fuamↄ
culture	kusum
cunning	kutumpↄo
cup	kↄↄpoo
cupboard	kabↄↄd
curb	kuu naa
cure	tsa
cure	tsamↄ
curfew	aŋmɛɛ gbɛkɛ kpojee
curiosity	nibii amli ni atao ale
curious	kiuriↄs
curly	edↄrↄ
currency	shika
current	amrↄnɛ
currently	amrↄ nɛ
curse	loomↄ
curtain	samflɛ he mama
cushion	sune
custom	kusum
customer	kↄstↄma
customs	kusum
cut	fala
cut	foo
cute	fɛo
cycle	shihilɛ
cycle	shibↄlemↄ
cycling	baisikel tamↄ
dad	tsɛ atta
daddy	tsɛ
daily	daanɛ
dairy	mliki kɛ ehe nibii
dam	gbogbo
damage	fitemↄ
damage	efite
damn	dɛɛm
damp	frↄnↄↄ
dance	joo
danger	oshara
dangerous	gbeyee
dark	duŋ
darling	mi tsui
dash	shi oyaoyai
data	saji naataamↄ
date	gbi
date	gba
daughter	biyoo
day	gbi
dead	gbomↄ
deadline	bei ni aha kɛ gbena
deaf	mumuii
deal	diil
deal	kɛbaatsↄↄ
dear	misuↄlↄ
Dear All	fɛɛɛ jurↄ
Dear Customer	kↄstↄma kpakpa
Dear Parents	fↄlↄi jurↄ
Dear Sir	onukpa jurↄ
Dear students	nikaselↄi jurↄ
Dear Team	ku jurↄ
death	gbele
debate	je ŋwane
debit	dɛbitii
debris	jwɛi
debt	nyↄmↄ
decade	afii nyↄŋma
decay	kpↄtↄ
deceased	mɛi ni egboi
deceive	laka
december	afuabe
decent	jogbaŋŋ
decide	feemↄ ojwɛimↄ
decided	tsuusumↄ
decision	feemↄ jweimↄ yɛ noko he
deck	lɛlɛ
decline	aheee
decrease	miijↄ
dedicated	krado
dedication	henↄjↄↄmↄ
deed	nifeemↄ
deep	miikↄ
deer	ofrote
default	difↄↄt
defeat	yenↄ kunim
defeat	kunim nↄ yeli
defend	saneyeli
define	tsↄↄ
definitely	lɛɛlɛŋ
definition	shishitsↄↄmↄ
degree	digrii
delay	shigbalamↄ
delay	ootsɛ
delayed	etsɛ
delete	jiemↄ
deliberate	je gbɛ
delicate	wa waa
delicious	ŋↄↄↄ
delight	naaŋↄↄmↄ
delighted	eŋↄↄmina
deliver	shɛɛ
deliver	jieↄ
delivered	jie
delivery	majemↄ
demand	tao yɛ odeŋ
demand	nↄni atao
demanding	ekaaa shi
democracy	maŋ anↄyeli
demon	daimonioi
demonstrate	nↄkwɛmↄfeemↄ
denied	kwamↄ
density	dɛnsiti
dentist	nyanyↄŋ he tsofatsɛ
deny	haaa
department	nitsumↄ hei
departure	shimↄ
depend	damↄ nↄ
depend	he afↄ
deploy	tsu nii
deposit	kewomli
deposit	depositi
depressed	nↄntɛɛ
depression	diprɛshin
depth	miikↄlɛ
describe	tsↄↄmↄ
description	tsↄↄmↄ
desert	disɛɛt
deserve	disɛɛv
design	dizain
design	dezainmↄ
designation	ehala lɛ
desire	tao waa
desire	tsuinaanii
desk	okpↄnↄ
despair	nijiaŋwujee
desperate	heshaamↄ
despite	fɛɛ sɛɛ lɛ
dessert	deseti
destination	eni oyaa
destiny	wↄsɛɛ
destroy	fitemↄ
destruction	fitemↄ
detail	fitsofitso
details	ka shi faŋŋ
detect	yↄse
determination	faishitswaa
determine	kladodeemↄ
determined	kralofeemↄ
devastated	dɔɔlɛ
develop	divɛlopmɛnt
developed	je
developed	te
development	divɛlopmɛnt
device	divaisi
devil	aboŋsa
devoted	hetuu
Dhivehi	Dhivehi
diabetes	sikli hela
diarrhea	musuŋtsↄmↄ
diary	edaa gbi wolo
dictionary	wiemↄ komɛi ashishitsↄmↄ wolo
did	fee
die	gbo
died	gbo
diet	niyeli
difference	henↄi
different	henↄi
difficult	ewa
dig	tsaa
dignity	bulɛ
diligent	mↄdɛŋbↄↄ
dinner	gbɛkɛ niyenii
dip	tsↄmli
direct	kudↄ
direction	gbɛtsↄↄmↄ
director	sɛɛkwɛlↄ
dirt	muji
dirty	mujiŋ
disable	helatsɛ
disabled	eje kpa
disappear	lajeemↄ
disappointed	disapↄinted
disaster	oshra
discard	ŋmɛɛ he
discharge	jieemↄ
discipline	tsↄse
discount	nↄtsemↄ
discrimination	hiɛaŋkwɛmↄ
discuss	kwiemↄhe
discussion	hewiemↄ
disease	hela
diseases	helai
disguise	he tsakemↄ
disgusting	taaŋ
dish	tsinsi
dishes	tsɛŋsii
dishes	niyenii
dismiss	shweemↄ
dispatch	tsu
display	tsↄↄ
disposal	piŋ
disposal	yↄↄ
dispute	bei
distance	gbɛ
distinct	henoi
distinguish	tsↄↄmↄ mli
distress	haomɔ
distribution	jaa
district	kpokpaa
disturb	naagba
ditch	bu
dive	tse
diverse	srↄtoi
diversity	srↄtoi
divide	jaamli
divine	nyↄŋmↄ
divorce	tse gbala mli
divorce	gbalamlitsemↄ
dizzy	hiɛdimↄ
do	feemↄ
do you	oyɛ
do you love me	oosumↄmↄ mi
doctor	datrɛfonyo
document	wolo
does	feemↄ
doesn't	efeee
dog	gbee
Dogri	Dogri
doing	feemↄ
doll	tsoobi
domain	nↄyelↄ
domestic	shia
dominant	henↄyeli
don't	kaaa
Don't worry	kaaashe gbeyee
donate	onia
done	gbenaa
donkey	teji
dope	dop
double	ehe ku bↄ
double	enyↄ
doubt	daut
doubt	eheee eyeee
dough	ma
down	shishi
download	jie awo
draft	gbalamↄ
draft	gala awo
drag	gbala
drain	tsↄ
drama	nifeemↄ
draw	drↄmↄ
drawer	drↄwa
drawing	tsi obɛŋkɛ
dread	sheɔ gbeyee
dream	la
dress	atale
drill	drilimↄ
drink	nuu
drink	daaŋ
drive	tshi
drop	ŋmɛɛhe
drop	kpↄbi
dropped	ŋmɛɛmↄhe
drought	nu hↄmↄ
drunk	tↄdaaŋ
dry	egbi
duck	dↄkↄdↄkↄ
dude	ↄhale
due	eshɛ
due to	nↄ hewↄ
dull	dↄↄl
dumb	lulↄ
dump	shi ashwee
duration	bei
during	yɛ
dust	mulu
duty	nↄni sani ofee
dwell	hi shi
dying	gbomↄ
each	enyↄ fɛɛ
each other	mɛi enyↄ
each other	amɛhe
eager	kladofeemↄ
eagle	okropↄŋ
ear	toi
earlier	nomiɛ
early	ŋmla
earn	namↄ
ears	toi
earth	jeŋ
earthquake	shikpↄŋhosomↄ
ease	ewaaa
easily	ewaaa
east	bokagbɛ
easy	ewaaa
eat	ye
eating	niyee
economic	shika helɛtemↄ
economy	shika gbɛjianↄtoo
edge	naabu
edit	ɛditimↄ
education	nikasemↄ
effect	sɛɛ namↄ
effective	mↄↄ shi jogbaŋŋ
efficiency	tsu ni jogbaŋŋ
efficient	ehiii
effort	mↄdɛŋbↄↄ
egg	wↄlↄ
eggplant	sɛbɛ agbo
ego	henↄwomↄ
eight	kpaanyↄ
eighteen	nyↄŋma kɛ kpaanyↄ
eighty	nyↄŋmai kpaanyↄ
either	enyↄ ateŋŋ
elaborate	shishijiemↄ
elbow	nikutso
elder	onukpa
elderly	onukpa
elegant	fɛo
element	nii
elephant	tsuↄ
eleven	nyↄŋmakɛ ekome
eligible	ɛlijible
eliminate	jiemↄ
else	kɛjee nakai
embarrassed	hiɛashi tsweemↄ
embarrassing	higbele
embrace	fuamↄ
emerge	fa kpo
emergency	oshra
emotional	awɛho
empathy	mↄbↄnalɛ
emphasis	ma
emphasize	maa
employee	nitsulↄi
employees	nitsulↄi
employer	nitsumↄtsɛ
employment	nitsumↄnamↄ
empty	ekobɛ mli
enable	hani
encounter	kpee
encourage	yeboamↄ
end	naagbee
endangered	yɛ oshara
endeavor	mↄdɛŋbↄↄ
endurance	tsuishiŋmɛɛ
endure	mia ehiɛ
enemy	henyɛlↄ
energy	hewalɛ
engage	ohe awamii
engaged	gawoo
engagement	gawoo
engine	tsↄne
engineer	injinia
English	blↄfo
enhance	womii la
enjoy	sumↄ
enormous	eda waa
enough	ehii
ensure	kwɛmↄ akɛ
enter	botemↄ mli
entertainment	hietserɛmↄ
enthusiasm	miishɛɛ
enthusiastic	miishɛɛ
entire	fɛɛ
entitled	hegbɛ
entity	kuu
entrance	shinaa na
entrepreneur	ɛntapreneur
envelope	wolo kotoku
environment	maamii
envy	kↄↄnii anↄ
epic	kakalↄi
epic	ekaafeemↄ
epidemic	hela ni gbɛɔ eshwaa
equal	ekome
equipment	nibii
equity	hiɛaŋ kwɛŋ
equivalent	shɛↄ
eraser	tsumↄmↄnii
error	tↄmↄ
error	eshai
escape	joo foi
especially	ɛspɛshialli
essay	saneŋmaa
essence	shishinumↄ
essential	hehiaa
establish	jeeshishi
established	jeshishi
estate	shia
estate	gboshinii
estimate	tamↄ
estimated	kɛ okwɛ enyiɛ
etc	etsara nↄ
eternal	naanↄ
ethics	tsɔsemɔ nibii
evaluate	pɛimↄ
evaluation	susumↄ
even	shi
even though	shikpↄŋ
evening	gbɛkɛ
event	niifeemↄ
eventually	kɛɛ
ever	daabi da
every	nↄfɛɛ
everybody	mↄfɛɛmↄ
everyone	mↄfɛɛmↄ
everything	nↄfɛɛnↄ
evidence	ɛvidɛns
evil	efↄŋ
evolution	sutsakemↄ
evolve	tsake kɛjɛ
Ewe	Ewe
ex	tsutsu
exact	pɛpɛɛpɛ
exactly	nakai pɛpɛɛpɛ
exam	kaa
examine	pɛi
example	nↄkwɛmↄ
exceed	fa fe
excellent	mↄdɛŋbↄↄ
except	bɛja
exception	bɛja
excess	fe nine
excessive	efa tsↄ
exchange	tsake
excited	miishɛɛ
excitement	miishɛɛ
exciting	miishɛɛ
exclusive	kome pɛ
excuse	naajiemↄ
excuse me	miiba fioo
execute	gbe
execute	hiɛkpatamↄ
execution	hiɛkpatamↄ
executive	ɛxɛkɛtiv
exercise	ɛsisais
exercise	ɛsisaisimↄ
exhaust	tↄlɛ
exhausted	tↄlɛ
exhibit	ajie kpo
exhibition	kpojiemↄ
exist	yɛ
existence	shihilɛ
existing	shihilɛ
exit	je kpo
expand	kpaŋ
expect	bɛja
expected	kpaa
expenses	nyↄmↄbↄ
expenses	shika ni afite
expensive	ejalawa
experience	naanii
experience	tsↄↄmli
experiment	shigbɛlɛmↄ
expert	he esa
expired	gbo
expired	jemli
expired	plenee
explain	gbalamↄ mli
explanation	mligbalamↄ
exploit	yeↄ mɛi asane he ni
explore	mlikwɛmↄ
export	majemↄ
expose	kpojiemↄ
exposed	kpa
exposed	ha
exposed	mama
exposure	alebo
express	tsↄↄmↄ
expression	kɛɛmↄi
extend	kpmli
extended	kpaŋmli
extension	miikpamↄ
extent	kɛyashi
external	sɛɛgbɛ
external	kponↄgbɛ
extinct	ebɛ dↄŋŋ
extra	kroko
extract	jieemↄ
extraordinary	naakpɛɛ
extreme	naa wa
extremely	waa diɛŋtsɛ
eye	hiŋmɛi
eyes	hiŋmɛi
fabric	mama
fabulous	naakpɛɛ
face	hiɛɛ
face	kɛkpe
facilitate	bↄni afeↄ ni
facilities	nibii
facility	fasiliti
fact	fakt
factor	nibii
factory	nitsumↄ
facts	anɔkwale nibii
fade	laaje
fail	tↄmↄ
fail	tↄↄ
failed	yeee omanye
failure	tↄmↄ
faint	fainti
fair	ejieee mii
fair	etsuↄↄ
fairly	hiɛaŋkwɛmↄ
fairy	adesa
faith	hemↄ kɛ yeli
faithful	anↄkwafo
fake	jeee ekpakpa
fall	shigbeemↄ
fall	gbeeshi
false	AMALE
fame	gbɛi hemↄ
familiar	ale
family	weku
famine	hↄmↄ
famous	ale
fan	faan
fan	kwɛɛbo
fancy	fɛɛfɛo
fantastic	naakpɛɛ
far	jɛkɛ
farewell	mana bo
farm	ŋmↄ
farmer	okwafonyo
fascinating	naakpɛɛ
fashion	gbɛ nↄ
fast	oya
fat	oda
fatal	ekɛ gbele aba
fate	aŋma momo
father	tsɛ
fatigue	tↄlɛ
fault	fↄↄt
favorite	nↄni asumↄↄ waa
favour	fiŋsɛɛ
favourite	nyaa he waa
fear	gbeyeeshemↄ
fear	shegbeyee
feast	okpↄlↄŋmɛɛ
feast	ye
feather	tsɛlɛ
feature	botemↄ
feature	henii
features	henibii
february	oflↄ
fed up	eje tsine
fee	fii
feed	niyenii
feedback	hetoo
feel	nuhe
feeling	henumↄ
feet	nane
fell	gbeeshi
fellow	nanemɛi
felt	henumↄ
female	yoo
fence	afabaŋ
fertile	ni baa
festival	gbijurↄyeli
fetch	yɛɛ
fever	fiiva
few	fioo
fewer	fioo
fiance	jↄle
fiction	adesa
field	shikpↄŋ
fierce	hiɛ la
fifteen	nyↄŋma kɛ enumↄ
fifty	nyↄŋmai enumↄ
fight	nↄmↄ
fight	nↄↄ
fighting	nↄmↄ
figure	figa
figure	ena
figure out	taomↄ
file	wolo
fill	yii
filled	eyi
film	fiim
filthy	muji
finally	nagbee lɛ
finance	shika gbɛjianↄtoo
financial	shika he saji
find	naa
find out	le
find out	tao
fine	jogbaŋŋ
fine	shika
finger	nini wao
finish	gbeena
finished	gbenaa
fire	la
firm	wa
firm	ewa
first	kleŋleŋ
first name	blↄfo gbɛi
fish	loo
fit	yaamli
five	enumↄ
fix	saamↄ
fixed	mashi
fixed	saa
flag	aflaŋaa
flash	kpɛlɛɔ
flat	tamↄ plɛte
flat	shia
flaw	fatɔɔi
flawless	tↄmↄ bɛ mli
flee	joofue
flesh	hewolo
flew	fliki
flex	dↄ
flex	kwaa
flexible	tswaafeemↄ
flight	flikimↄ
flip	tsɔlɛ
flirt	hii kɛ yei asɛɛ nyiɛmↄ
flirting	gbaa
float	eka nↄ
flood	nu afua
floor	shikpↄŋ
flour	ashikiŋsha
flow	homↄ
flow	ho
flower	fↄfↄi
flu	flu
fluent	naatsemↄ
fluently	ojogbaŋŋ
fluffy	fulufulu
fluid	nu
fly	flikimↄ
focus	hiɛkashi
focus	fokↄs
fog	suŋ
foggy	afua ewo
fold	kotamↄ
folks	fↄlↄi
follow	nyɛmↄ sɛɛ
follow up	hiɛmↄ sɛɛ
following	sɛɛhiɛmↄ
food	niyenii
fool	oluu
fool	lulↄ
foolish	buulufeemↄ
foot	nane
football	bↄↄlutswaa
for	kɛya
For example	nↄkwɛmↄnii
for instance	tamↄ
for you	kɛha bo
forbidden	aagu
force	fↄↄs
forecast	gbaa
forehead	hinaa
foreign	maŋsɛɛ
forest	koo
forever	daa kɛ daa
forget	fↄgetimↄ
forgive	kɛke
forgot	hiɛ ekpa nↄ
fork	fↄↄk
form	fↄↄm
form	tsↄ
formal	keketee
formal	agwaseŋ
former	tsutsu
fortunately	heniianaa lɛ
fortune	ninamↄ
forty	nyↄŋmai ejwɛ
forty-two	nyↄŋmai ejwɛ kɛ enyↄ
forward	hiɛyaa
foster	wo
fought	nↄmↄ
found	ena
foundation	shishitoo
four	ejwɛ
fourteen	nyↄŋma kɛ ejwɛ
fox	osↄ
fragile	ewaaa
frame	ha
framework	sɛɛtso
fraud	frↄdu
freak	nↄ ni aleee
free	apeee
freedom	heyeli
freeze	ewa
frequency	efↄↄ baa
frequent	daa
frequently	efↄↄ baa
fresh	heei
friday	sohaa
fridge	frigi
friend	nyaanyo
friendly	naanyo
friends	naanyemɛi
friendship	naanyobↄↄ
frightened	gbeyee
frightening	yɛ gbeye[i
frog	kↄkↄdene
from	kɛjɛ
front	hiɛ
frozen	ewa
fruit	aduawai
frustrated	tↄlɛ
fuel	ha hewalɛ
Fulfulde	Fulfulde
full	yimↄ
fun	hiɛ shwɛmↄ
function	bↄni etsuↄ nii
fundamental	shishi fa
funeral	yala
funny	ŋmↄnↄ
fur	yitswɛ
furious	mlifu
furniture	Tsuminibii
further	shↄↄŋ
furthermore	nↄtsaↄ
future	wↄsɛɛko
Ga	Ga
gain	namↄ
game	shwɛmↄ
gap	gbɛ
garage	tsↄne tsu
garbage	jwɛi
garden	abↄↄi
garlic	galiki
gate	agboi
gather	buamↄ naa
gathering	kpee
gauge	geji
gave	ha
gear	nibii
gender	nuu loo yoo
general	hefee he
generally	fɛɛmli
generate	teeↄ
generation	yinↄi
generous	haamↄnↄ
genius	nilelↄ
genre	henↄi
gentle	kpoo
genuine	anↄkwalemli
gesture	ninefↄↄ ni akɛmaa
get dressed	samↄ oye
get up	teeshi
get well soon	na hewalɛ
getting	naamↄ
ghost	sisa
ghosting	sisa
giant	oblaŋ
gift	nikeenii
ginger	kakatsofa
girl	yoo
girlfriend	jↄle
give	ha
give up	etↄmi
given	ha
glad	ŋↄↄ minaa
glance	kwɛ
glass	glasi
glasses	glasei
glimpse	hiŋmɛi gba
global	jeŋ muu fɛɛ
gloomy	mↄbↄmↄbↄ
gloves	nine ahehaanↄ
glow	kane
glow	kpɛlɛↄ
glow up	kpɛmɔ
glue	tsaa
glue	ama
go	yaa
go ahead	yaa nↄ
go away	yaa
go to bed	yaa wↄ
goal	nↄni mitao ma fee
goals	otii
goat	too
god	ŋnyↄŋmↄ
god bless you	nↄŋmↄ ajↄↄ bo
goes	yaa
going	yaa
going to	yaa ni
gold	shika tsuru
gone	tee
gonna	fee
goo	yaa
good	ekpakpa
good	ehi
good afternoon	minaaokoo
good bye	kɛ efee
good day	gbi kpakpa
good evening	oshwee
good job	obↄmↄdɛŋ
good looking	yɛ fɛo
good luck	ohe abanii
good morning	ojekoo
good morning my love	ojekoo misuↄlↄ
good night	oshwiee
goodbye	kɛ efee
goodnight	wↄ jogbaŋŋ
goods	nibii
Google	google
Google Translate	Google tsɔɔmɔ shishi
goose	nulooflↄŋ
gorgeous	fɛɛo
gossip	kokonsaŋ
got	ena
got it	nine eshɛ nↄ
government	amralo
grab	mↄ
grade	gred
gradually	fiofio
graduate	gbe skul naa
grain	ŋmaa
grant	ha
granted	baaha
grapes	greps
grasp	nu shishi
grasp	gi
grass	grasi
grateful	shidaa
gratitude	shidaa
grave	gbohiiaje
gray	lamulu
great	jogbaŋŋ diɛŋtsɛ
greed	kↄŋnii anↄ
greedy	yiŋmɛi tsuu
green	eŋↄli
greet	ŋamↄ
greeting	ŋamↄ
greetings	ŋamↄi
grey	lamulu
grid	liamↄ
grief	grif
grind	kpↄↄ
grip	mↄ
grocery	nibii
groom	hesaamↄ
gross	taaŋ
ground	shikpↄŋ
group	ku
grow	dalɛ
growth	dalɛ
grumpy	eŋmↄↄ
Guarani	Guarani
guarantee	nↄmimaa
guard	gaad
guess	gɛɛsimↄ
guest	gbↄↄ
guidance	gbɛtsↄↄmↄ
guide	tsↄↄlↄ
guide	tsↄↄmↄ
guilty	efↄŋŋ
guy	nuu
guys	hii
gym	kpↄiaŋgbↄlemↄhe
habit	sui
habitat	shihilɛhe
had	yɛ
hail	nyↄŋmↄŋtɛi
hair	yitswɛi
half	faa
hall	hↄↄl
hand	nine
handle	mↄmii
handsome	fɛɛo
hang	tsotsromↄ
hang out	kpojee
happen	eba
happened	eeba
happiness	miishee
happy	miishɛɛ
happy birthday	fↄmↄgbijurↄ
happy birthday to you	fↄmↄgbijurↄ ha bo
happy new year	afi oo afi
hard	ewa
hardly	anyɛŋ akɛɛ akɛ
hardly ever	efↄↄↄ
harm	plamↄ
harm	pla
harmful	epilamↄ
harmony	ekomefeemↄ
harsh	yiwaa
harvest	ŋmaakpamↄ
has	yɛ
hate	hetsɛŋ
have	yɛ
have a good day	shade kpakpa
have a nice day	ogbi ayanↄ jogbaŋŋ
have breakfast	ye leebi niyenii
have fun	na miishɛɛ
have you eaten	oyenii
having	yɛ
hazard	osharai
haze	niseniianiifeemↄ
he	lɛɛlɛŋ
he has	eyɛ
he is	lɛ ji
head	yitso
headache	yitsogbamↄ
heal	tsamↄ
healing	tsaamↄ
health	hewalɛ
healthy	hewalɛ
hear	nu
heard	nu
heart	tsui
heat	dↄↄlɛ
heat	dↄↄmli
heaven	ŋwei
heavy	miitsii
hectic	mli wa
height	kɛlɛ
heir	gboshiniyelɔ
heist	juu
held	mↄmli
hell	shikpↄŋshishi
Hello	nana lɛ
hello dear	agoo mitsui
hello how are you	naalɛ ee te oyↄↄtɛŋŋ
hello how are you doing	naalɛ te oyↄↄ tɛŋŋ
helmet	dadefai
help	wamↄ
helpful	yeↄ ebuaa
hence	nↄhewↄↄ
her	lɛ
herd	kooloi ni alɛↄ
here	biɛ
heritage	gboshinii
hesitate	hɛleshi
Hey	agoo
Hi	amɛɛ
hi how are you	naalɛ te oyↄↄ tɛŋŋ
Hi there	agoo
hidden	tee
hidden	to
hidden	anaaa
hide	teemↄ
hierarchy	kuu
high	jwei
highlight	kadi
highlight	maa
hike	nyiɛmↄi
hiking	hiɛtserɛjiemↄ gbɛfaa
hilarious	ŋmↄnↄ
hill	gↄŋ
him	l
him	lɛ
hint	tsii ta
hip	hɛɛ
hips	hɛɛ
hire	haimↄ
hiring	yabↄ
his	lɛ
history	tsutsu blema
hit	tswaa
Hmm	Hmm
hobby	hiɛtserɛjiemↄ ni
hold	mↄmli
hold on	mↄmli
hole	bu
holiday	hↄlidee
hollow	foji
hollow	bu
home	shia
homework	shia nitsumↄ
honest	anukwale
honestly	anukwalemli
Honey	wuo
Honey	mi su)l)
honor	woo
hood	akutso
hook	kpoji
hop	tu
hope	hemↄkɛyeli
hope	heↄeyieↄ
hopefully	hiɛnↄkamↄ
hopeless	hiɛnↄkamↄ bɛ
horizontal	ya abeku loo ninejurↄgbɛ
horn	akoloŋto
horrible	ehiii
horror	gbeyei
horse	okpↄŋↄ
hospital	helatsamↄhe
hospitality	gbɔfeemɔ
host	helemↄ
host	tsɛ
hostile	nyɛɛ
hot	edↄ
hotel	hotɛl
hour	ŋmɛlɛtswa
hours	ŋmɛlɛtswaa
house	shia
household	shia
how	teŋŋ
how about you	bo hu
how are you	te oyↄↄ tɛŋŋ
how are you doing	te oyↄↄ teŋŋ
how are you doing today	te oyↄↄ teŋŋ ŋmene
how are you today	te oyↄↄ tɛŋŋ ŋmɛnɛ
how do you do	te oyↄↄ tɛŋŋ
how is	te e
how many	enyiɛ
how much	enyiɛɛ
how often	kɛ efee lɛ
how old are you	enyiɛ ni oye
how was your day	te ogbi tee teŋŋ
how was your night	te owↄ tee teŋŋ
however	moŋ
hub	he ni
hub	he ko
hubby	wu
hug	fuamↄ
hug	fuaa
huge	eda
human	gbↄmↄ
humble	shibaa
humid	frↄnↄↄ
humidity	frↄnↄↄ
hundred	oha
hungry	hↄmↄ
hunt	gbↄbimↄ
hurricane	lasuogbele
hurry	tsↄↄhe
hurry up	tsa ohe
hurt	pla
husband	wu
hustle	hↄsso
hustle	tↄlɛ
hut	agba
hygiene	hetsemɔ
I	hi
I am	mi ji
I am fine	hiyɛ jogbaŋŋ
I can	manyɛ
I can't	enyɛɛɛ
I do	mi fee
I do not know	hileee
I do not understand	enuuu shishi
I don't	mi bɛ
I don't know	eleee
I don't understand	enuuu shishi
I don't understand what you mean	enuu nↄni otsↄↄ shishi
I don't understand you	enuuu bo shishi
I don’t know	hileee
I don’t understand	hinuuu shishi
i guess	mi jwɛi
I had	mi yɛ
I have	eyɛ
I have been	miii
I hope so	miheↄ miyeↄ
I know	mii le
I like	miisumↄ
I like you	miisumↄ bo
I love	miisumↄ
I love my big brother	misumↄↄ enyɛminuu onukpa lɛ
I love my big sister	misumↄↄ enyɛmiyoo onukpa lɛ
I love my father	misumↄↄ etsɛ atta
I love my little brother	misumↄↄ enyɛminuu bibioo lɛ
I love my little sister	misumↄↄ enyɛminyoo bibioo lɛ
I love my mother	misumↄↄ enyɛ awo
I love you	mi sumↄ bo
I love you so much	miisumↄↄ bo tsↄ
I love you too	mi hu misumↄ bo
I mean	mitsↄↄ akɛ
I miss you	miitsweebo
I miss you so much	mi tswee bo tsↄ
I see	mi na
I think	mi jwɛi
I understand	enu shishi
I want	miitao
I want to see you	mitao mana bo
I want you	mii sumↄ bo
I was	eyɛ
I will	ma fee
I would be	ebaafee mi
I'm	miji
I'm fine	miiyɛ jogbaŋŋ
I'm good	miyɛ ojogbaŋŋ
I'm here	eyɛ biɛnɛ
I'm sorry	kɛke mi
ice	ais
ice cream	aiskrim
idea	jwɛŋmↄ
ideal	ehi
identical	je amɛ he
identical	tamↄ
identify	taomↄ
identity	mↄ tuuntu
idiot	lulↄ
idle	yaka nii
if	kɛji
ignore	kaaafo mli
ill	hetseeemↄ
illegal	mla eŋmɛɛɛ gbɛ
illness	helai
Ilocano	Ilocano
image	maga
imagine	jweimↄ
immediate	amrↄ
immediately	amrↄnɛ nↄↄ
immense	kpeteŋkpele
impatient	bɛ tsui
implement	kɛtsu nii
import	shɛmↄ
import	ashɛɔ
important	hehiaa
impose	tsi afↄ enↄ
impossible	ebaŋ lɛ nakai
impress	nana kpɛ
impression	hiɛ sↄ
impressive	naakpɛɛ
improve	mↄdɛŋbↄↄ
improvement	hiɛyaa
in	mii
in addition	kɛfata he
In fact	yɛ ankwale mli
in front of	yɛ hiɛ
in order to	bↄni afee ni
inappropriate	esaaa
incentive	hewalɛwoo
incident	sane ni ba
include	fatahe
including	fatahe
income	nyↄmↄwoo
inconvenience	naagba
increase	etee ŋwei
increase	efaa
increased	jwɛi yaa
incredible	naakpɛɛ
indeed	lɛɛlɛŋ
independent	hekwɛmↄ
India	India
indicate	tsↄↄ
indigenous	shikwɛɛ
individual	mↄkome
industry	nitsumↄhe
inevitable	inɛvitable
infant	abifao
infection	tsɛŋemↄ
infinity	naanↄ
infinity	naagbee
inflammation	fuumɔ hela
inflation	nibii ajara ni ewa
influence	nine yɛ mli
influence	influɛns
inform	wo toi
information	adafi
ingredients	nibii
inheritance	gboshinii
initial	klɛŋklɛŋ
initiative	aaaŋↄ
injured	plamↄ
injury	plamↄ
injury	awui
innocent	le he eko
innovation	nↄ hee
inquiry	awui
insane	sɛkɛ
insect	kooloi filikilↄi
insecure	shweshweeshwe
insert	hↄlↄ mli
inside	mli
insight	saekwɛmↄ
insist	nyɛɛ nↄ
insomnia	anyɛɛɛ awↄ
inspiration	mumↄ tsirɛ
inspire	mumↄŋ
install	gbalamɔ
instance	shihilɛ nɛɛ amli
instant	amrↄ nↄŋŋ
instead	moŋ
instead of	nↄ najiaŋ ni
instructions	gbɛtsↄↄmↄi
instrument	instrumɛnt
insult	jɛmↄ
insurance	inshuↄrans
intact	pɛpɛɛpɛ
integrity	intɛgriti
intellectual	nilee
intelligence	nilee
intelligent	nilee
intend	yiŋ
intended	toyiŋ akɛ afee
intense	emli wa
intention	jwɛŋmↄ
interact	agba
interaction	kpe
interest	ni a
interested	etsui ɛ mli
interesting	naakpɛɛ
interfere	he awomli
intermediate	teŋ
internal	mli gbɛ
international	majimaji
internship	nitsumↄ
interpret	shishitsↄↄmↄ
interpreter	shishitsɔɔlɔ
interrupt	fo nↄ
interrupt	naakuu
interview	bi
intimate	wo he gbeyei
into	yɛ
introduce	mlibotemↄ
introduction	mlibotemↄ
introvert	hↄshi sↄↄ
intuition	jwɛŋmↄ nyɛmↄ
invalid	helatsɛ
invalid	ejaaa
invent	ba
invent	bↄ
inventory	nibii
invest	akɛwo
investigate	mligbalamↄ
invitation	ninefↄↄ he wolo
invite	fↄↄ nine kɛ tsɛ
invoice	akↄntaabuu wolo
invoice	akↄntaabuu
involve	kↄↄ
involved	yɛmli
iron	toonↄ
iron	ayon
is	ɛ
island	ŋshↄkpↄi
isolated	etse ehe
issue	ŋma
issue	sajii
issues	saji
it	lɛ
it is	no ji
it was	eyɛ
it was	no ji
it's	eji
it's ok	ehi
It's okay	eehi
item	noko
items	nibii
its	eji
I’m	mi
jacket	kootu
jail	tsuŋwoo
January	aharabata
jar	tↄ
jaw	kadaa
jealous	hetsɛ
jerk	kpokpoↄ
jewelry	jwinei
job	nitsumↄ
jogging	jↄↄgiŋ
join	fatamↄ he
joint	tsa
joint	gboŋ
joke	shwɛmↄ
journalist	adafitswaa woloŋmalɔ
journey	gbɛnↄ
joy	miishɛɛ
judge	jajimↄ
judge	jajifonyo
juice	mli nu
july	maawɛɛ
jump	tuu
june	otuwajaŋ
junk	gbonyo
just	ejurↄ
just	nↄni
just do it	feemↄ kɛkɛ
justice	jalɛ
justify	naajiemɔ
Kalaallisut	Kalaallisut
keen	klado
keep	kɛto
keep it up	tsanↄ
kept	hi
kept	to
kettle	kɛtrɛ
key	kladowa
kick	butumↄ
kid	gbekɛ
kidding	miishwɛ
kidney	sabai
kids	gbkɛbii
kill	gbee
kind	ekpakpa
kind	ko
kinda	mɛɛ
kindly	yɛ shibaamli
kindness	yitso waaa
king	maŋtsɛ
kiss	naashↄmↄ
kitchen	kpataashi
kite	kait
kitten	alↄntebi
knee	kanto
knew	le
knife	kakla
knight	kakalɔ
know	le
knowledge	nilee
known	ale
Konkani	Konkani
Krio	Krio
label	tsɛↄ
label	kadimↄ
labor	deŋme
labour	deŋmegbomↄ
lack	ebɛ
ladder	antswele
lady	awula
laid	ŋmɛ shi
laid	fↄ
lake	faa
lamb	too
lame	akpatsɛ
lamp	osↄnↄ
land	maashi
land	shikpↄŋ
landscape	shikpↄŋ shikamↄ
language	wiemↄ
lap	shuↄ
large	eda
last	kpe
last but not least	naagbee nɔ ni hehiaa nakai nɔŋŋ hu
last name	weku gbei
late	otsɛ
lately	gbii etɛ nɛɛ
later	bei kokro
latest	ehee
latter	naagbee nↄ
laugh	ŋↄnↄ
laughing	bmↄlↄ
laughter	ŋmↄnↄ
launch	kɛjekpo
laundry	atadei ni ewo muji
law	ŋmla
lawn	shia kpo
lawyer	lↄyafonyo
lay	shikamↄ
layer	srↄtoisrↄtoi
layout	bↄni ato lɛ
lazy	anihao
lead	nyiɛmↄ hiɛ
leader	hiɛnyiɛlↄ
leaf	baa
leak	du
lean	leŋgeleŋge
leap	huru
learn	kasemↄ
learning	nikasemↄ
lease	ha
least	hehiaa
leather	koolo hewolo
leave	gbɛbimↄ
leave	shiŋ
leaves	kpa
led	ha ena
left	abɛku
leg	nane
legacy	lɛgase
legal	mla shishi
legend	lɛjɛnd
legit	anↄkwa
leisure	dekaŋ
lend	faa
length	ekɛlɛ
less	efaaa
lesson	kase
let	hani
letter	lɛttɛ
lettuce	lɛtus
level	kↄlɛ
level	trɛnɛɛ
leverage	hewalɛ
liability	naagba
library	wojiatoohe
lick	lɛmↄmↄ
lie	amale
lie	malemↄ
lies	amale
life	wala
lift	lifti
lift	Wonↄ
light	kane
light	etseee
light	kpɛ
lightning	huyɛɛ
lightning	tsemↄ
like	tamↄ
likely	ebaanyɛ
likewise	kɛjee nakai
line	liamↄ ni afo
Lingala	Lingala
link	linki
lion	jata
liquid	nu
list	tonaa
listen	bo toi
listening	toi boo
literally	pɛpɛɛpɛ
literature	aklↄkuaŋ
litter	jwɛi
little	bibioo
live	shihilɛ
live	wala
liver	mlɛbo
lives	wala
living	yↄↄ
living room	asaa
lizard	odaakɔlↄ
load	jatsu
loaf	aboloo
loan	faa shika
local	maŋ
location	hei
lock	ŋa
lock	ŋmɛɛ
lockdown	aŋaa
log	tso
lol	lol
lonely	mipɛ ni eyↄↄ
long	kakadaa
long time no see	mina bo etsɛ
look	kwɛmↄ
look	bↄni noko yↄↄ
loop	afla
loose	luus
loose	laaje
lord	nuŋtsɔ
lose	laaje
loss	nilaajemↄ
lost	laaje
lot	pii
loud	naawa
lounge	shitaramↄhe
lounge	asa
lounge	ablanaa
love	suↄmↄ
love	sumↄↄ
love you	misumↄ bo
lovely	fɛo
low	shishi
lower	shishi
loyal	ediŋↄ bopɛsɛ
loyalty	anↄkwaleyeli
luck	shade kpakpa
lucky	shade kpakpa
Luganda	Luganda
luggage	jatsui
lump	kpↄ
lunch	shwane niyenii
lungs	flufla
luxury	ŋↄↄmↄ nibii
lying	amale
machine	tsↄne
mad	sɛkɛ
madam	nuŋtsↄ
made	feemↄ
magazine	wolo tɛtrɛɛ
magnificent	naakpɛɛ
maid	meed
main	klɛŋklɛŋ
maintain	mↄmii
maintenance	kwemↄ nↄ ojogbaŋŋ
Maithili	Maithili
major	wulu
major	majↄ
majority	majↄriti
make	feemↄ
make up	tsa
male	nuu
mall	shwapoi
man	nuu
manage	hiɛmli
management	gbɛjianↄtolↄi
manager	maneja
mandatory	asani afee
manifest	jiemↄ kpo
manipulate	kudↄↄ
manner	gbɛjianↄ
manual	gbɛtsↄↄmↄ wolo
many	pii
many many happy returns of the day	afi eya ni ebanina wɔ
march	otsokrikri
margin	naabui
market	jaranↄ
marriage	gbala
married	gbaa
mask	tsimↄ
mask	kakamotobii
mass	babaoo
massive	ewulu
master	nuŋtsↄ
match	je aba
match	matsi
mate	tupɛŋfonyo
material	matiria
math	akↄntaabuu
matter	sane
matter	hekↄmↄ
maturity	dalɛ
may	agbiɛnaa
may	nyɛɛ
maybe	beinɛ
me	mi
me too	mi hu
meal	niyenii
mean	bɛ subaŋ
mean	gbɛnↄ
meaning	shishitsↄↄmↄ
means	bↄnifeↄ
meant	tsↄↄ
meanwhile	moŋ lɛ
measure	susumↄ
measures	susumↄnii
meat	loo
medical	tsofafeemɔhe
medicine	tsofa
meditation	nii anɔ jwɛŋmɔ
medium	teŋ
meet	kpee
meeting	kpee
Meiteilon	Meiteilon
melt	selemↄ
memories	kaimↄi
memory	kaimↄ
mental	jwɛŋmↄ hela
mention	tsɛɛ
mentioned	tsi ta
mentor	ŋaawolↄ
merchant	guayelↄi
mercy	ↄbↄnaa
merely	kɛkɛ
merry christmas	afii oo afi
mess	basaa
message	mɛsaji
messy	basaa
metal	dade
method	gbɛjianↄtoo
mice	kwakei
middle	teŋ
midnight	maŋkɛ
might	beinɛ
mild	enaa waaa
milestone	hehiaa ko ni sa kadimɔ
military	asraafoi anitsumↄ
milk	mliki
million	akpekpei
mind	foomli
mind	jweimↄ
mindset	jwɛŋmↄ
mine	mi
mine	maain
mingle	futumc
minor	gbekɛ
minute	minitii
minutes	miniti
miracle	naakpɛɛ sane
mirror	ashweshwɛ
miscellaneous	miselaneↄs
mischievous	sanetsɛ
miserable	basaa
misery	hehiamɔ
miss	tswee
miss you	mishwee boo
missing	laaje
mission	nitsumↄ
mist	efua
mistake	tↄmↄ
Mizo	Mizo
mobile	mobail
mock	hefɛoyeli
model	ahenↄi
model	nↄkwɛmↄnↄ
moderate	aba shi
moderate	bↄni sa
modern	ŋmɛnɛŋmɛnɛ
modest	heshibaa
moist	efↄ
moisture	frↄnↄↄfeemↄ
mold	shↄↄ
mold	flↄnↄↄ
mole	ŋmo
mom	ma
moment	fioo
monday	ju
money	shika
monitor	kwɛↄ
monkey	aduŋ
month	nyↄŋ
mood	muud
moody	mlifuↄ mra
moon	nyↄŋtsere
moral	jeŋba
more	pii
moreover	shi
morning	leebi
mortgage	shia nyↄmↄ
most	pii
mostly	titri
mother	nyɛ
motion	bↄlemↄ
motion	heshimↄ
motivation	woↄ hewalɛ
mountain	gↄŋ
mouse	kwakwe
mouth	naabu
move	tsi oye
movement	shifoo
movie	sinii
mrs	awula
much	pii
mud	ŋmↄtↄ
mug	kↄↄpoo
muscle	masils
museum	blema nibii atoohe
mushroom	ŋmlɛ
music	lala
must	sani
must	esani
mute	mumui
mute	tↄ muu
mutual	enyↄ lɛ fɛɛ
my	mi
My dear	mi suↄlↄ
my friend	mi naanyo
My hovercraft is full of eels	ehoverkrafti lɛ eyi kɛ ŋshↄ onufu
my love	misuↄlↄ
my name is	mi gbei ji
my pleasure	eŋↄↄ minaa
myself	mihe
mysterious	naakpɛɛ
mystery	teemↄŋ
myth	blema adesa
nail	wao
naive	jweŋmↄ esako
name	gbei
narrative	gbaa
narrow	elɛɛɛ
nasty	taŋŋ
national	maŋ
nationality	maŋnↄ ni ojɛ
native	alee noko
natural	natraa
nature	jeŋ
nausea	kɛ shwee baa
near	bɛŋkɛ
nearby	bɛŋkɛ
nearly	ashwɛ
neat	falefale
necessary	hehiaa
neck	kwɛɛ
necklace	kwɛɛmiinii
need	hehiaamↄ
need	taomↄ
negative	ehiii
neglect	kpoo
negotiate	aye naa
neighbor	akutsoŋnyo
neighborhood	kutso
neither	jeee eko
nephew	nyɛmibinuu
nerd	nilelↄi
nervous	nɛɛvↄs
nest	loofↄlↄ tsu
net	yaa
network	nɛtwɛk
neutral	hewoo ni amli
never	daabi da
never give up	kaa ŋmɛɛhe kↄkↄↄkↄ
never mind	ahiishi
nevermind	kaafomli
nevertheless	shi
new	ehee
news	saji
next	tsa nↄ
next to	etsa nↄ
nice	fɛo
nice to meet you	eŋↄↄ enaa akɛ mile bo
niece	nyɛmi yoo
night	gbɛkɛ
nightmare	lamↄ gbeyei
nine	nɛɛhu
nineteen	nyↄŋma kɛ nɛɛhu
ninety	nyↄŋmai nɛɛhu
No	daabi
no problem	sane bɛ
no way	bɛ hegbɛ
nobody	moko moko
noise	dede
noisy	dede
none	eko kwraa
noon	shwane
nope	daabi
nor	aloo
normal	bↄni eyↄↄ daa
north	kooyigbɛ
nose	gugↄŋ
nostalgic	henumɔi
not	jeee
not at all	jee nakai kraa
not bad	jeee efɔŋŋ
Not now	jeee bianɛ
not yet	jeee bianɛ
note	niŋmaa
noted	ekↄ
nothing	jeee noko
notice	ena
noun	gbeiwiemↄ
nouns	gbɛiwiemↄ
novel	wolo
november	alemle
now	bianɛ
nowadays	gbeetɛnɛɛ
nuisance	ahuntoo
null	he ehiaaa
numb	ewo
number	yibↄi
nurse	nɛsifonyo
nut	ŋmɛi
nutmeg	nɔtmɛg
nutrition	niyenii mli hewalɛ
oath	kita
obesity	shwilɛ tↄtↄrↄↄ
obesity	fufeemↄ
obey	yeenↄ
object	niŋ
objective	yiŋtoo
obligation	esani afee
obscure	tsimɔ
observation	yↄse
observation	kwɛmↄ
observe	yↄse
obsessed	enyɛɛ makpa
obsession	ehe jwɛŋmↄ
obsolete	be eho
obstacle	gbɛtsii
obvious	aana
obviously	anaa
occasionally	bei komɛi
occupation	nitsumↄ
occupied	hi
occur	baa
occurred	nↄfɛɛ nↄ ni baaba
occurs	baa
ocean	ŋshↄ
october	antↄŋ
odd	nↄko ni alee
odds	shitee kɛ woo
of	yɛ
of course	ŋɛɛ
off	gbeenaa
offensive	wo mli la
offer	kɛɛha
offer	ↄffa
office	ↄfis
official	onukpa
often	efↄↄbaa
Oh	Ohh
oh really	nakai
oil	fↄ
ok	yoo
ok dear	yoo misↄlↄ
ok honey	yoo mi suↄlↄ
ok my love	yoo misuↄlↄ
okay	yoo
okay baby	yoo mi suↄlↄ
okay dear	yoo
okay honey	yoo misuↄlↄ
okay my love	yoo miisuↄlↄ
old	gbↄlɛ
on	yɛ
once	shikome
one	ekome
one language is never enough	wiemɔ kome faaa
onion	sabolai
online	intanɛt ɛ nↄ
only	pɛ
open	gbelemↄ
operation	tsuↄnii kɛhaa
opinion	jweimↄ
opportunities	hegbɛi namↄ
opportunity	gbele gbɛ
opposite	sɛɛ sɛɛ
optimistic	jwɛŋmↄ kpakpa
option	susumↄI
option	hegbɛi
optional	halamↄ diɛŋtsɛ
or	aloo
orange	akutu
orange	akutu tsuru su
order	tsumↄ
order	ↄda
ordinary	jee noko tsↄ
organization	too
orientation	beleↄ shi
origin	shishi jee
original	blema
Oromo	Oromo
orphan	awusa
other	ekrokomei
otherwise	kɛjee nakail ɛ
ought	sa ni
our	wↄ
Our mission: to enable everyone, everywhere to understand the world and express themselves across languages.	wↄnitsumↄ: koni mↄ fɛɛmↄ yɛ he fɛɛhe anu jeŋ lɛ shishi ni amɛ jie amɛ na yɛ wiemↄi srↄtoi amli
Our mission: to organize the world's information and make it universally accessible and useful.	wↄnitsumↄ: koni ato jeŋ fɛɛ saji ni jeŋbii fɛɛ anine ashɛ nↄ
out	jee kpo
outcome	sɛɛnamↄ
outfit	atade
outgoing	naanybↄↄ su
outlet	kpai
outline	wiemↄtoo
outline	tsↄↄmↄ
outside	kponↄ
outstanding	bↄmↄdɛŋ
oven	flↄnↄↄ
over	nↄ
over there	yɛ jɛmɛ
overall	fɛɛsɛɛ lɛ
overcome	kunim
overthinking	ojwɛɛ kraa tsↄ
overwhelmed	etsi etaaŋ
overwhelming	suↄ tsui
owe	tsↄmↄ
owl	patu
own	naa
own	dieŋtsɛ
owner	nↄtsɛ
ox	tsina
pace	nyɛmↄ yaa kɛ baa
pack	too
package	nikeenii
paid	wo nyↄmↄ
pain	piiŋ
paint	tsa
painting	tswamↄ
pair	enyↄ
pale	shale
palm	deŋ
pan	paŋ
pandemic	pandɛmik
panic	gbeyeishrmↄ
pants	trↄza
paper	wolo
paradise	paradeiso
parallel	kpaa gbɛ
parcel	majemↄnii
pardon	fai kpamↄ
pardon	afa
pardon	kɛ ke
parents	fↄlↄi
park	parkimↄ
parrot	aakoo
parsley	baibai
part	fatahe
participate	fitamↄ he
particular	pↄtɛɛ
particularly	pↄtɛɛŋ
partner	hefatalↄ
party	paati
pass	ho
passage	ŋmalɛ
passage	gbɛ
passed	eho
passion	noko ni asumↄↄ
passionate	he nyaamↄ
passive	tsuↄ
password	paswɛd
past	eho
patch	shihilɛ
patch	tsara
patch	mama
path	gbɛ
pathetic	yↄↄ mↄbↄ
patience	tsuishitoo
patient	na tsui
patient	helatsɛ
pattern	bↄni nibii yↄↄ
pause	mɛɛ fio
pavement	gbɛjegbɛ
pay	pae
payment	nyↄmↄwoo
peace	toijↄlɛ
peaceful	hejↄlɛ
peach	akpakpa
peak	fa fe fɛɛ
pear	pɛya
peas	akpatramↄi
peculiar	pↄtɛɛŋ
pee	shamↄ
pee	shamↄmↄ
peel	kpↄ
peer	tipɛŋfoi
peers	tipɛŋfoi
pen	niŋmaatso
pencil	niŋmaatso
pending	pɛndin
people	gbɛmɛi
pepper	wolo
perceive	yoo
perception	tsↄↄmↄ
perfect	ehi tsↄ
perform	pɛɛfↄm
performance	pɛɛfↄↄmans
perhaps	beenɛ
period	bei kokro
permanent	etsɛɛↄ
permission	ŋmɛɛ gbɛ
permit	ŋmɛɛ gbɛ
perseverance	hiɛmiamↄ
persistent	ka he aahu
person	gbↄmↄ
personal	mↄ aŋkro
personality	sui
perspective	tsↄↄmↄ
persuade	gba enaa ni ehe awomli
pervert	bɛ hiŋmɛi nↄ
pet	koolo
phase	fa
phase	hiɛ
phenomenon	okadii
phenomenon	susumↄ
philosophy	jeŋ nilee
phone	tɛtɛfoŋ
photo	nfonii
phrase	wiemↄkukuji
physical	gbↄmↄtsomli
pick	kↄ
pick up	wo nↄ
picture	fonii
piece	fioo
pieces	kukuji
pig	kplotoo
pigeon	okpo
pile	ato
pile	abua naa
pillow	sune
pilot	kↄↄyↄŋtsↄnekudↄlↄ
pin	piŋ
pineapple	blↄfoŋme
pink	etsuru fioo
pit	bu
pitch	piitsimↄ
pity	piti
place	heko
place	kɛfↄ
places	hei
plague	haomↄ
plain	eyɛŋ
plan	plaŋ
plane	plaŋn
plant	fↄfↄi
plants	tsei
plate	plɛte
platform	kpoku
play	shwɛɛ
play	shwɛɛmↄ
playing	shwɛmↄ
pleasant	eŋↄↄ mi naaa waa
please	eŋↄↄ minaa
please	ofainɛ
pleased	eŋↄↄ minaa
pleasure	eŋↄↄ minaa
pledge	shiwoo
plenty	pii
plot	shikpↄŋ
plug	tsimↄ
plug	plↄↄg
plum	aduawai
plumber	paipi he saalↄ
plural	pii
podcast	pↄdcas
poem	lalafoo wiemↄ
poetry	lalawiemↄ
point	pↄint
poison	ebↄↄ
police	polisifonyo
policy	mla
polite	bulɛ
pollution	kↄↄyↄŋ jwɛɛ
pond	faa bibiŋ
pool	kpaakpo
poop	fee
poor	ohia
pop	teↄ shi
popular	ale
population	gbↄmei ayifalɛ
pork	kplotoo loo
porridge	koko
port	lɛji adamↄ he
position	heni odamↄ
positive	ekpakpa
possess	yɛ
possession	eye
possessive	kpɛŋŋ
possessive	nↄyeli
possible	beenɛ
post	postimↄ
post	posti
postpone	tsi kɛ to
potato	atomo
potential	potɛnshial
pound	shimɔ
poverty	ohiaa
power	hwale
powerful	hwalɛ
practical	feemↄ
practice	daafeemↄ
practice	praktis
praise	yijiemↄ
prank	shwɛmↄ
pray	sↄlemↄ
precious	hehiaa
precise	pɛpɛɛpɛ
precisely	nakai
predict	tsↄↄ
prefer	suↄmↄ
preference	nↄ ni asumↄↄ
pregnant	hↄ
prejudice	jwɛŋmↄ fↄŋ
premises	ŋmↄ
premises	shikpↄŋ
premium	maa
preparation	kradofeemↄ
prepare	kladofeemↄ
prepared	asaa
preposition	gbɛhei
presence	hiɛ
present	nikeenii
present	nikee
presentation	shiɛmↄ wiemↄ
preserve	yibaa
president	nↄyelↄ
press	adafitswaa woji aŋmalamↄ
press	nyɛɛnↄ
pressure	prɛɛsha
pretend	feemↄ tamↄ
pretty	hefɛo
pretty	heↄŋyeo
prevent	akpaa
previous	sɛɛbee
prey	niyenii
price	prais
pride	praid
priest	osↄfo
primary	praimri
prime	blahiaŋ mli
prime	titri
princess	maŋnyɛ
principal	skull nyↄyelↄ
prior	dani
priority	nↄnihehia fefɛɛ
prison	priziŋ
privacy	teemↄŋ
private	sumↄↄↄ ale
privilege	hegbɛ namↄ
prize	jweremɔnii
probably	bei nɛ
problem	sane
procedure	prosiidia
proceed	yaanↄ
process	prↄsɛss
process	bↄni nibii yaa nↄ
produce	woŋ
product	nii
production	feemↄ
profession	nitsumↄ
professional	prↄfɛshinal
profile	ehe saji
profit	sɛɛnamↄ
profound	mli wa
profound	mli kwↄ
progress	mↄdɛŋbↄↄ
progress	bↄmↄdɛŋ
project	nitsumↄ
prominent	ehe gbei
promise	prↄmis
promote	hiɛyaa
promotion	gbɛhe
prompt	amrↄ
prone	sumↄↄ
prone	fↄↄ
pronouns	najiaŋgbɛi
pronunciation	tsɛmↄ
proof	pruf
proper	ojogbaaŋŋ
properly	jogbaŋŋ
properties	shikpↄŋ
properties	nibii ni ayↄↄ
property	prↄpati
proposal	prↄposal
prospect	gbɛkpamↄ
prosperity	shweremↄ
prosperous	shweremↄ
protect	fo he aklabatsa
proud	praud
prove	tsↄↄmↄ
provide	kwɛɛmↄ
provided	ha
province	kpokpaa
provision	gbɛjianↄ
puberty	blahiiaŋ
public	maŋ
pull	gbalamↄ
pumpkin	pamkin
punctual	be baa nifeemↄ
pupil	skuu gbekɛbii
purchase	hemↄ
pure	emli tse
purple	akasesu
purpose	nanihewↄ ni obajeŋ
purse	pↄↄs
pursue	sɛɛnyɛmↄ
pursuit	sɛɛdii
push	tsi
put	kɛwomli
qualification	taomɔ nii
quality	kwality
quantity	kwality
quarantine	quarantinn
quarrel	beimↄ
quarrel	bei
quarter	mlijaa ejwɛ
Quechua	Quechua
queen	maŋnyɛ
queer	kwuɛɛ
query	sane ni abiↄ
question	sanebimↄ
queue	damↄ lineɛ mli
queue	lineɛ
quick	oya
quickly	oya
quiet	diŋŋ
quilt	kpa
quit	kpa
quite	kraa
quiz	kaa
quotation	wiemↄ ni atsɛ yisɛɛ
quote	Kɛɛmↄ
quote	ŋkɛɛ
quotes	tsɛↄ
rabbit	adaŋko
race	rees
rage	mliwo la
rage	mlifu
rain	nugbↄ
raise	nↄwomↄ
raise	wo
raised	wonↄ
ran	joofue
random	nifeemↄ kɛkɛ
range	miifu
rapid	oya
rapidly	oya
rare	afↄↄnamↄ
rarely	jeee daaa
rash	gbɛŋ
rat	obishi
rate	rati
rather	moŋ
ratio	mlijaa
rational	jweiŋmↄ yɛ mli
raw	eŋmↄŋ
re	ri
reach	shɛ
reached	shɛ
reaction	mɛni efee
read	kanemↄ
reading	nikanemↄ
ready	klalofeemↄ
real	lɛɛlɛŋ
reality	nↄni yↄↄ nↄ diɛŋtsɛ
realize	kpaako ena
realized	yɔse
really	lɛɛlɛŋ
rear	tsↄse
reason	nↄhewↄ
reasonable	jweimↄ yɛ mli
recall	kaiↄ
receipt	risiti
receive	nine shɛnↄ
received	nine eshɛ nↄ
recent	etsɛko tsↄ
recently	tsɛko tsↄ
reception	baahere
reception	okpↄlↄŋmɛɛ
recipe	nↄ ni
reckless	basabasafeemↄ
recognition	kaimↄ
recognize	yoomↄ
recommend	noko tsↄↄmↄ
recommended	ajie yi
record	ŋmaa
record	rɛkↄd
recover	he ba wa
recovery	heyeli
recovery	miije mli
rectangle	akrabatsa
red	etsuru
redeem	kpↄↄ
redemption	kpↄmↄ
reduce	tsenↄ
redundant	he ehiaaa
refer	kaimↄ
reference	kaimↄ nii
reflect	jweimↄ
reflection	ajie
refrain	tsi he kɛjɛ
refrigerator	friji
refund	kɛ kusɛɛ
refuse	aheee
refused	kpoo
regard	buu
regarding	kɛha
regardless	shi
regards	gbɛfaŋ
region	mlijaa
register	ŋmaa gbɛi
regret	dↄlɛ
regular	rɛgula
regularly	fↄↄbaa
reject	kpoo
relate	gba
related	weku
relationship	gba
relative	weku
relative	ka
relatives	weku
relax	jↄↄmↄ he
release	ŋmɛɛmↄhe
release	shi
released	heŋmɛɛmↄ
released	jiemↄ
relevant	hehia
reliable	akɛ hiɛ afↄ nↄ
relief	etsui enyↄ emii
relieve	hejↄↄmↄ
relieved	tsui enyo emii
religion	jamↄ
religious	jamↄ
reluctant	efeee
rely	hiɛ ka nↄ
remain	shi nakai
remaining	eshwɛ
remarkable	naakpɛɛ
remedy	tsabaa
remember	kaimↄ
remind	kaimↄ
reminder	kaimↄ
remote	hetsemↄ
remove	jiemↄ
render	sↄmↄↄ
rent	hai
repair	saamↄ
repeat	ekoŋŋ
replace	tsakemↄ
reply	hetoohamↄ
reply	hetoo
report	noko he sane
report	repↄtimↄ
represent	tamↄ shi kɛha
reputation	gbɛi
request	bimↄ
request	bi
require	aatao
required	atao
rescue	helemↄ
research	shigbelemↄ
resemble	je
resemble	tamↄ
resentment	hetsɛmɔ
reservation	asaa ato
reserve	eto
resident	shiabii
resign	shi
resilience	shifimↄ
resilient	hewalɛ mli
resist	ate shi
resistance	kpeemↄ
resolution	saamↄi
resolve	tsa
resolve	saamↄ
resort	risↄↄt
resources	nibii ni he hia
respect	bulɛ
respect	buumↄ
respond	hetoo
response	hetoo
responsibility	rɛspↄnsibiliti
responsible	hiɛkashi
rest	hejↄↄmↄ
rest in peace	wↄ jogbaŋŋ
restaurant	rɛstorant
restore	ku sɛɛ kɛba
restrict	ŋmɛɛɛ gbɛ
restrict	tsiↄ
result	sɛɛnamↄ
results	yibii
resume	tsanↄ yɛ heni oshi yɛ
retail	nibii hↄↄmↄ
retain	moŋ mli
retention	kaa jweŋmↄ mli
retired	ba hejↄↄmↄ
retreat	he shi gbalamɔ
return	sɛɛkuu
reveal	kpojiemↄ
revealed	kpojiemↄ
revenge	oweletↄↄ
revenue	shika
reverse	sɛɛ kuu
review	ha otsↄↄmↄ
review	tsↄↄmↄ
revise	jee shishi
revision	ekoŋŋ feemɔ
revolution	hiɛtsakemↄ
reward	nyↄmↄwoo
rhythm	lala
rib	ŋmawu
rice	omo
rich	shika tsɛ
rid	afↄŋ
ride	yi mishi
ride	ta
ridiculous	yɛ ŋↄnↄ
right	ejurↄ
right	anↄkwale
right now	bianɛ nↄↄ
rigid	kpɛŋŋ
ring	ga
rinse	jalemↄ
riot	basabasafeemɔ
rip	tse
ripe	etsu
rise	tee ŋwɛi
rise	ŋweiyaa
risk	baawo oshra
risk	oshra
rival	bienyɛ
river	faa
road	gbɛ
roast	sha
robust	awa
robust	hewalɛ
rock	tɛ
rod	tsofafeemɔhe
role	tsuↄ
roll	dↄrↄ
roll	hoↄ
roof	yiteŋ
room	tsu
root	shishifai
rope	kpaa
rotten	ekpↄtↄ
rough	kpalaa
roughly	basabasa
roughly	aaafee
round	kokroo
route	gbɛ
routine	daa nii feemↄ
row	roo
rub	shushua
rubber	rↄba
rubbish	jwɛɛ
rude	etsↄↄ bulɛ
rug	tako
ruin	fitɛmↄ
rule	mla
ruler	nↄyelↄ
rules	mla
run	joofue
running	foijee
rural	akrowa
rush	oya
rush	oyafeemↄ
sack	tsweemↄ
sacred	krↄŋŋ
sacrifice	afↄle sha
safe	helemↄ
safe flight	shɛɛ yɛ hejɔlɛmi
safety	hekwɛmↄ
sage	nilelↄi
said	akɛɛ
sail	lɛlɛ gbɛfaa
sail	abalai
sailing	lɛlɛ gbɛfaa
sake	ahewↄ
salary	salari
sale	nihↄↄmↄ
salmon	samaŋ
salt	ŋoo
same	pɛpɛɛpɛ
Same here	mihu nakai
sample	komɛi
sand	shia
Sanskrit	Sanskrit
sarcastic	hefɛoyeli
sassy	hekaa
sat	ta
satisfaction	tsui enyↄ mli
satisfied	ŋtↄ
satisfy	tsui enyↄ mli
satisfying	tsui enyↄ emli
Saturday	hↄↄ
sausage	sↄsaji
savage	hiɛ wa
save	helemↄ
say	kɛɛmↄ
scale	skeel
scam	skam
scar	plamↄ
scarce	anaaa
scared	gbeyeeshemↄ
scarf	skaf
scary	gbeyee
scattered	gbɛ
scene	shihilɛ
scenery	fɛo nii
scent	ŋma
schedule	dekaŋ
schedule	tsɛɛ
school	sukuu
science	sainai
scientist	jeŋ nilelↄi
scientists	jeŋ nilelɔi
scissors	sakisi
scold	ka hiɛ
scope	heni eshɛↄ
score	wo
scrap	shishi
scratch	waamↄ
scream	bↄlↄmↄ
screen	skrin
screw	sikru
script	niŋmaa
sea	ŋshↄ
seal	bunaa
search	taomↄ
season	bei amli
seat	sɛŋi
second	nↄniji enyↄ
secret	teemↄ
section	fa
secure	shweshweeshwe
security	henↄ kwɛmↄ
see	naa
see you	mana bo
see you later	mana bo
see you soon	mana bo
see you tomorrow	mana bo wↄ
seed	wu
seed	bi
seek	taomↄ
seem	tamↄ
seems	tamↄ
seen	ena
seize	mↄ
seizure	gbiligbili
seldom	afↄↄ naa
select	ahala
self	he
self healing	di3ŋts3 tsabaa
selfish	yitso walↄ
sell	hↄↄmↄ
send	keya
send me your picture	majemↄ mi o foniŋ
senior	onukpa
sense	jweŋmↄ
sensible	hiɛkashi
sensitive	sɛnsitiv
sent	kɛya
sentence	wiemↄmuu
sentences	wiemↄmuu
separate	miijaa
Sepedi	Sepedi
september	gbo
sequence	tsara nↄ
series	nifeemↄ
serious	ehiɛ edↄ
seriously	hiɛdↄↄ
serve	sↄmↄ
service	nitsumↄ
session	kpee
set	sɛɛtimↄ
set	sɛɛt
set up	jee shishi
setting	heto
setting	maa
settle	to
seven	kpawoo
seventeen	nyↄŋma kɛ kpaawo
seventy	nyↄŋmai kpaawo
several	srↄtoi
severe	enaa wa
sew	kpɛɛ
sh	sh
shade	hↄlↄ
shade	srↄtoi
shadow	susma
shake	wosomc
shall	akasesu
shallow	ekↄↄↄ
shame	higbele
shape	bↄni eyↄↄ
share	jaa
sharp	naayɛ
she	lɛ
she has	eyɛ
she is	lɛ ji
shed	fↄsemↄ
sheep	too
sheet	wolo
shelf	ehe
shell	ŋoŋo
shelter	shɛlta
shield	tsɛŋ
shift	tsi
shine	kpɛↄ
ship	lɛlɛ
shipping	majemↄ
shirt	atade
shoes	aspaatere
shoot	tswaa
shop	shwapo
shopping	yarayeli
shore	ŋshↄnaa
short	kpitioo
shortage	hↄmↄ
shortage	efaaa
shortage	anaaa
shot	gbɛɛmↄ
shot	etswa
should	esani
shoulder	kↄŋ
shout	bↄlↄmↄ
show	shoo
show	tsↄↄmↄ
show me	tsↄↄmↄmi
shower	fↄse ashwieↄ
shrimp	sↄŋŋ
shrink	mii
shut	ŋa
shut up	feemↄ diŋŋ
shy	hiɛgbomↄ
sibling	nyɛmi
siblings	nyɛmimɛ
sick	hela
side	masɛi
sigh	ŋtsↄidↄↄmↄ
sight	nana nii
sightseeing	shisharamↄ
sign	nine ewo shihi
signature	nineshi woo
significant	hehiaa
silence	diiŋ
silent	muu onaa
silk	siliki
silly	silli
silver	jwiɛtɛi
similar	amɛje
simp	simpii
simple	mlɛo
simultaneously	be kome too mli
since	kɛjɛ
sincere	kɛjɛ tsui mli
sincerely	tsui krↄŋŋ
sing	la
singer	lalɔi
single	ekome
sink	sinki
sink	yashishi
Sir	owula
sister	nyɛmi yoo
sister in law	shabi
sit	tashi
site	saiti
situation	bↄni ebalɛ
six	ekpaa
sixteen	nyↄŋma kɛ ekpaa
sixty	nyↄŋmai ekpaa
size	daramↄ
skill	ŋai
skills	ŋai
skin	hewolo
skinny	ta loo
skip	tuuŋ
skirt	shishigbɛ atade
sky	ŋwei
slave	nyↄŋ
sleep	wↄ
sleeping	wↄↄ
sleepy	wↄ
sleeve	ataade nine
slice	bibii
slice	folↄ
slide	mfoniri
slightly	fioo
slim	leŋgeleŋge
slip	bibii
slip	woji
slip	shane
slope	gↄji
slot	gbɛ
slow	blɛoo
slowly	blɛoo
small	bibioo
smart	hiɛkashi
smell	fuŋ
smile	ŋmↄnↄ
smile	ŋmↄↄ
smoke	lasu
smooth	kplalaa
snack	niyenii
snail	waa
snake	onufu
snap	daiↄ
snow	snoo
so	nohewↄ
so cute	fɛo naakpa
so far	jɛkɛ tsↄ
soak	nyↄ shi
soak	fↄ
soap	samla
sober	hiɛ tseremↄ
soccer	bↄↄlutswaa
social	kwasafoŋ
society	kusum
socks	sↄks
soft	ewaaa
software	sↄftwɛɛ
soil	shikpↄŋ
sold	hↄↄ
sold out	ahɔɔ ata
soldier	asraafoi
sole	naneshi
solid	ewa
solution	hetoo
solve	saamↄ
some	ekomei
somebody	moko
somehow	aleee nɔ
someone	moko
something	noko
sometimes	bei komei
song	lala
soon	etsɛɛɛ
sophisticated	sↄfistikated
Sorani	Sorani
sore	plamↄ
sore	fala
sore throat	sɛŋ fala
sorrow	awrɛho
Sorry	sorri
sort	sↄↄti
sought	tao
soul	susuma
soulmate	hefatalↄ
sound	dede
soup	wonu
sour	joomↄ
source	sↄↄse
south	wuoyigbɛ
space	gbɛ
spam	spamii
span	sɛɛkɛlɛ
Spanish	Spain wiemɔ
spare	ekokro
spare	naami mↄbↄ
speak	wiemↄ
special	spɛshia
species	srↄtoi
specific	potɛŋŋ
spectacular	naakpɛɛ
speech	wiemↄ
speechless	nyɛɛɛ awie
speechless	tↄ mu
speed	oya
spell	okadii
spend	ye
spent	ye
spicy	shitↄ efo mli
spike	plɛkoobii agboi
spin	bↄlemↄ
spinach	kontomire
spirit	susuma
spit	tsɛɛŋ
splendid	ni nɔ bɛ
split	mlijaa
split	jaami
spoil	fite
spoiled	fite
spontaneous	trukaa
spoon	awale
spot	eko pↄtɛŋŋ
spouse	hefatalↄ
spread	gbɛɛmli
spring	springi
square	skwɛɛ
squeeze	mia
squid	ŋshↄ loo
squirrel	opoloŋ
st	st
stab	tsuu
stable	ma shi shiŋŋ
stack	bua shi
stack	eka
staff	nitsulↄi
stage	gbɛi
stain	muji
stairs	atrakpoi
stake	amanehulu
stalk	gbↄbiↄ
stalk	ka wo
stall	agbai
stamp	kala
stamp	naanaa
stand	teeshi
stand	shidaamↄ
standard	shishitoo mlai
star	ŋulamii
start	shishijee
started	je shishi
starving	hↄmↄ
state	tsↄↄ
state	maŋ
statement	stetimɛnt
station	steshɛŋ
statue	ŋa
status	heni odamↄ
stay	shihii
stay	hiishi
stay safe	kwɛmɔ ohenɔ ojogbaŋŋ
steady	daa
steak	tsinaloo
steal	dade
steam	lamↄ
steel	dade
steep	somromoo
stem	teŋtso
step	gbɛjianↄ
stick	hela
stiff	keketee
still	emashi
still	oloo
sting	tsɛrɛmɔ
stingy	nineshi wa
stingy	haaa mↄ nↄ
stir	tami
stock	stↄk
stolen	ju
stomach	musu
stone	tɛ
stood	damↄ
stool	sɛi
stop	kpa
storage	toↄ
store	stↄↄ
storm	ahum
story	adesaŋ
stove	stov
straight	trↄmↄↄ
straightforward	hiɛ trↄmↄↄ
strain	sↄↄ
strange	naakpɛɛ
stranger	gbↄ
strategy	ŋaa gbɛ
straw	stↄↄ
strawberry	strↄbɛri
streak	atuatsemↄ
stream	faa
street	gbɛ
strength	hewalɛ
stress	tↄlɛ
stretch	kpamli
strict	nineshi wa
strike	straik
string	kpaa
strip	kpakpaa
strive	mↄdɛŋbↄↄ
stroke	strok
strong	hewa
struck	ma gbamↄ
struck	ba
structure	straktsa
struggle	eetↄ
struggle	tↄlɛ
struggling	tↄlɛ
stubborn	toi wa
stuck	eka
student	nikaselↄ
study	shishigbelemↄ
study	kasemↄ nii
studying	nikasemↄ
stuff	nibii
stunning	fɛɛo
stupid	lumↄ
style	gbɛi srↄtoi
subject	sabjɛɛt
submission	keyaa
submit	kɛya
substance	noko
substitute	kɛ tsake
subtle	nigii
succeed	ye omanye
success	ŋnkunim
successful	omanye
such	tamↄ
such as	tamc
suck	shɔ
sudden	trukaa
suddenly	nↄↄ
suffer	tↄlɛ
suffering	piŋmↄ
suffering	tↄlɛ
sufficient	efa
sugar	sikli
suggest	kɛ noko aba
suggestion	gbɛtsↄↄmↄ
suit	nisa
suit	esa
suitable	ehi
suitcase	jatsu
sum	kɛ tsa
summary	sɛɛfoo
summer	sama
summit	yiteŋ
sun	hunu
sunday	hↄgbaa
sunny	huluŋsto
sunset	hunu eyↄshi
sunshine	hunuŋtso
super	waa
superior	hiegbɛi
supervisor	nↄkwɛlↄ
supper	gbɛkɛnaashi niyenii
supply	hamↄ
supply	ha
support	wa
support	wamↄ
suppose	sani
supposed	ŋↄↄ
sure	yoo
surface	hiɛ
surge	hiɛyaa oya
surgery	sɛjuri
surname	weku gbɛi
surprise	naa kpɛ
surprised	nana kpɛɛ
surrender	heŋmɛɛmↄ
surrounding	akutsoŋ
surveillance	hiŋmɛi jwere nↄ
survey	savee
survey	saveemↄ
survive	yiŋ naŋ wala
suspect	susuↄ
suspect	yoo
suspended	asɛɛŋ kↄↄyↄŋ
suspicious	sↄspishiↄs
sustain	waje
sustainability	wajemɔ
sustainable	ebaatse
swag	henↄwomↄ
swallow	miiŋ
swap	tsakemↄ
swear	kita
sweat	latsa
sweater	sɛɛta
sweep	bɛɛmↄ
sweet	eŋↄↄ
sweet dreams	la kpakpa
sweet tooth	daaŋ ŋɔɔŋɔ
sweetheart	suↄlↄ
swell	fuumↄ
swelling	fuumↄ
swim	selemↄ
swimming	selemↄ
swing	swingi
swing	ŋwei kɛ shishiyaa
switch	tsakemↄ
switch	switsi
swollen	efuu
sword	klante
symbol	dammↄ shi kɛ ha
sympathy	mↄbↄ naa
symptoms	helatsↄↄmↄ okadii
system	gbɛjianↄtoo
table	okpↄnↄ
tackle	esa akɛ atsu
tag	akadi
tail	lee
take	kↄ
take away	kↄ kɛya
take care	kwɛmↄ ohe
take off	jiemↄ
taken	kↄ
talk	wie
talk	wiemↄ
talkative	owieↄ tsↄ
tall	kakadaŋŋ
tap	paip
tap	fɛle
tape	kpaa
target	taagɛt
task	nifeemↄ
taste	saanaa
taste	daaŋ
tasty	ŋↄↄ
taught	tsↄↄ
tea	tii
teach	nitsↄↄmↄ
teacher	tsↄↄlↄ
team	ku
tear	yaafo
tears	yaafo
tease	hefɛoyeli
technology	tsↄne ahe nitsumↄ
teeth	ŋiiŋↄↄ
tell	kɛɛmↄ
tell me	kɛɛmↄ mi
temper	mlijɔlɛ
temperature	dↄlɛ
temple	sↄlemↄtsu
temporary	etsɛɛ tsↄ
ten	nyↄŋma
ten thousand	akpei nyↄŋma
tenant	mɛi ni ahai shia
tend	fↄↄfeemↄ
tendency	sumↄↄ
tendency	su
tender	bↄdↄbↄdↄ
tense	kpɛŋŋfeemↄ
tension	naagbai
tent	buu
tentative	kukuoo
term	tɛm
terms	be
terms	wiemↄ
terrible	ehiii
terrific	gbeyei
territory	shikpɔŋkuku
test	kaa
test	akaa
text	kaa
than	fe
thank	yiwaladↄŋ
thank you	oyiwaladↄŋŋ
Thank you for your patience while we investigate shipment	oyiwaladↄŋŋ akɛ omɛ beiaŋ ni wↄkwɛ shipmenti lɛ amli
thank you so much	oyiwaladↄŋŋ pii
thank you very much	oyiwaladↄŋŋ pii
thanks	oyiwaladↄŋŋ
Thanks for using our app	oyiwaladↄŋŋ akɛ ousu  wↄ app ɛ
that	no
that is	no ji
that's good	nakai hi
the	lɛ
theft	juu
their	amɛ
them	amɛ
theme	saneyitso
themselves	amɛ diɛŋtɛ
then	ni
theory	tsↄↄmↄi
there	jɛmɛ
there are	ayɛ
there is	ayɛ
therefore	hewↄlɛ
these	amɛ
they	amɛ
they are	amɛ yɛ
thick	miiti
thief	julↄ
thigh	shwuↄ
thin	legelege
thing	noko
things	nibii
think	jweŋ
third	nↄni ji etɛ
thirsty	kuma yeli
thirteen	nyↄŋma kɛ etɛ
thirty	nyↄŋmai etɛ
this	enɛ
this is	no nɛ
thorough	jogbaŋŋ
thoroughly	ojogbaŋŋ
those	nakai
though	shi
thought	jwɛmↄ
thought	jwɛŋ
thoughtful	jwɛↄↄ he
thoughts	jwɛↄ
thousand	akpei nyↄŋma
thread	Kpaŋ
threat	wohe gbeyee
threaten	gbeyei wo
three	etɛ
threshold	shinaa shi
thrilled	miishɛɛ
thrive	mↄdɛŋbↄↄ
throat	sɛŋ
through	mli
throughout	kaahu
throw	fↄↄ
thumb	gↄŋti
thunder	nugbↄshiimↄi
Thursday	soo
thus	nohewↄↄ
tick	bei hoↄ
tide	fa
tidy	falefale
tie	bootai
tie	fiiŋ
tiger	klaŋ
tight	emↄↄmↄ
Tigrinya	Tigrinya
time	bei
timid	hiɛ gboↄ
tiny	bibio
tip	naabu
tips	gbei komɛi
tire	tɔlɛ
tired	tↄlɛ
tissue	gbↄmↄtso lɛ fa
title	yitso
to	kɛŋya
to be	ji
toast	daa kɛ glase nↄ ni awoↄ
today	ŋmene
toddler	abifao
toes	nane woa
together	ekome feemↄ
toilet	niiasɛɛ
told	kɛɛ
tolerance	ŋmɛↄ
tolerate	ŋmɛɛ
tomato	ameo
tomorrow	wↄ
tongue	lilɛ
tonight	gbɛkɛnɛɛ
too	hu
took	kↄ
tool	dɛŋdade
tools	dɛŋdadei
tooth	nyinyↄŋ
top	ŋwɛɛ
topic	sane yitsei
torn	ŋmoo
torture	piŋmↄ
total	fɛɛ
touch	hetaa
tough	wa
tour	shisharamↄ
toward	kɛɛya
towards	kɛbɛŋkɛ
towel	papahu
town	maŋ
toxic	toksik
trace	taomↄ
track	trak
trade	nihↄↄmↄ
trade	hↄↄmↄ
tradition	kusum
traditional	blema
traffic	trafik
trail	gbɛ
train	tsↄse
training	tsↄsemↄ
trait	suban
traits	sui
transfer	kɛba
transition	tsakemↄ
translate	kɛba
transparent	anaa mli
transport	wo
transportation	tsↄne  mli tamↄ
trap	mↄ
trash	jwɛi
trauma	shihilɛ mli haomↄ
travel	gbɛfaa
tray	apaawa
treasure	trɛjza
treat	tsa
treatment	tsabaa
tree	tso
tremendous	kpele
trend	nii in yaa nↄ
trial	trayal
trick	laka
tried	ka
trigger	etee mi
trigger	tuu
trim	folↄmↄ he
trim	ku
trip	gbɛfaa
trouble	sane
trousers	trↄↄs
truck	tsↄne
true	anↄkwale
trunk	tsoku
trust	hemↄ mioye
trust	hemↄkeyeli
truth	anↄkwale
try	feemↄ
Tsonga	Tsonga
tube	paipii
tube	ododobɛŋi
Tuesday	Jufↄ
tuition	fiis
turkey	osↄŋsↄ
turmeric	tumɛrik
turn	tsↄ
turtle	ala
tutor	tsↄↄlↄ
twelve	nyↄŋma kɛ enyↄ
twenty	nyↄŋma enyↄ
twenty-one	nyↄŋmai enyↄ kɛ ekome
Twi	Twi
twice	enyↄ
twist	tsↄmↄ
two	enyo
type	henↄ
typical	titri
ugly	taŋŋ
ultimate	fe fɛɛ
umbrella	akataŋwia
unable	anyɛɛɛ
uncle	tsɛkwɛ
unconscious	nↄ nyↄ na
under	shishi
underneath	shishi
underrated	bu
understand	shishinumↄ
understood	shishinumↄ
unfortunately	shi
uniform	atadei
uniform	fee ekome
unique	unik
unit	ekome
university	univɛsiti
unknown	aleee
unless	bɛja
until	keyashi
unusual	fↄↄ
up	ŋwei
up to you	eyɛ odeŋ
update	tsake
update	tsakemↄ
upgrade	tsake
upgrade	aha eya hiɛ
upon	yɛ
upset	miifu
urban	maaŋmi
urge	efeemi tamↄ
urge	kɛɛmↄ
urgent	arↄnɛɛ
us	wↄ
use	fee
use	kɛ feeↄ
used	kɛtsu nii
useful	hehia
useless	bɛ sɛɛnamↄ
usual	bei pii lɛ
usually	kɛ efeeɛ
utility	ekpakpa ni eji
vacation	vakashiŋ
vaccination	tsofa ni agbuↄ
vaccine	vassin
vacuum	vakium
vague	bɛ faŋŋ
valid	ehi
valley	jↄↄ
valuable	jara wa
value	valiu
value	valiumↄ
variety	srↄtoi
various	srↄtoi
vary	srↄtoi
vase	kuji
vast	babaoo
vegetable	aduawai
vegetables	aduawai
vehicle	tsↄne
vendor	nihↄↄlↄ
venom	pↄizin
venture	nitsumↄ
venue	hei
verify	nↄmimaa
versatile	srↄtoi
version	henↄi
vertical	kɛjɛ ŋwɛi kɛyi shi
very	waa
very good	ehi waa
vessel	dɛŋdade
via	kɛtsↄ
vibe	vaib
vibes	vaibs
vicious	naa waa
victim	mↄni ayelɛ awui
video	viidio
view	kwɛmↄ
village	maŋ
villain	awuiyelↄ
vinegar	ashiŋ
vintage	yibii
violence	basabasafeemↄ
violent	basabasafeemↄ
viral	tsɛŋeↄ
virgin	fro
virtual	vɛɛtua
virtue	jeŋba kpakpa
vision	ninaa
visit	sra
visit	sramↄ
visual	mfoniri
vital	hehia
vivid	ka shi faŋŋ
vocabulary	wiemↄi
voice	gbee
void	shwɛm
volume	vↄluum
volunteer	hetuu kɛhamↄ
vomit	shwee
vomit	shweemↄ
vulnerable	vↄnirabo
wage	nyↄmↄwoo
wage	wuↄ
wages	nyↄmↄwoo
wages	wuↄ
waist	hɛɛ
wait	mɛɛ
waiter	weeta
waiting	mɛɛ
wake	teshi
wake up	teeshi
walk	nyiɛmↄ
walk	nyiɛ
walking	nyiɛmↄ
wall	wↄↄlu
wallet	shika kotoku
wander	kpa shi
wanna	tao
want	taomↄ
wanted	ataoↄ
war	ta
wardrobe	wɛdrop
warehouse	niitoohe
warm	dↄↄmli
warm	hejↄ
warn	bↄↄ kↄkↄ
warning	kↄkↄbↄↄ
warrior	tabilɔ
was	yɛ
wash	fↄ
waste	ofeete lɛ
waste	jwɛɛ
watch	kwɛmↄ
water	nu
watermelon	waatɛlɛ
wave	hoofeemↄ
way	gbɛ
we	wↄ
we are	wↄ ji
we can	wↄ baa nyɛ
weak	bɛhewalɛ
weakness	gbↄjↄmↄi
wealth	shika
wealthy	niiatsɛmɛi
wear	wo
wearing	wo
weather	kↄↄyↄŋ tsakemↄ
wedding	ayifro
Wednesday	shↄↄ
weed	jwɛɛ
week	gbii
weekend	otsii lɛ anaagbee
weight	susu
weight	dalɛ
weird	nokoko
welcome	afeee noko
welfare	hilɛ
Well	jogbaŋŋ
well done	obↄmↄdɛŋ
went	tee
were	yɛ
west	anaigbɛ
wet	efↄ
whale	bonso
what	meni
what about you	bo hu
what are you doing	meni ofeↄ
what are you doing now	meni ofeeↄ bianɛ nↄↄ
what are you doing right now	meni ofeↄ amrↄ nɛɛ nↄↄ
what do you do	meni ofeeↄ
what do you do for a living	meni nitsumↄ otsuↄ
what do you mean	meni oshↄↄ
what do you want	meni otaoↄ
what happened	meni ba
what is	meni ni
what is this	meni nɛ
what is your job	meni ji onitsumↄ
what is your name	te atsↄↄ bo teŋŋ
what's up	meni yaa nↄ
what's your name	meni ji ogbei
whatever	akɛfↄ afaŋ
wheat	maamu
wheel	shwiili
when	mɛɛbe
whenever	befɛɛbe
where	neegbɛ
where are you	nɛgbɛ oyↄↄ
where are you from	neegbɛ ojɛ
where are you now	nigbɛ oyↄↄ bianɛ
where do you live	nigbɛ ohiiŋ
where is	nigbɛ
whereas	beni
whether	kↄↄyↄŋ tsakemↄ
which	niji
while	beiaŋ
whisper	toiŋwoo
whistle	bɛlɛ
white	eyɛŋ
who	namↄ
who are you	namↄ ji bo
who is	namↄ
who is this	namↄ nↄ
whole	emuu
whom	ni
whose	namↄ
why	maaba
why not	meni hewↄ
wicked	fↄŋ
wide	lɛɛ
widow	oklulafo
width	dalɛ
wife	ŋa
wild	jwɛi amli
will	a
will	wil
willing	mafee
win	kunim
wind	kↄↄyↄↄ
window	samflɛ
windy	kↄↄyↄŋtswa
wine	wain
winter	fɛɛŋ
wipe	tsumↄmↄ
wire	dade kpaa
wisdom	jweimↄ
wise	jweimↄ
wish	ŋↄↄ
wish	tao
wish you all the best	miiha bo shade kpakpa
witch	ayɛ
with	kɛ
withdraw	jieemↄ
withdrawal	gbala
within	mli
without	fataaa
witness	odasefonyo
witness	odase
witty	sasaŋsↄ
wolf	osↄ
woman	yoo
women	yei
won	kunim
won't	feee
wonder	naakpɛɛ
wonderful	hetse
wood	tso
wool	aligidↄŋ
word	wiemↄ
words	okadii
work	tsunii
work	nitsumↄ
work out	tee nɔ jogbaŋŋ
working	nitsumↄ
world	jelɛ mli
worm	gↄgↄmi
worn	awo
worried	tsuiyeli
worry	tsui yeli
worse	ehiii kraa
worship	jamↄ
worst	ehiii
worth	enyiɛ niji
worth it	eyɛ sɛɛnamɔ
worthy	esa
would	a
wound	fala
Wow	waow
wrap	kɛ bↄle
wrath	miiŋfumↄ
wrist	nineshi
write	ŋmaa
Write here	ŋmaa yɛ biɛ
writing	niŋmaa
written	aŋma
wrong	tↄŋmↄ
wrote	ŋma
yard	yale
yawn	haku
yawn	hakumↄ
Yeah	ŋɛɛ
year	afi
years	afii
yeast	masha
yell	bↄlↄmↄ
yellow	wuↄfↄ
Yes	ŋɛɛ
yes baby	yoo suↄlↄ
yes dear	yoo mi suↄlↄ
yes honey	ŋɛɛ mi tsui
yes my love	ŋɛɛ misuↄlↄ
yes of course	hɛɛ no lɛ nakai
yesterday	nyɛ
yet	shi
you	bo
you are	bo ji
you are beautiful	ohe yɛ fɛo
you are so beautiful	ohe yɛ fɛo tsↄ
you are welcome	afee noko
you can	obaanyɛ
You know	ole
you too	bo hu
you're welcome	afeee noko
young	oblaayoo
your	bo
your welcome	shidaa bɛ
yourself	ohe
youth	oblanyo
you’re welcome	shidaa bɛ
yummy	eŋↄↄ
zero	ziro
