a little	азғана
a lot	көп
a lot of	көп
abandon	таслап кетиў
abandoned	таслап кетилген
abide	садық қалыў
ability	бежере алыў
able	қолдан келиў
about	ҳаққында
above	жоқарыда
abroad	сырт ел
absence	жоқлығы
absent	жоқ
absolutely	толық түрде
absorb	сиңдириў
abstract	абстракт
absurd	биймәни
abundance	молшылық
abundant	мол
abuse	кемситиў
accent	акцент
accept	қабыллаў
access	рухсат
access	қол жетиў
accident	бахытсыз ҳәдийсе
accommodation	баспана
accomplish	әмелге асырыў
accomplished	орынланған
according	гѳре
account	есап бети
accuracy	анықлық
accurate	қәтесиз
accused	айыпланған
ache	аўырыў
achieve	ерисиў
achievement	жетискенлик
acknowledge	тастыйықлаў
acquaintance	таныс
acquire	ийе болыў
acquired	алынған
acquisition	ийе болыў
across	бойлап
act	роль ойнаў
action	ҳәрекет
active	актив
activities	әмелиятлар
activity	искерлик
actor	актёр
actual	актуал
actually	негизинде
acute	аўыр
adapt	сәйкес келтириў
add	қосыў
addicted	берилген
addition	қосымша
additional	қосымша
address	адрес
address	жѳнелтириў
adequate	орынлы
adjacent	тийип турған
adjective	келбетлик
adjust	туўрылаў
admire	илҳам алыў
admit	тән алыў
adopt	асырап алыў
adorable	сүйкимли
advance	илгерилеў
advanced	илгерилеген
advantage	абзаллық
adventure	ҳәдийсе
adverb	рәўиш
advertisement	реклама
advertising	реклама
advice	мәсләҳәт
advise	мәсләҳәт етиў
advocate	адвокат
advocate	қорғаў
aesthetic	эстетика
affair	ышқый мүнәсибет
affect	тәсир етиў
affection	сүйиў
afford	қурбы жетиў
affordable	қурбы жететуғын
afraid	қорқыў
after	кейин
afternoon	түстен кейин
afterwards	соң
again	тағы
against	қарсы
age	жас
agency	агентлик
agent	агент
aggressive	агрессив
agile	жедел
ago	алдын
agree	қосылыў
agreement	келисим
agriculture	аўыл хожалығы
ahead	алдыға
aid	жәрдем
aim	мақсет
air	ҳаўа
airport	аэропорт
aisle	коридор
alarm	тревога
alcohol	алкоголь
alert	тревога
alive	тири
all	барлығы
all right	болады
all the best	табыслар
allow	рухсат етиў
allowed	рухсат етилген
almost	дерлик
alone	жалғыз
along	бойлап
already	әллеқашан
Alright	Болады
also	сондай-ақ
alternative	алтернатив
although	қарамастан
always	бәрқулла
amazing	ҳайран қаларлық
ambiguous	анық болмаған
ambition	арзыў
ambitious	мийнеткеш
amend	өзгертиў
amid	ортасында
among	арасында
among us	арамызда
amount	муғдар
amusing	қызықлы
analysis	анализ
ancestors	ата-баба
anchor	якорь
ancient	әййемги
and	ҳәм
and you	ал сиз ши
angel	периште
anger	ғәзеп
angle	мүйеш
angry	ашыўлы
animal	ҳайўан
ankle	тобық
anniversary	юбилей
announcement	жәриялаў
annoy	ашыўландырыў
annoyed	ашыўлы
annoying	жинге тийетуғын
annual	жыллық
anonymous	аноним
another	басқа
answer	жуўап бериў
answer	жуўап
anticipate	шамалаў
anxiety	қәўетер
anxious	қәўетерленген
any	қәлеген
anyone	ким болса да
anything	қәлеген нәрсе
anyway	не болса да
anyways	не болса да
apart	басқа
apartment	квартира
apologize	кеширим сораў
apparent	айқын
apparently	көринисинен
appeal	қызықтырыў
appear	кѳриниў
appearance	кѳринис
appeared	көринди
appetite	иштей
apple	алма
application	дәстүр
apply	қоллаў
appointment	ушырасыў
appreciate	баҳалаў
appreciation	баҳалаў
approach	жантасыў
appropriate	орынлы
approval	тастыйық
approve	тастыйықлаў
approved	тастыйықланған
approximately	шама менен
april	апрель
arbitrary	ерки өзинде
architect	архитектор
architecture	архитектура
archive	архив
are you busy	бәнтсиз бе
are you married	турмысқа шыққансызба
are you married or single	сиз турмыс қурғансыз ба яки бойдақсыз ба
Are you still there?	Еле де усы жердесиз бе
are you there	усы жердесиз бе
area	майдан
argue	айтысыў
argument	аргумент
arise	пайда болыў
arm	қол
army	армия
around	әтирапында
arrange	шѳлкемлестириў
arrangement	реже
arrival	келиў
arrive	келиў
arrived	келди
arrogant	надан
arrow	стрелка
art	көркем өнер
article	статья
artificial	жасалма
artist	сүўретши
as	сыяқлы
as well as	сондай-ақ
ash	күл
ashamed	уялған
ask	сораў
asked	сорады
asleep	уйқыда
aspect	аспект
Assamese	Ассам
assault	тасланыў
assembly	жыйналыў
assertive	айтқанынан қайтпайтуғын
assess	баҳалаў
assessment	баҳалаў
asset	баҳалы үлес
assets	мүлк
assign	тайынлаў
assignment	тапсырма
assist	көмек бериў
assistant	жәрдемши
associate	байланыстырыў
associated	байланыслы
association	ассоциация
assume	ойлаў
assumption	түсиник
at least	кеминде
ate	жеди
athlete	атлет
attach	бириктириў
attached	бириктирилген
attachment	бириктирилген файл
attack	ҳүжим
attempt	урыныў
attempt	урыныс
attend	қатнасыў
attendance	қатнас
attention	итибар
attitude	мүнәсибет
attract	қаратыў
attraction	өзине тартыў
attractive	ѳзине қарататуғын
attribute	сын-сыпат
audience	аудитория
august	август
aunt	әжапа
aunty	әжапа
authentic	түп нусқа
author	автор
authority	басқарыўшы орган
autumn	гүз
available	бар
average	орташа
avoid	жырақ болыў
awake	ояў
award	сыйлық
aware	хабардар
awareness	хабардарлық
away	алыста
awesome	әжайып
awful	жаман
awkward	ебетейсиз
Aymara	Аймара
baby	бѳпе
bachelor	бойдақ
back	артқа
background	фон
bad	жаман
bag	сумка
bait	жемтик
bake	нан писириў
bakery	нанбайхана
baking soda	нан содасы
balance	теңлесиў
balance	теңсалмақлық
ball	топ
Bambara	Бамбара
banana	банан
band	лента
bang	соққы
bank	банк
bar	бар
barely	зорға
bargain	саўдаласыў
bark	үриў
barley	арпа
barrier	тосық
base	база
based	тийкарланып
basement	подвал
basic	тийкарғы
basically	тийкарынан
basil	райхан
bastard	ҳайўан
batch	партия
bath	монша
bathroom	душхана
battery	батарея
battle	соғыс
bay	теңиздиң қуяр жери
be	болыў
be careful	абайлы болың
beach	пляж
beam	нур
beans	лобия
bear	шыдаў
bear	айыў
beard	сақал
bearing	көринис
beast	мақлуқ
beat	урыў
beat	соққы
beautiful	сулыў
beauty	сулыўлық
became	болды
because	себеби
become	болыў
bed	жатақ
bedroom	жатақхана
bee	ҳәрре
beef	мал гөши
been	болды
beer	пиво
before	алдын
began	баслады
begin	баслаў
beginning	басы
behalf	пайдасына
behave	өзин тутыў
behavior	минез
behaviour	минез
behind	артында
being	болыў
belief	исеним
believe	исениў
belly	қарын
belong	тийисли болыў
beloved	сүйикли
below	тѳмендеги
belt	белбаў
bench	отырғыш
bend	ийиў
beneath	төменге
benefit	пайда
benefit	пайда кѳриў
benefits	пайдалары
beside	буннан басқа
besides	басқа
best	ең жақсы
best of luck	табыс тилеймен
best regards	ҳүрмет пенен
better	жақсырақ
between	ортасында
beverage	ишимлик
Bhojpuri	Божпури
bias	тәрепин алыў
biased	тәрепине аўған
bicycle	велосипед
bid	усынылған баҳа
big	үлкен
bike	велосипед
bill	тѳлем қағазы
bind	байлаў
bird	қус
birthday	туўылған күн
bit	аз
bite	тислеў
bite	тислем
bitter	ашшы
black	қара
blade	алмас
blame	айыплаў
blame	айып
blank	бoс
blanket	көрпе
blast	жарылыс
bleach	ағартыў
blend	аралaстырыў
bless	жарылқаў
blessed	жарылқаған
blind	соқыр
bliss	рәҳәт
block	блок
blood	қан
bloom	гүллеў
blow	үплеў
blue	кѳк
blunt	соққы бериў
board	доска
boat	қайық
body	дене
boil	қайнатыў
bold	батыл
bond	миннетлеме
bone	сүйек
book	китап
book	буйыртпа бериў
boost	тезлениў
booster	кушейткиш
boot	етик
boots	етик
border	шегара
bore	зеригиў
bored	зериккен
boring	зеригерли
born	туўма
borrow	қарызға алып турыў
boss	баслық
both	екеўи де
bother	мазалаў
bottle	шийше
bottom	түби
bought	сатып алды
bounce	шопшыў
bound	секириў
boundaries	шегаралары
bow	тәжим
bowl	кесе
box	қуты
boy	ул бала
boyfriend	жигити
bracelet	билезик
brain	мий
branch	филиал
brand	бренд
brave	дәўжүрек
breach	нормадан өзгериўи
bread	нан
break	тәнепис
break	бузыў
breakfast	таңғы ас
breast	көкирек
breath	нәпес
breathe	нәпес алыў
breed	әўлад
brick	гербиш
bride	келин
bridge	көпир
brief	қысқа мазмуны
bright	жарық
brilliant	зор
bring	алып келиў
bro	аға
broad	кең
broadcast	радио бағдарлама
broke	бузық
broken	бузылған
broom	сипсе
brother	ажаға
brother in law	жезде
brought	алып келди
brown	қоңыр
brush	кисть
bucket	шелек
buddy	достым
budget	бюджет
bug	қоңыз
build	қурыў
building	имарат
built	қурылған
bulk	көп муғдар
bull	өгиз
bully	қорқытыў
bump	исик
bunch	көплеген
bundle	түйин
burden	жүк болыў
burden	жүк
buried	көмилген
burn	жағыў
burst	атылыў
bury	жерлеў
bus	автобус
bush	шақа
business	бизнес
bust	кѳкирек
busy	бәнт
but	бирақ
butter	сары май
butterfly	гүбелек
button	кнопка
buy	сатып алыў
by	жанынан
by the way	айтпақшы
bye	хош
cabbage	капуста
cabinet	кабинет
cage	қәпес
cake	торт
calf	балтыр
call	қоңыраў етиў
call	қоңыраў
call me	мени шақырың
called	аталады
calm	жуўас
came	келди
campaign	акция өткериў
can	консерва
Cancel	Бийкарлаў
cancer	рак
capable	уқыплы
capacity	уқыплылық
capital	пайтахт
caption	субтитр
capture	қамтыў
car	машина
career	карьера
careful	абайлы
carefully	абайлы
careless	ойсыз
caring	қайғыратуғын
carpenter	ағаш устасы
carpet	гилем
carrot	гешир
carry	апарыў
carry on	даўам етиў
carry out	орынлаў
case	жағдай
cash	нақ пул
cast	cәўлеси түсиў
castle	сарай
casual	күнделикли
cat	пышық
catch	услаў
category	категория
cattle	мал
caught	услады
cause	себеп
cause	себеп болыў
caution	сақлық
cautious	абайлы
cave	үңгир
cease	тоқтатыў
ceiling	потолок
celebrate	байрамлаў
cell	клетка
center	орай
century	әсир
cereal	овсянка
ceremony	дәбдебе
certain	белигили бир
certainly	әлбетте
certificate	сертификат
chain	шынжыр
chair	стул
challenge	сынаў
challenge	сынақ
chance	имканият
change	ѳзгериў
chaos	хаос
character	характер
characteristics	минезлеме
charge	тѳлем салыў
charity	қайырқомлық
charming	өзине тартатуғын
chart	сызылма
chase	изине түсиў
chat	сәўбетлесиў
chat	чат
cheap	арзан
cheat	ҳийлекерлик қылыў
cheating	ҳийлекерлик
check	чек
check	тексериў
cheek	шеке
cheer	алғыслаў
cheerful	шадлы
cheers	рахмет
cheese	сыр
chemistry	химия
cherish	еркелетиў
chess	шахмат
chest	кѳкирек
chew	шайнаў
chicken	шөже
chief	баслық
child	бала
childhood	балалық
children	балалар
chill	суўық
chill	суўыў
chimneys	моры
chin	ийек
chocolate	шокалад
choice	таңлаў
choose	сайлаў
chop	шабыў
chores	үй жумыслары
chubby	томпақ
church	ширкеў
cinnamon	дәмли қуўраған қабық
circle	шеңбер
circumstances	жағдайлар
citizen	пухара
city	қала
claim	талап етиў
claim	талапнама
clarify	анықластырыў
class	класс
clay	саз ылай
clean	таза
clear	тазалаў
clear	түсиникли
clerk	секретарь
clever	ақыллы
client	қарыйдар
cliff	жар
climate	климат
climb	өрмелеў
clingy	жабысқақ
clock	саат
close	жабыў
closet	кийим шкаф
cloth	таўар
clothes	кийимлер
cloud	булт
cloudy	бултлы
clown	масқарапаз
clue	шешим
clumsy	ийкемсиз
cluster	топар
coach	тренер
coach	тренерлик етиў
coal	көмир
coast	теңиз жағасы
coat	пальто
coffee	кофе
cognitive	когнитивлик
coincidence	тосыннан болған
cold	суўық
collapse	қулаў
collar	жаға
colleague	кәсиплес
colleagues	кәсиплеслер
collect	жыйнаў
collection	коллекция
college	колледж
color	рең
colorless green ideas slept furiously	реңсиз жасыл идеялар қызғын уйықлады
colour	рең
column	бағана
comb	тарақ
combination	комбинация
combine	бирлестириў
come	келиў
come here	мына жерге келиң
come on	кеттик
comfort	қолайлық
comfortable	қолайлы
coming	киятырған
coming soon	тез арада
command	буйырыў
comment	пикир
commercial	коммерциялық
commission	комиссия
commit	ислеў
commitment	пидайылық
committed	өзин бағышлағaн
commodity	тутыныў буйымлары
common	әдеттеги
communicate	сөйлесиў
communication	коммуникация
community	жәмийет
commute	көликтен пайдаланыў
companion	жолдас
company	компания
compare	салыстырыў
comparison	салыстырыў
compassion	тилеклеслик
compassionate	аяў
compatible	сай келетуғын
compete	бәсекилесиў
competent	компонент
competition	бәсеки
competitive	бәсекилес
complain	арыз етиў
complaint	шағым
complement	марапат
complement	марапатлаў
complete	жуўмақлаў
completely	толығы менен
complex	қурамалы
compliance	cәйкеслик
complicated	қурамалы
compliment	хошамет
comply	әмел етиў
composition	қураў
compound	қурамалы
comprehension	түсиниў
comprehensive	кең қамраўлы
compromise	келисим
compromise	келисимге келиў
compulsory	мәжбүрий
computer	компьютер
concentrate	дыққатты жәмлеў
concept	концепция
concern	тәшўишлениў
concern	тәшўиш
concerned	тәшўишленген
concert	концерт
conclusion	жуўмақ
concrete	анық белгиленген
concrete	бетонлаў
concrete	бетон
condition	жағдай
conditions	шараятлар
conduct	ѳткериў
conference	конференция
confess	мойынлаў
confidence	исеним
confident	исеними кәмил
confirm	тастыйықлаў
conflict	келиспеўшилик
confused	адастырып қойған
confusion	шатастырыў
congrats	қутлықлаў
congratulation	қутлықлаў
congratulations	қутлықлайман
conjunction	жалғаў
connect	байланыстырыў
conquer	басып алыў
conscious	ҳуўышлы
consciousness	ес-ҳушлы ҳалат
consent	келисим
consent	келисим бериў
consequences	әқыбетлери
conservation	тәбиятты қорғаў
conservative	бийтәреп
consider	есапқа алыў
considered	есапланады
consist	қураў
consistency	турақлылық
consistent	турақлы
constant	турақлы
constantly	үзликсиз
constipation	ишқатыў
construction	қурылыс
consume	сарып етиў
consumption	тутыныў
contact	байланыс
contact	байланысыў
contagious	жуғымлы
contain	қурамына алыў
contains	өз ишине алады
contemporary	ҳәзирги
contempt	жеккөриў
content	мазмуны
contest	жарыс
context	контекст
continent	материк
continue	даўам етиў
contract	шәртнама дүзиў
contract	шәртнама
contrast	контраст
contrast	салыстырыў
contribute	үлес қосыў
contribution	үлес
control	бақлаў
controversial	даўлы
convenience	қолайлық
convenient	қолайлы
conversation	сәўбет
convert	көзқарасын өзгерткен адам
convert	өзгериў
convey	билдириў
convince	көндириў
convinced	көнген
cook	писириў
cook	аспаз
cooking	писириў
cool	әжайып
cool	салқын
cooperation	бирге ислесиў
cope	әмеллеў
copper	мыс
core	түбир
corn	мәкке
corner	мүйеш
correct	дурыслаў
cost	баҳа
cost	турыў
costume	костюм
cottage	коттедж
cotton	пахта
couch	диван
cough	жѳтелиў
council	елшихана
count	санаў
counter	қарсы
country	мәмлекет
countryside	аўыллық жер
couple	жуп
courage	батыл
course	курс
court	суд
courtesy	мүләйимлик
cousin	жийен
cover	қаплаў
cow	сыйыр
coward	қорқақ
cozy	қолайлы
crab	краб
crack	жарық
crack	жарылыў
craft	қол мийнети
crap	қудайдан тапқыр
crash	соқлығысыў
craving	күшли қәлеў
crawl	жер баўырлап жүриў
crazy	есер
create	жаратыў
creative	жаратыўшылық қәбилет
credit	кредит
creep	ет түршигиўи
creepy	жүдә қорқынышлы
crew	экипаж
crime	жынаят
cringe	қолайсыз сезиниў
cringe	жағымпаз
crisis	кризис
criteria	критерия
critical	қәўипли
criticism	критика
crop	қырманды жыйнаў
crops	егинлер
cross	кесип өтиў
cross	крестик
crow	ғарға
crowd	тығылыспа
crowded	адамлар менен толған
crown	таж
crucial	тийкарғы
cruel	мийиримсиз
cruise	теңиз саяхаты
crush	соқлығысыў
cry	жылаў
cucumber	қыяр
cuddle	қушақлаў
culture	мәденият
cunning	ҳийлекерлик
cup	чашка
cupboard	шкаф
curb	ноқталаў
cure	eм
cure	емлеў
curfew	комендантлық сааты
curiosity	қызыққанлық
curious	қызыққан
curly	буйра
currency	пул бирлиги
current	ҳәзирги
currently	ҳәзирде
curse	ғарғыс
curtain	перде
cushion	дастық
custom	әдет
customer	тутыныўшы
customs	таможня
cut	кесиў
cut	кесилген жер
cute	сүйкимли
cycle	цикл
cycling	велосипед айдаў
dad	әке
daddy	әке
daily	күнделикли
dairy	күнделик
dam	дамба
damage	зиян
damage	зиян жеткериў
damn	тақыры шыққыр
damp	ызғар
dance	ойын
danger	қәўип
dangerous	қәўипли
dark	қараңғы
darling	әзизим
dash	cызықша
data	мағлыўмат
date	ушырасып жүриў
date	сәне
daughter	қыз перзент
day	күн
dead	өли
deadline	мүддет
deaf	герең
deal	келисим
deal	ислесиў
dear	қәдирли
Dear All	Ҳүрметли Жәмәәт
Dear Customer	Ҳүрметли Тутыныўшы
Dear Parents	Қәдирли Ата-аналар
Dear Sir	Қәдирли Мырза
Dear students	Қәдирли студентлер
Dear Team	Қәдирли команда ағзалары
death	өлим
debate	дебат
debit	дебет
debris	сынықлары
debt	қарыз
decade	он жыллық
decay	ириңлесиў
deceased	қайтыс болған
deceive	алдаў
december	декабрь
decent	әпиўайы
decide	шешиў
decided	қарар етти
decision	шешим
deck	терраса
decline	бийкар етиў
decrease	төменлеў
dedicated	өзин бағышлаған
dedication	өзин бағышлаў
deed	әмел
deep	терең
deer	суўын
default	дәслепки
defeat	жеңиў
defeat	жеңилис
defend	қорғаў
define	анықлаў
definitely	анық түрде
definition	анықлама
degree	дәреже
delay	кешигиў
delayed	кешиктирилген
delete	өшириў
deliberate	асықпастан
delicate	деликатес
delicious	мазалы
delight	рәҳәтлениў
delighted	қуўанышлы
deliver	жеткерип бериў
delivered	жеткерип берилген
delivery	апарып бериў
demand	талап етиў
demand	талап
demanding	талап ететуғын
democracy	демократия
demon	шайтан
demonstrate	көрсетиў
denied	бийкар етиў
density	тығызлық
dentist	тис шыпакери
deny	мойынламаў
department	бөлим
departure	кетиў
depend	байланыслы болыў
deploy	иске қосыў
deposit	ақша салыў
deposit	аманат
depressed	түскинликке түскен
depression	депрессия
depth	тереңлик
describe	сүўретлеў
description	cүўретлеў
desert	шѳл
deserve	ылайық болыў
design	дизайн
design	жаратыў
designation	аңлатыў
desire	тилек
desire	тилеў
desk	стол
despair	үмитсизлик
desperate	үмитсиз
despite	қарамастан
dessert	саҳра
destination	соңғы мәнзил
destiny	тәғдир
destroy	бузыў
destruction	жоқ етиў
detail	толық мағлыўмат
details	қосымша мағлыўматлар
detect	анықлаў
determination	батыллық
determine	қарар қабыллаў
determined	қарар қабыллаған
devastated	ҳәммесинен шаршаған
develop	раүажланыў
developed	раўажланған
development	раўажланыў
device	қурылма
devil	шайтан
devoted	арнаған
Dhivehi	Дивехи
diabetes	қант кесели
diarrhea	диарея
diary	күнделик
dictionary	сөзлик
did	қылды
die	набыт болыў
died	набыт болды
diet	диета
difference	айырмашылық
different	парықлы
difficult	қыйын
dig	қазыў
dignity	намыс
diligent	пуқта
dinner	кешки ас
dip	батырыў
direct	тик
direction	бағыт
director	директор
dirt	кир
dirty	кир
disable	истен шығарыў
disabled	майып
disappear	жоғалыў
disappointed	қапа
disaster	апат
discard	таслап жибериў
discharge	ажыратып шығарыў
discipline	тәртип
discount	баҳасын түсириў
discover	ашыў
discrimination	дискриминация
discuss	талқылаў
discussion	талқылаў
disease	кеселлик
diseases	кеселликлер
disguise	нықапланыў
disgusting	жеркенишли
dish	аўқат
dishes	ыдыс-табақ
dismiss	азат етиў
dispatch	жөнетиў
display	көрсетиў
disposal	утилизация
dispute	даў
distance	аралық
distinct	айрықша
distinguish	таныў
distress	қайғы
distribution	бөлистириў
district	район
disturb	тынышын алыў
ditch	жап
dive	сүңгиў
diverse	ҳәр түрли
diversity	ҳәрқыйлылық
divide	бөлиў
divine	улама
divorce	ажырасыў
divorce	ажырым
dizzy	басты айландыратуғын
do	қылыў
do you love me	мени сүйесең бе
doctor	шыпакер
document	ҳүжжет
does	қылады
dog	ийт
Dogri	Догри
doing	ислеп атырған
doll	қуўыршақ
domain	тараў
domestic	жергиликли
dominant	жетекши
Don't worry	қәўетерленбең
donate	инам етиў
done	исленди
donkey	ешек
dope	наркотик
double	еки есеге көбейтиў
double	екилик
doubt	гүман
doubt	гүманланыў
dough	қамыр
down	тѳменге
download	жүклеп алыў
draft	сызылма ислеў
draft	шала нусқа
drag	тартыў
drain	ағыў
drama	трагедия
draw	сызыў
drawer	тартпа
drawing	сүўрет салыў
dread	қалтыраў
dream	әрман етиў
dream	әрман
dress	көйлек
drill	тесиў
drink	ишимлик
drink	ишиў
drive	айдаў
drop	тамшылаў
drop	тамшы
dropped	түсирилген
drought	қурғақшылық
drunk	мәс
dry	қурғақ
duck	үйрек
dude	жигит
due	мәжбүрият
due to	себебинен
dull	ѳтпес
dumb	ақылсыз
dump	шығынды үйиндиси
duration	даўамлылығы
during	даўамында
dust	шаң
duty	нәўбетши
dwell	күн кешириў
dying	набыт болыў
each	ҳәр бир
each other	бир-бири
eager	қатты қәлеў
eagle	бүркит
ear	қулақ
earlier	ертерек
early	ерте
earn	табыс табыў
ears	қулақлар
earth	жер
earthquake	жер силкиниў
ease	аңсатлық
easily	аңсатлық пенен
east	шығыс
easy	аңсат
eat	жеў
eating	жеў
economic	экономикалық
economy	экономика
edge	шети
edit	өзгерис киритиў
education	тәлим
effect	тәсир
effective	нәтийжели
efficiency	нәтийжелилик
efficient	нәтийжели
effort	ҳәрекет
egg	мәйек
eggplant	баклажан
ego	қара басын ойлаў
eight	сегиз
eighteen	он сегиз
eighty	сексен
elaborate	раўажландырыў
elbow	шығанақ
elder	жасы үлкен
elderly	жасы үлкен
elegant	жасанған
element	элемент
elephant	пил
eleven	он бир
eligible	туўра келетуғын
eliminate	алып таслаў
else	болмаса
embarrassed	уялып қалыў
embarrassing	уятлы
embrace	қамрап алыў
emerge	пайда болыў
emergency	қыстаўлы жәрдем
emotional	эмоционал
empathy	тилеклеслик
emphasis	пәт
emphasize	атап айтыў
employee	жумысшы
employees	жумысшылар
employer	жумыс бериўши
employment	бәнтлик
empty	бос
enable	жәрдем бериў
encounter	дус келиў
encourage	үндеў
end	соңы
endangered	қәўип астындағы
endeavor	талпыныў
endurance	шыдам
endure	шыдаў
enemy	душпан
energy	энергия
engage	бәнт етиў
engaged	бәнт
engagement	шуғылланатуғын ис
engine	двигатель
engineer	инженер
English	Инглис
enhance	күшейтиў
enjoy	рәҳәтлениў
enormous	үлкен
enough	жетерли
ensure	исеним кәмил етиў
enter	кириў
entertainment	кеўил жазыў
enthusiasm	көтериңкилик
enthusiastic	күш-ғайратлы
entire	пүткил
entitled	аталған
entity	cубъект
entrance	кириў орны
entrepreneur	исбилермен
envelope	конверт
environment	қоршаған әтирап
envy	көре алмаўшылық
epic	тәкирарланбас
epidemic	эпидемия
equal	тең
equipment	үскене
equity	устав капиталы
equivalent	эквивалент
eraser	өширгиш
error	қәтелик
escape	қашыў
especially	әсиресе
essay	шығарма
essence	барлық
essential	тийкарғы
establish	тийкар салыў
established	тийкар салынған
estate	мүлк
estimate	баҳалаў
estimated	баҳаланған
etc	т.б.
eternal	мәңгилик
ethics	этика
evaluate	баҳалаў
evaluation	баҳалаў
even	ҳәттеки
even though	cолай болса да
evening	кеш
event	ўақыя
eventually	нәтийжеде
ever	қашан болсада
every	ҳәрбир
everybody	ҳәмме
everyone	нәўбетке турыў
everything	ҳәр бир
evidence	дәлил
evil	ғәрез нийетли
evolution	эволюция
evolve	жүзеге келиў
Ewe	Эве
exact	тап сондай
exactly	дәл сондай
exam	экзамен
examine	экзамен
example	мысал
exceed	шығып кетиў
excellent	жүдә жақсы
except	тысқары
exception	басқа жағдайлар
excess	молайыў
excessive	ҳәдден тыс
exchange	алмасыў
excited	қуўанышлы
excitement	қуўаныш
exciting	қуўандырарлы
exclusive	эксклюзив
excuse	кеширим сораў
excuse me	мени кеширесиз
execute	орынлаў
execution	жаза
executive	орынлаўшы
exercise	шынығыў ислеў
exercise	шынығыў
exhaust	ҳалдан тайыў
exhausted	шаршаған
exhibit	көргизбеге қойыў
exhibition	көргизбе
exist	бар болыў
existence	барлық
existing	бар болған
exit	шығыў
expand	жайылыў
expect	күтиў
expected	күтилген
expenses	шығымлар
expensive	қымбат
experience	тәжирийбе
experience	бастан кешириў
experiment	сынаў
expert	эксперт
expired	мүддети өткен
explain	түсиндириў
explanation	түсиндирме
exploit	ерлик
explore	ашыў
export	экспорт
expose	сырын ашыў
exposed	тәсирине түскен
exposure	дуўшар болыў
express	билдириў
expression	аңлатпа
extend	созыў
extended	узайтырылған
extension	кеңейтпе
extent	кеңислик
external	сыртқы
extinct	өшкен
extra	аўысық
extract	айырып алыў
extraordinary	әдеттен тыс
extreme	экстремал
extremely	өте
eye	көз
eyes	көзлер
fabric	таўар
fabulous	теңсиз
face	жүзи
face	дусласыў
facilitate	шараят жаратыў
facilities	бейимлестирилген орынлар
facility	бейимлестирилген орын
fact	факт
factor	фактор
factory	завод
facts	фактлер
fade	жоғалыў
fail	сәтсизлик
fail	сәтсиз болыў
failed	сәтсиз болған
failure	әўметсизлик
faint	есин жойтыў
fair	әдил
fair	реңсиз
fairly	шама менен
fairy	сыйқырлы
faith	ийман
faithful	ҳадал
fake	жалған
fall	қулаў
false	ЖАЛҒАН
fame	даңқ
familiar	таныс
family	шаңарақ
famine	ашаршылық
famous	танықлы
fan	вентилятор
fan	ықласбент
fancy	ѳзгеше
fantastic	әжайып
far	узақ
farewell	хошласыў
farm	ферма
farmer	фермер
fascinating	таң қаларлық
fashion	мода
fast	тез
fat	семиз
fatal	өмирге қәўипли
fate	тәғдир
father	әке
fatigue	ҳалсызлық
fault	қәтелик
favorite	унатқан
favour	жақсылық
favourite	унатқан
fear	қорқыў
fear	қорқыныш
feast	байрамлаў
feather	пәр
feature	сәўлелениў
feature	қәсийет
features	қәсийетлер
february	февраль
fed up	бийзар болған
fee	төлем
feed	бағыў
feedback	пикир
feel	сезиў
feeling	сезим
feet	аяқлар
fell	қулады
fellow	дос
felt	сезди
female	ҳаял
fence	ергенек
fertile	өнимдар
festival	фестиваль
fetch	алып келиў
fever	ыссылық
few	аз
fewer	азлаў
fiance	күйеў бала
fiction	көркем шығарма
field	майдан
fierce	рейимсиз
fifteen	он бес
fifty	елиў
fight	тѳбелесиў
fight	тѳбелес
fighting	төбелес
figure	фигура
figure	cүўретлеў
figure out	аңлап жетиў
file	файл
fill	толтырыў
filled	толтырылған
film	фильм
filthy	патас
finally	ақырында
finance	қаржы
financial	қаржы
find	табыў
find out	анықлаў
fine	жәрийма
fine	нәзик дид пенен
finger	бармақ
finish	жуўмақлаў
finished	жуўмақланған
fire	ѳрт
firm	беккем
firm	фирма
first	биринши
first name	исим
fish	балық
fit	туўра келиў
five	бес
fix	дүзетиў
fixed	орнатылған
flag	байрақ
flash	жарқ етиў
flat	тегислик
flat	тегис
flaw	дефект
flawless	минсиз
flee	бүрге
flesh	қам гөш
flew	ушты
flex	бүгиў
flexible	ийкемли
flight	ушыў
flip	жеңил таслаў
flirt	гәп атыў
flirting	гәп атыў
float	қалқыў
flood	cуў тасқыны
floor	пол
flour	ун
flow	ағыў
flow	ағыс
flower	гүл
flu	грипп
fluent	еркин
fluently	еркин
fluffy	жумсақ
fluid	суйықлық
fly	ушыў
focus	итибар қаратыў
focus	итибар
fog	думан
foggy	думанлы
fold	бүклеў
folks	халық
follow	ериў
follow up	бақлаў
following	кейинги
food	аўқат
fool	ахмақ қылыў
fool	ахмақ
foolish	ахмақшылық
foot	аяқ
football	футбол
for	ушын
For example	Мысал ушын
for instance	мысал ушын
for you	сиз ушын
forbidden	қадаған етилген
force	мәжбүрлеў
forecast	болжам
forehead	маңлай
foreign	ѳзге
forest	тоғай
forever	мәнгиликке
forget	умытыў
forgive	кешириў
forgot	умытқан
fork	вилка
form	форма
form	формаға кириў
formal	рәсмий
former	алдынғы
fortunately	бахтыма
fortune	бахыт
forty	қырық
forty-two	қырық еки
forward	алға
foster	тәрбиялаў
fought	гүрести
found	табылған
foundation	тийкар
four	төрт
fourteen	он төрт
fox	түлки
fragile	морт
frame	рамка
framework	каркас
fraud	алдаўшылық
freak	сықылсыз
free	еркин
freedom	еркинлик
freeze	музлаў
frequency	жийилик
frequent	жийи
frequently	тез-тезден
fresh	жаңа
friday	жума
fridge	музлатқыш
friend	дос
friendly	досшыл
friends	дослар
friendship	дослық
frightened	қорқып қалған
frightening	қорқынышлы
frog	қурбақа
front	алды
frozen	музлаған
fruit	мийўе
frustrated	ашыўлaнған
fuel	жанылғы
Fulfulde	Фулфулдэ
full	толық
fun	қызықлы
function	функция
fundamental	фундаментал
funeral	жаназа
funny	күлкили
fur	жүн
furious	қәҳәрли
furniture	мебель
further	келеси
furthermore	қала берсе
future	келешек
gain	ерисиў
gain	ерискенлик
game	ойын
gap	бослық
garage	гараж
garbage	шығынды
garden	бағ
garlic	сарымсақ
gate	дәрўаза
gather	жыйнаў
gathering	жыйналыў
gauge	көрсеткиш
gave	берди
gear	механизм
gender	жыныс
general	улыўмалық
generally	улыўма
generate	жаратыў
generation	әўлад
generous	қолы ашық
genius	дана
genre	жанр
gentle	мүләйим
genuine	шын
gesture	қылық
get	алыў
get dressed	кийиниў
get up	турыў
get well soon	тезирек тәўир болып кетиң
getting	алыў
ghost	әрўақ
ghosting	биреўдиң орнына ислеў
giant	күтә үлкен
gift	саўға
ginger	имбирь
girl	қыз бала
girlfriend	яр
give	бериў
give up	тоқтатыў
given	берилген
glad	шад
glance	қараў
glass	стакан
glasses	көзәйнек
glimpse	жылтылдаў
global	дүнья жүзлик
gloomy	түнерген
gloves	қолғап
glow	жылтыраў
glow up	жайнап кетиў
glue	желим
go	барыў
go ahead	баслаң
go away	кет
go to bed	уйықлаўға жатыў
goal	мақсет
goals	мақсет
goat	ешки
god	қудай
god bless you	қудай жарылқасын
goes	барады
going	баратырған
going to	қылажық болыў
gold	алтын
gone	кетти
goo	жапысқақ предмет
good	жақсылық
good	жақсы
good afternoon	қайырлы күн
good bye	хош болың
good day	күнди жақсы өткериң
good evening	қайырлы кеш
good job	бәрекелла
good looking	сыпайы
good luck	табыс тилеймен
good morning	қайырлы таң
good morning my love	қайырлы таң сүйиклим
good night	қайырлы түн
goodbye	хош болың
goodnight	қайырлы түн
goods	товарлар
Google Translate	Google Translate
goose	ғаз
gorgeous	гѳззал
gossip	өсек
got	болды
got it	түсиндим
government	мәмлекет
grab	услаў
grade	класс
gradually	кем-кемнен
graduate	жоқары оқыў орнын питкериў
grain	дән
grant	грант
granted	менен тәмийинленген
grapes	жүзим
grasp	беккем услаў
grass	шөп
grateful	миннетдар
gratitude	миннетдаршылық
grave	қәбир
gray	күл рең
great	уллы
greed	ашкөзлик
greedy	ашкөз
green	жасыл
greet	сәлемлесиў
greeting	сәлемлесиў
greetings	сәлем
grey	күл рең
grid	сетка
grief	қайғы
grind	егеў
grip	услаў
grocery	азық-аўқат дүкәны
groom	күйеў
gross	брутто
ground	жер
group	топар
grow	ѳсиў
growth	өсиў
grumpy	кейпиятсыз
Guarani	Гуарани
guarantee	кепиллик
guard	тәнсақшы
guess	ойлаў
guest	қонақ
guidance	қолланба
guide	басқарыў
guide	қолланба
guilty	айыплы
guy	жигит
guys	жигитлер
gym	спортзал
habit	әдет
habitat	жасаў орталығы
had	бар болды
hail	буршақ
hair	шаш
half	ярым
hall	зал
hand	қол
handle	еплеў
handsome	келискен
hang	илиў
hang out	айланыўға шығыў
happen	жүз бериў
happened	жүз берди
happiness	бахыт
happy	бахытлы
happy birthday	туўылған күниңиз бенен
happy birthday to you	туўылған күниңиз қутлы болсын
happy new year	жаңа жылыңыз бенен
hard	қатты
hardly	зорға
hardly ever	дерлик ҳешқашан
harm	зыян жеткериў
harm	зыян
harmful	зыянлы
harmony	гармония
harsh	қатаң
harvest	қырман
has	бар
hate	жек көриў
have	бар
have a good day	күнди жақсы өткериң
have a nice day	күнди жақсы өткериң
have breakfast	таңғы асты жеў
have fun	ўақтын шад өткериў
have you eaten	бирдеме жедиңиз бе
having	бар болыў
hazard	қәўип
haze	думан
he	ол
he has	ода бар
he is	ол
head	бас
headache	бас аўырыў
heal	жара питиў
healing	жараның питиўи
health	саламатлық
healthy	саламат
hear	еситиў
heard	еситти
heart	жүрек
heat	ысытыў
heat	ыссылық
heaven	жәннет
heavy	аўыр
hectic	тынышсызланған
height	бойы
heir	мийрасхор
heist	тонаў
held	ѳткерилген
hell	дозақ
Hello	Сәлем
hello dear	сәлем қәдирданым
hello how are you	сәлем, қалайсыз
hello how are you doing	cәлем, аўҳалыңыз қалай
helmet	шлем
help	жәрдем
helpful	пайдалы
hence	сонлықтан
her	оның
herd	үйир
here	усы жерде
heritage	мәдений мийрас
hesitate	екилениў
Hey	Ҳәй
Hi	Сәлем
hi how are you	сәлем, қалайсыз
Hi there	Сәлем
hidden	жасырын
hide	жасырыў
hierarchy	иерархия
high	бийик
highlight	айырып көрсетиў
hike	экскурсия
hiking	походқа шығыў
hilarious	жүдә күлкили
hill	төбешик
him	оны
hint	ишарат етиў
hip	жанбас
hips	еки жанбас
hire	жаллаў
hiring	жаллаў
his	оның
history	тарийх
hit	соққы бериў
hobby	хобби
hold	услап турыў
hold on	күтип турың
hole	тесик
holiday	байрам
hollow	геўик
home	үй
homework	үй жумысы
honest	ҳадал
honestly	шынын айтқанда
Honey	әзизим
Honey	пал
honor	иззет
hood	капюшон
hook	илгек
hop	секириў
hope	үмит
hope	үмит етиў
hopefully	үмит еткен ҳалда
hopeless	үмитсиз
horizontal	кесесине
horn	шақ
horrible	қорқынышлы
horror	қорқыныш
horse	ат
hospital	емлеўхана
hospitality	миймандослық
host	мезбан
host	мезбанлық етиў
hostile	душпанларша
hot	ыссы
hotel	мийманхана
hour	саат
hours	саатлар
house	үй
household	хожалық буйымлары
how	қалай
how about you	сиз шe
how are you	қалайсыз
how are you doing	аўҳалыңыз қалай
how are you doing today	бүгин аўҳалыңыз қалай
how are you today	бүгин аўҳалыңыз қалай
how do you do	аўҳалыңыз қалай
how many	неше
how much	қанша
how often	қәншелли жийи
how old are you	жасыңыз нешеде
how was your day	күниңиз қалай өтти
how was your night	түнди қалай өткердиңиз
however	сонда да
hub	искерлик орайы
hubby	жигитим
hug	қушақлаў
hug	қушақ
huge	үлкен
human	инсан
humble	кишипейил
humid	ызғар
humidity	ығаллылық
hundred	жүз
hungry	аш
hunt	аң аўлаў
hurricane	дүбелей
hurry	асығыў
hurry up	асығың
hurt	қапа етиў
husband	ѳмирлик жолдас
hustle	тыпырлаў
hustle	шала ис
hut	қора
hygiene	гигиена
I	Мен
I am fine	жақсыман
I can	қолымнан келеди
I can't	қолымнан келмейди
I do	қыламан
I do not know	билмеймен
I do not understand	түсинбеймен
I don't know	Билмеймен
I don't understand	Мен түсинбеймен
I don't understand what you mean	не деп турғаныңызды түсинбей турман
I don't understand you	сизди түсинбей турман
I don’t know	билмеймен
I don’t understand	түсинбеймен
i guess	ойлаўымша
I had	менде бар еди
I have	Менде бар
I hope so	солай деп үмит етемен
I know	Билемен
I like	унатаман
I like you	сизди унатаман
I love	сүйемен
I love my big brother	әжағамды жақсы көремен
I love my big sister	әжапамды жақсы көремен
I love my father	әкемди жақсы көремен
I love my little brother	кишкене инимди жақсы көремен
I love my little sister	кишкене қарындасымды жақсы көремен
I love my mother	анамды жақсы көремен
I love you	Мен сизди сүйемен
I love you so much	Cизди қатты сүйемен
I love you too	Мен де сизди сүйемен
I mean	нәзерде тутып турман
I miss you	Cизди сағындым
I miss you so much	сизди қатты сағындым
I see	Түсинемен
I think	ойымша
I understand	Түсинемен
I want	қәлеймен
I want to see you	сизди көргим келип тур
I want you	сени қәлеп турман
I'm	Мен
I'm fine	Жақсыман
I'm good	жақсыман
I'm here	усы жердемен
I'm sorry	Мени кешириң
ice	муз
ice cream	музқаймақ
idea	пикир
ideal	кемиси болмаған
identical	бирдей
identify	анықлыў
identity	шахсты анықлаўшы
idiot	ахмақ
idle	ериниў
if	егер
ignore	итибар бермеў
ill	кесел
illegal	нызамсыз
illness	кеселлик
Ilocano	Илокан
image	имидж
imagine	көз алдына келтириў
immediate	дәрриў
immediately	дәрҳал
immense	жүдә үлкен
impact	тәсирин тийгизиў
impact	тәсир
impatient	шыдамсыз
implement	енгизиў
import	импорт
import	импорт қылыў
important	әҳмийетли
impose	шәрт етип белгилеў
impossible	илажы жоқ
impress	ҳайран қалдырыў
impression	ядта қалыў
impressive	тәсирли
improve	жақсыланыў
improvement	жақсыланыў
in	ишинде
in addition	қомысша түрде
In fact	ҳақыйқатында
in front of	алдында
in order to	ушын
inappropriate	надурыс болған
incentive	марапатлаў
incident	инцидент
include	өз ишине алыў
including	өз ишине алған ҳалда
income	кирим
inconvenience	қолайсызлық
increase	кѳтерилиў
increased	көтерилген
incredible	исенип болмас дәрежеде
indeed	шынында да
independent	ғәрезсиз
India	Ҳиндистан
indicate	көрсетиў
indigenous	түпкиликли
individual	индивидуал
industry	санаат
inevitable	сөзсиз болатуғын
infant	гөдек
infection	инфекция
infinity	шексизлик
inflammation	исиниў
inflation	қунсызланыў
influence	тәсир етиў
influence	тәсир
inform	хабарлаў
information	мағлыўмат
ingredients	қурамы
inheritance	мийрас етип алыў
initial	дәслепки
initiative	баслама
injured	жарақатланған
injury	жарақат
innocent	бийайып
innovation	инновация
inquiry	сорастырыў
insane	есер
insect	қурт-қумырсқа
insecure	қәўипсиз болмаған
insert	киргизиў
inside	иши
insight	терең түсиниклер
insist	турып алыў
insomnia	уйқысызлық
inspiration	илҳамланыў
inspire	йошландырыў
install	орнатыў
instance	мысал
instant	жылдам
instead	орнына
instead of	орнына
instructions	көрсетпелер
instrument	инструмент
insult	кемситиў
insurance	қамсызландырыў
intact	пүтин
integrity	пүтинлик
intellectual	интеллектуал
intelligence	интеллект
intelligent	ақыллы
intend	нийетлениў
intended	ойланған
intense	тығыз
intention	нийет
interact	өз-ара тәсирлесиў
interaction	өз-ара тәсирлесиў
interest	қызығыў
interested	қызыққан
interesting	қызықлы
interfere	араласыў
intermediate	орта дәрежедеги
internal	ишки
international	халықаралық
internship	әмелият
interpret	аўдармалаў
interpreter	аўдармашы
interrupt	кесент етиў
interview	сәўбет
intimate	ымлаў
into	ишине
introduce	таныстырыў
introduction	кирисиў
introvert	интроверт
intuition	интуиция
invalid	әмелде болмаған
invent	жаратыў
inventory	инвентаризация
invest	инвестиция киритиў
investigate	изертлеў
invitation	мирәтнама
invite	шақырыў
invoice	инвойс
invoice	инвойс жибериў
involve	араласыў
involved	ишине алған
iron	утюглеў
iron	темир
island	атаў
isolated	бөлекленген
issue	шығарыў
issue	машқала
issues	мәселелер
it	ол
it is	ол
it's ok	зыяны жоқ
It's okay	ҳеш гәп
item	предмет
items	предметлер
its	оның
jacket	куртка
jail	түрме
January	Январь
jar	банка
jaw	жақ
jealous	қызғаныў
jerk	тез қыймылдатыў
jewelry	тағыншақ
job	жумыс
jogging	жуўырыў
join	қосылыў
joint	буўын
joke	ҳәзил
journalist	журналист
journey	саяхат
joy	кеўил хошлық
judge	судья
judge	критикалаў
juice	шербет
july	июль
jump	секириў
june	июнь
junk	жуўынды
just	тек ғана
just	туўры
just do it	тек ислең
justice	әдиллик
justify	тийкарлап бериў
Kalaallisut	Калааллисут
Kara-Kalpak	Қарақалпақ
Kara-Kalpak	Қарақалпақша
keen	қызығыў
keep	сақлаў
keep it up	тоқтамаң
kept	сақлады
kettle	шәйнек
key	гилт
kick	тебиў
kid	бала
kidding	ҳәзиллесиў
kidney	бөтеке
kids	балалар
kill	өлтириў
kind	мийирман
kind	түр
kinda	сыяқлы
kindly	мүләйим
kindness	мийирманлық
king	патша
kiss	поса
kitchen	асхана
kite	пәтпелек
kitten	пышықтың баласы
knee	дизе
knew	билди
knife	пышақ
knight	рыцарь
know	билиў
knowledge	билим
known	белгили
Konkani	Конкани
Krio	Крио
label	ярлык жабыстырыў
label	ярлык
labor	мийнет
labour	мийнет
lack	жетиспеў
ladder	зәңги
lady	сулыў қыз
laid	қойылған
lake	көл
lamb	қой гөши
lame	ақсақ
lamp	лампа
land	қоныў
land	жер
landscape	ландшафт
language	тил
lap	дизе
large	үлкен
last	ѳткен
last but not least	соңғы, бирақ тең әҳмийетли
last name	фамилия
late	кеш
lately	кейинги ўақытта
later	кеширек
latest	соңғы
latter	екиншиси
laugh	күлиў
laughing	күлиў
laughter	күлки
launch	әмелге киритиў
laundry	кир жуўыў
law	нызам
lawn	газон
lawyer	юрист
lay	қойыў
layer	қатлам
layout	дүзилиси
lazy	ериншек
lead	жетеклеў
leader	жетекши
leaf	жапырақ
leak	сызып ағыў
lean	сүйениў
leap	секирип өтиў
learn	үйрениў
learning	үйрениў
lease	ижараға бериў
least	ең кем
leather	териден исленген
leave	дем алыс
leave	кетиў
leaves	жапырақлар
led	апарды
left	шеп
leg	аяқ
legacy	мийрас
legal	нызамлы
legend	аңыз
legit	нызамлы
leisure	бос ўақыт
lend	қарызға бериў
length	узынлық
less	аз
lesson	сабақ
let	рухсат бериў
letter	хат
lettuce	салат жапырағы
level	дәреже
leverage	нәтийжели пайдаланыў
liability	қарыздарлық
library	китапхана
lick	жалаў
lie	жалған
lie	алдаў
lies	өтирик
life	ѳмир
lift	көтериў
lift	лифт
light	жарықлық
light	жарық
light	жарытыў
lightning	шақмақ
like	унатыў
likely	мүмкин
likewise	уқсас түрде
line	сызық
Lingala	Лингала
link	силтеме
lion	арыслан
liquid	суйық
list	дизим
listen	тыңлаў
listening	еситиў
literally	туўра мәнисинде
literature	әдебият
litter	шығынды
little	киши
live	жанлы
live	жасаў
liver	баўыр
lives	жасайды
living	жанлы
living room	мийманхана
lizard	кесиртке
load	жүклеў
loaf	батон
loan	қарыз
local	жергиликли
location	жайласыў орны
lock	қулып
lockdown	карантин
log	дизимге алыў
lonely	жалғыз
long	узын
long time no see	көптен берли көриспедик
look	кѳринис
look	қараў
loop	цикл
loose	шешиў
loose	кең
lord	ийем
lose	жойтыў
loss	жоғалтыў
lost	жоғалған
lot	партия
loud	бәлент даўыс
lounge	дем алыў бөлмеси
love	муҳаббат
love	сүйиў
love you	сизди суйемен
lovely	сүйкимли
low	тѳменге
lower	төменги
loyal	садық
loyalty	садықлық
luck	сәтлилик
lucky	cәтли
Luganda	Луганда
luggage	жүк
lump	усақ
lunch	түслик
lungs	өкпе
luxury	люкс
lying	жалған
machine	үскене
mad	ойсыз
madam	ханым
made	жасалған
magazine	журнал
magnificent	саўлатлы
maid	хызметкер ҳаял
main	тийкарғы
maintain	сақлаў
maintenance	оңлаў
Maithili	Маитили
major	қәнигелик
major	ири
majority	көпшилик
make	жасаў
make up	косметика
male	еркек
mall	саўда орайы
man	адам
manage	басқарыў
management	басқарыў
manager	басқарыўшы
mandatory	мәжбүрий
manifest	декларация
manipulate	басқарыў
manner	минез
manual	қолланба
many	кѳп
many many happy returns of the day	жасыңызға жас қосылсын
march	март
margin	маржа
market	базар
marriage	турмыс
married	турмысқа шыққан
mask	маска
mass	масса
massive	жүдә үлкен
master	меңгериў
match	сәйкеслик
match	сәйкес келиў
mate	достым
material	материал
math	математика
matter	әҳмийетли болыў
matter	мәселе
maturity	кәмалға жеткен
may	қыз бала
maybe	мүмкин
me	мени
me too	мен де
meal	ас
mean	орташа
mean	аңлатыў
meaning	мәнис
means	қурал
meant	нәзерде тутылған
meanwhile	усы ўақыт аралығында
measure	ѳлшеў
measures	илажлар
meat	гѳш
medical	медициналық
medicine	дәри
meditation	медитация
medium	орташа
meet	ушырасыў
meeting	жыйналыс
Meiteilon	Мейтейлон
melt	ериў
memories	естеликлер
memory	яд
mental	ақылый
mention	нәзерде тутыў
mentioned	атап өтилген
mentor	устаз
merchant	саўдагер
mercy	рейим
merely	зорға
merry christmas	рождество менен
mess	тәртипсиз
message	хабарнама
messy	патас
metal	металл
method	метод
mice	тышқанлар
middle	орта
midnight	ярым түн
mild	жеңил
milestone	жетискенлик
military	әскерий
milk	сүт
million	миллион
mind	ой
mind	итибар бериў
mindset	ой-пикир
mine	меники
mine	шахта
mingle	кесент етиў
minor	әҳмийетсиз
minute	минут
minutes	минут
miracle	кәрамат
mirror	айна
miscellaneous	аралас
mischievous	тентек
miserable	бийшара
misery	уўайым
miss	ѳткерип жибериў
miss you	сизди сағындым
missing	жоқ болған
mission	миссия
mist	думан
mistake	қәте
Mizo	Мизо
mobile	мобиль телефон
mock	масқаралаў
model	модель
moderate	орташа
moderate	жумсартыў
modern	заманагөй
modest	кемтар
moist	ызғарлаў
moisture	ызғарлық
mold	форма шығарыў
mold	қәлип
mole	қал
mom	апа
moment	мәўрит
monday	дүйшемби
money	ақша
monitor	монитор
monkey	маймыл
month	ай
mood	кейпият
moody	кеўил-кейпиятлы
moon	ай
moral	этикалық
more	кѳбирек
moreover	қала берсе
morning	азан
mortgage	ипотека
most	кѳпшилик
mostly	көбинше
mother	ана
motion	қыймылды
motivation	мотивация
mountain	таў
mouse	тышқан
mouth	аўыз
move	қыймылдаў
movement	ҳәрекет
movie	кинофильм
much	көп
mud	ылай
mug	кружка
muscle	булшық ет
museum	музей
mushroom	замаррық
music	музыка
must	шәртлилик
mute	үнсиз
mutual	өз-ара
my	мениң
My dear	әзийзим
my friend	достым
My hovercraft is full of eels	Мениң ҳаўа кемем жылан балыққа толған
my love	мениң муҳаббатым
my name is	мениң атым
my pleasure	жаным менен
myself	өзим
mysterious	сырлы
mystery	сыр
myth	аңыз
nail	шеге
naive	тәжирийбесиз
name	исим
narrative	баянлама
narrow	тар
nasty	жеркенишли
national	миллий
nationality	миллет
native	жергиликли
natural	тәбийий
nature	тәбият
nausea	кеўил айныў
near	қасында
nearby	усы әтирапта
nearly	дерлик
neat	таза
necessary	зәрүр
neck	мойын
necklace	шынжырша
need	мүтәжлик
need	мүтәж болыў
negative	унамсыз
neglect	итибарға алмаў
negotiate	додалаў
neighbor	қоңсы
neighborhood	қоңсы-қоба
nephew	жийен
nerd	ақыллы
nervous	тынышсыз
nest	уя
net	сетка
network	байланыс
neutral	нейтрал
never	ҳешқашан
never give up	тоқтамаң
never mind	итибар бермең
nevermind	итибар бермең
nevertheless	сондай болса да
new	таза
news	жаңалық
next	кейинги
next to	жанында
nice	зор
nice to meet you	танысқанымнан қуўанышлыман
niece	жийен
night	түн
nightmare	қорқынышлы түс
nine	тоғыз
nineteen	он тоғыз
ninety	тоқсан
No	Яқ
no problem	машқала емес
no way	ҳешқашан
nobody	ҳешким
noise	шаўқым
noisy	шаўқымлы
none	ҳешқайсысы
noon	түс
nope	яқ
normal	нормал
north	арқа
nose	мурын
nostalgic	ностальгия
not	емес
not at all	арзымайды
not bad	жаман емес
Not now	Ҳәзир емес
not yet	еле емес
note	жазып қойыў
noted	жазып алынған
nothing	ҳеш нәрсе
notice	байқаў
noticed	байқаған
noun	атлық
nouns	атлықлар
novel	роман
november	ноябрь
now	ҳәзир
nowadays	ҳәзирги күнде
nuisance	унамсыз жағдай
null	ноль
numb	лал болған
number	номер
nurse	мийирбийке
nut	ғоза
nutmeg	аўынан өтириў
nutrition	азықлық
oath	ғарғыс
obesity	семизлик
obey	бойсыныў
object	қарсылық билдириў
objective	ўазыйпа
obligation	миннетлеме
obscure	қараңғылық
observation	гүзетиў
observe	гүзетиў
obsessed	жин ийелеген
obsession	жин ийелеген
obsolete	гөнерген
obstacle	тосық
obtain	ерисиў
obtained	ерисилген
obvious	кѳринип турған
obviously	анық кѳринип турған
occasionally	гейде
occupation	кәсип
occupied	ийеленген
occur	жүз бериў
occurred	жүз берди
occurs	жүз береди
ocean	океан
october	октябрь
odd	тақ
odds	үстинлик
of course	әлбетте
off	ѳшик
offensive	агрессив
offer	усыныс етиў
offer	усыныс
office	офис
official	рәсмий
often	тез-тез
Oh	Ўаҳ
oh really	ҳаў солай ма
oil	май
ok	яқшы
ok dear	яқшы, әзийзим
ok honey	яқшы, жаным
ok my love	яқшы, мухаббатым
okay	яқшы
okay baby	яқшы, жаным
okay dear	болады, әзийзим
okay honey	яқшы, әзизим
okay my love	яқшы, муҳаббатым
old	ески
on	үстине
once	бир мәрте
one	бир
one language is never enough	бир тил ҳешқашан жетерли емес
onion	пияз
online	онлайн
only	тек
open	ашық
operation	операция
opinion	пикир
opportunities	имканиятлар
opportunity	имканият
opposite	қарама қарсы
optimistic	оптимист
option	таңлаў варианты
optional	шәрт болмаған
or	ямаса
orange	апельсин
orange	қызғыш сары
order	тәртипке салыў
order	тәртип
ordinary	әдеттеги
organization	шөлкем
orientation	бағдар
origin	келип шығыўы
original	түп
Oromo	Оромо
orphan	жетим
other	басқа
otherwise	болмаса
our	бизлердиң
Our mission: to enable everyone, everywhere to understand the world and express themselves across languages.	Бизиң ўазыйпамыз: ҳәммениң барлық жерде дүньядағы басқа тилде сөйлеўшилерди түсине алыўын ҳәм өзлериниң ой-пикирин оларға түсиндире алыўын тәмийинлеў.
Our mission: to organize the world's information and make it universally accessible and useful.	Бизиң ўазыйпамыз: дүнья мағлыўматларын тәртипке салыў ҳәм олардан ҳәмме пайдалана алыў мүмкиншилигин жаратыў ҳәм пайдалы етиў
out	тысқарыға
outcome	нәтийже
outfit	кийим
outgoing	ашық адам
outlet	бөлистириў орны
outline	реже
outside	сырты
outstanding	әмелге асырылмаған
oven	духовка
over	үстинен
over there	сол тәрепте
overall	улыўма
overcome	жеңип өтиў
overthinking	көп ойлаў
overwhelmed	ақылдан азған
overwhelming	ҳәдден зыят
owe	қарыздар болыў
owl	байыўлы
own	ийелик етиў
own	жеке
owner	ийеси
ox	өгиз
pace	адым узынлағы
pack	ораў
package	топлам
paid	төлемли
pain	аўырыў
paint	бояў
painting	бояў
pair	жуп
pale	ағарып кеткен
palm	алақан
pan	таба
pandemic	пандемия
panic	ҳаўлығыў
pants	шалбар
paper	қағаз
paradise	жәннет
parallel	параллел
parcel	посылка
pardon	кеширим сораў
parents	ата-ана
park	парк
parrot	тоты
parsley	петрушка
part	бөлим
participate	қатнасыў
particular	белгили
particularly	әсиресе
partner	партнёр
party	зыяпат
pass	ѳтиў
passage	үзинди
passed	өтти
passion	ғайрат
passionate	қумар
passive	пассив
password	пароль
past	өткен
patch	ләтте
path	соқпақ
pathetic	бийшара
patience	шыдам
patient	шыдамлы
patient	наўқас
pattern	шаблон
pause	иркилиў
pavement	соқпақ
pay	төлем
payment	төлем
peace	тынышлық
peaceful	тыныш
peach	шабдал
peak	шыңы
pear	алмурт
peas	горох
peculiar	өзгеше
pee	сидик
pee	cийиў
peel	қыршыў
peer	қатар
peers	қатарлары
pen	ручка
pencil	қәлем
pending	қалып турған
people	адамлар
pepper	бурыш
perceive	аңлаў
perception	түсиник
perfect	минсиз
perform	орынлаў
performance	орынлаў
perhaps	бәлким
period	период
permanent	турақлы
permission	рухсат
permit	рухсат
perseverance	ғайрат
persistent	қайтпайтуғын
person	шахс
personal	жеке
personality	индивидуал өзгешелик
perspective	перспектива
persuade	изинен барыў
pervert	бузық адам
pet	үй ҳайўаны
phase	фаза
phenomenon	қубылыс
philosophy	философия
phone	телефон
photo	сүўрет
phrase	фраза
physical	физикалық
pick	алыў
pick up	жерден алыў
picture	cүўрет
piece	бөлек
pieces	бөлеклер
pig	шошқа
pigeon	кептер
pile	қырынды
pillow	көпшик
pilot	пилот
pin	ушлы предмет
pineapple	ананас
pink	қызғылт рең
pit	ой жер
pitch	даўыс бәлентлиги
pity	рейим
place	қойыў
place	орын
places	орынлар
plague	бахытсызлық
plain	әпиўайы
plan	реже
plane	самолёт
plant	егислик
plants	егинлер
plate	тарелка
platform	платформа
play	ойнаў
play	ойын
playing	айтып турған
pleasant	жағымлы
please	кеўилин шад етиў
please	ѳтиниш
pleased	қуўанышлы
pleasure	рәҳәт
pledge	ўәде бериў
plenty	көп
plot	дүзиў
plug	вилка
plum	қәрели
plumber	сантехник
plural	көплик
podcast	подкаст
poem	поэма
poetry	поэзия
point	ноқат
poison	зәҳәр
police	милиция
policy	тәртип
polite	мүләйим
pollution	ҳаўаны зыянлаў
pond	көл
pool	көл
poop	үлкен дәрет
poor	жарлы
pop	поп
popular	белгили
population	халық
pork	шошқа гөши
porridge	каша
port	порт
position	ҳалат
positive	унамлы
possess	ийелик етиў
possession	ийелик
possessive	ийелик
possible	мүмкин
post	жәриялаў
post	пост
postpone	қалдырыў
potato	картошка
potential	потенциал
pound	фунт
poverty	кәмбағаллық
power	күш
powerful	күшли
practical	әмелий
practice	шынығыў
praise	мақтаў
prank	пранк
pray	сыйыныў
precious	баҳалы
precise	анық
precisely	тап солай
predict	болжаў
prefer	абзал кѳриў
preference	абзаллық
pregnant	жүкли
prejudice	исеним
premises	орынлар
premium	премиум
preparation	таярлық
prepare	таярлаў
prepared	таярланған
preposition	предлог
presence	бар болыў
present	саўға
present	ҳәзирги
presentation	презентация
preserve	сақлаў
president	президент
press	басыў
press	баспа сөз
pressure	басым
pretend	сыяқлы тутыў
pretty	әдеўир
pretty	жағымлы
prevent	алдын алыў
previous	алдынғы
prey	олжа
price	баҳа
pride	мақтаныш
priest	руўханий
primary	дәслепки
prime	дәслепки
princess	мәлийка
principal	тийкарғы
prior	алдынғы
priority	үcтин болған
prison	түрме
privacy	жеке
private	жеке
privilege	артықмашлық
prize	приз
probably	итимал
problem	машқала
procedure	процедура
proceed	даўам етиў
process	қайта ислеў
process	процесс
produce	ислеп шығарыў
product	өним
production	өндириў
profession	профессия
professional	профессионал
profile	профиль
profit	пайда
profound	терең
progress	раўажланыў
progress	раўаж
project	проект
prominent	анық көринип турған
promise	ўәде бериў
promise	ўәде
promote	лаўазымын көтериў
promotion	лаўазымы көтерилиў
prompt	еслетпе
prone	бейим
pronouns	алмасықлар
pronunciation	айтылыўы
proof	дәлил
proper	дурыс
properly	мүлк
properties	қәсийетлери
property	мүлк
proposal	усыныс
prospect	көзқарас
prosperity	жайнап-жаснаў
prosperous	гүллеген
protect	қорғаў
proud	мақтаныў
prove	дәлиллеў
provide	тәмийинлеў
provided	егер сондай жағдайда
province	провинция
provision	тәмийнат
puberty	ержетиў
public	жәмийетлик
pull	тартыў
pumpkin	қабақ
punctual	өз ўақтында
pupil	оқыўшы
purchase	сатып алыў
pure	таза
purple	сыя рең
purpose	мақсет
purse	кошелёк
pursue	умтылыў
pursuit	умтылыў
push	басыў
put	қойыў
qualification	диплом
quality	сапа
quantity	муғдар
quarantine	карантинге алыў
quarrel	жәнжеллесиў
quarrel	жәнжел
quarter	шерек
Quechua	Кечуа
queen	ханшайым
queer	гомосексуалист
query	сораў
question	сораў
queue	нәўбет
queue	нәўбетке турыў
quick	шаққан
quickly	тез
quiet	тыныш
quilt	жыллы көрпе
quit	тоқтатыў
quite	әдеўир
quite	толық
quiz	жумбақ
quotation	цитата
quote	сөзин келтириў
quote	цитата
quotes	тырнақша
rabbit	қоян
race	жарыс
rage	қәҳәр
rain	жаўын
raise	кѳтерилиў
raise	кѳтериў
raised	өсирген
ran	жуўырды
random	тосыннан
range	диапазон
rapid	тез
rapidly	жүдә тезлик пенен
rare	кем ушырасатуғын
rarely	гейде
rash	таспа
rat	балпақ тышқан
rate	курс
rather	анығырағы
ratio	қатнасы
rational	ақылға сай
raw	жетилиспеген
reach	жетиў
reached	ерисилди
reaction	реакция
read	оқыў
reading	оқыў
ready	таяр
real	ҳақыйқый
reality	ҳақыйқат
realize	аңлаў
realized	түсинген
really	жүдә
rear	артқы бөлими
reason	себеп
reasonable	себепли
recall	еслеў
receipt	чек
receive	алыў
received	алды
recent	соңғы
recently	жақында
reception	қабыллаўхана
recipe	рецепт
reckless	ойсыз
recognition	таныў
recognize	таныў
recommend	усыныс етиў
recommended	усынылған
record	запись
record	жазып алыў
recover	саўалыў
recovery	саўалыў
rectangle	төртмүйешлик
red	қызыл
redeem	айыбын жуўыў
redemption	қайтарыў
reduce	түсириў
redundant	ҳәдден тыс көп
refer	жолығыў
reference	таяныш дерек
reflect	сәўлелениў
reflection	сәўлелениў
refrain	өзин тыйыў
refrigerator	музлатқыш
refund	шығынын қаплап бериў
refuse	бас тартыў
refused	бас тартыў
regard	сәлем
regarding	бойынша
regardless	қарамастан
regards	ҳүрмет пенен
region	регион
register	дизимге алыў
regret	пушайман болыў
regular	әпиўайы
regularly	турақлы түрде
reject	бас тартыў
relate	байланыстырыў
related	байланыслы
relationship	қарым-қатнас
relative	байланыслы
relative	ағайин
relatives	ағайинлер
relax	дем алыў
release	шығарыў
release	шығарым
released	шығарылды
relevant	тийисли
reliable	исенимли
relief	жаны жай табыў
relieve	жеңиллесиў
relieved	жеңиллеген
religion	дин
religious	диндар
reluctant	шарасыз
rely	сүйениў
remain	қалыў
remaining	қалып турған
remarkable	айрықша
remedy	ем
remember	еслеў
remind	еслетиў
reminder	еслетпе
remote	аралық
remove	алып таслаў
render	жәрдем көрсетиў
rent	ижараға алыў
repair	дүзетиў
repeat	қайталаў
replace	алмастырыў
reply	жуўап бериў
reply	жуўап
report	есабат бериў
report	есабат
represent	ўәкиллик етиў
reputation	абырай
request	ѳтиниш етиў
request	ѳтиниш
require	талап етиў
required	соралған
rescue	қутқарыў
research	изертлеў
resemble	уқсаў
resentment	қапагершилик
reservation	бәнт етиў
reserve	сақлаў
resident	резидент
resign	ўазыйпадан бас тартыў
resilience	стресске турақлылық
resilient	беккем
resist	қарсылық қылыў
resistance	турақлылық
resolution	резолюция
resolve	шешимин табыў
resort	санатория
resources	ресурслар
respect	ҳүрметлеў
respect	ҳүрмет
respond	жуўап бериў
response	жуўап
responsibility	жуўапкершилик
responsible	жуўапкер
rest	дем алыў
rest in peace	жатқан жериңиз жайлы болсын
restaurant	ресторан
restore	қайта тиклеў
restrict	шеклеў
result	нәтийже
results	нәтийжелер
resume	қайта тиклеў
retail	усақлап сатыў
retain	услап турыў
retention	услап қалыў
retired	напақаға шыққан
retreat	шегиниў
retrieve	қайтарып алыў
return	қайтыў
reveal	ашықлаў
revealed	ашықланды
revenge	өш алыў
revenue	түсим
reverse	артқа
review	қайта кѳрип шығыў
revise	қайта көрип шығыў
revision	қайта көриў
revolution	төңкерис
reward	сыйлықлаў
rhythm	ритм
rib	қабырға
rice	гүриш
rich	бай
rid	босатыў
ride	кѳликте жүриў
ride	кѳликте жүрилген жол
ridiculous	күлкили
right	оңға
right	ҳақ-ҳуқық
right now	тап ҳәзир
rigid	қатаң
ring	жүзик
rinse	шайыў
riot	көтерилис
rip	жарық жер
rip	сындырыў
ripe	пискен
rise	кѳтерилиў
risk	риск
risk	тәўекел етиў
rival	бәсекилес
river	дәрья
road	жол
roast	қуўырыў
robust	беккем
rock	тас
rod	қармақ
role	роль
roll	рулон
roof	жайдың төбеси
room	хана
root	тамыр
rope	жип
rotten	шириў
rough	қыйын
roughly	шамалап
round	домалақ
route	жөнелис
routine	күнделик тәртип
row	қатар
rub	ысқылаў
rubber	резина
rubbish	мәниссиз
rude	қопал
rug	гилемше
ruin	бузыў
rule	қағыйда
ruler	сызғыш
rules	қағыйдалар
run	жуўырыў
running	жүрип турған
rural	аўыллық жерлер
rush	тығыз ўақыт
rush	асығыў
sack	босатыў
sacred	әўлийе
sacrifice	қурбан етиў
safe	қәўипсиз
safe flight	аман барың
safety	қәўипсизлик
sage	дана
said	айтты
sail	теңиз саяхаты
sailing	кемеде жүзиў
sake	ийгилик
salary	айлық
sale	распродажа
salmon	лосос
salt	дуз
same	бирдей
Same here	бизде де солай
sample	үлги
sand	қум
Sanskrit	Санскрит
sarcastic	мысқыллы
sassy	шешен
sat	отырды
satisfaction	қанаатланыў
satisfied	қанаатланған
satisfy	қанаатланыў
satisfying	рәҳәтлендириўши
Saturday	Шемби
sausage	колбаса
savage	мийримсиз
save	сақлыў
saw	кѳрди
say	айтыў
scale	шкала
scam	ҳийлекерлик
scar	тыртық
scarce	аз
scared	қорқып қалған
scarf	шарф
scary	қорқынышлы
scattered	шашылған
scene	сахна
scenery	декорация
scent	жағымлы ийис
schedule	кестеге киритиў
schedule	кесте
school	мектеп
science	илим
scientist	илимпаз
scientists	алымлар
scissors	қайшы
scold	тоңқылдақ ҳаял
scope	шегарасы
score	очко
scrap	қағаз бөлеги
scratch	тырнаў
scream	бақырыў
screen	экран
screw	шуруп
script	сценарий
sea	теңиз
seal	штамп
search	излеў
season	мәўсим
seat	орынлық
second	екинши
secret	сыр
section	секция
secure	қәўипсиз
security	қәўипсизлик илажлары
see	кѳриў
see you	көрискенше
see you later	көрискенше
see you soon	көрискенше
see you tomorrow	ертең көрискенше
seed	туқым
seek	излеў
seem	түйилиў
seems	түйиледи
seen	көринди
seize	қолға алыў
seizure	тутқанақ
seldom	арасында
select	таңлаў
self	өз
self healing	өзи тәўир болатуғын
selfish	егоист
sell	сатыў
send	жибериў
send me your picture	сүўретиңизди жибериң
senior	үлкен
sense	cезим
sensible	сезилерли
sensitive	сезимтал
sent	жөнетилген
sentence	гәп
sentences	гәплер
separate	бѳлек
Sepedi	Сепеди
september	сентябрь
sequence	избе-излик
series	серия
serious	ҳәзил болмаған
seriously	раслап
serve	аўқат тартыў
service	хызмет
session	сессия
set	топлам
set	ѳзгертиў
set up	орнатыў
setting	сазлаў
settle	орналасыў
seven	жети
seventeen	он жети
seventy	жетпис
several	бирнеше
severe	аўыр дәрежедеги
sew	тигиў
shade	сая
shadow	сая
shake	қол алысыў
shallow	сайыз
shame	уят
shape	форма
share	бѳлисиў
sharp	өткир
she	ол
she has	ода бар
she is	ол
shed	шертек
sheep	қой
sheet	бет
shelf	полка
shell	қабық
shelter	баспана
shield	қалқан
shift	жылжыў
shine	жарқыраў
ship	кеме
shipping	жөнетиў
shirt	көйлек
shoes	аяқ кийим
shoot	атыў
shop	дүкән
shopping	базарлаў
shore	жаға
short	қысқа
shortage	жетиспеўшилик
shot	оқлаў
shot	соққы
shoulder	ийин
shout	бақырыў
show	кѳрсетиў
show	шоу
show me	көрсетиң
shower	душ
shrimp	креветка
shrink	қысқарыў
shut	жабыў
shut up	аўзыңды жап
shy	уялшақ
sibling	туўысқан
siblings	туўысқанлар
sick	кесел
side	қаптал
sigh	суўық дем алыў
sight	кѳриў қәбилети
sightseeing	әтирапты көриў
sign	қол қойыў
signature	қолы
significant	сезилерли
silence	тынышлық
silent	үнсиз
silk	жипек
silly	ақмақ
silver	гүмис
similar	бирдей
simp	ахмақ
simple	әпиўайы
simultaneously	бир ўақытта
since	берли
sincere	шын жүректен
sincerely	шын жүректен
sing	қосық айтыў
singer	қосықшы
single	жалғыз
sink	раковина
sink	шѳгиў
Sir	Мырза
sister	қарындас
sister in law	келин
sit	отырыў
site	майдан
situation	жағдай
six	алты
sixteen	он алты
sixty	алпыс
size	өлшем
skill	қәбилет
skills	қәбилетлер
skin	тери
skinny	азғын
skip	атлап өтиў
skirt	юбка
sky	аспан
slave	қул
sleep	уйықлаў
sleeping	уйқыдағы
sleepy	уйқысыраған
sleeve	жең
slice	бөлекке бөлиў
slice	бөлек
slide	сырғанаў
slightly	азғана
slim	арық
slip	тайыў
slope	қайысқан жер
slot	тесик
slow	әстен
slowly	әстен
small	киши
smart	бежере алыў
smell	ийискелеў
smile	мыйық тартыў
smile	күлки
smoke	шегиў
smooth	тегис
snack	снэк
snail	улитка
snake	жылан
snap	кнопка
snow	қар
so	солай
so cute	жүдә сүйкимли
so far	усы ўақытқа шекем
soak	сиңдирип алыў
soap	сабын
sober	есине келтириў
soccer	футбол
social	социаллық
society	жәмийет
socks	шулық
soft	жумсақ
software	дәстүр
soil	топырақ
sold	сатылған
sold out	сатып таўсылған
soldier	әскер
sole	табан
solid	тығыз
solution	шешим
solve	шешиў
some	айырым
somebody	гейбиреў
somehow	қалай да
someone	гейбиреў
something	бир нәрсе
sometimes	гейде
song	қосық
soon	жақын арада
sophisticated	көпти көрген
Sorani	Сорани
sore	жара орын
sore	аўырып турған
sore throat	тамақ аўырыў
sorrow	қайғы
Sorry	Кешириң
sort	сорт
sought	талап етилетуғын
soul	кеўил
soulmate	кеўиллес
sound	даўыс
soup	сорпа
sour	ашқылтым
source	дерек
south	қубла
space	орын
spam	спам
span	айланыў
Spanish	Испанша
spare	аўысық
spare	ўақыт бѳлиў
speak	сөйлеў
special	арнаўлы
species	түрлер
specific	тийисли
spectacular	жарқын көринис
speech	шығып сөйлеў
speechless	лал
speed	тезлик
spell	ҳәриплеп айтыў
spend	сарыплаў
spent	сарыпланған
spicy	ашшы
spike	тисше
spin	айналыў
spinach	шпинат
spirit	руўх
spit	түпириў
splendid	әжайып
split	айырыў
split	бѳлек
spoil	бүлдириў
spoiled	бүлинген
spontaneous	дус келген
spoon	қасық
spot	ноқат
spouse	жубай
spread	жайылған
spring	бәҳәр
square	квадрат
squeeze	қысыў
squid	кальмар
squirrel	тыйын
stab	тығыў
stable	турақлы
stack	стеллаж
staff	хызметкер
stage	этап
stain	бояў
stairs	текше
stake	ставка
stalk	жасырын ҳәрекет
stall	киоск
stamp	мөр
stand	турыў
stand	стенд
standard	стандарт
star	жулдыз
start	баслаў
started	баслады
starving	аш
state	атап ѳтиў
state	ҳалат
statement	хабар
station	вокзал
statue	ҳәйкел
status	статус
stay	қалыў
stay safe	аман жүриң
steady	турақлы
steak	стейк
steal	урлаў
steam	пар
steel	урлаў
steep	тик
stem	түбир
step	қәдем
stick	таяқ
stiff	алдаў
still	еле
still	қыймылсыз
sting	шағыў
stingy	сықмар
stir	былғаў
stock	акция
stolen	урланған
stomach	қарын
stone	тас
stood	турды
stool	орындық
stop	тоқтаў
storage	склад
store	сақлаў
storm	даўыл
story	ўақыя
stove	газ ошақ
straight	туўры
straightforward	тик
strain	штамм
strange	бийтаныс
stranger	бийтаныс
strategy	стратегия
straw	сабан
strawberry	клубника
streak	ўақыт аралығы
stream	ағыс
street	көше
strength	күш
stress	стресс
stretch	созыў
strict	қатаң
strike	көтерилис
string	сым
strip	жиңишке кесинди
strive	интилис
stroke	сызық
strong	күшли
struck	қағып кеткен
structure	дүзилис
struggle	қыйналыў
struggle	қыйыншылық
struggling	қыйналып атырған
stubborn	надан
stuck	қысылып калыў
student	студент
study	оқыў
studying	оқыў
stuff	зат
stunning	лал қаларлық
stupid	ахмақ
style	стиль
subject	атама
submission	тапсырыў
submit	тапсырыў
substance	орталық
substitute	алмастырыў
subtle	нәзик
succeed	сәтли болыў
success	әўмет
successful	сәтли
such	сондай
such as	сыяқлы
suck	сорыў
sudden	тосаттан
suddenly	тосыннан
suffer	қыйналыў
suffering	қыйналып атырған
sufficient	жетерли
sugar	шекер
suggest	усыныў
suggestion	усыныс
suit	костюм
suit	жарасыў
suitable	сәйкес
suitcase	чемодан
sum	улыўма есап
summary	мазмуны
summer	жаз
summit	саммит
sun	қуяш
sunday	Екшемби
sunny	қуяшлы
sunset	күн батыў
sunshine	қуяш нуры
super	супер
superior	үстин турыўшы
supervisor	гүзетиўши
supper	кешки аўқат
supply	тәмийнат
supply	тәмийинлеў
support	қоллап-қуўатлаў
suppose	деп ойлаў
supposed	күтилген
sure	исеними кәмил болыў
surface	жүзи
surge	бирден көтерилип түсиў
surgery	операция
surname	фамилия
surprise	ҳайран қалдырыў
surprised	ҳайран қалған
surrender	бағыныў
surrounding	қоршаған
surveillance	гүзетиў
survey	сораўнама
survey	сораўнама ѳткериў
survive	аман қалыў
suspect	гүманланыўшы
suspect	гүманланыў
suspended	қалдырылған
suspicious	гүманлы
sustain	турақландырыў
sustainability	турақлылық
sustainable	турақлы
swag	олжа
swallow	жутыў
swap	алмастырыў
swear	ант етиў
sweat	терлеў
sweater	свитер
sweep	сыпырыў
sweet	мазалы
sweet dreams	жақсы түслер көриң
sweet tooth	мазалыны сүйиўши
sweetheart	сүйикли
swell	исиў
swelling	исик
swim	жүзиў
swimming	жүзиў
swing	шайқалыў
swing	шайқалыс
switch	выключатель
switch	қосыў
swollen	исинген
sword	қылыш
symbol	символ
sympathy	унатыў
symptoms	белгилери
system	система
table	стол
tackle	шешиў
tag	биреўди белгилеў
tail	қуйрық
take	алыў
take away	алып кетиў
take care	аман болың
take off	кийимди шешиў
taken	алынды
talk	сәўбетлесиў
talk	сәўбет
talkative	сөйлемшек
tall	узын
tap	кран
tap	ағызып алыў
tape	лента
target	гөзлеў
target	нышан
task	ўазыйпа
taste	дәм
taste	дәм бериў
tasty	мазалы
taught	оқытты
tea	шай
teach	оқытыў
teacher	оқытыўшы
team	команда
tear	тозыў
tears	көз жаслары
tease	ашыўына тийиў
technology	технология
teeth	тислер
tell	айтыў
tell me	маған айтың
temper	ашыў
temperature	температура
temple	ибадатхана
temporary	ўақытша
ten	он
ten thousand	он мың
tenant	ижарашы
tend	бейим болыў
tendency	ҳәрекет бағдары
tender	тендер
tense	мәҳәл
tension	басым
tent	шатыр
tentative	ўақытша
term	мүддет
terms	шәртлер
terrible	қорқынышлы
terrific	қорқынышлы
territory	территория
test	тест
test	тест ислеў
text	текст
than	гѳре
thank	рахмет
thank you	рахмет
Thank you for your patience while we investigate shipment	Жѳнетпени тексериўимиз даўамында күтип турғаныңыз ушын рахмет
thank you so much	үлкен рахмет
thank you very much	үлкен рахмет
thanks	рахмет
Thanks for using our app	Бизиң дәстуримизден пайдаланғаныңыз ушын рахмет
that	сол
that is	сол
that's good	жақсы
theft	урлық
their	олардың
them	оларды
theme	тема
themselves	өзлери
then	кейин
theory	теория
there	сол жерде
there are	бар
there is	бар
therefore	сонлықтан
these	булар
they	олар
thick	қалың
thief	уры
thigh	сан
thin	жиңишке
thing	зат
things	затлар
think	ойлаў
third	үшинши
thirsty	шөллеў
thirteen	он үш
thirty	отыз
this	бул
this is	бул
thorough	пуқта
thoroughly	пуқталық пенен
those	олар
though	қарамастан
thought	ойлады
thought	ой
thoughtful	ойға талған
thoughts	ойлар
thousand	мың
thread	жип
threat	қәўип
threaten	қорқытыў
three	үш
threshold	босаға
thrilled	үлкен қуўанышта болыў
thrive	жайнап-жаснаў
throat	тамақ
through	арқалы
throughout	бойлап
throw	ылақтырыў
thumb	бас бармақ
thunder	гүлдирмама
Thursday	Пийшемби
thus	бунда
tick	түртиў
tide	теңиз толқыны
tidy	тәртипке келтирилген
tie	байлаў
tie	галстук
tiger	жолбарыс
tight	беккемлеп
Tigrinya	Тигриня
time	ўақыт
timid	шоршыған
tiny	жүдә киши
tip	мәсләҳәт
tips	пайдалы мағлыўмат
tire	баллон
tired	шаршаған
tissue	салфетка
title	атама
toast	қыздырыў
today	бүгин
toddler	кишкене бала
toes	аяқтың бас бармақлары
together	биргеликте
toilet	ҳәжетхана
told	айтылған
tolerance	шыдам
tolerate	шыдаў
tomato	помидор
tomorrow	ертең
tongue	тил
tonight	бүгин кеште
took	алдынғы
tool	қурал
tools	үскенелер
tooth	тис
top	төбеси
topic	тема
torn	жыртық
torture	азап бериў
total	жәми
touch	тийиў
tough	қыйын
tour	тур
toward	тәрепке
towards	тәрепке
towel	сүлги
town	қала
toxic	зәҳәрли
trace	из
track	из
trade	саўда қылыў
trade	саўда
tradition	үрп-әдет
traditional	миллий
traffic	жол ҳәрекети
trail	соқпақ
train	шынықтырыў
training	тренинг
trait	минез өзгешелиги
traits	өзгешелик белгилери
transfer	басқа орынға өткериў
transition	өтиў
translate	аўдармалаў
transparent	көринетуғын
transport	транспорт
transportation	транспортировка
trap	қақпан
trash	шығынды
trauma	травма
travel	саяхат етиў
tray	поднос
treasure	ғәзийне
treat	қатнаста болыў
treatment	ем
tree	терек
tremendous	нәҳән
trend	тенденция
trial	сынақ
trick	сыр
tried	ҳәрекет еткен
trigger	ҳәрекетке келтириўши тутқыш
trigger	ҳәрекетке келтириў
trim	қырқыў
trip	саяхат
trouble	қайғы
trousers	шалбар
truck	жүк машинасы
true	дурыс
trunk	томар
trust	исениў
trust	исеним
truth	ҳақыйқат
try	ҳәрекет етиў
Tsonga	Цонга
tube	трубка
Tuesday	Шийшемби
tuition	тәлим
turkey	түйетаўық
turmeric	куркума
turn	бурылыў
turtle	тасбақа
tutor	репетитор
twelve	он еки
twenty	жигирма
twenty-one	жигирма бир
Twi	Тви
twice	еки рет
twist	қайысыў
two	еки
type	түр
typical	әдеттеги
ugly	унамсыз
ultimate	соңғы нәтийже
umbrella	саябан
unable	епсиз
uncle	дайы
unconscious	ҳуўышсыз
under	астында
underneath	төменги бөлими
underrated	жетерлише баҳаланбаған
understand	түсиниў
understood	түсинди
unfortunately	тилекке қарсы
uniform	униформа
unique	жалғыз
unit	бирлик
university	университет
unknown	белгисиз
until	шекем
unusual	өзгеше
up	жоқарыға
up to you	өзиңе байланыслы
update	жаңалық
update	жаңалық бериў
upgrade	жоқарылатыў
upgrade	жоқарылаў
upon	ўақтында
upset	қапа
urban	қала әтирапы
urge	ийтермелеў
urgent	қыстаўлы
us	бизлердиң
use	пайда
use	пайдаланыў
used	пайдаланылған
useful	пайдалы
useless	пайдасыз
usual	әдеттеги
usually	әдетте
utility	энергия ресурслары
vacation	мийнет дем алысы
vaccination	вакцинация
vaccine	вакцина
vacuum	шаңжутқышта тазалаў
vague	түсиниксиз
valid	әмелдеги
valley	ойпатлық
valuable	баҳалы
value	баҳа
value	баҳалаў
variety	ҳәр түрли
various	тўрлише
vary	парық қылыў
vase	ваза
vast	көп санлы
vegetable	палыз өнимлери
vegetables	палыз өнимлери
vehicle	көлик
vendor	тамийнатшы
venom	зәҳәр
venture	кәрхана
venue	мәкан жайы
verify	тастыйықлаў
versatile	ҳәр тәреплеме
version	версия
vertical	вертикал
very	жүдә
very good	жүдә жақсы
vessel	суў транспорты
via	арқалы
vibe	болжам
vibes	болжам
vicious	ылас
victim	қурбан
video	видео
view	кѳриў
village	аўыл
villain	залым
vinegar	уксус
vintage	қәдимги
violence	жаўызлық
violent	жаўызларша
viral	жуғымлы
virgin	қыз бала
virtual	виртуал
virtue	ҳүждан
vision	көриў қәбилети
visit	визит шөлкемлестириў
visit	визит
visual	визуал
vital	өмирлик
vivid	жанлы
vocabulary	сөзлик
voice	даўыс
void	бос
volume	көлем
volunteer	кеўилли
vomit	қайтарыў
vomit	қусық
vulnerable	әззи
wage	ис ҳақы
wages	ис ҳақы
waist	бѳксе
wait	күтиў
waiter	официант
waiting	кутипмекте
wake	ояныў
wake up	оятыў
walk	жүриў
walk	айланыў
walking	жүрип баратырған
wall	дийўал
wallet	кошелёк
wander	гезиў
wanna	қәлеймен
want	қәлеў
wanted	қәленген
war	урыс
wardrobe	шкаф
warehouse	склад
warm	жыллы
warm	жылытыў
warn	ескертиў
warning	ескертиў
warrior	жаўынгер
wash	жуўыў
waste	ысырап
waste	ысырап етиў
watch	тамаша етиў
water	суў
watermelon	қаўын
wave	қолды былғаў
way	жол
we	бизлер
weak	әззи
weakness	әззилик
wealth	байлық
wealthy	бай
wear	кийиў
wearing	кийген
weather	ҳаўа райы
wedding	той
Wednesday	Cәршемби
weed	шөп
week	ҳәпте
weekend	ҳәпте ақыры
weight	салмақ
weight	салмақ басыў
weird	ѳзгеше
welcome	хош келипсиз
welfare	аманлық
Well	Жақсы
well done	бәрекелла
went	барды
west	батыс
wet	ызғар
whale	кит
what	не
what about you	сен не
what are you doing	не ислеп атырсыз
what are you doing now	ҳәзир не ислеп атырсаң
what are you doing right now	ҳәзир не ислеп атырсыз
what do you do	не ислейсиз
what do you do for a living	не жумыс ислейсиз
what do you mean	нени нәзерде тутып турсыз
what do you want	не қәлейсиз
what happened	не болды
what is	не
what is this	бул не
what is your job	кәсибиңиз не
what is your name	атыңыз ким
what's up	не жаңалық
what's your name	атыңыз ким
whatever	не болса да
wheat	бийдай
wheel	дөңгелек
when	қашан
whenever	қашан болса да
where	қай жерде
where are you	қай жердесиз
where are you from	қай жерден боласыз
where are you now	ҳәзир қай жердесиз
where do you live	қай жерде турасыз
where is	қай жер
which	қайсы
whisper	сыбырлаў
whistle	ысқырыў
white	ақ
who	ким
who are you	сиз кимсиз
who is	ким
who is this	бул ким
whole	пүткил
whom	кимди
whose	кимниң
why	не ушын
why not	неге болмасын
wicked	гүнәкәр
wide	кең
widow	жесир ҳаял
width	ени
wife	ѳмирлик жолдас
wild	жабайы
will	ерк
willing	нийетленген
win	жеңиў
wind	самал
window	айна
windy	самаллы
wine	вино
winter	қыс
wipe	сүртиў
wire	сым
wisdom	даналық
wise	ақыллы
wish	тилек
wish	тилеў
wish you all the best	зор тилеклерди тилеймен
witch	мәстан кемпир
with	бенен
withdraw	шығарыў
withdrawal	шығарып алыў
within	арасында
witness	гүўа
witness	гүўа болыў
witty	ақылы өткир
wolf	қасқыр
woman	ҳаял
women	ҳаял-қызлар
won	жеңди
wonder	қызықсыныў
wonderful	әжайып
wood	ағаш
wool	жүн
word	сөз
words	сөзлер
work	жумыс ислеў
work	жумыс
work out	ислеп шығыў
working	ислеп атыр
world	дүнья
worm	қурт
worn	тозған
worried	қайғырған
worry	қайғырыў
worse	жаманырақ
worship	сыйыныў
worst	ең жаман
worth	арзыйтуғын
worth it	буған арзыйды
worthy	арзырлы
wound	жара
Wow	Оҳҳо
wrap	ораў
wrath	ғәзеп
wrist	билек
write	жазыў
Write here	Мына жерге жазың
writing	жазыў
written	жазылған
wrong	қәте
wrote	жазды
yard	ҳәўли
yawn	еснеў
Yeah	Бәрекелла
year	жыл
years	жыллар
yeast	дрожжи
yell	бақырыў
yellow	сары
Yes	Аўа
yes baby	аўа, жаным
yes dear	аўа, әзийзим
yes honey	аўа, әзизим
yes my love	аўа, муҳаббатым
yes of course	аўа әлбетте
yesterday	кеше
yet	еле
yield	ҳасылдарлық
you	сиз
you are	сен
you are beautiful	сиз сулыўсыз
you are so beautiful	сиз сондай сулыўсыз
you are welcome	арзымайды
You know	Хабарыңыз болғанындай
you too	сен де
you're welcome	арзымайды
young	жас
your	сизиң
your welcome	арзымайды
yourself	өзиңиз
youth	жаслық
you’re welcome	арзымайды
yummy	мазалы
zero	ноль
