abandoned	छोड़ि देल गेल
abandon	छोड़नाइ
abide	पालन ​​ करनाइ
ability	योग्यता
able	योग्य
about	विषय में
above	ऊपर
abroad	विदेश
absence	अनुपस्थिति
absent	अनुपस्थित
absolutely	पूर्ण रूप सं
absorb	सोख लेनाइ
abstract	निराकार
absurd	निरर्थक
abundance	बहुत बेसी होबए
abundant	प्रचुर
abuse	गारि देनाइ
accent	बोली
accept	स्वीकार
access	पहुंच
accident	दुर्घटना
accommodation	निवास
accomplished	समाप्त भेनाइ
accomplish	पूरा
according	अनुसार
account	खाता
accuracy	सटीकता
accurate	सटीक
accused	दोषी
ache	दरद
achievement	उपलब्धि
achieve	प्राप्त करु
acknowledge	स्वीकार करनाइ
acquaintance	परिचित
acquired	अधिग्रहीत
acquire	अधिग्रहण
acquisition	अधिग्रहण
across	आर-पार
action	कार्य
active	चुस्त
activities	गतिविधि
activity	क्रिया-कलाप
actor	अभिनेता
actually	वस्तुतः
actual	वास्तविक
act	नाटक करनाइ
acute	तीव्र
adapt	अनुकूल
addicted	आदी भेनाइ
additional	अतिरिक्त
addition	जोड़नाइ
address	ठिकाना
add	जोड़ू
adequate	पर्याप्त
adjacent	सटल
adjective	विशेषण
adjust	ठीक करनाइ
admire	प्रशंसा
admit	प्रवेश
adopt	गोदलेनइ
adorable	आकर्षक
advanced	आगू बढ़ल
advance	अग्रिम
advantage	फायदा
adventure	साहसिक काज
adverb	धातु-विशेषण
advertisement	विज्ञापन
advertising	प्रचार
advice	सलाह
advise	विचार
advocate	वकील
aesthetic	सौन्दर्यात्मक
affair	मामिला
affection	प्रेम
affect	प्रभाव
affordable	सस्ता
afford	खर्च
afraid	भयभीत
afternoon	बेर-उपहर
afterwards	बाद मे
after	बाद मे
against	क' विरुद्ध
again	दोबारा
agency	संस्था
agent	मुनीम
age	आयु
aggressive	आक्रामक
agile	फुरतीला
ago	पहिने
agreement	समझौता
agree	सहमत
agriculture	खेती
ahead	आगू
aid	सहायता
aim	लक्ष्य
airport	हवाई अड्डा
air	हवा
aisle	गलियारा
alarm	अलार्म
alcohol	दारु
alert	चेतावनी
a little	तनका
alive	जीवित
allowed	अनुमति देल
allow	अनुमति
all right	सब ठीक
all the best	शुभकामना
all	सभटा
almost	प्रायः
alone	असगर
along	संग मे
a lot of	ढेर
a lot	ढेर बेसी
already	पहिनहि सँ
Alright	ठीक छै
also	इहो
alternative	विकल्प
although	यद्यपि
always	सदिखन
amazing	आश्चर्यजनक
ambiguous	ढेर अर्थ बला
ambition	अभिलाषा
ambitious	महात्वाकांक्षी
amend	संशोधन
amid	क बीच
among us	हम सभक बीच
among	क' बीच मे
amount	मात्रा
amusing	मनोरंजक
analysis	विश्लेषण
ancestors	पुरखिन सभ
anchor	लंगर
ancient	पुरातन
and you	आओर अहां
and	आओर
angel	कोण
anger	क्रोध
angle	कोण
angry	क्रोधित
animal	जानवर
ankle	टखना
anniversary	वर्षगांठ
announcement	घोसना
annoyed	अप्रसन्न
annoying	तकलीफदेह
annoy	परेशान करनाइ
annual	वार्षिक
anonymous	बेनाम
another	दोसर
answer	उत्तर
anticipate	पहिने सँ कए रखनाइ
anxiety	चिन्ता
anxious	चिंतित
anymore	आर किछ
anyone	कोनो
anything	किछुओ
anyways	कोनो न कोनो प्रकार सँ
anyway	खैर
any	कोनो
an	एकटा
apartment	कोनो बड़का भवन मे कमराक समूह
apart	अलग
apologize	माफी मांगनाइ
apparently	जाहिर
apparent	साफ-साफ
appeal	निवेदन
appearance	उपस्थिति
appeared	देखाय देलक
appear	निकलनाइ
appetite	भूख
apple	सेब
application	आवेदन
apply	लागू
appointment	नियुक्ति
appreciate	प्रशंसा
appreciation	सराहना
approach	दृष्टिकोण
appropriate	उपयुक्त
approval	स्वीकृति
approved	स्वीकृत भेटल
approve	अनुमोदन
approximately	लगभग
april	अप्रैल
arbitrary	मनमाना
architecture	वास्तुकला
architect	वास्तुकार
archive	संग्रह
area	इलाका
are you busy	अहां की व्यस्त छी
are you married or single	अहां विवाहित छी वा एकाकी
are you married	अहां की विवाहित छी
Are you still there?	की अहाँ एखनो ओतह छथि?
are you there	की अहां ओतय छी
are you	की अहां छी
are	छी
argue	बाताबाती
argument	तर्क
arise	उठनाइ
army	सेना
arm	बाहु
around	चारू दिस
arrangement	सजावट
arrange	व्यवस्था
arrival	पहुचनाइ
arrived	आबि गेल
arrive	एनाइ
arrogant	हठी
arrow	तीर
article	आलेख
artificial	बनावटी
artist	कलाकार
art	कला
ashamed	लाज
ash	छाइ
asked	पूछलक
ask	पूछू
asleep	सुतल
as long as	एखन
aspect	पक्ष
Assamese	असमिया
assault	हमला
assembly	जुटान
assertive	स्वीकार करे योग्य
assessment	मूल्यांकन
assess	आकलन
assets	पूंजी
asset	संपत्ति
assignment	कार्य
assign	काम देनाइ
assistant	सहायक
assist	सहयोग देनाइ
associated	जुड़ल
associate	संगी
association	समिति
assume	मानि लिय
assumption	कल्पना
as well as	सेहो
as well	सेहो
as	जेकि
ate	खा लेलौं
athlete	कसरती
at least	कम सँ कम
attached	जुड़ल
attachment	लगाव
attach	संलग्न करनाइ
attack	हमला करनाइ
attempt	प्रयास
attendance	उपस्थिति
attend	उपस्थिति
attention	ध्यान दिय
attitude	ऊंचाई
attraction	आकर्षण
attractive	आकर्षक
attract	आकर्षक
attribute	गुण
at	पे
audience	श्रोता
august	अगस्त
aunty	चाची
aunt	काकी
authentic	प्रामाणिक
authority	अधिकारी
author	लेखक
autumn	पतझड़
available	उपलब्ध छै
average	औसत
avoid	टालि दिय
awake	जागल
award	इनाम
awareness	जानकारी
aware	जानकारी
away	दूर
awesome	विलक्षण
awful	भयंकर
awkward	बेढ़ंग
Aymara	आइमारा
a	एको
baby	शिशु
bachelor	कुमार
background	पृष्ठभूमि
back	पाछू
bad	खराब
bag	झोरा
bait	प्रलोभन
bakery	बिस्कुट बनाय बला कारखाना
bake	सेकनाइ
baking soda	खाय बला सोडा
balance	संतुलन
ball	गेन्द
Bambara	बंबारा
banana	केला
band	बैन्ड
bang	धमाका
bank	बैंक
barely	मुश्किल सँ
bargain	तोल-मोल
bark	गाछक छाल
barley	जौ
barrier	प्रतिबंध
bar	छड़
based	आधारित
basement	तहखाना
base	आधार
basically	मूल रूप सं
basic	मूलभूत
basil	तुलसी
bastard	घटिया
batch	खेप
bathroom	स्नानगृह
bath	स्नान
battery	बैटरी
battle	लड़ाय
bay	खाड़ी
beach	समुद्रक कात
beam	किरन
beans	फली सभ
beard	दाढ़ी
bearing	सहन करनाइ
bear	भालू
beast	दानव
beat	ताल
beautiful	सुन्नर
beauty	सुन्नरता
became	होनाइ
be careful	सावधान रहू
because	किएक तँ
become	भ' गेनाइ
bedroom	शयनकक्ष
bed	बिछाओन
beef	गोमांस
beer	बियर
bee	मधुमक्खी
before	पहिने
began	सुरु भेल
beginning	शुरुआत
begin	शुरू
behalf	क तरफ सँ
behave	व्यवहार
behavior	व्यवहार
behaviour	व्यवहार
behind	पाछू
being	प्राणी
belief	आस्था
believe	विश्वास
belly	भोटी
belong	संबंध
beloved	प्रेमी
below	नीचां
belt	क्षेत्र
bench	अदालत
bend	झुकानाइ
beneath	नीचू
benefits	फायदा
benefit	फायदा
besides	क' अतिरिक्त
beside	बगल मे
best of luck	शुभकामना
best regards	सादर
best	सब सं बढ़ियां
better	बेहतर
between	बीच मे
beverage	पेय पदार्थ
beyond	ओकर आगू
be	भेनाइ
Bhojpuri	भोजपुरी
biased	झुकल
bias	झुकाब
bicycle	साइकिल
bid	बोली
big	पैघ
bike	बाइक
bill	विधेयक
bind	बाँधनाइ
bird	पक्षी
birthday	जन्मदिन
bite	दांत सँ कटनाइ
bitter	तीत
bit	अंश
black	कारी
blade	पत्ती
blame	दोष लगेनाइ
blanket	कंबल
blank	खाली
blast	विस्फोट
bleach	निखरनाइ
blend	एकसार
blessed	आशिर्बाद देलथि
bless	आशीर्वाद देनाइ
blind	आन्हर
bliss	परमानंद
block	रुकावट
blood	खून
bloom	फूल क खिलनाइ
blow	झटका
blue	नील
blunt	मुंह फट
board	पटल
boat	नाव
body	देह
boil	उसनल
bold	साहसी
bond	बंधन
bone	हड्डी
book	पुस्तक
booster	बढ़बइ वला
boost	बढ़ेनाइ
boots	जूता
boot	जूता
border	बॉर्डर
bored	ऊबि गेल
bore	उबा देनाइ
boring	अरुचिकर
born	जन्म
borrow	उधारी
boss	मालिक
bother	परेशानी
both	दुनू
bottle	बोतल
bottom	नीचा
bought	खरीद लेलौं
bounce	उछलब
boundaries	सीमा सभ
bound	बंधन
bowl	कटोरी
bow	धनुष
box	बक्सा
boyfriend	परेमिक
boy	छौड़ा
bracelet	कंगन
brain	दिमाग
branch	डाढ़ि
brand	मार्का
brave	बहादुर
breach	उल्लंघन
bread	रोटी
breakfast	जलपान
break	विराम
breast	छाती
breathe	सांस लेनाइ
breath	सांस
breed	नसल
brick	ईटा
bride	दुल्हिन
bridge	पुल
brief	संक्षिप्त
bright	चमकैत
brilliant	तेज
bring	लाउ
broadcast	प्रसारित केनाइ
broad	चौड़ा
broken	टूटल
broke	टूट गेल
broom	झाडू
brother in law	साला
brother	भाई
brought	आनल गेल
brown	कत्थी
bro	भाय
brush	ब्रुश
bucket	बाल्टी
buddy	मित्र
budget	बजट
bug	उड़ीस
building	भवन
build	बनानाए
built	बनाना
bulk	थोक
bully	धमकी दय वला
bull	सांड
bump	टक्कर
bunch	गुच्छा
bundle	बंडल
burden	बोझ
buried	गाडल गेल
burn	जरनाइ
burst	फुटनाइ
bury	गाड़नाइ
bush	झाड़
business	व्यवसाय
bust	छाती
busy	व्यस्त
bus	बस
butterfly	तितली
butter	मक्खन
button	बोताम
but	मुदा
buy	खरीदू
bye	विदा
by the way	ओना
by	द्वारा
cabbage	बन्दाकोबी
cabinet	मंत्रिमंडल
cage	पिंजरा
cake	केक
calf	बछरू
called	बोलावल गेल
call me	हमरा कॉल करू
call	बुलाहट
calm	शांत
came	आयल
campaign	अभियान
Cancel	रद्द
cancer	कैंसर
can't	नहि कए सकैत अछि
can	कय सकैत
capable	सक्षम
capacity	क्षमता
capital	राजधानी
caption	चित्र परिचय
capture	पकड़नाइ
career	आजीविका
carefully	सावधानीसँ
careful	सावधानीपूर्वक
careless	लापरवाह
caring	देख-रेख करनाइ
carpenter	बढ़ई
carpet	गलइचा
carrot	गाजर
carry on	जारी राखू
carry out	पूरा करनाइ
carry	ल चलू
car	कार
case	मामला
cash	नगद
castle	किला
cast	भूमिका देनाइ
casual	अनौपचारिक
catch	पकड़नाइ
category	वर्ग
cattle	मवैसी
cat	बिलाड़ि
caught	पकड़ल गेल
cause	कारण
caution	चेतावनी
cautious	सतर्क
cave	गुफा
cease	बंद
ceiling	छत
celebrate	उत्सव माननाइ
cell	कक्ष
center	केंद्र
century	सदी
cereal	खिचड़ी
ceremony	समारोह
certainly	निश्चित रूप सं
certain	निश्चित
certificate	प्रमाणपत्र
chain	सिकड़ी
chair	कुर्सी
challenge	चुनौती
chance	संयोग
change	बदलू
chaos	अव्यवस्था
characteristics	बिसेसता सभ
character	चरित्र
charge	प्रभार
charity	दान
charming	सुन्नर
chart	लेखा चित्र
chase	पीछा करनाइ
chat	बातचीत
cheap	सस्ता
cheating	धोखा धडी
cheat	ठग
check	जांच
cheek	गाल
cheerful	खुशी
cheers	अहलाह
cheer	जयकार
cheese	पनीर
chemistry	रसायन-विज्ञान
cherish	दुलारनाइ
chess	शतरंज
chest	छाती
chew	चबाननाइ
chicken	मुर्गी
chief	मुखिया
childhood	बाल्यावस्था
children	नेना सभ
child	नेना
chill	ठंडा
chimneys	चिमनी सभ
chin	ठुड्डी
chocolate	लेमनचूस
choice	पसंद
choose	चुनू
chop	छोट छोट काटनाइ
chores	उबाउ काज
chubby	गलफुल्ला
church	चर्च
cinnamon	दालचीनी
circle	घेरा
circumstances	परिस्थिति
citizen	नागरिक
city	नगर
claim	मांग
clarify	सफाई देनाइ
class	वर्ग
clay	माटि
clean	साफ
clear	साफ
clerk	मुंशी
clever	चालाक
client	ग्राहक
cliff	टीला
climate	जलवायु
climb	चढ़नाइ
clingy	लसदार
clock	घड़ी
closet	कोठरी
close	बंद
clothes	कपड़ा
cloth	कापिड़
cloudy	बदरी
cloud	मेघ
clown	विदूषक
clue	संकेत
clumsy	उद्दंड
cluster	समूह
coach	प्रशिक्षक
coal	कोयला
coast	समुद्री किनारा
coat	परत
coffee	कॉफी
cognitive	ज्ञानात्मक
coincidence	संयोग
cold	ठंडा
collapse	खसि पड़नाइ
collar	गिरेबान
colleagues	सहकर्मी
colleague	सहयोगी
collection	संग्रह
collect	जमा
college	महाविद्यालय
colorless green ideas slept furiously	बेरंग हरियरका विचार के नींद उड़ल
color	रंग
colour	रंग
column	स्तंभ
combination	मेल
combine	जोड़नाइ
comb	कंघी
come here	यहा आउ
come on	जल्दी आउ
come	आउ
comfortable	आरामदेह
comfort	सुविधा
coming soon	जल्दिये आबि रहल अछि
coming	आबि रहल अछि
command	आदेश
comment	व्यंग
commercial	वाणिज्यिक
commission	आयोग
commitment	प्रतिबद्धता
committed	प्रतिबद्ध
commit	प्रतिबद्ध
commodity	माल
common	सामान्य
communicate	बातचीत केनाइ
communication	संचार
community	समुदाय
commute	पहिननइ
companion	साथी
company	संग
compare	तुलना
comparison	तुलना
compassionate	दयाबान
compassion	तरस
compatible	अनुकूल
competent	सक्षम
compete	प्रतिस्पर्धा
competition	प्रतियोगिता
competitive	प्रतियोगी
complaint	शिकायत
complain	शिकायत
complement	पूरक
completely	सम्पूर्ण रूप सँ
complete	पूरा
complex	जटिल
compliance	अनुपालन
complicated	जटिल
compliment	प्रशंसा
comply	मान
composition	संयोजन
compound	चहारदीवारी
comprehension	समझनाइ
comprehensive	बिस्तरीत
compromise	सुलह करनाइ
compulsory	अनिवार्य
computer	कंप्युटर
concentrate	ध्यान
concept	संकल्पना
concerned	चिन्तित
concern	चिन्ता
concert	मेल
conclusion	निष्कर्ष
concrete	मजबूत
conditions	शर्त
condition	स्थिति
conduct	आयोजन
conference	सम्मेलन
confess	अपन पाप स्वीकार करनाइ
confidence	आत्मविश्वास
confident	आत्मविश्वास सं भरल
confirm	पुष्टि करु
conflict	टकराव
confused	भ्रमित
confusion	उलझन
congrats	बधाई
congratulations	बधाई
congratulation	बधाई
conjunction	संयोजन
connect	जुड़ गेल
conquer	जीत
consciousness	चेतना
conscious	जागरूक
consent	सहमति
consequences	परिणाम
conservation	संरक्षण
conservative	रूढ़िवादी लोकनि
considered	मानल गेल
consider	माननाइ
consistency	लगातार
consistent	संगत
consist	कोनो चीज वा लोकनि मे मिलल होनाइ
constantly	लगातार
constant	सतत
constipation	कब्ज
construction	निर्माण
consume	खपत करनाइ
consumption	उपभोग
contact	संपर्क करनाइ
contagious	छुताहा
contains	मिलल हय
contain	नियंत्रण
contemporary	समकालीन
contempt	निंदा
content	सामग्री
contest	प्रतियोगिता
context	संदर्भ
continent	महाद्वीप
continue	करैत रहू
contract	अनुबंध
contrast	विषमता
contribute	योगदान
contribution	योगदान
control	नियंत्रण
controversial	विवाद बला
convenience	आसानी
convenient	आसान
conversation	बातचीत
convert	परिवर्तन
convey	सूचित करु
convinced	गप्प मानय बला
convince	विश्वास दिलानाइ
cooking	खाना बनानाइ
cook	खाना बनाउ
cool	ठंडा
cooperation	सहयोग
cope	सामना
copper	तम्बा
core	मूल
corner	कोना
corn	मकई
correct	सही
costume	वेष भूषा
cost	लागत
cottage	झोपड़ी
cotton	कपास
couch	पलंग
cough	उकासी
could	कय सकैत ह
council	परिषद
counter	विरोध
countryside	गामक इलाका
country	देश
count	गिनती
couple	जोड़ी
courage	साहस
course	पाठ्यक्रम
courtesy	सौजन्य
court	न्यायालय
cousin	पितियौत
cover	छाप देनाइ
coward	डरपोक
cow	गाय
cozy	आरामदायक
crab	केकड़ा
crack	दरार
craft	शिल्प कला
crap	बकवास
crash	टक्कर भेनाइ
craving	लालसा
crawl	रेंगनाइ
crazy	पागल
create	बनाउ
creative	रचनात्कम
credit	उधार
creepy	रेंगय वला
creep	रेंगनाइ
crew	चालक दल
crime	अपराध
cringe	चापलूसी
crisis	संकट
criteria	मानदंड
critical	आलोचनात्मक
criticism	आलोचना
crops	अनाज सभ
crop	फसल
cross	पार करनाइ
crowded	भीड़-भाड़ बला
crowd	भीड़
crown	राज-मुकुट
crow	कौआ
crucial	महत्वपूर्ण
cruel	क्रूर
cruise	समुद्री यात्रा
crush	पिसनाइ
cry	चिल्लानाइ
cucumber	खीरा
cuddle	आलिंगन
culture	संस्कृति
cunning	धूर्तता
cupboard	अलमारी
cup	कप
curb	अंकुश लगानाइ
cure	इलाज
curfew	कर्फ्यू
curiosity	उतेजना
curious	जिज्ञासु
curly	घुंघरयला
currency	मुद्रा
currently	वर्तमान मे
current	प्रवाह
curse	शाप
curtain	परदा
cushion	तकिया
customer	ग्राहक
customs	रिवाज
custom	परिपाटी
cute	सुन्दर
cut	काटनाइ
cycle	साइकिल
cycling	साइकिल चलानाइ
daddy	पिता
dad	पिता
daily	नित्य
dairy	गोसाला
damage	क्षति
damn	धिक्कार
damp	भीगल
dam	बांध
dance	नाच
dangerous	खतरनाक
danger	खतरा
dark	अन्हार
darling	प्रिय
dash	पानिक छींटा
data	डाटा
date	तारीख
daughter	धिया
day	दिन
deadline	समय सीमा
dead	मरल
deaf	बधिर
deal	सौदा
Dear All	प्रिय साथी सभ
Dear Customer	प्रिय ग्राहक
Dear Parents	प्रिय अभिभावकसभ
Dear Sir	प्रिय अध्यापक
Dear students	प्रिय विद्यार्थीसभ
Dear Team	प्रिय मण्डली
dear	प्रिय
death	मृत्यु
debate	वाद-विवाद
debit	कर्जा लिखनाइ
debris	मलवा
debt	कर्जा
decade	दशक
decay	क्षय
deceased	मरल
deceive	धोखा
december	दिसम्बर
decent	भद्र
decided	निर्णय लेलक
decide	निर्णय
decision	निर्णय
deck	तासक पत्ता
decline	अवनति
decrease	कम
dedicated	समर्पित
dedication	समर्पण
deed	विलेख
deep	गंहीर
deer	हरिन
default	चुकनाइ
defeat	हरेनाइ
defend	रक्षा
define	परिभाषित केनाइ
definitely	निश्चित
definition	परिभाषा
degree	डिग्री
delayed	बिलम्भ सँ भेल
delay	देरी
delete	हटानाइ
deliberate	सोचल- समझल
delicate	कोमल
delicious	स्वादिष्ट
delighted	खुशी भेनाइ
delight	खुसी
delivered	पहुंचल
delivery	वितरण
deliver	सौंपनाइ
demanding	क मांग
demand	मांग
democracy	लोकतंत्र
demonstrate	प्रदर्शन करनाइ
demon	दानब
denied	मना करनाइ
density	घनत्व
dentist	दंत चिकित्सक
deny	मना करनाइ
department	विभाग
departure	चल जनाइ
depend	आश्रित
deploy	तैनाती
deposit	जमा करनाइ
depressed	उदास
depression	अवसाद
depth	गहराई
describe	वर्णन
description	वर्णन
desert	मरुभूमि
deserve	योग्यता
designation	पद
design	डिजाइन
desire	इच्छा
desk	टेबल
despair	दुःख
desperate	निराश
despite	बावजूद
dessert	मिठाय
destination	गंतव्य
destiny	भाग्य
destroy	नष्ट
destruction	बर्बादी
details	विवरण
detail	विस्तार
detect	पता लगाब
determination	दृढ़ निश्चय
determined	निश्चित
determine	संकल्प
devastated	अत्याचार कयल गेल
developed	विकसित
development	विकास
develop	विकास
device	यंत्र
devil	दानव
devoted	समर्पित
Dhivehi	दिवेही
diabetes	मधुमेह
diarrhea	दस्त
diary	डायरी
dictionary	शब्दकोश
did	करब
died	मर गेल
diet	आहार
die	मरनाइ
difference	अंतर
different	अलग
difficult	कठिन
dignity	गरिमा
dig	गहिड करू
diligent	मेहनती
dinner	रातिक भोजन
dip	बोरनाइ
direction	दिशा
director	निदेशक
direct	सीधा
dirty	गंदा
dirt	मैला
disabled	अयोग्य बनेनाइ
disable	असमर्थ
disappear	गायब
disappointed	निराश
disaster	आपदा
discard	रद्द करनाइ
discharge	निकलनाइ
discipline	अनुशासन
discount	छुट
discover	पता लगेनाइ
discrimination	पक्षपात
discussion	चर्चा
discuss	चर्चा
diseases	रोग सभ
disease	रोग
disguise	स्वांग
disgusting	अरुचिकर
dishes	बर्तन
dish	थारी
dismiss	खारिज
dispatch	भेजनाइ
display	प्रदर्शन करनाइ
disposal	निपटान
dispute	झंझट
distance	दूरी
distinct	विशिष्ट
distinguish	अंतर
distress	संकट
distribution	बाटनाइ
district	जिला
disturb	बाधा
ditch	गड्डा
diverse	विविध
diversity	विविधता
dive	डुबकी
divide	भाग करनाइ
divine	ईश्वरीय
divorce	तलाक
dizzy	चक्कर आनाइ
doctor	चिकित्सक
document	लिखित कागजात
doesn't	नहि अछि
does	करत
Dogri	डोगरी
dog	कुकुर
doing	क रहल छी
doll	गुड़िया
domain	कार्यक्षेत्र
domestic	घरेलू
dominant	प्रमुख
donate	दान करनाइ
done	कयल गेल
donkey	गद्दा
Don't worry	चिन्ता नहि करु
don't	नहि करु
dope	मादक दबा
double	दू बेर
doubt	शक
dough	लोई
download	डाउनलोड
down	नीचा
do you love me	की अहाँ हमरा सँ प्रेम करे छी
do you	की अहां करैत छी
do	करू
draft	ड्राफ्ट
drag	घसीटनाइ
drain	नाली
drama	नाटक
drawer	दराज
drawing	चित्रकारी
draw	खींचू
dread	भय
dream	स्वप्न
dress	कापिड़ पहनू
drill	छेड़ करनाइ
drink	पीबू
drive	चलेनाइ
dropped	गिरल
drop	बूंद
drought	सूखार
drunk	निसा मे
dry	सूखायल
duck	बत्तख
dude	दोस्त
due to	एहि कारण सँ
due	बाकी
dull	सुस्त
dumb	मूक
dump	खत्ता
duration	समय
during	दौरान
dust	गर्दा
duty	कर्तव्य
dwell	बसना
dying	मरन
each other	एक दुसर
each	प्रत्येक
eager	व्यग्र
eagle	गिद्ध
earlier	सबसँ पहिने
early	प्रारंभिक
earn	कमेनाइ
ears	कान सभ
earthquake	भूकंप
earth	धरती
ear	कान
ease	आसान
easily	आसानी सँ
east	पूरब
easy	आसान
eating	खैनाइ
eat	खाउ
economic	आर्थिक
economy	अर्थव्यवस्था
edge	कात
edit	संपादित
education	शिक्षा
effective	प्रभावशाली
effect	प्रभाव
efficiency	क्षमता
efficient	कुशल
effort	प्रयास
eggplant	बैगन
egg	अंडा
ego	अहंकार
eighteen	अठारह
eighty	अस्सी
eight	आठि
either	वा तँ
elaborate	वर्णन
elbow	केहुनी
elderly	अधेड़
elder	बड्ड भाय
elder	बहिन
elegant	सुन्नर
element	तत्त्व
elephant	हाथी
eleven	ग्यारह
eligible	योग्य
eliminate	हटेनाइ
else	अन्य
embarrassed	परेशान
embarrassing	संकोची
embrace	आलिंगन
emergency	आपातकाल
emerge	उभरनाइ
emotional	भावुक
empathy	सहानुभूति
emphasis	जोर देनाइ
emphasize	जोर देनाइ
employees	कर्मचारी
employee	करमचारी
employer	नियोक्ता
employment	रोजगार
empty	खाली
enable	योग्य करनाइ
encounter	मुठभेड़
encourage	उत्साहित करु
endangered	संकटग्रस्त
endeavor	प्रयास
endurance	धैर्य
endure	भोगनाइ
end	अंत
enemy	दुशमन
energy	उर्जा
engaged	व्यस्त भेनाइ
engagement	झेका
engage	व्यस्त रहनाइ
engineer	अभियंता
engine	इंजन
English	अंग्रेजी
enhance	बढ़ेनाइ
enjoy	आनंद करु
enormous	बड्ड पैघ
enough	बहुत छै
ensure	सुनिश्चित
entertainment	मनोरंजन
enter	प्रवेश
enthusiasm	उत्साह
enthusiastic	उत्साही
entire	संपूर्ण
entitled	हकदार
entity	सत्ता
entrance	प्रवेश द्वार
entrepreneur	व्यवसायी
envelope	लिफाफ
environment	पर्यावरण
envy	जलन
epic	महाकाव्य
epidemic	महामारी
equal	बराबर
equipment	उपकरण
equity	हिस्सेदारी
equivalent	बराबर
eraser	मिट्कौना
error	दोष
escape	पलायन
especially	विशेषतया
essay	लेख
essence	अर्क
essential	जरूरी
established	स्थापित
establish	स्थापित करनाइ
estate	जायदाद
estimated	अनुमानित
estimate	आकलन
etc	आदि
eternal	शास्वत
ethics	नीति शास्त्र
evaluate	मूल्यांकन
evaluation	मूल्यांकन
evening	सांझ
even though	एतय तक कि यद्यपि
eventually	अंततः
event	घटना
even	ऐतैक तक
everybody	सभ गोटा
everyone	सब
everything	सब किछु
every	सभ
ever	सदैव
evidence	साक्ष्य
evil	दुष्ट
evolution	क्रमागत उन्नति
evolve	विकसित
Ewe	एवै
exactly	एकदम ठीक
exact	सटीक
examine	जाँच-पडताल करनाइ
example	उदाहरण
exam	परीक्षा
exceed	अधिक
excellent	एकदम बढ़ियां
exception	अपवाद
except	अलावा
excessive	ढेर बेसी
excess	ढेर बेसी
exchange	अदला-बदली
excited	रोमांचित
excitement	उत्साह
exciting	रोमांचक
exclusive	विशेष
excuse me	क्षमा करु
excuse	क्षमा केनाइ
execute	निष्पादित करनाइ
execution	क्रियान्वयन
executive	कार्यकारी
exercise	व्यायाम
exhausted	थाकल
exhaust	निकास
exhibition	प्रदर्शनी
exhibit	प्रकट केनाइ
existence	अस्तित्व
existing	जीवित
exist	मौजूद
exit	बाहर जानाइ
expand	फैलेनाइ
expected	अपेक्षित
expect	उम्मीद
expenses	खर्चा
expensive	महग
experience	अनुभव
experiment	प्रयोग
expert	विशेषज्ञ
expired	समय सीमा समाप्त भेनाइ
explain	वर्णन
explanation	वर्णन
exploit	शोषण
explore	अन्वेषण
export	निर्यात
exposed	उजागर
expose	देखानाइ
exposure	अनावृत्ति
expression	अभिव्यक्ति
express	अभिव्यक्त करनाइ
extended	बढ़ाबल गेल
extend	बढ़ेनाइ
extension	फैलाब
extent	क्षेत्र
external	बाहरी
extinct	विलुप्त
extract	निचोड़
extraordinary	असाधारण
extra	बेसी
extremely	अत्यधिक
extreme	चरम
ex	पूर्व
eyes	आंखि
eye	आँखि
fabric	कापिड़
fabulous	आश्चर्यजनक
face	चेहरा
facilitate	आगू बढ़ानाइ
facilities	संस्थान
facility	संस्थान
factory	कारखाना
factor	भाज्य
facts	तथ्य सभ
fact	तथ्य
fade	रंग उड़ जानाइ
failed	अनुत्तीर्ण
failure	विफलता
fail	विफल
faint	मूर्छा
fairly	न्यायपूर्ण
fairy	परी
fair	गोर
faithful	बिसबासी
faith	आस्था
fake	नकली
fall	खसब
false	झूठ
fame	प्रसिद्धि
familiar	परिचित
family	परिवार
famine	भुखमरी
famous	प्रसिद्ध
fancy	कल्पना
fantastic	विलक्षण
fan	पंखा
farewell	विदायी
farmer	किसान
farm	बाडी
far	दूर
fascinating	मनोहर
fashion	वेश-भूषा
fast	तेज
fatal	घातक
fate	भाग्य
father	बाबू
fatigue	थकान
fat	मोट
fault	गलती
favorite	मनभावन
favourite	प्रिय
favour	एहसान
fear	भय
feast	भोज
feather	पंख
features	विशेषता
feature	विशेषता
february	फरबरी
fed up	तंग भेनाइ
feedback	प्रतिक्रिया
feed	खुआओल गेल
feeling	भावना
feel	महसूस करनाइ
feet	पैर
fee	शुल्क
fellow	मित्र
fell	खसि पड़ल
felt	महसूस केलहुं
female	महिला
fence	किनार
fertile	उपजाऊ
festival	परब
fetch	निकालनाइ
fever	बोखार
fewer	कम
few	कम
fiance	होबय बाली दुल्हिन वा बला दूल्हा
fiction	उपन्यास
field	खेत
fierce	तेज
fifteen	पंद्रह
fifty	पचास
fighting	लड़ाई
fight	लड़ाइ
figure out	हिसाब लगानाइ
figure	आकार
file	फाइल
filled	भरल
fill	भरु
film	फिलिम
filthy	गंदा
finally	अंततः
finance	वित्त
financial	वित्तीय
find out	खोजि निकालु
find	ताकू
fine	बढ़ियां
finger	उंगली
finished	खतम भेल
finish	खतम करु
fire	आगि
firm	दृढ़
first name	पहिल नाम
first	पहिल
fish	माछ
fit	उपयुक्त
five	पांच
fixed	तय
fix	ठीक करनाइ
flag	झंडा
flash	चमक
flat	चौड़ा
flawless	निर्दोष
flaw	दोष
flee	भागनाइ
flesh	मॉस
flew	उड़ल
flexible	नरम
flex	लचीला
flight	उड़नाइ
flip	पलटी मरनाइ
flirting	झटका सँ फेकए बला
flirt	इश्कबाजी
float	तैरनाइ
flood	बाढ़ि
floor	सतह
flour	आटा
flower	फूल
flow	बहाव
fluently	धडल्ला सँ
fluent	सहज
fluffy	भुलक्कड़
fluid	तरल
flu	बोखार
fly	माछी
focus	केन्द्रित
foggy	कोहरा जैसन
fog	कोहरा
fold	लपेटनाइ
folks	मित्र
following	निम्नलिखित
follow up	आगू क काज करनाइ
follow	अनुसरण
food	खाद्य
foolish	मूर्ख
fool	बेवकूफ
football	फुटबाल
foot	पएर
forbidden	निषिद्ध
force	बल
forecast	पुर्वानुमान
forehead	माथा
foreign	विदेश
forest	जंगल
forever	सदाक लेल
For example	उदाहरण लेल
forget	बिसरि जाउ
forgive	माफ कए देनाइ
forgot	बिसैर गेल
for instance	उदाहरनक लेल
fork	कांटा
formal	औपचारिक
former	पहिलुका
form	प्रपत्र
fortunately	भाग्यवश
fortune	भाग्य
forty-two	बयालिस
forty	चालीस
forward	अग्रभाग
for you	अहाँ क लेल
for	क लेल
foster	पालब
fought	लड़ल
foundation	नींव
found	भेटल
fourteen	चौदाह
four	चारि
fox	लोमड़ी
fragile	नाजुक
framework	ढांचा
frame	ढांचा
fraud	ठक
freak	सनकी
freedom	स्वतंत्रता
freeze	जमनाइ
free	मुक्त
frequency	तीव्रता
frequently	अक्सर
frequent	बारबार
fresh	ताजा
friday	शुक्रदिन
fridge	फ्रिज
friendly	मित्रवत
friendship	मित्रता
friends	दोस्त सभ
friend	मित्र
frightened	भयभीत
frightening	भयावह
frog	मेढक
from	कोनाठाक
front	सामने
frozen	जमल
fruit	फल
frustrated	निराश
fuel	ईन्धन
Fulfulde	फुलफुल्दे
full	भरल
function	आयोजन
fundamental	मौलिक
funeral	क्रिया कर्म
funny	मजेदार
fun	मजा
furious	क्रुद्ध
furniture	फर्नीचर
furthermore	एहि सँ आगू
further	आगू
fur	रोइयां
future	भविष्य
gain	प्राप्ति
game	खेल
gap	फांका
garage	गैरेज
garbage	कचरा
garden	बगैचा
garlic	लहसुन
gate	केबाड़ी
gathering	भीड़
gather	जुटेनाइ
gauge	मानदण्ड
gave	देलक
gear	गियर
gender	लिंग
generally	सामान्यतः
general	सामान्य
generate	उत्पन्न
generation	पीढ़ी
generous	उदार
genius	बुद्धिमान
genre	शैली
gentle	सौम्य
genuine	वास्तविक
gesture	हाव-भाव
get dressed	कापिड़ पहिनु
getting	उपार्जन
get up	उठू
get well soon	जल्दी सँ स्वस्थ भ' जाउ
get	भेटत
ghosting	छलावा
ghost	भूत
giant	विशाल
gift	उपहार
ginger	आदी
girlfriend	प्रेमिका
girl	कन्या
given	दियल गेल
give up	छोड़ि दियौ
give	दिय
glad	खुशी
glance	झलक
glasses	सीसासभ
glass	सीसा
glimpse	झलक
global	वैश्विक
gloomy	उदास
gloves	दस्ताना
glow up	चमकु
glow	चमक
glue	गोंद
go ahead	आगे बढ़ू
goals	लक्ष्य
goal	लक्ष्य
goat	बकरी
go away	भाग जो
god bless you	भगवान् अहाँक भला करू
god	ईश्वर
goes	जाइत अछि
going to	जा रहल छी
going	जा रहल छी
gold	सोना
gone	चलि गेल
gonna	होइ वला
good afternoon	नमस्कार
good bye	अलविदा
goodbye	अलविदा
good day	बढिया दिन
good evening	शुभ संध्या
good job	नीक काज
good looking	नीक लगैत अछि
good luck	अहांक सफलता भेटय
good morning my love	सुप्रभात हमर प्रिये
good morning	सुप्रभात
good night	शुभरात्रि
goodnight	शुभ रात्रि
goods	माल
good	नीक
Google Translate	गूगल अनुवाद
Google	गूगल
goose	हास
goo	जाउ
gorgeous	अप्रतिम
gossip	गप्प
got it	बुझलियै
go to bed	बिछौना पर जाउ
got	भेट गेल
government	सरकार
go	जाउ
grab	पकड़नाइ
grade	दरजा
gradually	धीरे-धीरे
graduate	स्नातक
grain	अनाज
granted	स्वीकृत केल
grant	अनुदान
grapes	अंगूर
grasp	पकड़
grass	घास
grateful	अहसानमंद
gratitude	आभार
grave	समाधि
gray	धूसर
great	बहुत पैघ
greedy	लालची
greed	लालच
green	हरियर
greetings	प्रणाम
greeting	शुभकामना
greet	नमस्कार
grey	धूसर
grid	छड़ लगल ढांचा
grief	कष्ट
grind	पिसनाइ
grip	पकड़
grocery	गोलदारी दोकान
groom	दूल्हा
gross	कुल
ground	जमीन
group	समूह
growth	वृद्धि
grow	बढ़नाइ
grumpy	चिडाचिडाएल
Guarani	गुआरानी
guarantee	जिम्मेबारी लेनाइ
guarantee	देनाइ
guard	पहिरेदार
guess	अंदाज लगाउ
guest	पाहुन
guidance	दिशा निर्देश
guide	मार्गदर्शक
guilty	दोषी
guys	लोकनि
guy	व्यक्ति
gym	कसरतशाला
habitat	आवास-स्थान
habit	आदति
had	लग छल
hail	ओलावृष्टि
hair	केस
half	आधा
hall	हॉल
handle	संभालनाइ
handsome	सुन्दर
hand	हाथ
hang out	घुमनाइ
hang	लटकेनाइ
happened	भेल
happen	कोनो घटना भेनाइ
happiness	खुशी
happy birthday to you	जन्मदिनक बधाई
happy birthday	जन्मदिनक शुभकामना
happy new year	नया साल शुभ होय
happy	खुश
hardly ever	शायदे कबो
hardly	मुश्किल सं
hard	कड़ा
harmful	नुकसानदेह
harmony	सद्भाव
harm	नुकसान
harsh	कठिन
harvest	फसल
has	पास अछि
hate	घिन करनाइ
have a good day	अहाँ के दिन शुभ हो
have a nice day	अहांक दिन शुभ हो
have breakfast	नास्ता करू
have fun	मजा करू
have you eaten	की अहाँ खा लेल छी
have	लग अछि
having	भेनाइ
hazard	जोखिम
haze	धुंध
headache	माथ दर्द
head	माथ
healing	स्वस्थ भेनाइ
healthy	स्वस्थ
health	स्वास्थ्य
heal	स्वस्थ भेनाइ
heard	सुनल
heart	हृदय
hear	सुनू
heat	गर्मी
heaven	स्वर्ग
heavy	भारी
hectic	क्षय ज्वर सँ सम्बंधित
he has	ओकर लग अछि
height	ऊंचाई
heir	उत्तराधिकारी
heist	लूट
he is	ओ अछि
held	पकड़नाइ
hello dear	नमस्कार बंधु
hello how are you doing	हैलो अहां केना छथि
hello how are you	नमस्कार अहां कोना छी
Hello	नमस्कार
hell	नर्क
helmet	हेलमेट
helpful	सहायक
help	सहायता
hence	एहि तरहें
herd	झुंड
here	एतय
heritage	विरासत
her	ओकर
hesitate	हिचकिचाहट
Hey	नमस्कार
he	ओकरा
hidden	नुकाएल
hide	नुकाउ
hierarchy	पदानुक्रम
highlight	मुख्य आकर्षण
high	ऊंच
hi how are you	नमस्ते अहाँ केना छथि
hike	वृद्धि
hiking	दूर तक पैदल यात्रा
hilarious	मजेदार
hill	पहाड़ी
him	ओ
hint	संकेत
hips	कुल्हा
hip	पोन
hire	काज पर राखू
hiring	भर्ती
history	इतिहास
his	ओकर
Hi there	नमस्ते
hit	मारू
Hi	नमस्कार
Hmm	ह्म्म्म
hobby	रुची
hold on	रुकु
hold	धरू
hole	बिल
holiday	छुट्टी
hollow	खाली
homework	गृह-कार्य
home	घर
honestly	ईमानदारी सं
honest	इमानदार
Honey	मौध
honor	इज्जत
hood	टोप
hook	हंसिया
hopefully	उम्मीदपूर्वक
hopeless	आशाहिन्
hope	आशा
hop	फुदकनाइ
horizontal	क्षैतिज
horn	सींग
horrible	भयानक
horror	डरावना
horse	घोड़ा
hospitality	सत्कार
hospital	अस्पताल
hostile	बैरी
host	मेजबान
hotel	होटल
hot	गर्म
hours	घंटा
hour	घंटा
household	घरक
house	घर
how about you	अहाँ क बारे मे बताउ
how are you doing today	आइ अहांक की हाल-चाल
how are you doing	अहांक की हाल-चाल
how are you today	आई अहां कोना छथि
how are you	अहांक कोना छी
how do you do	अहाँ कोना छथि
however	यद्यपि
how is	केना अछि
how many	केतना
how much	कतेक
how often	केना बार
how old are you	अहां कतेक सालक छी
how was your day	अहांक दिन केहन छल
how was your night	अहांक राति केहन छल
how	कोना
hubby	भतार
hub	केंद्र
huge	बड्ड पैघ
hug	आलिंगन
human	मनुख
humble	विनम्र
humidity	उमस
humid	उमस
hundred	सैय
hungry	भूखायल
hunt	शिकार
hurricane	तूफान
hurry up	जल्दी करू
hurry	जल्दी
hurt	चोट
husband	पति
hustle	जल्दी
hut	झोपड़ी
hygiene	साफ सफाई
I am fine	हम नीक छी
I am	हम छी
I can't	हम नहि कए सकैत छी
I can	हम कए सकैत छी
ice cream	आइसक्रीम
ice	बरफ
ideal	आदर्श
idea	विचार
identical	एक्के जैसन
identify	पहचान
identity	पहचान
idiot	मूर्ख
idle	सुस्त
I do not know	हमरा नहि पता
I do not understand	हम नहि बुझैत छी
I don’t know	हम नाय जानय छी
I don't know	हमरा नहि पता
I don't understand what you mean	हम नहि बुझल छलहूँ अहाँक की मतलब अछि
I don't understand you	हम अहाँ केँ नहि बुझ रहल छि
I don’t understand	हम नाहि बुझए छि
I don't understand	हमरा नहि बुझाइत अछि
I don't	हम नहि करैत छी
I do	हम करए छी
if	यदि
ignore	नजरअंदाज
i guess	हम बुझि छी
I had	हमरा लग छल
I have been	हम अलोह
I have	हमरा लग अछि
I hope so	हम अइसने आशा करे छी
I know	हम जनैत छी
I like you	हम अहांक पसिन करैत छी
I like	हमर पसंद
illegal	गैरकानूनी
illness	रोग
ill	बीमार
Ilocano	इलोकानो
I love my big brother	हमरा अपना बड़का भाय सँ प्यार हय
I love my big sister	हमरा हमर बड़की बहिन सँ लगाव हय
I love my father	हमरा अपना बाउ जी सँ प्यार हय
I love my little brother	हम अपना छोटका भाय सँ प्यार करई छी
I love my little sister	हमरा अपन बहिन सँ प्यार हई
I love my mother	हम अपना माई सँ प्यार करई छी
I love you so much	हम अहांके बहुत प्रेम करैत छी
I love you too	हमहूं अहांक प्रेम करेत छी
I love you	हम अहां सँ प्रेम करैत छी
I love	हम परेम करे छि
image	छवि
imagine	कल्पना करु
I mean	हमर मतलब अछि
I'm fine	हम ठीक छी
I'm good	हम नीक छी
I'm here	हम एतबा छी
I miss you so much	हम अहांकें बहुत याद कए रहल छी
I miss you	हम अहांके याद क रहल छी
immediately	झटपट
immediate	तुरंत
immense	अत्यधिक
impact	प्रभाव
impatient	बेताब
implement	लागू
important	महत्वपूर्ण
import	आयात
impose	थोपनाइ
impossible	असंभव
impression	प्रभाव
impressive	प्रभावशाली
impress	प्रभाबित करनाइ
improvement	सुधार
improve	बेहतर करु
I'm sorry	हमरा माफ क दिय
I'm	हम छी
I’m	हम छी
in addition	क अतिरिक्त
inappropriate	अनुपयुक्त
incentive	प्रोत्साहन
incident	घटना
include	शामिल करनाइ
including	सहित
income	आमदनी
inconvenience	असुविधा
increased	बढोतरी
increase	बढ़ाउ
incredible	अविश्वसनीय
indeed	निस्संदेह
independent	स्वतंत्र
India	भारत
indicate	संकेत
indigenous	स्वदेशी
individual	व्यक्तिगत
industry	उद्योग
inevitable	लाजमी
In fact	वास्तव मे
infant	नेना
infection	संक्रमण
infinity	अनंतता
inflammation	सूजन
inflation	मुद्रास्फीति
influence	प्रभाव
information	जानकारी
inform	सूचना देनाइ
in front of	के सामने
ingredients	अवयव
inheritance	विरासत
initial	शुरुआती
initiative	पहल
injured	चोटिल
injury	चोट लगनाइ
innocent	निर्दोष
innovation	नवका खोज
in order to	क लेल
inquiry	पूछताछ करनाइ
insane	विक्षिप्त
insect	कीट
insecure	असुरक्षित
insert	डालब
inside	भीतर मे
insight	दष्टि
insist	आग्रह
insomnia	अनिद्रा
inspiration	प्रेरणा
inspire	प्रेरित करनाइ
install	लगानाइ
instance	उदाहरण
instant	तुरन्ते
instant	पल भेर मे
instead of	क बजाय
instead	क' बदला मे
instructions	निर्देश
instrument	यंत्र
insult	अपमान
insurance	बीमा
intact	अछूता
integrity	ईमानदारी
intellectual	बुद्धिजीवी
intelligence	बुद्धि
intelligent	बुद्धिमान
intended	अभीष्ट
intend	उदेश्य रखनाइ
intense	तीव्र
intention	आशय
interaction	अन्तःक्रिया
interact	मेलजोल
interested	इच्छुक
interesting	मनभावक
interest	सूद
interfere	बाधा डालनाइ
intermediate	बीच क
internal	भीतरक
international	अंतरराष्ट्रीय
internship	इंटर्नशिप
interpreter	अनुवादक
interpret	अनुवाद करनाइ
interrupt	दखल देनाइ
interview	साक्षात्कार
intimate	सूचित करनाइ
into	में
introduce	परिचय
introduction	परिचय
introvert	अंतर्मुखी
intuition	सहज बोध
invalid	अमान्य
inventory	वस्तु सूची
invent	आविष्कार करनाइ
investigate	जाँच-पड़ताल करनाइ
invest	निबेस
invitation	निमंत्रण
invite	आमंत्रण
invoice	बिक्री पत्र
involved	सम्मिलित
involve	सम्मिलित
in	में
iron	लोहा
I see	हम देखैत छी
island	टापू
isolated	अलग करनाइ
issues	मुद्दा
issue	मुद्दा
is	अछि
items	चीज सभ
item	वस्तु
I think	हम सोचए छी
it is	ई छी
It's okay	ठीक अछि
it's ok	कोनो बात नहि
it's	इ अछि
its	एकर
it was	ई छलाह
it	ई
I understand	हम बुझैत छी
I want to see you	हम अहाँ केँ देखे चाहय छि
I want you	हम अहां क चाहए छी
I want	हम चाहैत छी
I was	हम छलहुं
I will	हम करब
I would be	हम हेब
I	हम
jacket	जैकेट
jail	जेल
January	जनवरी
jar	बोतल
jaw	जबडा
jealous	जलनखोर
jerk	झटका
jewelry	आभूषण
job	चाकरी
jogging	धीरे-धीरे चलनाइ
joint	संयुक्त
join	जुड़िजाय
joke	चुटकुला
journalist	पत्रकार
journey	यात्रा
joy	खुशी
judge	न्यायाधीश
juice	रस
july	जुलाई
jump	कूदनाइ
june	जून
junk	कचरा
just do it	बस एकरा करू
justice	न्याय
justify	न्यायसंगत
just	बस एहिना
Kalaallisut	कलाल्लिसुत
keen	संबंधी
keep it up	एकरा जारी रखू
keep	राखू
kept	रखल
kettle	केटली
key	चाबी
kick	लात मारनाइ
kidding	मजाक
kidney	गुर्दा
kids	नेना सभ
kid	नेना
kill	जान सँ मारनाइ
kinda	तरह क
kindly	सहृदय
kindness	दयाभाव
kind	प्रकार
king	राजा
kiss	चुम्मा
kitchen	भनसा घर
kite	पतंग
kitten	बिल्लीक नेना
knee	ठेहुन
knew	जानत छथि
knife	चक्कू
knight	शूरवीर
knowledge	ज्ञान
known	ज्ञात
know	बुझू
Konkani	कोंकणी
Krio	क्रियो
label	नाम-पत्र
labor	मजदूर
labour	मजदूर
lack	अभाव
ladder	सीढ़ी
lady	माउगी
laid	डिम देनाइ
lake	झील
lamb	भेंड़क नेना
lame	लांगड़
lamp	लालटेन
landscape	परिदृश्य
land	जमीन
language	भाषा
lap	कोरा
large	नमहर
last but not least	अंतिम अछि पर कम नहि
last name	उपनाम
last	अंतिम
lately	हाल ही मा
later	बाद मे
latest	नवीनतम
late	देरी
latter	बाद बला
laughing	हंसनाइ
laughter	हंसी
laugh	हंसी
launch	शुरू
laundry	धोबी घर
lawn	घास क मैदान
lawyer	वकील
law	कानून
layer	परत
layout	नक्शा
lay	नीचू रखनाइ
lazy	सुस्त
leader	नेता
lead	अगुवाई
leaf	पत्ती
leak	छेद होनाइ
lean	झुकल
leap	कुदनाइ
learning	अधिगम
learn	सीखू
lease	पट्टा
least	सब सं अल्प
leather	चमड़ा
leaves	पत्ती
leave	छुट्टी
led	सीसा
left	बामा
legacy	विरासत
legal	कानूनी
legend	किंवदंती
legit	कानूनी
leg	पएर
leisure	आराम
lend	कर्ज देनाइ
length	लंबाई
lesson	अध्याय
less	कम
letter	पत्र
lettuce	पत्तीदार
let	हुअ दियौ
level	दर्जा
leverage	लाभ
liability	देनदारी
library	पुस्तकालय
lick	चाटनाइ
lies	सुताल
lie	झूठ
life	जीवन
lift	उठाउ
lightning	आकाशीय विद्युत
light	हल्लुक
likely	उपयुक्त
likewise	ओनहिये
like	पसिन
line	पंक्ति
Lingala	लिंगाला
link	सम्बन्ध
lion	शेर
liquid	तरल
listening	सुननाइ
listen	सुनू
list	सूची
literally	अक्षरसः
literature	साहित्य
litter	कूड़ा-करकट
little	कम
liver	कजेला
lives	रहत छय
live	सीधा प्रसारण
living room	बैठक कक्ष
living	रहनाइ
lizard	टिकटिकीया
load	बोझा
loaf	पाव रोटी
loan	कर्जा
local	स्थानीय
location	स्थान
lockdown	तालाबंदी
lock	ताला
log	तना
lol	लोल
lonely	एकाकी
long time no see	ढेर समय सँ नहि देखले छलोह
long	लंबा
look	देखू
loop	फांस
loose	ढ़िल
lord	भगवान्
lose	नुकसान
loss	हानि
lost	हेराय गेल
lot	खूब
loud	जोर सँ
lounge	बरामदा
lovely	सुन्दर
love you	अहांक प्रेम करैत छी
love	प्रेम
lower	निम्नस्तर बला
low	कम
loyalty	निष्ठा
loyal	स्वामीभक्त
lucky	भाग्यशाली
luck	भाग्य
Luganda	लुगांडा
luggage	समान
lump	गांठ
lunch	दुपहरक भोजन
lungs	फेफड़ा सभ
luxury	आलीशान
lying	पड़ल
machine	मसीन
madam	महोदया
made	बनाओल गेल
mad	पागल
magazine	पत्रिका
magnificent	शानदार
maid	परिचारिका
maintain	बना के राखब
maintenance	रखरखाव
main	मुख्य
Maithili	मैथिली
majority	बहुमत
major	प्रमुख
make up	श्रृंगार करनाइ
make	बनाउ
male	पुरुष
mall	मॉल
management	प्रबंधन
manager	प्रबंधक
manage	प्रबंध
mandatory	जरूरी
manifest	घोषणापत्र
manipulate	हेरफेर करनाइ
manner	तरीका
manual	हाथ सं कएल गेल
many many happy returns of the day	ई दिन घुरि-घुरि आय
many	बहुत रास
man	व्यक्ति
march	जुलुस
margin	हाशिया
market	बाजार
marriage	बिहा
married	विवाहित
mask	मुखौटा
massive	ठोस
mass	सामूहिक
master	स्वामी
match	मिलान
material	सामग्री
mate	मित्र
math	गणित
matter	मामला
maturity	परिपक्वता
maybe	संभवतः
may	सकत
meal	भोजन
meaning	मतलब
means	साधन
meant	मतलब
meanwhile	एहि बीच मे
mean	मतलब
measures	उपाय सभ
measure	नाप
meat	मांस
medical	मेडिकल
medicine	दवाइ
meditation	ध्यान-समाधि
medium	माध्यम
meeting	बैसार
meet	भेंट करू
Meiteilon	मैतैलोन
melt	पिघलल
memories	यादसभ
memory	खेआल
mental	पागल
mentioned	उल्लिखित
mention	उल्लेख
mentor	उस्ताद
merchant	दोकनदार
mercy	दया
merely	केवल मात्र
merry christmas	क्रिसमस क बधाई
message	संदेश
messy	अव्यवस्थित
mess	गड़बड़
metal	धात्तु
method	तरीका
me too	हमहूं
me	हम
mice	मूस
middle	मध्य
midnight	आधा-राति
might	सक
mild	मृदु
milestone	मील क पाथर
military	सेना
milk	दूध
million	दस लाख
mindset	मानसिकता
mind	मोन
mine	हमर
mingle	मिलनाइ
minor	छोट
minutes	मिनट
minute	मिनट
miracle	चमत्कार
mirror	आईना
miscellaneous	मिलल-झुलल
mischievous	दुष्ट
miserable	कष्टप्रद
misery	कष्ट
missing	हेरायल
mission	लक्ष्य
miss you	अहांक याद क रहल छी
miss	चूक
mistake	गलती
mist	कोहरा
Mizo	मिजो
mobile	मोबाइल
mock	देखावटी
model	आदर्श
moderate	उदारवादी
modern	आधुनिक
modest	मामूली
moisture	नमी
moist	भीगल
mold	सांचा मे ढालब
mole	तिल
moment	क्षण
mom	मां
monday	सोमदिन
money	रुपैया
monitor	देख रेख करनाइ
monkey	बानर
month	मास
moody	उदासीन
mood	भाव
moon	चंद्रमा
moral	नैतिक
moreover	अतिरिक्त
more	अधिक
morning	भोर
mortgage	बंधक
mostly	ज्यादा तर
most	अधिकतर
mother	मां
motion	गति
motivation	प्रेरणा
mountain	पहाड़
mouse	मूस
mouth	मुंह
movement	गतिविधि
move	चलनाइ
movie	चलचित्र
mrs	श्रीमती
much	ढेर
mud	कादो
mug	मग
muscle	मांसपेशी
museum	संग्रहालय
mushroom	छातू
music	संगीत
must	आवश्यक
mute	मौन करनाइ
mutual	पारस्परिक
My dear	प्रिये
my friend	हमर दोस्त
My hovercraft is full of eels	हमर होवरक्राफ्ट माछ सँ भरल अछि
my love	हमर प्रेम
my name is	हमर नाम थिक
my pleasure	हमर खुशी
myself	खुद सँ
mysterious	रहस्यमय
mystery	रहस्मय
myth	कल्पित कथा
my	हमर
nail	नाखून
naive	नौसिखिया
name	नाम
narrative	वर्णन
narrow	पातर
nasty	दुष्ट
nationality	राष्ट्रीयता
national	राष्ट्रीय
native	मूल-निवासी
natural	प्राकृतिक
nature	प्रकृति
nausea	जी ओकिएनाइ
nearby	नखिच
nearly	लगभग
near	नजदीक
neat	साफ
necessary	आवश्यकता
necklace	हार
neck	गर्दनि
need	जरूरत
negative	नकारात्मक
neglect	उपेक्षा
negotiate	मोल - भाव
neighborhood	आस-पड़ोसक लोग
neighbor	पड़ोसी
neither	नहि
nephew	भातिज
nerd	पढ़ाकू
nervous	घबरायल
nest	घोंसला
network	नेटवर्क
net	जाल
neutral	तटस्थ
never give up	कखनो नहि छोड़ू
nevermind	कोनो गप्प नहि
never mind	कोनो बात नहि
nevertheless	तहियो
never	कखनो नहि
news	समाचार
new	नया
next to	क बगिल
next	अगिला
nice to meet you	अहां सँ भैट कए नीक लागल
nice	नीक
niece	भतीजी
nightmare	डरावना सपना
night	रात्रि
nineteen	उनइस
ninety	नब्बे
nine	नव
nobody	कोनो नहि
noise	शोरगुल
noisy	शोर वला
none	कोनो नहि
noon	दुपहर
nope	नहि
no problem	कोनो समस्या नहि अछि
normal	सामान्य
north	उत्तर दिस
nor	आ नहि
nose	नाक
nostalgic	खिन्न भ जनाइ
not at all	एकदम नहि
not bad	खराब नहि अछि
noted	लिख लियल गेल
note	नोट
nothing	किछु नहि
noticed	ध्यान
notice	सूचना
Not now	एखन नहि
not yet	एखन नहि
not	नहि
nouns	संज्ञा सभ
noun	संज्ञा
novel	उपन्यास
november	नवम्बर
nowadays	आइ-काल्हि
no way	कोनो रास्ता नहि अछि
now	एखन
No	नहि
nuisance	बाधा
null	सुन्ना
number	संख्या
numb	सुन्न
nurse	दाई
nutmeg	जायफल
nutrition	पोषण
nut	बादाम
oath	कसम
obesity	मोटापा
obey	आज्ञा माननाइ
objective	उद्येश्य
object	वस्तु
obligation	बाध्यता
obscure	अस्पष्ट
observation	निरिक्षण
observe	अवलोकन
obsessed	जुनूनी
obsession	जुनून
obsolete	अप्रचलित
obstacle	बाधा
obtained	प्राप्त भेल
obtain	प्राप्त करु
obviously	स्पष्टतः
obvious	स्पष्टतः
occasionally	कहियो कहियो
occupation	पेशा
occupied	कब्जा कयल गेल
occurred	आएल
occurs	होत अछि
occur	धटित
ocean	समुन्दर
october	अक्टूबर
odds	अंतर
odd	विषम
of course	अवश्य
offensive	अप्रिय
offer	प्रस्ताव
office	कार्यालय
official	अधिकारी
off	बंद
often	अक्सर
of	क
oh really	की साच्चो मे
Oh	ओह
oil	तेल
okay baby	ठीक छै नेना
okay dear	नीक अछि प्रिये
okay honey	ठीक अछि प्रिय
okay my love	ठीक अछि प्रिये
okay	ठीक छै
ok dear	ठीक प्रिय
ok honey	ठीक अछि जानू
ok my love	ठीक अछि  प्रिये
ok	ठीक छैै
old	पुरान
once	एक बेर
one language is never enough	एक टा भाषा कबो प्रयाप्त नहि अछि
one	एकटा
onion	प्याज
online	ऑनलाइन
only	केवल मात्र
on	उपर
open	खुलल
operation	संचालन
opinion	विचार
opportunities	अवसर
opportunity	अवसर
opposite	उल्टा
optimistic	आशावादी
optional	ऐच्छिक
option	विकल्प
orange	नारंगी
order	आदेश
ordinary	साधारण
organization	संस्थान
orientation	अनुस्थापन
original	मूल
origin	मूल
Oromo	ओरोमो
orphan	अनाथ
or	वा
otherwise	अन्यथा
other	दोसर
ought	चाही
Our mission: to enable everyone, everywhere to understand the world and express themselves across languages.	हमर मिसन: सभ गोटाक, सभ जगह दुनिया क समझे अउर भाषा मे स्वम् क अभिव्यक्त करे मे सक्षम बनानाइ।
Our mission: to organize the world's information and make it universally accessible and useful.	हमर मिसन: दुनियाक जानकारीक व्यवस्थित करनाई अउर एकरा सार्वभौमिक रूप सँ सुलभ अउर उपयोगी बनानाइ।
our	हमरासभक
outcome	परिणाम
outfit	साज-सामान
outgoing	बाहर जाय वला
outlet	दोकान
outline	रूपरेखा
outside	बाहिर
outstanding	बकाया
out	बाहर
oven	भट्ठी
overall	पूरा -पूरा
overcome	जीतनाइ
over there	ओतबा अछि
overthinking	ढेर सोचनाइ
overwhelmed	अभिभूत
overwhelming	जबरदस्त
over	ऊपर सँ
owe	ऋणी
owl	उल्लू
owner	मालिक
own	अपन
ox	बैल
pace	गति
package	पैकेज
pack	गठरी
paid	भुगतान कयल गेल
painting	चित्र
paint	रंग
pain	दर्द
pair	जोड़ा
pale	पीयर
palm	हथेली
pandemic	वैश्विक महामारी
panic	घबड़ाहट
pants	पायजामा
pan	तावा
paper	कागज
paradise	स्वर्ग
parallel	समानांतर
parcel	पार्सल
pardon	क्षमा
parents	मां-पिता
park	पार्क
parrot	तोता
parsley	जमायन
participate	भाग लेनाइ
particularly	विशेष रूप सँ
particular	विशेष
partner	साझेदार
party	उत्सव
part	हिस्सा
passage	रास्ता
passed	बीतल
passionate	आवेशपूर्ण
passion	जुनून
passive	निष्क्रिय
password	पासवर्ड
pass	सफल
past	भूतकाल
patch	चेपी
pathetic	दयनीय
path	रास्ता
patience	धीरज
patient	मरीज
pattern	स्वरूप
pause	रोकनाइ
pavement	पगडंडी
payment	भुगतान केयल गेल पाई
pay	वेतन
peaceful	शांतिपूर्ण
peace	शांति
peach	सतालु
peak	शीर्ष
pear	नासपाती
peas	मटर
peculiar	अजीब
peel	छिलनाइ
peers	साथी लोकनि
peer	सामान पद बला
pee	पेसाब
pencil	पेन्सिल
pending	लंबित
pen	कलम
people	लोक
pepper	गोलकी
perceive	बुझनाइ
perception	अनुभूति
perfect	एकदम ठीक
performance	प्रदर्शन
perform	प्रदर्शन
perhaps	शायद
period	काल
permanent	स्थायी
permission	अनुमति
permit	अनुमति
perseverance	जिद्द
persistent	लगातार
personality	व्यक्तित्व
personal	व्यक्तिगत
person	व्यक्ति
perspective	परिप्रेक्ष्य
persuade	राजी करनाइ
pervert	विकृत कएदेनाइ
pet	पालतू
phase	अवस्था
phenomenon	तथ्य
philosophy	दर्शन
phone	फोन
photo	छबी
phrase	मुहावरा
physical	शारीरिक
pick up	उठाउ
pick	उठाउ
picture	छवि
pieces	टुकड़ासभ
piece	टुकड़ा
pigeon	कबूतर
pig	सूअर
pile	ढेर
pillow	तकिया
pilot	हवाई जहाज चालक
pineapple	अनानास
pink	गुलाबी
pin	पिन
pitch	स्वरक उतार-चढ़ाव
pity	दया
pit	गड्ढा
places	जगह
place	स्थान
plague	महामारी
plain	सादा
plane	हवाई जहाज
plants	गाझ सभ
plant	गाछि
plan	योजना
plate	प्लेट
platform	मंच
playing	खेल रहल हय
play	बजाउ
pleasant	मजेदार
pleased	प्रसन्न
please	कृपया
pleasure	खुशी
pledge	प्रतिज्ञा
plenty	खूब
plot	भूखंड
plug	प्लग
plumber	नलसाज
plum	आलूबुखारा
plural	बहुवचन
podcast	पॉडकास्ट
poem	कबिता
poetry	शायरी
point	बिन्दु
poison	जहर
police	पुलिस
policy	नीति
polite	विनम्र
pollution	प्रदूषण
pond	पोखरि
pool	पोखरि
poop	पखाना
poor	गरीब
popular	लोकप्रिय
population	आबादी
pop	पप
pork	सूअरक मास
porridge	दलिया
port	बंदरगाह
position	स्थिति
positive	सकारात्मक
possession	अधिकार
possessive	स्वामित्व
possess	क स्वामी वा मालिक भेनाइ
possible	संभव
postpone	स्थगित करनाइ
post	पद
potato	आलू
potential	संभावित
pound	बंदी गृह
poverty	गरीबी
powerful	शक्तिशाली
power	शक्ति
practical	व्यावहारिक
practice	अभ्यास
praise	प्रशंसा करनाइ
prank	शरारत
pray	प्रार्थना
precious	मूल्यवान
precisely	निश्चित रूप सं
precise	छोट
predict	भविष्यवाणी
preference	पसंद
prefer	तरजीह
pregnant	गाभीन
prejudice	पक्षपात
premises	परिसर
premium	अधिमूल्य
preparation	तैयारी
prepared	तैयार
prepare	तैयारी
preposition	पूर्वसर्ग
presence	उपस्थिति
presentation	प्रस्तुतिकरण
present	वर्तमान
preserve	बचा क रखनाइ
president	अध्यक्ष
pressure	दबाव
press	दबानाइ
pretend	बहाना
pretty	सुन्दर
prevent	रोकू
previous	पहिलुका
prey	सिकार
price	दाम
pride	गौरव
priest	पुजारी
primary	प्राथमिक
prime	मुख्य
princess	राज-कुमारी
principal	प्रधान
priority	प्राथमिकता
prior	अग्रिम
prison	कारागार
privacy	गोपनीयता
private	व्यक्तिगत
privilege	विशेषाधिकार
prize	इनाम
probably	संभवतः
problem	समस्या
procedure	प्रक्रिया
proceed	आगू बढ़ू
process	प्रक्रिया
produce	उपज करनाइ
production	उत्पादन
product	उजप
professional	व्यावसायिक
profession	पेशा
profile	रूपरेखा
profit	फायदा
profound	अगाध
progress	प्रगति
project	परियोजना
prominent	प्रसिद्ध
promise	वचन
promote	पदोन्नति
promotion	पदोन्नति
prompt	तत्पर
prone	अधोमुख
pronouns	सर्वनाम
pronunciation	उच्चारण
proof	प्रमाण
properly	नीक जेना
properties	गुण
property	संपत्ति
proper	उचित
proposal	प्रस्ताव
prospect	खोज करनाइ
prosperity	समृद्धि
prosperous	समृद्ध
protect	परियोजना
proud	गर्व
prove	साबित
provided	दियल गेल
provide	उपलब्ध करायब
province	राज्य
provision	प्रावधान
puberty	सयानपन
public	सार्वजनिक
pull	खींचू
pumpkin	कद्दू
punctual	समयानुकूल
pupil	शिष्य
purchase	खरीद
pure	शुद्ध
purple	बैंगनी
purpose	प्रयोजन
purse	बटुआ
pursue	जारी रखनाइ
pursuit	खोज
push	धक्का
put	राखू
qualification	योग्यता
quality	गुण
quantity	मात्रा
quarantine	अलग रखनाइ
quarrel	झगड़ा
quarter	चौथाई
Quechua	केचुवा
queen	रानी
queer	विचित्र
query	पुछताज
question	प्रश्न
queue	पंक्ति
quickly	तेजी सँ
quick	जल्दी
quiet	शांत
quilt	रजाय
quite	शांत
quit	छोड़ि दिय
quiz	प्रश्नोत्तरी
quotation	कोनो पदार्थक प्रचलित मूल्य
quotes	उद्धरण
quote	उद्धरण
rabbit	घरगोश
race	दौर
rage	भीषण क्रोध
rain	बारिश
raised	पालल-पोसल
raise	उठाउ
random	अनियमित
range	श्रेणी
ran	दौड़ल
rapidly	तेजी सँ
rapid	खूब तेजी सँ
rarely	शायदे कहियो
rare	दुर्लभ
rash	जल्दबाजी
rate	दर
rather	बल्कि
rational	तर्कसंगत
ratio	अनुपात
rat	मूस
raw	कांच
reached	पहुंचल
reach	पहुंच
reaction	प्रतिक्रिया
reading	अध्ययन
ready	तैयार
read	पढ़ू
reality	हकीकत
realized	एहसास
realize	अहसास
really	सत्ते
real	सच
rear	पछिला
reasonable	उचित
reason	कारण
recall	याद करनाइ
receipt	प्राप्ति रसीद
received	प्राप्त कयल गेल
receive	प्राप्त करु
recently	हाल मे
recent	हालक
reception	स्वागत कक्ष
recipe	विधि
reckless	दुस्साहसी
recognition	मान्यता
recognize	मान्यता
recommended	सिफारिस करनाइ
recommend	सिफारिस करनाइ
record	दर्ज करनाइ
recovery	वापिस भेटनाइ
recover	नीक करनाइ
rectangle	आयत
redeem	क' एवज मे
redemption	ऋणमुक्ति
reduce	कम करु
redundant	फालतू
red	लाल
reference	संदर्भ
refer	प्रस्तुत
reflection	प्रतिबिंब
reflect	परछाई
refrain	बचनाइ
refrigerator	फिरिज
refund	वापसी
refused	मना करनाइ
refuse	इन्कार
regarding	क' संबंध मे
regardless	उदासीन
regards	सादर
regard	संबद्ध
region	क्षेत्र
register	पंजीकरण
regret	पछतावा
regularly	नियमित तौर पर
regular	नियमित
reject	अस्वीकार करनाइ
related	संबंधित
relate	संबंधित
relationship	संबंध
relatives	कुटुम
relative	संबंधी
relax	आराम
released	छुटकारा दियल गेल
release	मुक्त करु
relevant	प्रासंगिक
reliable	विश्वसनीय
relief	आराम
relieved	चिंता मुक्त भेल
relieve	राहत देनाइ
religion	धर्म
religious	धार्मिक
reluctant	अनिच्छुक
rely	आश्रित
remaining	बचल
remain	टिकल
remarkable	देखे योग्य
remedy	उपचार
remember	याद
reminder	याद दियेनाइ
remind	याद दियेनाइ
remote	दूर सँ
remove	हटाउ
render	प्रस्तुत केनाइ
rent	किराया
repair	मरम्मति
repeat	दोहरानाइ
replace	प्रतिस्थापना
reply	जवाब
report	विवरण
represent	प्रतिनिधित्व
reputation	प्रतिष्ठा
request	निवेदन
required	आवश्यक
require	आवश्यकता
rescue	बचानाइ
research	अनुसंधान
resemble	एक जैसन होनाइ
resentment	अपमान
reservation	आरक्षण
reserve	संचय करनाइ
resident	निवासी
resign	त्यागपत्र
resilience	लचीलापन
resilient	लचकदार
resistance	रुकावट
resist	प्रतिरोध
resolution	प्रस्ताव
resolve	हल करु
resort	सैरगाह
resources	संसाधन
respect	आदर
respond	प्रतिक्रिया
response	प्रतिक्रिया
responsibility	उत्तरदायित्व
responsible	उत्तरदायी
restaurant	होटल
rest in peace	भगवान् आत्माक शांति दे
restore	फेन सँ स्थापित करनाइ
restrict	प्रतिबंध
rest	बाकी
results	परिणाम
result	परिणाम
resume	फेर सं शुरू करनाइ
retail	खुदरा
retain	रोकिक राखू
retention	अवधारण
retired	सेवामुक्त
retreat	वापसी
retrieve	फेर सँ प्राप्त करनाइ
return	वापस
revealed	प्रकट केल
reveal	प्रकट
revenge	बदला
revenue	राजस्व
reverse	विपरीत
review	समीक्षा
revise	संशोधन
revision	संशोधन
revolution	क्रांति
reward	सम्मान
rhythm	ताल
rib	पसलीक हड्डी
rice	भात
rich	धनी
ride	सवारी
ridiculous	हास्यास्पद
rid	छुटकारा
right now	एखन
right	ठीक
rigid	कठोर
ring	घेरा
rinse	खंगालनाइ
riot	दंगा
ripe	पक्कल
rip	फाड़नाइ
rise	उत्थान
risk	जोखिम
rival	प्रतिद्वंद्वी
river	नदी
road	सड़क
roast	आगि मे भुननाइ
robust	मजबूत
rock	पाथर
rod	छड़
role	भूमिका
roll	घूमनाइ
roof	छत
room	कमरा
root	जड़
rope	रस्सी
rotten	सडल
roughly	मोटा-मोटी
rough	रूख
round	गोल
route	मार्ग
routine	दिनचर्या
row	पंक्ति
rubber	रब्बड़
rubbish	कचरा
rub	मालिस
rude	उदंड
rug	गलीचा
ruin	बरबाद
ruler	राजा
rules	नियम
rule	नियम
running	दौड़
run	दौरू
rural	ग्रामीण
rush	भीड़
sack	झोला
sacred	पवित्र
sacrifice	त्याग
safe flight	सुरक्षित हवाईयात्रा
safety	सुरक्षा
safe	सुरक्षित
sage	संत
said	कहलक
sailing	सेलिंग
sail	जलयात्रा
sake	खातिर
salary	वेतन
sale	बिक्री
salmon	समान
salt	नून
Same here	हमरो यहे विचार हय
same	समान
sample	नमूना
sand	बालू
Sanskrit	संस्कृत
sarcastic	व्यंग्यपूर्ण
sassy	नटखट
satisfaction	संतुष्टि
satisfied	संतुष्ट भेल
satisfying	संतोस दिए बला
satisfy	संतुष्ट
Saturday	शनिदिन
sat	बैसलाह
sausage	लंगचा
savage	जंगली
save	बचाउ
saw	देखलहुं
say	कहू
scale	पैमाना
scam	घोटाला
scarce	कमी
scared	भयभीत
scarf	ओढनी
scary	भयानक
scar	चोटक  निसान
scattered	छितरल
scenery	दृश्य
scene	दृश्य
scent	खुशबू
schedule	समय-सारणी
school	विद्यालय
science	विज्ञान
scientists	बैज्ञानिक सभ
scientist	वैज्ञानिक
scissors	कैंची
scold	डांटनाइ
scope	दायरा
score	अंक भेटनाइ
scrap	रद्दी माल
scratch	खरोंच
scream	चिल्लेनाई
screen	परदा
screw	पेंच
script	लिपि
seal	मोहर
search	खोजनाइ
season	ऋतु
seat	बैसैक स्थान
sea	समुद्र
second	दोसर
secret	गुप्त
section	अनुभाग
secure	सुरक्षित
security	सुरक्षा
seed	बीज
seek	ताकू
seems	प्रतीत
seem	लगनाइ
seen	देखल गेल
see you later	बाद मे भेट होएत
see you soon	जल्दिये भेट होएत
see you tomorrow	कल भेट होएत
see you	फेर भेट होएत
see	देखू
seize	क जब्त
seizure	कुर्की
seldom	कखनो-कखनो
select	चुननाइ
self healing	अपने सँ ठीक भेनाइ
selfish	स्वार्थी
self	अपन व्यक्तित्व
sell	बेचनाइ
send me your picture	हमरा अपन फोटो भेजू
send	पठाउ
senior	वरिष्ठ
sense	बोध
sensible	समझदार
sensitive	संवेदनशील
sentences	वाक्य सभ
sentence	वाक्य
sent	पठाओल
separate	अलग
Sepedi	सेपेडी
september	सितम्बर
sequence	क्रम
series	श्रृंखला
seriously	गंभीरता सँ
serious	गंभीर
serve	सेवा
service	सेवा
session	सत्र
setting	हालत
settle	स्थिर
set up	तैयार केनाइ
set	नियत
seventeen	सत्रह
seventy	सत्तर
seven	सात
several	कएकटा
severe	गंभीर
sew	सिलाई करनाइ
shade	छाया
shadow	परछाई
shake	हिलनाइ
shallow	सतही
shall	थुन
shall	ब
shame	सरम
shape	आकार
share	साझा करु
sharp	तेज
shed	छांह
sheep	भेंड़
sheet	शीट
she has	हुनका पास अछि
she is	ओ अछि
shelf	ताक
shell	कवच
shelter	शरणस्थली
she	ओ
shield	कवज
shift	पारी
shine	चमक
shipping	जलयात्रा
ship	जहाज
shirt	अंगा
shoes	जूता सभ
shoot	शिकार करनाइ
shopping	खरीदारी
shop	दोकान
shore	समुन्दर किनारा
shortage	कमी
short	छोट
shot	गोली मरनाइ
shoulder	कन्हा
shout	चिचिएनाइ
shower	फुहार
show me	हमरा देखाउ
show	प्रदर्शन
shrimp	झींगुर
shrink	सिकुड़ल
shut up	चुप रहू
shut	बंद करनाइ
shy	लजकोटर
siblings	भाई-बहिन
sibling	भाई-बहिन
sick	बीमार
side	पक्ष
sightseeing	पर्यटन
sight	दृष्टि
sigh	विलाप
signature	हस्ताक्षर
significant	महत्वपूर्ण
sign	हस्ताक्षर
silence	शांति
silent	मूक
silk	रेशम
silly	बेवकूफ
silver	चांदी
similar	समान
simple	साधारण
simp	नीक आदमी
simultaneously	संगे-संगे
sincerely	निष्ठा सँ
sincere	ईमानदार
since	काहेकी
singer	गायक
single	एकाकी
sing	गाना गानाइ
sink	डुबनाइ
Sir	महाशय
sister in law	साली
sister	बहिन
site	निर्माण स्थल
situation	स्थिति
sit	बैसू
sixteen	सोलह
sixty	साठ
six	छह
size	माप
skills	गुण
skill	गुण
skinny	पतला
skin	चमड़ी
skip	छोड़नाइ
skirt	घाघरा
sky	अकास
slave	गुलाम
sleeping	सूति रहल
sleepy	सूते जेना महसूस करनाइ
sleep	नींद
sleeve	आस्तीन
slice	टुकड़ा
slide	फिसलन
slightly	किछु न किछु
slim	पातर
slip	भिसलनाइ
slope	ढाल
slot	खाँचा
slowly	धीरे सं
slow	कम गति
small	छोट
smart	बुद्धिमान
smell	गंध
smile	मुस्कुराहट
smoke	धुआ
smooth	चिक्कन
snack	नश्ता
snail	घोंघा
snake	सांप
snap	फोटो
snow	बरफ
soak	बोड़नाइ
soap	साबुन
sober	संयमी
soccer	फुटबाल
social	समाजिक
society	समाज
socks	मोजा
so cute	पैघ मनोहर
so far	एखन धरि
software	सॉफ्टवेयर
soft	मुलायम
soil	माटि
soldier	फोजी
sold out	बेच दियल गेल
sold	बिका गेल
sole	एकमात्र
solid	ठोस
solution	समाधान
solve	समाधान
somebody	कोए
somehow	कोनो नहि कोनो तरह
someone	कियो
something	किछु
sometimes	कखनो कखनो
some	किछु
song	गाना
soon	जल्दी
sophisticated	जटिल
Sorani	सोरानी
sore throat	नरेटी मे खस खस
sore	पीड़ादायक
sorrow	दुख
Sorry	माफ क दिय
sort	प्रकार
sought	मांगलहुं
soulmate	जीवनसंगिनी
soul	आत्मा
sound	आवाज
soup	सूप
source	सूत्र
sour	खट्टा
south	साऊथ
so	त'
space	जगह
spam	जाली
Spanish	स्पेनिश
span	अवधि
spare	छूटल
speak	बाजू
special	विशेष
species	प्रजाति
specific	विशेष
spectacular	पैघ प्रदर्शन
speechless	बोली बंद भेनाइ
speech	भाषण
speed	गति
spell	हिज्जे करनाइ
spend	खर्च
spent	खर्च केलक
spicy	मसाला-दार
spike	नोकदार छड़
spinach	पालक
spin	घुमानाइ
spirit	साहस
spit	थूक
splendid	उत्कृष्ट
split	बांटल
spoiled	बिगड़ल
spoil	नुकसान
spontaneous	स्वाभाविक क्रिया
spoon	चम्मच
spot	स्थान
spouse	घरबाली
spread	फैलाउ
spring	वसंत
square	वर्ग
squeeze	निचोड़ कए निकाल देनाइ
squid	विद्रूप
squirrel	गिलहरी
stable	स्थिर
stab	चाकू मारनाइ
stack	ढेर
staff	कर्मचारी
stage	मंच
stain	दाग
stairs	सीढ़ी
stake	दांव लगानाइ
stalk	पिछु करनाइ
stall	दुकान
stamp	डाक टिकट
standard	मानक
stand	ठाढ़
started	शुरू भेल
start	शुरू
starving	निराहार
star	तारा
statement	वक्तव्य
state	राज्य
station	स्टेशन
statue	प्रतिमा
status	स्थिति
stay safe	सुरक्षित रहू
stay	रहू
steady	नियमित
steak	मॉसक टुकड़ा
steal	चोरी
steam	भाप
steel	इस्पात
steep	खड़ी
stem	तना
step	चरण
stick	छड़ी
stiff	हठी
still	तैयो
stingy	कंजूस
sting	डंक
stir	हिलाउ
stock	भंडार
stolen	चोरी भेल
stomach	पेट
stone	पाथर
stood	ठड़ा भेल
stool	मचिया
stop	रुकू
storage	भंडारण
store	जमा
storm	तूफान
story	खिस्सा
stove	चूल्हा
straightforward	सीधा
straight	सीधा
strain	खिंचाव
stranger	अपरिचित
strange	विचित्र
strategy	कूटनीति
strawberry	झरबेर
straw	पुआर
streak	धारी
stream	धार
street	गली
strength	शक्ति
stress	तनाव
stretch	खिंचाव
strict	कड़ा
strike	धरना
string	डोरी
strip	पट्टी
strive	प्रयास
stroke	आघात
strong	मजबूत
struck	प्रभावित
structure	ढांचा
struggle	संघर्ष
struggling	संघर्ष करे बला
stubborn	हठी
stuck	रुकल
student	छात्र
studying	पढत रहल बा
study	पढ़ाई
stuff	भरनाइ
stunning	चमत्कृत करय वला
stupid	बेवकूफ
style	अंदाज
subject	विषय
submission	प्रस्तुत करु
submit	जमा
substance	पदार्थ
substitute	विकल्प
subtle	सूक्ष्म
succeed	सफलता भेटनाइ
successful	सफल
success	सफलता
such as	जेना कि
such	एहन
suck	चुसब
suddenly	अचानक
sudden	एकाऐक
suffering	पीड़ा
suffer	कष्ट सहनाइ
sufficient	पर्याप्त
sugar	चीनी
suggestion	सलाह
suggest	सुझाव
suitable	योग्य
suitcase	सूटकेस
suit	पोशाक
summary	सार
summer	गर्मी
summit	शिखर सम्मेलन
sum	योग
sunday	रविदिन
sunny	सूरज जेना चमकीला
sunset	सूर्यास्त
sunshine	सुरुजक चमक
sun	सुरुज
superior	श्रेष्ट
supervisor	संचालक
super	बहुत अच्छा
supper	सांझक खाना
supply	आपूर्ति
support	सहायता
supposed	कल्पित
suppose	मानि लिय
sure	निश्चित
surface	सतह
surgery	शल्य-चिकित्सा
surge	हिलोर
surname	उपनाम
surprised	ताज्जुब भेनाइ
surprise	आश्चर्य
surrender	समर्पण
surrounding	अगिल-बगिल क
surveillance	निगरानी
survey	सर्वेक्षण
survive	बचनाइ
suspect	संदेहास्पद
suspended	निलंबित
suspicious	संदेहास्पद
sustainability	निरंतरता
sustainable	टिकाउ
sustain	संभालनाइ
swag	लूटल माल
swallow	निगलि लिय
swap	विनिमय
swear	कसम
sweater	सुटर
sweat	पसीना
sweep	झाड़ू लगेनाइ
sweet dreams	सुन्नर सपना
sweetheart	प्रिय
sweet tooth	दूध दत्ता
sweet	मीठ
swelling	फुलाव
swell	फूलनाइ
swimming	तैराकी
swim	पोरनाइ
swing	झूला
switch	बदलनाइ
swollen	फूलल
sword	तलवार
symbol	प्रतीक
sympathy	सहानुभूति
symptoms	लक्षण
system	तरीका
table	टेबल
tackle	सुलझानाइ
tag	लेबल लगनाइ
tail	नांगड़ि
take away	ले जाउ
take care	ख्याल राखू
taken	ले लियल गेल
take off	उड़नाइ
take	लिअ
talkative	बातूनी
talk	गप्प
tall	लंबा
tape	फीता
tap	नल
target	निशाना
task	कार्य
taste	सुवाद
tasty	स्वादिस्ट
taught	सिखाओल गेल
teacher	शिक्षक
teach	पढ़ेनाइ
team	गुट
tears	आँसू
tear	फारनाइ
tease	छेड़छाड़ करनाइ
tea	चाय
technology	प्रौद्योगिकी
teeth	दांत
tell me	हमरा कहू
tell	कहू
temperature	तापमान
temper	खिसियानइ
temple	मंदिर
temporary	अस्थायी
tenant	भडेदार
tendency	आदत
tender	निविदा
tend	प्रवृत्त
tense	काल
tension	तनाव
tentative	अनिश्चित
ten thousand	दस हजार
tent	तम्बू
ten	दस
terms	शर्त सभ
term	शर्त
terrible	भयावह
terrific	भयानक
territory	क्षेत्र
test	परीक्षण
text	मूल ग्रन्थ
Thanks for using our app	एप्पक उपयोग करे लेल धन्यवाद
thanks	धन्यवाद
Thank you for your patience while we investigate shipment	जाबत धरि हम सभ अहांक शिपमेंटक जाँच कहेल रहल छी, ताबत धरि धैर्य रखबाख लेल अहां के धन्यवाद
thank you so much	अहांके बहुत-बहुत धन्यवाद
thank you very much	अहांक बहुत-बहुत धन्यवाद
thank you	अहां कें धन्यवाद
thank	धन्यवाद
that is	ओ अछि
that's good	ई नीक अछि
that	ओ
theft	चोरी होनाइ
their	हुनकर
theme	बिसय
themselves	अपनेसँ
them	हुनकर
then	तखन
theory	सिद्धांत
there are	ओतह अछि
therefore	एहि लेल
there is	ओतय अछि
there	ओतय
these	ई सब
they are	ओ लोकनि सभ छथि
they	ओ सभ
thick	मोट
thief	चोर
thigh	जांघ
things	चीज सभ
thing	चीज
think	सोचनाइ
thin	पातर
third	तेसर
thirsty	पियास
thirteen	तेरह
thirty	तीस
this is	ई अछि
this	ई
thoroughly	पूरा तरह सँ
thorough	सम्पूर्ण
those	ओ सब
thoughtful	विचारशील
thoughts	विचार सभ
thought	विचार
though	यद्यपि
thousand	हजार
thread	ताग
threaten	धमकानाइ
threat	धमकी
three	तीन
threshold	सीमा
thrilled	रोमांचित
thrive	फलनाइ-फुलेनाइ
throat	गला
throughout	सब दिस
through	माध्यम सँ
throw	फेंकू
thumb	अंगुठा
thunder	बिजली कडकेक आवाज
Thursday	वृहस्पतिदिन
thus	ऐसा
tick	टिकटिक
tide	ज्वार
tidy	स्वच्छ
tie	बान्हब
tiger	बाघ
tight	कसल
Tigrinya	तिग्रिन्या
time	समय
timid	डरपोक
tiny	छोट
tips	टिप्स
tip	नोंक
tired	थाकल
tire	टायर
tissue	ऊतक
title	शीर्षक
toast	सेकनाइ
to be	होए बला
today	आइ
toddler	नेना
toes	गोडक अंगुठा
together	संग मे
toilet	शौचालय
told	कहलहुं
tolerance	सहनशीलता
tolerate	सहनशील
tomato	टमाटर
tomorrow	काल्हि
tongue	जीह
tonight	आइ रात
took	लेलक
tools	उपकरण
tool	औजार
tooth	दांत
too	अत्यधिक
topic	विषय
top	शिखर
torn	फाटल
torture	अत्याचार
total	पूरा
touch	छूनाइ
tough	मुश्किल
tour	यात्रा
towards	क' तरफ
toward	क' दिस
towel	तौलिया
town	शहर
toxic	विषाक्त
to	होए
trace	चिह्न
track	पगडंडी
trade	व्यापार
traditional	पारंपरिक
tradition	परम्परागत
traffic	ट्रैफिक
trail	पाछू
training	प्रशिक्षण
train	ट्रेन
traits	लक्षण
trait	लक्षण
transfer	स्थानांतरण
transition	संक्रमण
translate	भाषांतर केनाइ
transparent	पारदर्शी
transportation	परिवहन
transport	परिवहन
trap	जाल
trash	कूड़ेदान
trauma	सदमा
travel	यात्रा
tray	एको छोट थारी
treasure	खजाना
treatment	बरताव
treat	वर्ताव
tree	गाछ
tremendous	अद्भुत
trend	दौर
trial	परीक्षण
trick	तरकीब
tried	कोशिश केलहुं
trigger	उत्प्रेरक
trim	टकाट-छांट करनाइ
trip	यात्रा
trouble	तकलीफ
trousers	पैजामा
truck	ट्रक
true	सत्य
trunk	हाथीक सूंढ
trust	विश्वास
truth	सत्य
try	कोशिश करु
Tsonga	सोंगा
tube	नल्ली
Tuesday	मंगलदिन
tuition	ट्यूसन
turkey	तुर्की
turmeric	हल्दी
turn	घुमनाइ
turtle	कछुआ
tutor	शिक्षक
twelve	बारह
twenty-one	इक्कीस
twenty	बीस
twice	दुगुना
twist	मोड
Twi	ट्वी
two	दू
type	प्रकार
typical	ठेंठ
ugly	कुरूप
ultimate	अंतिम
umbrella	छाता
unable	असमर्थ
uncle	कका जी
unconscious	बेहोश
underneath	नीचु
underrated	कम आँकल लगानाइ
understand	बुझनाइ
understood	बुझ गेल
under	नीचां
unfortunately	दुर्भाग्यपूर्ण
uniform	बर्दि
unique	अपूर्व
unit	इकाई
university	विश्वविद्यालय
unknown	अनजान
unless	सिवाय
until	ताधरि
unusual	असामान्य
update	अपडेट
upgrade	उन्नयन
upon	ऊपर
upset	परेशान
up to you	अहाँ ऊपर अछि
up	ऊपर
urban	शहरी
urgent	तुरन्ते
urge	अनुरोध
used	उपयोग कयल गेल
useful	उपयोगी
useless	बेकाजक
use	इस्तेमाल
usually	साधारणतः
usual	सामान्य
us	हम सब
utility	उपयोगिता
vacation	छुट्टी
vaccination	टीका
vaccine	टीका
vacuum	शुन्य
vague	अस्पष्ट
valid	वैध
valley	घाटी
valuable	कीमती
value	मूल्य
variety	विविधता
various	विभिन्न
vary	अलग
vase	फूलदान
vast	विशाल
vegetables	सब्जी
vegetable	सब्जी
vehicle	गाड़ी
vendor	बेचय बला
venom	जहर
venture	उद्यम
venue	स्थल
verify	सत्यापित करु
versatile	चंचल
version	संस्करण
vertical	खड़ा
very good	बड्ड नीक
very	बहुत
vessel	बरतन
via	क दिआ
vibes	अनुभूति
vibe	अनुभूति
vicious	बुरा
victim	पीड़ित
video	भिडियो
view	देखू
village	गाम
villain	खलनायक
vinegar	सिरका
vintage	संचय करएक समय
violence	हिंसा
violent	उग्र
viral	वायरल
virgin	कुमारि
virtual	आभासी
virtue	सद्गुण
vision	दृष्टि
visit	भेंट
visual	दृश्य
vital	महत्वपूर्ण
vivid	जीवंत
vocabulary	शब्दावली
voice	आबाज
void	सुन्ना
volume	मात्रा
volunteer	स्वयंसेवी
vomit	उलटी
vulnerable	अति संवेदनशील
wages	वेतन
wage	बेतन
waist	डांड
waiter	वेटर
waiting	इन्तजार क रहल छी
wait	रुकू
wake up	जागू
wake	उठलक
walking	घूमनाइ
walk	टहलू
wallet	बटुआ
wall	देवाल
wander	घुमनाइ
wanna	चाहय छि
wanted	आवश्यकता
want	चाह
wardrobe	अलमारी
warehouse	गोदाम
warm	गर्म
warning	चेतावनी
warn	चेतावनी
warrior	योद्धा
war	युद्ध
wash	धोनाइ
waste	अपशिष्ट
watch	देखू
watermelon	तरबूज
water	जल
wave	लहर
way	रास्ता
weakness	कमजोरी
weak	कमजोर
wealthy	धनी
wealth	संपत्ति
we are	हम लोकनि सभ
wearing	पहिने बला
wear	पहिरू
weather	मौसम
we can	हम कए सकैत  छी
wedding	विवाह
Wednesday	बुधदिन
weed	भांग
weekend	सप्ताहान्त
week	सप्ताह
weight	वजन
weird	विचित्र
welcome	स्वागत
welfare	कल्यान
well done	नीक केलहुं
Well	ठीक
went	गेल
west	पश्चिम
wet	भीजल
we	हम सभ
whale	व्हेल माछ
what about you	अहांक संबंध में की
what are you doing now	अहां एखन की करैत छी
what are you doing right now	अखन अहां की कए रहल छी
what are you doing	अहां की कए रहल छी
what do you do for a living	अहां जीवैक लेल की करैत छी
what do you do	अहां की करैत छी
what do you mean	अहांक की मतलब अछि
what do you want	अहाँ केँ की चाहि
whatever	जे किछु
what happened	की भेलै
what is this	इ कोन चीज छै
what is your job	अहाँ क काम की अछि
what is your name	अहांक नाम की छी
what is	की अछि
what's up	की होब करय अछि
what's your name	अहाँ की नाम अछि
what	की
wheat	गहूम
wheel	पहिया
whenever	जखनहुं
when	जखन
where are you from	अहां कोनाठाक छी
where are you now	एखन अहां कतय छी
where are you	अहां कतय छी
whereas	जखन कि
where do you live	अहं कोनाठाम रहैत छी
where is	कतह अछि
where	कतय
whether	चाहे
which	जकर
while	एहि बीच
whisper	फुसफुसानाइ
whistle	सीटी
white	उजर
who are you	अहां के छी
who is this	ई के अछि
who is	के अछि
whole	समग्र
whom	जकर
whose	केकर
who	के
why not	काहे नहि
why	किएक
wicked	खराब
wide	चौड़ा
widow	विधवा
width	चौड़ाई
wife	पत्नी
wild	जंगली
willing	इच्छा
will	करब
window	खिड़की
windy	हवादार
wind	हवा
wine	अंगूर बला दारु
winter	जाड़
win	जीतनाइ
wipe	पोंछ
wire	तार
wisdom	बुद्धिमत्ता
wise	ज्ञानी
wish you all the best	अहां क शुभकाना अछि
wish	इच्छा
witch	चुड़ैल
withdrawal	निकालनाइ
withdraw	वापस करनाइ
within	भीतर मे
without	क' बिना
with	संग
witness	गवाह
witty	विलक्षण
wolf	भेड़िया
woman	मउगी
women	माउगी
wonderful	आश्चर्यजनक
wonder	आश्चर्य
won't	न होतय
won	जीत गेल
wood	लकड़ी
wool	ऊन
words	शब्द सभ
word	शब्द
working	काम करए बला
work out	व्यायाम
work	काज
world	दुनिया
worm	कीड़ा
worn	थकल
worried	चिंता भेल
worry	चिन्ता
worse	खराब
worship	पूजा
worst	सब सं खराब
worth it	एकर लायक
worthy	योग्य
worth	महत्व
wound	घाव
Wow	वाह
wrap	मोड़नाइ
wrath	क्रोध
wrist	कलाई
Write here	एतह लिखू
write	लिखू
writing	लिखावट
written	लिखित
wrong	गलत
wrote	लिखल
yard	अँगना
yawn	हाफी
Yeah	हं
years	साल
year	साल
yeast	खमीर
yellow	पीयर
yell	चिल्लानाइ
yes baby	हां बेबी
yes dear	हँ प्रिये
yes honey	हं प्रिये
yes my love	हं हमर प्रिये
yes of course	हां बिल्कुल
yesterday	काल्हि
Yes	हँ
yet	तहियो
yield	उपज
you are beautiful	अहाँ बड्ड सुन्नर छथि
you are so beautiful	अहां ढेर सुनर छथि
you are welcome	अहांक स्वागत अछि
you are	अहां छी
you can	अहां कय सकैत छी
You know	अहाँ जानय छथि
young	जवान
you’re welcome	अहाँक स्वागत अछि
you're welcome	अहांक स्वागत अछि
yourself	अपने सँ
your welcome	अहांक स्वागत अछि
your	अहांक
youth	युवा
you too	अहूं के
you	अहां
yummy	स्वादिष्ट
zero	सुन्ना
