abandoned	hlokomologilwe
abandon	hlokomologa
abide	obamela
ability	bokgoni
able	kgona
about	mabapi le
above	ka godimo
abroad	naga e šele
absence	se be gona
absent	hlokega
absolutely	ka nnete
absorb	mona
abstract	naganwago
absurd	makatšago
abundance	bontši
abundant	ntši
abuse	tlaiša
accent	tobetšo
accept	amogela
access	fihlelela
accident	kotsi
accommodation	marobalo
accomplished	fihleletšego
accomplish	fihlelela
according	go ya ka
account	akhaonte
accuracy	ka nepagalo
accurate	nepagetše
accused	molatofatšwa
ache	bohloko
achieve	fihlelela
achievement	phihlelelo
acknowledge	amogela
acquaintance	motsebalegi
acquired	hweditše
acquire	hwetša
acquisition	phihlelelo
across	kgabaganya
action	kgato
active	mafolofolo
activities	mediro
activity	mošomo
act	molao
actor	moraloki
actually	nnetenete
actual	makgonthe
acute	bogale
adapt	amogela
add	hlakanya
addicted	lekgoba la
additional	tlaleletšo
addition	tlaleletšo
address	aterese
adequate	lekanetšego
adjacent	bapela
adjective	lehlaodi
adjust	beakanya
admire	kgahlega
admit	amogela
adopt	amogela
adorable	hlomphegago
advanced	gatetšego pele
advance	gatetšego pele
advantage	mohola
adventure	bohlagahlaga
adverb	lehlathi
advertisement	papatšo
advertising	kwalakwatšo
advice	maele
advise	eletša
advocate	mmoleledi
aesthetic	temogišišo ya bokgabo
affair	kamano
affect	amega
affection	lerato
affordable	rekega
afford	nea
afraid	tšhogile
after	morago ga
afternoon	mathapama
afterwards	morago ga moo
again	gape
against	kgahlanong
age	mengwaga
agency	lekalatirelo
agent	agente
aggressive	rumola
agile	go ba le matšato
ago	fetilego
agree	dumela
agreement	tumelelano
agriculture	temo
ahead	pele
aid	thušo
aim	maikemišetšo
air	moya
airport	boemafofane
aisle	sekgala
alarm	alamo
alcohol	alkhoholo
alert	temošo
a little	gannyane
alive	phela
all	ka moka
allow	dumelela
allowed	dumeletšwe
all right	go lokile
all the best	katlego e botse
almost	nyakile
alone	noši
along	go bapela
a lot	kudu
a lot of	bontši bja
already	šetše
Alright	Go lokile
also	gape
alternative	ye nngwe
although	le ge
always	ka mehla
am	a
amazing	makatšago
ambiguous	belaetšago
ambition	phišegelo
ambitious	na le phišego
amend	fetoša
amid	magareng
among	magareng
among us	magareng ga rena
amount	palo
amusing	makatšago
analysis	tshekatsheko
ancestors	bagologolo
anchor	tshetledi
ancient	kgalekgale
and	le
and you	gomme wena
angel	lengeloi
anger	pefelo
angle	sekhutlo
angry	befetšwe
animal	phoofolo
ankle	kokoilane
anniversary	segopotšo
announcement	tsebišo
annoyed	tenegile
annoying	selekiša
annoy	lapiša
annual	ngwaga ka ngwaga
anonymous	sa tsebjego leina
another	nngwe
answer	karabo
anticipate	letela
anxiety	tlalelo
anxious	fišega
any	efe goba efe
anymore	le gatee
anyone	mang le mang
anything	se sengwe le se sengwe
anyway	efe le efe
anyways	ditsela dife goba dife
apart	kgaogana
apartment	phapoši
apologize	kgopela tshwarelo
apparent	bonagalago
apparently	eke
appeal	boipiletšo
appearance	ponagalo
appeared	tšweletše
appear	hlaga
appetite	tumo
apple	apola
application	kgopelo
apply	diriša
appointment	peo
appreciate	leboga
appreciation	temogo
approach	batamela
appropriate	maleba
approval	tumelelo
approved	dumeletšwe
approve	dumelela
approximately	e ka bago
april	aprele
arbitrary	ka boithatelo
architect	moatšhiteke
architecture	thutaboagi
archive	bokgobadingwalo
area	tikologo
are you busy	o tsene fase ka mošomo
are you married	naa o nyetšwe
are you married or single	o nyetšwe goba ga se wa nyalwa
are you	naa o
Are you still there?	Naa o sa le gona?
are you there	o gona
argue	ngangišana
argument	ngangišano
arise	tsoga
arm	letsogo
army	sešole
around	raretša
arrange	beakanya
arrangement	peakanyo
arrival	go fihla
arrived	fihlile
arrive	fihla
arrogant	boikgantšho
arrow	lerumo
art	bokgabo
article	selo
artificial	maitirelo
artist	moraloki
as	bjalo
ashamed	jewa ke dihlong
ash	molora
asked	botšišitše
ask	kgopela
asleep	robetše
as long as	ge fela e le gore
aspect	ntlha
Assamese	Assamese
assault	tlaiša
assembly	kopano
assertive	na le tiišetšo
assess	lekola
assessment	tekolo
asset	phahlo
assets	dithoto
assign	beela
assignment	karolelo
assistant	mothuši
assist	thuša
associate	amanya
associated	amanago
association	mokgatlo
assume	bona gore
assumption	go tšea gore
as well as	gammogo le
as well	gammogo le
ate	jele
at	ga
athlete	moatlelete
at least	bonnyane
attached	kgomareditšwego
attach	kgomaretša
attachment	sekgomaretšwa
attack	hlasela
attempt	leka
attendance	go tsenela
attend	tsenela
attention	tlhokomelo
attitude	maitshwaro
attract	ba le maatlakgogedi
attraction	gogago mahlo
attractive	maatlakgogedi
attribute	lehlaodi
audience	batheeletši
august	agosetose
aunt	rakgadi
aunty	mofepi
authentic	ya makgonthe
authority	taolo
author	mongwadi
autumn	lehlabula
available	hwetšagala
average	magareng
avoid	efoga
awake	tsogile
award	mpho
aware	lemoga
awareness	temogo
away	kgole
awesome	thabiša
awful	boifišago
awkward	šulafetšego
Aymara	Aymara
baby	lesea
bachelor	kgope
background	bokamorago
back	morago
bad	mpe
bag	mokotla
bait	segoketšo
bake	paka
bakery	lepaka
baking soda	soda ya go paka
balance	palantshe
ball	kgwele
Bambara	Bambara
banana	panana
band	lepanta
bang	bethiša
bank	panka
barely	e sego gantši
bargain	thekofase
bark	goba
barley	garase
bar	paa
barrier	lepheko
based	theilwe go
basement	botlaseng
base	motheo
basically	gabotsebotse
basic	ya motheo
basil	peisele
bastard	lepastere
batch	sehlopha
bath	go hlapa
bathroom	bohlapelo
battery	peteri
battle	tlhabano
bay	khunwana
beach	lebopo
beam	phadima
beans	dinawa
beard	ditedu
bearing	pering
bear	rwala
beast	phoofolo
beat	betha
beautiful	botse
beauty	bobotse
became	bile
be careful	hlokomela
because	ka lebaka la
become	e ba
bed	mpete
bedroom	borobalelo
beef	nama ya kgomo
been	be
bee	nosi
beer	piri
before	pele ga
began	thomišitše
beginning	mathomong
begin	thoma
be	go ba
behalf	legatong la
behave	itshwara gabotse
behavior	maitshwaro
behaviour	maitshwaro
behind	ka morago
being	sebopiwa
belief	tumelo
believe	dumela
belly	mpa
belong	ya
beloved	a rategago
below	ka fase
belt	lepanta
bench	panka
bend	koba
beneath	ka fase
benefit	kholego
benefits	dikholego
beside	ntle le
besides	ka ntle ga
best	kaonekaone
best of luck	tše botse di go atele
best regards	re go lakaletša mahlatse
better	kaone
between	magareng
beverage	dinotagi
beyond	mošola
Bhojpuri	Bhojpuri
biased	tšea lehlakore
bias	tšea lehlakore
bicycle	paesekela
bid	re
big	kgolo
bike	paesekela
bill	molaokakanywa
bind	bofa
bird	nonyana
birthday	letšatši la matswalo
bite	loma
bit	gannyane
bitter	galaka
black	ntsho
blade	legare
blame	sola
blanket	lepai
blank	se nago selo
blast	thuthupiša
bleach	šweufatša
blend	tswakanya
blessed	šegofaditšwe
bless	šegofatša
blind	foufala
bliss	boiketlo
block	thibela
blood	madi
bloom	khukhuša
blow	butšwetša
blue	talalerata
blunt	kubegile
board	boto
boat	seketswana
body	mmele
boil	bediša
bold	bokoto
bond	kgwerano
bone	lerapo
book	puku
booster	pusetara
boost	matlafatša
boot	putu
boots	diputsu
border	mollwane
bore	bodutu
bored	tenegile
boring	tšwafiša
born	belegwe
borrow	adima
boss	molaodi
both	bobedi
bother	tshwenya
bottle	lebotlelo
bottom	tlase
bought	rekile
bounce	fofa
boundaries	mellwane
bound	tlemilwe
bow	inama
bowl	sekotlelo
box	lepokisi
boyfriend	lesogana
boy	mošemane
bracelet	leseka
brain	bjoko
branch	lekala
brand	leswao
brave	nago le sebete
breach	tlolo ya molao
bread	borotho
breakfast	difihlolo
break	thuba
breast	letswele
breathe	hema
breath	mohemo
breed	lešika
brick	setena
bride	monyadiwa
bridge	leporogo
brief	kopana
bright	phadimago
brilliant	bohlale
bring	tliša
broadcast	gaša
broad	petleke
bro	buti
broken	robegile
broke	robegile
broom	leswielo
brother	buti
brother in law	mokgonyana
brought	rekile
brown	sotho
brush	poraše
bucket	pakete
buddy	mogwera
budget	tekanyetšo
bug	tšhitšhidi
build	aga
building	moago
built	agilwe
bulk	mokgobo
bull	poo
bully	mphenyašilo
bump	thula
bunch	ngata
bundle	mokgobo
burden	morwalo
buried	bolokilwe
burn	fiša
burst	thunya
bury	boloka
bush	sethokgwa
business	kgwebo
bus	pese
bust	sefega
busy	tsene fase
but	eupša
butterfly	serurubele
butter	potoro
button	kunope
buy	reka
bye	šala gabotse
by	ka
by the way	etse
cabbage	khabetšhe
cabinet	kabinete
cage	hoko
cake	khekhe
calf	namane
call	bitša
called	bitšwa
call me	mphounele
calm	homola
came	tlile
campaign	lesolo
Cancel	Khansela
cancer	kankere
can	ka
can't	ka se
capable	bokgoni
capacity	bokgoni
capital	letlotlo
caption	khepšene
capture	golega
career	boiphedišo
careful	hlokomela
carefully	ka tlhokomelo
careless	sa hlokomelego
caring	ba le šedi
car	mmotoro
carpenter	mmetli
carpet	khapete
carrot	borotlelo
carry on	tšwela pele
carry out	phethagatša
carry	rwala
case	molato
cash	kheše
cast	lahla
castle	sebo
casual	ka sewelo
catch	swara
category	legoro
cat	katse
cattle	dikgomo
caught	swerwe
cause	hlola
caution	temošo
cautious	hlokomedišiše
cave	lewa
cease	emiša
ceiling	siling
celebrate	keteka
cell	sele
center	bogareng
century	ngwagakgolo
cereal	serele
ceremony	moletlo
certain	dingwe
certainly	ka nnete
certificate	setifikeiti
chain	tšhaene
chair	setulo
challenge	tlhotlo
chance	sebaka
change	phetogo
chaos	tlhakatlhakano
characteristics	dipharologantšhi
character	semelo
charge	lefiša
charity	lerato
charming	kgahlišago
chart	tšhate
chase	kitimiša
chat	boledišana
cheap	rekega
cheating	hloka potegelo
cheat	sehwirihwiri
check	lekola
cheek	lerama
cheerful	thabilego
cheer	kgothatsa
cheers	go thabiša
cheese	tšhese
chemistry	khemistri
cherish	rata
chess	tšhese
chest	kgara
chew	sohla
chicken	nama ya kgogo
chief	kgoši
childhood	bobjana
child	ngwana
children	bana
chill	go tonya
chimneys	ditšhimele
chin	seledu
chocolate	tšhokolete
choice	kgetho
choose	kgetha
chop	rema
chores	mešongwana
chubby	senatla
church	kereke
cinnamon	sinamone
circle	sediko
circumstances	mabaka
citizen	modudi
city	toropokgolo
claim	baka
clarify	hlatholla
class	phapoši
clay	letsopa
clean	hlwekile
clear	tloša
clerk	tlelereke
clever	hlalefile
client	klaente
cliff	legaga
climate	klaemete
climb	namela
clingy	go itshwarelela
clock	nako
close	tswalela
closet	tlelosete
clothes	diaparo
cloth	lešela
cloud	leru
cloudy	na le maru
clown	rametlae
clue	sekgomaretši
clumsy	boatla
cluster	sehlopha
coach	mohlahli
coal	malahla
coast	lebopo
coat	baki
coffee	kofi
cognitive	monagano
coincidence	sewelo
cold	tonya
collapse	phuhlama
collar	kholara
colleague	mošomimmogo
colleagues	bašomimmogo
collection	kgoboketšo
collect	kgoboketša
college	kholetšhe
colorless green ideas slept furiously	dikgopolo tša go hloka mmala tše talalerata di robetše di befetšwe
color	mmala
colour	mmala
column	kholomo
combination	kopanyo
combine	kopanya
comb	kama
come here	etla mo
come on	etla
come	tla
comfortable	sa boiketlo
comfort	boiketlo
coming soon	tla nako e sa fetšego pelo
coming	tlago
command	laela
comment	swayaswaya
commercial	merero ya kgwebo
commission	khomišene
commit	itlama
commitment	boikgafo
committed	itlamilego
commodity	phahlo
common	tlwaelega
communicate	kgokagana
communication	kgokagano
community	setšhaba
commute	sepela ka senamelwa
companion	mogwera
company	khamphani
compare	bapetša
comparison	papetšo
compassionate	nago le kgaugelo
compassion	kwelobohloko
compatible	swanetšanago
competent	nago le bokgoni
compete	phadišana
competition	phadišano
competitive	phadišanago
complain	belaela
complaint	pelaelo
complement	tlaleletša
complete	feleletše
completely	ka botlalo
complex	raranego
compliance	obamela
complicated	hlakahlakane
compliment	lakaletša mahlogonolo
comply	obamela
composition	tlhamo
compound	kompo
comprehension	kwešišo
comprehensive	kwešišegago
compromise	kwana
compulsory	kgapeletšo
computer	khomphutha
concentrate	hlokomedišiša
concept	lereo
concerned	tshwenyegile
concern	pelaelo
concert	khonsata
conclusion	mafetšo
concrete	khonkriti
condition	peelano
conditions	mabaka
conduct	maitshwaro
conference	khonferentshe
confess	ipolela
confidence	boitshepho
confident	boitshepho
confirm	tiišetša
conflict	thulano
confused	hlakahlakane
confusion	tlhakatlhakano
congrats	ditebogišo
congratulations	malebo
congratulation	tebogišo
conjunction	lekopanyi
connect	kopanya
conquer	thopa
conscious	lemogago
consciousness	temogo
consent	tumelelo
consequences	ditlamorago
conservation	pabalelotlhago
conservative	ila phetogo
consider	akanya
considered	akantšwego
consist	bopša ke
consistency	phegelelo
consistent	kwanago le
constantly	kgafetšakgafetša
constant	tiilego
constipation	go bipela
construction	kago
consume	šomiša
consumption	tšhomišo
contact	kgokaganyo
contagious	fetelago
contain	na le
contains	na le
contemporary	paka ya bjale
contempt	lenyatšo
content	diteng
contest	phadišano
context	kamano
continent	kontinente
continue	tšwela pele
contract	kontraka
contrast	pharologanyo
contribute	na le seabe
contribution	seabe
control	laola
controversial	ngangišanwa
convenience	boiketlo
convenient	loketšego
conversation	poledišano
convert	fetoša
convey	sepetša
convinced	kgotšwe
convince	kgodiša
cook	apea
cooking	go apea
cool	tonya
cooperation	tšhomišano
cope	katana
copper	koporo
core	mooko
corner	sekhutlo
corn	korong
correct	nepagetše
cost	tshenyegelo
costume	khosetumo
cottage	kotase
cotton	leokodi
couch	sofa
cough	gohlola
could	ka
council	lekgotla
count	bala
counter	khaontara
country	naga
countryside	nageng
couple	bobedi
courage	mafolofolo
course	tsela
courtesy	tlhompho
court	kgorotsheko
cousin	motswala
cover	šireletša
coward	lefšega
cow	kgomo
cozy	go iketla
crab	letlapakgerere
crack	monga
craft	tiroatla
crap	mongongoregi
crash	thulana
craving	go duma
crawl	gogoba
crazy	gafago
create	hlama
creative	bokgoni bja go itlhamela
credit	khrediti
creep	gagaba
creepy	gagabago
crew	sehlopha
crime	bosenyi
cringe	ithapeletša
crisis	tlhakatlhakano
criteria	dinyakwa
critical	bohlokwa
criticism	tsholo
crop	puno
crops	merogo
cross	sefapano
crowded	kgobokanetšwego
crowd	lešaba
crow	legokobu
crown	korone
crucial	bohlokwa
cruel	sehlogo
cruise	sepela ka sekepe
crush	šila
cry	lla
cucumber	khukhampa
cuddle	phaphatha
culture	setšo
cunning	bohlale
cupboard	khatepote
cup	komiki
curb	fediša
cure	alafa
curfew	kiletšo
curiosity	ba le phišego
curious	na le kgahlego
curly	nago le leetse
currency	mohuta wa tšhelete
current	bjale
currently	gabjale
curse	rogaka
curtain	garateine
cushion	mosamelo
customer	modiriši
customs	lekgetho
custom	tlwaelo
cute	botse
cut	ripa
cycle	sediko
cycling	go saekela
daddy	papa
dad	papa
daily	tšatši ka tšatši
dairy	maswing
damage	tshenyo
dam	letamo
damn	rogaka
damp	kolobile
dance	tantsha
danger	kotsi
dangerous	kotsi
dark	leswiswi
darling	moratiwa
dash	teše
data	datha
date	letšatšikgwedi
daughter	morwedi
day	letšatši
dead	hlokofetše
deadline	nako ya mafelelo
deaf	mofoafadi
deal	šogana
Dear All	Thobela Ka Moka
Dear Customer	Thobela Moreki
Dear Parents	Thobela Batswadi
dear	rategago
Dear Sir	Thobela Mohlomphegi
Dear students	Thobela baithuti
Dear Team	Thobela Sehlopha
death	lehu
debate	ngangišano
debit	goga
debris	marope
debt	sekoloto
decade	ngwagasome
decay	bola
deceased	mohu
deceive	fora
december	disemere
decent	lokilego
decided	tšerwe sephetho
decide	phetha
decision	sephetho
deck	teka
decline	latola
decrease	fokotša
dedicated	ikgafilego
dedication	kabelo
deed	tiro
deep	tlase
deer	tshepe
default	hlokomologa
defeat	fenya
defend	šireletša
define	hlaloša
definitely	ka nnete
definition	tlhalošo
degree	tikrii
delay	diega
delayed	diegišitše
delete	phumola
deliberate	akanya
delicate	boleta
delicious	monate
delighted	thabile
delight	lethabo
delivered	rometšwe
deliver	romela
delivery	thomelo
demanding	nyakago
demand	nyaka
democracy	temokrasi
demon	letimone
demonstrate	laetša
denied	ganeditše
density	kitlano
dentist	ngaka ya meno
deny	gana
department	lefapha
departure	go tloga
depend	holofela
deploy	romela
deposit	tipositi
depressed	gateletše monaganong
depression	kgatelelo ya monagano
depth	botebo
describe	hlaloša
description	tlhalošo
desert	leganata
deserve	swanelwa ke
designation	sešupo
design	moakanyetšo
desire	kganyogo
desk	teseke
despair	hloboga
desperate	go ba tlalelong
despite	ntle le
dessert	leganata
destination	boyo
destiny	boyo
destroy	senya
destruction	tshenyo
detail	ka botlalo
details	dintlha
detect	lemoga
determination	phegelelo
determined	tiišitše
determine	laetša
devastated	sentšwego
developed	hlabolotšwego
develop	hlabolla
development	tlhabollo
device	setlabela
devil	diabolo
devoted	ineetšego
Dhivehi	Dhivehi
diabetes	twetšiswikiri
diarrhea	letšhollo
diary	maswing
dictionary	pukuntšu
did	dirile
died	hlokofetše
die	hlokofala
diet	dijo
difference	phapano
different	fapanego
difficult	bothata
dig	epa
dignity	seriti
diligent	bokgwari
dinner	matena
dip	tipa
direction	taetšo
direct	lebiša
director	molaodi
dirt	tšhila
dirty	ditqhila
disabled	šitišitšwe
disable	šitiša
disappear	nyamelela
disappointed	nyamile
disaster	masetlapelo
discard	lahla
discharge	lokolla
discipline	kgalema
discount	phokoletšo
discover	utolla
discrimination	kgethollo
discuss	ahlaahla
discussion	therišano
disease	bolwetši
diseases	malwetši
disguise	ikgakanya
disgusting	šišimiša
dishes	dibjana
dish	sebjana
dismiss	raka
dispatch	romela
display	bontšha
disposal	phedišo
dispute	kgakgano
distance	monabo
distinct	go itlhaola
distinguish	fapantšha
distress	kgakanego
distribution	phatlalatšo
district	distriki
disturb	šitiša
ditch	sola
diverse	fapafapana
diversity	pharologano
dive	thinya
divide	arola
divine	sa Modimo
divorce	hlala
dizzy	dikologa
doctor	ngaka
document	tokumente
do	dira
does	dira
doesn't	ga se
dog	mpša
Dogri	Dogri
doing	dira
doll	popi
domain	selete
domestic	ka nageng
dominant	koketšwa
donate	neela
done	phethilwe
donkey	tonki
don't	se ke
Don't worry	Se tshwenyege
dope	toupu
double	gabedi
doubt	doubt
dough	tege
down	fase
download	taonelouta
do you love me	o a nthata naa
do you	naa o
draft	sethalwa
drag	goga
drain	gamola
drama	terama
drawer	mothadi
drawing	sethalwa
draw	thala
dread	poifo
dream	toro
dress	seaparo
drill	tirila
drink	nwa
drive	otlela
drop	lerothodi
dropped	lahlile
drought	komelelo
drunk	tagilwe
dry	omile
duck	lepelepele
dude	mothaka
due	kolotwago
due to	ka lebaka la
dull	sethotho
dumb	foafala
dump	lahla
duration	nako
during	nakong ya
dust	lerole
duty	mošomo
dwell	dula
dying	go hwa
each	nngwe le e nngwe
each other	mongwe le mongwe
eager	phišego
eagle	ntšhu
earlier	pejana
early	pele
earn	gola
ears	ditsebe
earth	lefase
earthquake	tšhišinyego ya lefase
ear	tsebe
ease	bonolo
easily	gabonolo
east	bohlabela
easy	bonolo
eating	go ja
eat	ja
economic	tsheketšo ya tšhelete
economy	ekonomi
edge	morumo
edit	rulaganya
education	thuto
effective	šomago ka tshwanelo
effect	seabe
efficiency	bokgoni
efficient	šoma ka tshwanelo
effort	maitekelo
egg	lee
eggplant	mohlareselee
ego	boithato
eighteen	lesomeseswai
eight	seswai
eighty	masomeseswai
either	e ka ba
elaborate	fahlela
elbow	setšu
elderly	batšofe
elder	motšofe
elegant	bothakga
element	ntlha
elephant	tlou
eleven	lesometee
eligible	maswanedi
eliminate	fediša
else	sengwe
embarrassed	gakanegile
embarrassing	tlontlollago
embrace	gokarela
emergency	tšhoganetšo
emerge	tšwelela
emotional	maikutlo
empathy	kelobohloko
emphasis	kgatelelo
emphasize	gatelela
employee	mošomi
employees	bašomi
employer	mongmošomo
employment	thwalo
empty	se nago selo
enable	kgontšha
encounter	gahlana
encourage	hlohleletša
endangered	lego kotsing
endeavor	phegelelo
end	mafelelo
endurance	kgotlelelo
endure	kgotlelela
enemy	lenaba
energy	enetši
engage	beeletša
engaged	beeleditšwe
engagement	nyalano
engine	entšine
engineer	moentšineere
English	Seisimane
enhance	kaonafatša
enjoy	ipshina
enormous	ntši kudu
enough	lekanetše
ensure	netefatša
entertainment	boithabišo
enter	tsena
enthusiasm	mafolofolo
enthusiastic	na le mafolofolo
entire	ka kakaretšo
entitled	nago le maswanedi
entity	sehlongwa
entrance	mojako
entrepreneur	rakgwebopotlana
envelope	omfolopo
environment	tikologo
envy	duma
epic	thetogale
epidemic	leuba
equal	lekana
equipment	setlabela
equity	tekatekano
equivalent	lekanago
eraser	rapa
error	phošo
escape	ngwega
especially	kudukudu
essay	taodišo
essence	gabotsebotse
essential	bohlokwa
established	hlamilwe
establish	hloma
estate	leruo
estimate	akanya
estimated	akanywago
etc	bjalobjalo
eternal	sa feleng
ethics	maitshwaro
evaluate	lekola
evaluation	tekolo
evening	mantšiboa
even	le ge
even though	le ge e ba
event	tiragalo
eventually	mafelelong
ever	ka mehla
everybody	mang le mang
every	mang le mang
everyone	mang le mang
everything	dilo ka moka
evidence	bohlatse
evil	bobe
evolution	phetogo
evolve	tšweletša
Ewe	Ewe
exactly	thwii
exact	thwii
examine	hlahloba
example	mohlala
exam	tlhahlobo
exceed	fetiša
excellent	gabotse kudu
exception	fapanago
except	ntle le
excess	fetago
excessive	kgolo
exchange	phetošo
excited	go thaba go fetišiša
excitement	lethabo la go fetišiša
exciting	thabile go fetišiša
exclusive	sa akaretšego
excuse	lebalela
excuse me	tshwarelo
execute	phethagatša
execution	phethagatšo
executive	phethiši
exercise	itšhidulla
exhausted	lapile
exhaust	lapiša
exhibition	pontšho
exhibit	pontšho
existence	go ba gona
exist	go ba gona
existing	lego gona
exit	tšwa
expand	katološa
expected	letetšwego
expect	letela
ex	peleng
expenses	ditshenyegelo
expensive	tura
experience	maitemogelo
experiment	maitekelo
expert	setsebi
expired	feletšwe ke nako
explain	hlaloša
explanation	tlhalošo
exploit	diriša bošaedi
explore	utolla
export	romela ntle
expose	bonagatša
exposed	utollotšego
exposure	maitemogelo
express	gatelela
expression	tlhagišo
extended	katološitšwe
extend	katološa
extension	katološo
extent	katološa
external	ka ntle
extinct	fedilego
extract	kgola
extraordinary	fetišišago
extra	tlaleletšo
extreme	kudukudu
extremely	go fetišiša
eye	leihlo
eyes	mahlo
fabric	lešela
fabulous	makatšago
face	sefahlogo
facilitate	sepetša
facilities	ditlabela
facility	senolofatši
fact	ntlha
factor	ntlha
factory	feketheri
facts	dintlha
fade	galoga
failed	paletšwe
fail	palelwa
failure	go palelwa
faint	idibala
fair	lokilego
fairly	ka toka
fairy	kanegelo
faithful	botega
faith	tumelo
fake	ya bofora
fall	wa
false	maaka
fame	go tuma
familiar	tlwaelegilego
family	lapa
famine	tlala
famous	tumile
fancy	kganyoga
fan	mothekgi
fantastic	makatšago
farewell	taelano
far	kgole
farmer	molemi
farm	polase
fascinating	gogago mahlo
fashion	fešene
fast	potlako
fatal	hlolago lehu
fate	pheletšo
father	papa
fatigue	lapile kudu
fat	lekhura
fault	phošo
favorite	mmamoratwa
favour	gaugela
favourite	mmamoratwa
fear	tšhoga
feast	monyanya
feather	lefofa
features	dibopego
feature	sebopego
february	fepreware
fed up	tenegile
feedback	dipoelo
feed	fepa
feel	ikwa
feeling	maikutlo
feet	maoto
fee	tšhelete
fellow	mogagešo
fell	wele
felt	kwelego
female	mosadi
fence	legora
fertile	nonnego
festival	mokete
fetch	nyaka
fever	letadi
fewer	sego kae
few	mmalwa
fiance	molekane
fiction	nonwane
field	tšhemo
fierce	bogale
fifteen	lesomehlano
fifty	masomehlano
fighting	go lwa
fight	lwa
figure out	akanya
figure	seswantšho
file	faele
filled	tladitšwe
fill	tlatša
film	filimi
filthy	ditšhila
finally	mafelelong
finance	matlotlo
financial	tša matlotlo
find	hwetša
find out	utolla
fine	tefišo
finger	monwana
finished	feditše
finish	fetša
fire	mollo
firm	tiilego
first	mathomo
first name	leina
fish	hlapi
fit	swanela
five	hlano
fixed	hlometšwego
fix	lokiša
flag	folaga
flash	gadima
flat	folete
flawless	se nago bosodi
flaw	monga
flee	ngwega
flesh	nama
flew	fofile
flexible	nolo
flex	mena
flight	go fofa
flip	phepheula
flirting	go kalatša
flirt	kalatša
float	phaphama
flood	mafula
floor	lebato
flour	folouru
flow	elela
flower	letšoba
fluent	boreledi
fluently	ka thelelo
fluffy	sekafofa
fluid	seela
flu	mokgohlane
fly	fofa
focus	nepa
foggy	na le kgodi
fog	kgodi
fold	phutha
folks	merafe
following	latelago
follow	latela
follow up	tatišišo
food	dijo
foolish	botlaela
fool	setlaela
football	kgwele ya maoto
foot	leoto
forbidden	lebaletšwe
force	gapeletša
forecast	akanya
forehead	phatla
foreign	ntle
forest	lešoka
forever	go-ya-go-ile
For example	Mohlala
forget	lebala
forgive	lebalela
forgot	lebetše
for instance	mohlala
fork	foroko
formal	semmušo
former	peleng
form	sebopego
fortunately	ka mahlatse
fortune	mahlatse
forty	masomenne
forty-two	masomenne-pedi
forward	pele
for	ya
for you	ya gago
foster	tlwaetša
fought	lwelego
foundation	motheo
found	hweditše
four	nne
fourteen	lesomenne
fox	phukubje
fragile	thubega gabonolo
frame	foreime
framework	tlhako
fraud	bomenetša
freak	selo se se makatšago
freedom	tokologo
free	lokologile
freeze	tšidifatša
frequency	makga
frequent	gantši
frequently	kgafetšakgafetša
fresh	foreše
friday	labohlano
fridge	setšidifatši
friendly	ka lethabo
friend	mogwera
friends	bagwera
friendship	segwera
frightened	tšhošitšwe
frightening	tšhošago
frog	segwagwa
from	go tšwa go
front	ka pele
frozen	tšidifaditšwe
fruit	seenywa
frustrated	hlakahlakane
fuel	makhura
Fulfulde	Fulfulde
full	tletše
fun	boipshino
function	mošomo
fundamental	bohlokwa
funeral	poloko
funny	segišago
fur	boya
furious	galefilego
furniture	fenišara
further	gape
furthermore	go feta fao
future	bokamoso
gain	hwetša
game	papadi
gap	sekgoba
garage	karatšhe
garbage	thogorogo
garden	serapa
garlic	kaliki
gate	mojako
gathering	kopano
gather	kgoboketša
gauge	ela
gave	file
gear	kere
gender	bong
general	kakaretšo
generally	ka kakaretšo
generate	tšweletša
generation	tlhagišo
generous	go se timane
genius	bohlale
genre	mohuta
gentle	botho
genuine	makgonthe
gesture	taetšo
get dressed	apara
get	hwetša
getting	hwetšago
get up	tsoga
get well soon	takaletšo ya pholo ka pela
ghosting	go poka
ghost	sepoko
giant	lekgema
gift	mpho
ginger	gemere
girlfriend	lekgarebe
girl	mosetsana
give	fa
given	filwego
give up	felelwa ke maatla
glad	thabile
glance	kgerulo
glasses	digalase
glass	galase
glimpse	kwešišo
global	lefase
gloomy	nago le manyami
gloves	ditlelafo
glow	phadima
glow up	kganya go ya pele
glue	sekgomaretši
go ahead	eya pele
goal	nepo
goals	dinepo
goat	pudi
go away	tloga
god bless you	modimo a go šegofatše
god	modimo
goes	sepela
go	eya
going to	ya go
going	ya
gold	gauta
gone	sepetše
gonna	tla
good afternoon	thobela
good bye	šala gabotse
goodbye	šala gabotse
good day	letšatši le lebotse
good evening	thobela
good	gabotse
good job	mošomo o mmotse
good looking	lebelelega gabotse
good luck	re go lakaletša mahlatse
good morning my love	thobela moratiwa wa ka
good morning	thobela
goodnight	bošego bjo bobotse
good night	robala gabotse
goods	diphahlo
Google	Google
Google Translate	Google Translate
goo	sekgomaretši
goose	leganse
gorgeous	botse kudu
gossip	hwenahwena
got	hweditše
got it	e hweditše
go to bed	eya malaong
government	mmušo
grab	ubula
grade	kereiti
gradually	gabotsana
graduate	sealoga
grain	lebele
granted	neetšego
grant	mphiwafela
grapes	diterebe
grasp	kwešiša
grass	bjang
grateful	leboga
gratitude	tebogo
grave	lebitla
gray	tshehla
great	kgolo
greed	megabaru
greedy	go timana
green	talamorogo
greet	dumediša
greeting	madume
greetings	madume
grey	sehla
grid	keriti
grief	bohloko
grind	šila
grip	swarelela
grocery	krosari
groom	monyadi
gross	palomoka
ground	lebala
group	sehlopha
grow	gola
growth	kgolo
grumpy	go ngongorega
Guarani	Guarani
guarantee	tiišetšo
guard	leta
guess	akanya
guest	moeng
guidance	tlhahlo
guide	hlahla
guilty	na le molato
guy	mothaka
guys	mathaka
gym	boitšhidullo
habitat	bodulo
habit	setlwaedi
had	bile
hail	sefako
hair	moriri
half	seripagare
hall	holo
handle	swara
hand	seatla
handsome	bogegago
hang	ikgama
hang out	fega ntle
happen	direga
happened	hlagile
happiness	lethabo
happy birthday	matswalo a mabotse
happy birthday to you	re go lakaletša matswalo a mabotse
happy new year	ngwaga o moswa wa lethabo
happy	thabile
hard	bothata
hardly ever	e ka ba ka sewelo
hardly	ga se gantši
harmful	kotsi
harmony	kwano
harm	tshenyo
harsh	bogale
harvest	buna
has	na le
hate	hloya
have a good day	e ba le letšatši le lebotse
have a nice day	e ba le letšatši le lekaone
have breakfast	eja sefihlolo
have fun	ipshine
have	na le
have you eaten	naa o jele
having	na le
hazard	kotsi
haze	letobe
headache	hlogo e opago
head	hlogo
heal	fodiša
healing	pholo
health	maphelo
healthy	phelegile
heard	kwele
hear	kwa
heart	pelo
heat	phišo
heaven	legodimong
heavy	boima
hectic	leemaema
he has	o na
height	bogodimo
heir	mojalefa
he is	ke
heist	go hula ka dibetša
held	swerwe
hell	hele
hello dear	dumela moratiwa
hello how are you doing	thobela le sa thabile
hello how are you	thobela le kae
Hello	Thobela
helmet	lekarapa
helpful	nago le mohola
help	thušo
hence	go tloga moo
herd	mohlape
here	mo
her	gagwe
heritage	bohwa
hesitate	dikadika
he	yena
Hey	Hei
hidden	fihlilwe
hide	fihla
hierarchy	tatelano
high	godimo
highlight	laetša
hi how are you	thobela le kae
hike	haeka
hiking	go haeka
hilarious	thabilego
hill	mmoto
him	yena
hint	lomatsebe
hip	noka
hips	dinoka
hire	thwala
hiring	go hiriša
his	gagwe
history	histori
hit	betha
Hi there	Dumela moo
Hi	Thobela
Hmm	Hmm
hobby	setlošabodutu
hold on	ema gannyane
hold	swara
hole	lešoba
holiday	maikhutšo
hollow	sekoti
home	gae
homework	mošomo wa gae
honestly	ka potego
honest	potego
Honey	Rato
honor	hlompha
hood	kefa
hook	kobi
hopefully	ka kholofetšo
hope	kholofelo
hopeless	se nago kholofelo
hop	thwethwa
horizontal	rapamego
horn	lenaka
horrible	boifišago
horror	poifo
horse	pere
hospitality	kamogelabaeng
hospital	sepetlele
hostile	lwantšhago
host	monggae
hotel	hotele
hot	fiša
hour	iri
hours	diiri
household	lapeng
house	ntlo
how about you	wena o tsogile bjang
how are you doing	le tsogile
how are you doing today	le tsogile bjang lehono
how are you	le kae
how are you today	le tsogile bjang lehono
how	bjang
how do you do	o ikwa bjang
however	le ge go le bjalo
how is	e bjang
how many	ke tše kae
how much	ke bokae
how often	ke makga a makae
how old are you	o na le mengwaga e mekae
how was your day	letšatši la gago le bile bjang
how was your night	o robetše bjang bošego
hubby	monna wa ka
hub	hapo
huge	kgolokgolo
hug	gokara
human	botho
humble	ikokobetša
humid	bošidi
humidity	bošidi
hundred	lekgolo
hungry	swerwe ke tlala
hunt	tsoma
hurricane	ledimo
hurry	phakiša
hurry up	phakiša
hurt	gobetše
husband	molekane wa monna
hustle	dira maano
hut	mokhukhu
hygiene	maphelo
I am fine	ga ke na mathata
I am	ke nna
I can	nka kgona
I can't	nka se
ice	aese
ice cream	aesekhirimi
idea	kgopolo
ideal	kgonthe
identical	swanago
identify	hlaola
identity	boitsebišo
idiot	sethotho
idle	ebela
I do	Ke a itlama
I do not know	ga ke tsebe
I do not understand	ga ke kwešiše
I don't	ga ke
I don't know	ga ke tsebe
I don’t know	Ga ke tsebe
I don’t understand	ga ke kwešiše
I don't understand	Ga ke kwešiše
I don't understand what you mean	Ga ke kwešiše seo o se bolelago
I don't understand you	ga ke go kwešiše
if	ge
ignore	hlokomologa
i guess	ke nagana bjalo
I had	Ke bile le
I have been	ke bile
I have	ke na le
I hope so	Ke nagana bjalo
I know	ke a tseba
I like	ke rata
I like you	ke a go rata
illegal	sego molaong
ill	lwala
illness	bolwetši
Ilocano	Ilocano
I love	ke rata
I love my big brother	ke rata buti wa ka yo mogolo
I love my big sister	ke rata sesi wa ka yo mogolo
I love my father	ke rata papa wa ka
I love my little brother	ke rata moratho wa ka wa mošemane
I love my little sister	ke rata sesi wa ka
I love my mother	ke rata mma wa ka
I love you	Ke a go rata
I love you so much	ke go rata kudu
I love you too	le nna ke a go rata
image	seswantšho
imagine	nagana
I mean	ke ra gore
I'm fine	ga ke na molato
I'm good	ga ke na molato
I'm here	ke gona mo
I miss you	ke go goletše
I miss you so much	ke go gopotše kudu
I’m	Ke a
I'm	ke nna
immediate	ka pela
immediately	ka potlako
immense	kgolo kudu
impact	kamego
impatient	felago pelo
implement	phethagatša
important	bohlokwa
import	thomelo ka nageng
impose	lefiša
impossible	sa kgonagalego
impress	gatelela
impression	kgatišo
impressive	kgahlišago
improve	kaonafala
improvement	kaonafalo
I'm sorry	ke maswabi
in addition	go tlaleletša
inappropriate	sego maleba
incentive	tšhušumetšo
incident	tiragalo
include	akaretša
including	go akaretša
income	letseno
inconvenience	tshwenya
increased	oketšegile
increase	oketša
incredible	makatšago
indeed	ka nnete
independent	ikemego
India	India
indicate	laetša
indigenous	sa tlhago
individual	ka noši
industry	intasteri
inevitable	ka se efogwego
In fact	Gabotsebotse
infant	lesea
infection	phetetšo
infinity	sa felego
inflammation	go kokomoga
inflation	infoleišene
influence	khuetšo
information	tshedimošo
inform	tsebiša
in front of	pele ga
ingredients	ditswaki
inheritance	bohwa
initial	tlhakaina
initiative	boitlhagišetšo
injured	gobaditšwe
injury	kgobalo
in	ka
I	nna
innocent	hloka molato
innovation	boitlhagišetšo
in order to	gore go
inquiry	dinyakišišo
insane	gafa
insect	khunkhwane
insecure	sa bolokegago
insert	tsenya
inside	ka gare
insight	tlhaologanyo
insist	gatelela
insomnia	bogaswi
inspiration	tlhohleletšo
inspire	hlohleletša
install	hloma
instance	tiragalo
instant	gatee
instead	le ge go le bjalo
instead of	legatong la
instructions	ditaelo
instrument	sedirišwa
insult	maroga
insurance	inšorentshe
intact	titiane
integrity	seriti
intellectual	-bohlale
intelligence	bohlodi
intelligent	bohlale
intended	nepilego
intend	ikemišetša
intense	tseneletše
intention	maikemišetšo
interaction	kgokagano
interact	kgokagana
interested	nago le kgahlego
interesting	kgahliša
interest	kgahlego
interfere	tsena ka bogare
intermediate	mmaditsela
internal	ka gare
international	boditšhabatšhaba
internship	tlhahlo mošomong
interpreter	mofetoledi
interpret	hlatholla
interrupt	tsena ka bogare
interview	dipoledišano
intimate	sekgotse
into	ka go
introduce	hlagiša
introduction	matseno
introvert	go hloka lešata
intuition	tsebo ka tlhago
invalid	sego ya makgonthe
invent	hlama
inventory	lenaneo la diphahlo
invest	beeletša
investigate	nyakišiša
invitation	taletšo
invite	laletša
invoice	lenanetheko
involve	ama
involved	amegago
iron	aene
I see	ke a bona
is	ke
island	sehlakahlaka
isolated	hlaotšwego
issues	dintlha
issue	tlhagišo
item	aetheme
items	diaetheme
I think	Ke nagana
it is	ke
it's	ke
It's okay	Go lokile
it's ok	go lokile
it	sona
its	ya yona
it was	e be e le
I understand	ke a kwešiša
I want	ke nyaka
I want to see you	ke rata go go bona
I want you	ke nyaka wena
I was	ke be ke
I will	ke tla
I would be	ke tla ba
jacket	baki
jail	kgolego
January	Janeware
jar	jeke
jaw	mohlagare
jealous	mona
jerk	ubula
jewelry	dibenyabje
job	mošomo
jogging	go kitima
join	kopanya
joint	makopano
joke	metlae
journalist	mmegaditaba
journey	leeto
joy	boipshino
judge	moahlodi
juice	tšuse
july	julae
jump	tshela
june	june
junk	tlhakatlhakano
just do it	e no se dira
just	fela
justice	toka
justify	lokafatša
Kalaallisut	Kalaallisut
keen	mafolofolo
keep	boloka
keep it up	tšwela pele bjalo
kept	bolokile
kettle	ketlele
key	khii
kick	raga
kidding	swaswa
kid	mapimpane
kidney	pshio
kids	bomapimpane
kill	bolaya
kinda	mohuta
kindly	ka boikokobetšo
kind	mohuta
kindness	botho
king	kgošikgolo
kiss	atla
kitchen	khitšhing
kite	khaete
kitten	katsana
knee	khuru
knew	tsebile
knife	thipa
knight	mogale
knowledge	tsebo
known	tsebegago
know	tseba
Konkani	Konkani
Krio	Krio
label	leibole
labor	mošomo
labour	modiro
lack	tlhokego
ladder	llere
lady	lekgarebe
laid	beilwe
lake	letsha
lamb	kwana
lame	hlotšago
lamp	lebone
land	naga
landscape	ponagalo ya naga
language	polelo
lap	difaro
large	kgolo
last but not least	sa mafelelo pele ke fihla mafelelong
last	mafelelo
last name	sefane
lately	moragonyana
late	morago
later	moragonyana
latest	moragorago
latter	ya morago
laughing	go sega
laugh	sega
laughter	lesego
launch	hloma
laundry	lonteri
law	molao
lawn	llone
lawyer	ramolao
lay	ala
layer	llaga
layout	tlhamego
lazy	tšwafa
leader	moetapele
lead	eta pele
leaf	lehlare
leak	šwahla
lean	otile
leap	tlola
learning	go ithuta
learn	ithuta
lease	hiriša
least	gannyanenyane
leather	mokgopa
leaves	tlogela
leave	tloga
led	etilwe pele
left	nngele
legacy	bohwa
legal	semolao
legend	nonwane
legit	makgonthe
leg	leoto
leisure	boiketlo
lend	adima
length	botelele
less	nnyane
lesson	thutwana
let	dumelela
letter	lengwalo
lettuce	letase
level	kelo
leverage	lekanyetša
liability	molato
library	bokgobapuku
lick	latswa
lie	maaka
lies	maaka
life	bophelo
lift	kuka
lightning	legadima
light	seetša
likely	kgonagalo
like	rata
likewise	bjalo
line	mothaladi
Lingala	Lingala
link	amanya
lion	tau
liquid	seela
listening	go theeletša
listen	theeletša
list	lenaneo
literally	ntšukantšu
literature	dingwalo
litter	matlakala
little	nnyane
live	phela
liver	sebete
lives	maphelo
living	phelago
living room	kamora ya bodulo
lizard	mokgaritswane
load	morwalo
loaf	llofo
loan	kadimo
local	ka nageng
location	lefelo
lockdown	kiletšo ya mesepelo
lock	senotlelo
log	kota
lol	lol
lonely	bodutu
long	telele
long time no see	ke sebaka re sa kopane
look	lebelela
loop	segole
loose	hlephilego
lord	morena
lose	lahlegelwa
loss	tahlegelo
lost	lahlegetšwe
lot	kabelo
loud	hlaboša lentšu
lounge	lontše
love	lerato
lovely	rategago
love you	ke a go rata
lower	fasana
low	fase
loyal	botega
loyalty	botshepegi
luck	mahlatse
lucky	mahlatse
Luganda	Luganda
luggage	morwalo
lump	sekutu
lunch	matena
lungs	maswafo
luxury	matsaka
lying	bolela maaka
machine	motšhene
madam	mohumagadi
made	dirilwe
mad	gafa
magazine	kgatišobaka
magnificent	botse kudu
maid	kgarebe
main	kgolo
maintain	hlokomela
maintenance	tlhokomelo
Maithili	Maithili
majority	bontši
major	kgolo
make	dira
make up	go ipotsefatša
male	monna
mall	mmolo
manage	laola
management	taolo
manager	molaodi
mandatory	kgapeletšo
manifest	bonagatša
manipulate	šomiša bošaedi
man	monna
manner	mokgwa
manual	manyuale
many many happy returns of the day	e ba le ditšhegofatšo tše ntšintši tša lethabo letšatšing le
many	ntši
march	matšhe
margin	magomo
market	mmaraka
marriage	lenyalo
married	nyetšwe
mask	maseke
mass	boima
massive	boima
master	nkgwete
match	bapetša
material	didirišwa
mate	thaka
math	mmetse
matter	taba
maturity	matšhurithi
maybe	mohlomongwe
may	ka
meal	dijo
meaning	go ra gore
mean	ra
means	ra gore
meant	ra
meanwhile	ka go le lengwe
measure	lekanya
measures	ela
meat	nama
medical	ya dihlare
medicine	sehlare
meditation	kgopolo
medium	dirišwago
meeting	kopano
meet	kopana
Meiteilon	Meiteilon
melt	tologa
memories	dikgopotšo
memory	kgopolo
me	nna
mental	ya monagano
mentioned	laeditšego
mention	laetša
mentor	mohlahli
merchant	mogwebi
mercy	mogau
merely	fela
merry christmas	krisemose ye botse
message	molaetša
mess	bošaedi
messy	hlakahlakane
metal	tšhipi
method	mokgwa
me too	le nna
mice	magotlo
middle	bogareng
midnight	bošegogare
might	ka
mild	magareng
milestone	monabo
military	sešole
milk	maswi
million	milione
mind	monagano
mindset	mogopolo
mine	moepo
mingle	hlakahlakana
minor	nnyane
minute	motsotso
minutes	metsotso
miracle	mohlolo
mirror	seipone
miscellaneous	hlakahlakanego
mischievous	selekago
miserable	mahlomola
misery	masetlapelo
miss	fetilwe
missing	timetše
mission	ponelopele
miss you	ke go gopotše
mistake	phošo
mist	mouwane
Mizo	Mizo
mobile	go thetha
mock	kodutla
model	mmotlolo
moderate	magareng
modern	sebjalebjale
modest	ikokobetšago
moist	monola
moisture	monola
mold	sebopego
mole	serunya
moment	nakwana
mom	mma
monday	mošupologo
money	tšhelete
monitor	bea leihlo
monkey	kgabo
month	kgwedi
mood	maikutlo
moody	matepe
moon	ngwedi
moral	setho
more	go feta
moreover	go feta moo
morning	mesong
mortgage	adimiša
most	bontši
mostly	kudukudu
mother	mma
motion	tšhišinyo
motivation	tlhohleletšo
mountain	thaba
mouse	legotlo
mouth	molomo
movement	mosepelo
move	sepela
movie	mmobi
mrs	mdi
much	kudu
mud	leraga
mug	komiki
muscle	mošifa
museum	musiamo
mushroom	tlokwane
music	mmino
must	swanetše
mute	homola
mutual	mmogo
My dear	Moratiwa
my friend	mogwera wa ka
My hovercraft is full of eels	Houbakerafte ya ka e tletše ka dikgoka
my	-ka
my love	moratiwa wa ka
my name is	ke nna
my pleasure	go leboga nna
myself	nna
mysterious	makatšago
mystery	semaka
myth	nonwane
nail	lenala
naive	bokangwana
name	leina
narrative	kanegelo
narrow	sesane
nasty	mpe kudu
national	bosetšhaba
nationality	mohlobo
native	wa tlhago
natural	tlhago
nature	tlhago
nausea	go feroga dibete
nearby	kgauswi
near	kgauswi
nearly	e ka ba
neat	hlwekile
necessary	hlokega
necklace	pheta
neck	molala
need	nyaka
negative	sa thabišego
neglect	hlokomologa
negotiate	rerišana
neighborhood	boagišani
neighbor	moagišani
neither	e sego
nephew	motlogolo
nerd	nete
nervous	tšhogile
nest	sehlaga
net	nete
network	neteweke
neutral	magareng
never give up	se lahlegelwe ke tshepho
never	le gatee
never mind	se tshwenyege
nevermind	se tshwenyege
nevertheless	le ge go le bjalo
new	mpsha
news	ditaba
next	latelago
next to	kgauswi le
nice	botse
nice to meet you	ke lethabo go kopana le wena
niece	motlogolo
night	bošego
nightmare	segateledi
nine	senyane
nineteen	lesomesenyane
ninety	masomesenyane
No	Aowa
nobody	ga go motho
noise	lešata
noisy	ya lešata
none	ga go selo
noon	mosegare
nope	aowa
no problem	ga go bothata
nor	goba
normal	tlwaelo
north	leboa
nose	nko
nostalgic	hlologetšego
not at all	le gatee
not bad	ga e gampe
noted	lemogile
note	temošo
not	ga se
nothing	ga go selo
noticed	lemogilego
notice	tsebišo
Not now	E sego gabjale
not yet	sa tšwa go
noun	leina
nouns	maina
novel	kanegelo
november	nofemere
nowadays	matšatšing a lehono
no way	ga go tsela ye nngwe
now	gabjale
nuisance	ferola dibete
null	ya lefela
numb	bogatšo
number	nomoro
nurse	mooki
nut	koko
nutmeg	mekgahlong
nutrition	phepo
oath	kano
obesity	go akola
obey	obamela
objective	nepo
object	selo
obligation	tlamego
obscure	šira
observation	temogo
observe	lemoga
obsessed	naganago kudu
obsession	sa šetšego selo
obsolete	onetšego
obstacle	lepheko
obtained	hweditše
obtain	hwetša
obviously	go pepeneneng
obvious	molaleng
occasionally	nako ye nngwe
occupation	mošomo
occupied	dutšego
occur	hlaga
occurred	hlagilego
occurs	hlaga
ocean	lewatle
october	oktobere
odd	makatšago
odds	go se lekanele
of course	ka nnete
offensive	lehlapa
offer	mpho
office	ofisi
official	semmušo
off	tima
often	gantši
of	ya
Oh	Ao
oh really	ao go bjalo
oil	oli
okay baby	go lokile ngwana
okay dear	go lokile moratiwa
okay	go lokile
okay honey	go lokile rato
okay my love	go lokile moratiwa
ok dear	go lokile rato
ok	go lokile
ok honey	go lokile rato
ok my love	go lokile moratiwa
old	kgale
once	gatee
one language is never enough	polelo e tee e ka se tsoge e lekanetše
one	tee
on	go
onion	eiye
online	inthaneteng
only	fela
open	bula
operation	opareišene
opinion	maikutlo
opportunities	dibaka
opportunity	sebaka
opposite	lelatodi
optimistic	nago le kholofelo
optional	boikgethelo
option	kgetho
orange	namune
order	tatelano
ordinary	tlwaelo
organization	mokgatlo
or	goba
orientation	tlwaetšo
original	mathomo
origin	setlogo
Oromo	Oromo
orphan	tšhuana
other	nngwe
otherwise	go sego fao
ought	swanetše
our	-a rena
Our mission: to enable everyone, everywhere to understand the world and express themselves across languages.	Morerokgolo wa rena: go kgontšha mang le mang, kae le kae go kwešiša lefase le go itlhagiša go akaretša dipolelo.
Our mission: to organize the world's information and make it universally accessible and useful.	Ponelopele ya rena: go beakanya tshedimošo ya lefase le go e dira gore e fihlelelege lefaseng ka bophara le go ba mohola.
outcome	dipoelo
outfit	seaparo
outgoing	tšwago
outlet	bokantle
outline	akaretša
out	ntle
outside	ka ntle
outstanding	šaletšego
oven	obene
overall	ka kakaretšo
overcome	hlola
over	godimo
over there	godimo ga fao
overthinking	go nagana kudu
overwhelmed	hlotšwe
overwhelming	go fenya
owe	kolota
owl	leribiši
owner	mong
own	rua
ox	poo
pace	kgato
package	sephuthelo
pack	phutha
paid	lefetše
pain	bohloko
painting	mopento
paint	pente
pair	phere
pale	galoga
palm	legoswi
pandemic	leuba
panic	letšhogo
pan	pane
pants	marokgwana
paper	pampiri
paradise	paradeisi
parallel	bapelana
parcel	phasela
pardon	tshwarelo
parents	batswadi
park	phaka
parrot	lepapagai
parsley	paraseli
participate	kgatha tema
particular	itšego
particularly	kudukudu
part	karolo
partner	molekane
party	mokgatlo
passage	sefero
passed	fetile
pass	feta
passionate	ka phišego
passion	phišego
passive	se nago mafolofolo
password	phasewete
past	fetilego
patch	segaswa
pathetic	mahlomola
path	tsela
patience	boiketlo
patient	molwetši
pattern	phethene
pause	ema nakwana
pavement	tselanathoko
pay	lefa
payment	tefelo
peaceful	ka khutšo
peace	khutšo
peach	perekisi
peak	sehloa
pear	pšere
peas	dinawa
peculiar	makatšago
peel	ebula
pee	rota
peers	dithaka
peer	thaka
pencil	phentshele
pending	letetšwe
pen	pene
people	batho
pepper	pherefere
perceive	lemoga
perception	temogo
perfect	phethegilego
performance	phethagatšo
perform	phethagatša
perhaps	mohlomongwe
period	paka
permanent	ruri
permission	tumelelo
permit	phemiti
perseverance	kgotlelelo
persistent	phegelelago
personality	seriti
personal	sephiri
person	motho
perspective	mmono
persuade	kgodiša
pervert	hlanoša
pet	seruiwaratwa
phase	legato
phenomenon	diponagalo
philosophy	filosofi
phone	mogala
photo	senepe
phrase	sekafoko
physical	ka sebele
pick	topa
pick up	topa
picture	seswantšho
piece	karolo
pieces	dikarolwana
pigeon	leeba
pig	kolobe
pile	mokgobo
pillow	mosamelo
pilot	mofofiši wa sefofane
pineapple	phaeneapole
pink	pinki
pin	phini
pitch	segalo
pit	molete
pity	kwelobohloko
place	lefelo
places	mafelo
plague	matshwenyego
plain	hlokago mokgabišo
plane	sefofane
plan	leano
plants	dihlare
plant	semela
plate	poleiti
platform	polatefomo
playing	go raloka
play	raloka
pleasant	thabišago
pleased	thabile
please	hle
pleasure	boithabišo
pledge	holofetša
plenty	ntši
plot	maanomabe
plug	pholaka
plumber	polampara
plum	polamo
plural	bontši
podcast	potekhasete
poem	sereto
poetry	theto
point	šupa
poison	mpholo
police	maphodisa
policy	pholisi
polite	boikokobetšo
pollution	tšhilafatšo
pond	letangwana
pool	bodiba
poop	phupu
poor	diila
pop	tšwelela
popular	tlwaelegilego
population	setšhaba
pork	nama ya kolobe
porridge	bogobe
port	phote
position	maemo
positive	kgotsofatša
possession	go ba le
possessive	ruago
possess	nago le
possible	kgonagalo
postpone	šuthiša
post	poso
potato	letsapane
potential	kgonagalo
pound	ponto
poverty	bodiidi
powerful	nago le maatla
power	maatla
practical	ka dirwago
practice	tlwaetšo
praise	tumiša
prank	metlae
pray	rapela
precious	ya bohlokwa
precisely	thwii
precise	nepago
predict	akanya
preference	kgetho
prefer	rata
pregnant	imile
prejudice	kgethollo
premises	ditikologo
premium	premiamo
preparation	boitokišo
prepare	beakanya
prepared	ipeakantše
preposition	letlema
presence	go ba gona
presentation	tlhagišo
present	mpho
preserve	boloka
president	mopresitente
press	gatelela
pressure	kgatelelo
pretend	ikgakantšha
pretty	botse
prevent	šitiša
previous	peleng
prey	sebolawa
price	theko
pride	boitumelo
priest	moruti
primary	motheo
prime	kgolo
princess	kgošigatšana
principal	motheo
priority	bohlokwa
prior	pele ga
prison	kgolego
privacy	sephiring
private	poraebete
privilege	tokelo
prize	sefoka
probably	mohlomongwe
problem	bothata
procedure	tshepedišo
proceed	tšwela pele
process	tshepedišo
produce	tšweletša
production	tšweletšo
product	setšweletšwa
professional	seprofešenale
profession	phorofešene
profile	phorofaele
profit	profiti
profound	ya kgonthe
progress	kgatelopele
project	protšeke
prominent	tumilego
promise	tshephišo
promote	tšwetša pele
promotion	tlhatlošo
prompt	akgofago
prone	sekametše
pronouns	mašalaina
pronunciation	kwagatšo
proof	bohlatse
properly	ka tshwanelo
proper	maleba
properties	dithoto
property	thoto
proposal	tšhišinyo
prospect	kholofetšo
prosperity	kgatelopele
prosperous	ka katlego
protect	šireletša
proud	itumela
prove	bontšha
provided	neetšego
provide	nea
province	profense
provision	peakanyetšo
puberty	mahlalagading
public	setšhaba
pull	goga
pumpkin	lefodi
punctual	ka nako
pupil	morutwana
purchase	reka
pure	hlwekile
purple	phepolo
purpose	morero
purse	sekhwama
pursue	šala morago
pursuit	go šala morago
push	kgorometša
put	bea
qualification	maswanedi
quality	boleng
quantity	bontši
quarantine	khwaranthaene
quarrel	kgakgana
quarter	kotara
Quechua	Quechua
queen	kgošigadi
queer	makatšago
query	potšišo
question	potšišo
queue	mothaladi
quickly	ka potlako
quick	potlako
quiet	setu
quilt	khwiliti
quite	kudu
quit	etšwa
quiz	tekatlhaologanyo
quotation	setsopolwa
quotes	ditsopolwa
quote	setsopolwa
rabbit	mmutla
race	morafe
rage	pefelo
rain	pula
raised	godišitše
raise	godiša
random	sa kgetholle
range	mehutahuta
ran	kitimile
rapidly	ka potlako
rapid	potlako
rarely	ka sewelo
rare	sewelo
rash	sebabo
rate	kelo
rather	eupša
rational	kgopodišišo
ratio	tekanyo
rat	legotlo
raw	tala
reached	fihleletše
reach	fihlelela
reaction	phetogo
read	bala
reading	go bala
ready	itokišitše
reality	kgonthe
realized	lemogilego
realize	lemoga
really	ka kgonthe
real	makgonthe
rear	kgauswi
reasonable	kwešišegago
reason	lebaka
recall	gomiša
receipt	kamogelo
receive	amogela
received	amogetše
recent	bjale
recently	gabjale
reception	boamogelabaeng
recipe	motswako
reckless	hloka šedi
recognition	temogo
recognize	lemoga
recommended	šišintšwego
recommend	šišinya
record	pego
recover	kokotlela
recovery	kutollo
rectangle	khutlonnethwii
redeem	phološa
redemption	phološo
red	khubedu
reduce	fokotša
redundant	šaletšego
reference	tšhupetšo
refer	lebiša
reflect	bontšha
reflection	sešupo
refrain	tlogela
refrigerator	setšidifatši
refund	pušetšo ya tšhelete
refused	ganne
refuse	gana
re	gape
regard	hlokomela
regarding	mabapi le
regardless	go sa lebelelwa
regards	hlokomela
region	selete
register	ingwadiša
regret	maswabi
regularly	ka mehla
regular	mehleng
reject	gana
relate	amana
related	amanago
relationship	kamano
relative	motswalo
relatives	metswalo
relax	iketla
released	lokollotše
release	lokolla
relevant	maleba
reliable	botegago
relief	kimollo
relieved	thušitše
relieve	imolla
religion	tumelo
religious	ya sedumedi
reluctant	go tšwafa
rely	tshepha
remaining	šetšego
remain	šala
remarkable	makatšago
remedy	kalafo
remember	gopola
reminder	kgopotšo
remind	gopotša
remote	kgole
remove	tloša
render	thuša
rent	hiriša
repair	lokiša
repeat	bušeletša
replace	ema legato
reply	fetola
report	pego
represent	emela
reputation	seriti
request	kgopelo
required	nyakegago
require	hlokega
rescue	phološa
research	dinyakišišo
resemble	swanetšana
resentment	sekgopi
reservation	peeletšo
reserve	boloka
resident	modudi
resign	rola modiro
resilience	kgotlelelo
resilient	yo maatla
resistance	twantšho
resist	iphemela
resolution	tharollo
resolve	rarolla
resort	ithuša ka
resources	methopo
respect	hlompha
respond	fetola
response	phetolo
responsibility	maikarabelo
responsible	maikarabelo
restaurant	restorente
rest in peace	robala ka khutšo
rest	khutša
restore	tsošološa
restrict	bea lepheko
result	poelo
results	dipoelo
resume	thomološa
retail	kgwebopotlana
retain	boloka
retention	poloko
retired	rotšego modiro
retreat	boela morago
retrieve	bušetša
return	boa
revealed	utollotše
reveal	utolla
revenge	itefeletša
revenue	letseno
reverse	bušetša morago
review	lekodišiša
revise	bušeletša
revision	pušeletšo
revolution	borabele
reward	moputso
rhythm	morethetho
rib	kgopo
rice	raese
rich	humile
ride	otlela
ridiculous	segišago
rid	tloša
right	nepagetše
right now	gonabjale
rigid	tiilego
ring	palamonwana
rinse	tsokotša
riot	mpherefere
ripe	butšwitše
rip	gagola
rise	hlaba
risk	kotsi
rival	lenaba
river	noka
road	tsela
roast	gadika
robust	tseneletšego
rock	letlapa
rod	kgati
role	tema
roll	kgokologa
roof	marulelo
room	kamora
root	modu
rope	thapo
rotten	bodile
roughly	e ka ba
rough	makgwakgwa
round	sediko
route	tsela
routine	setlwaedi
row	mothalo
rubber	rapara
rubbish	ditlakala
rub	fogohla
rude	hlokago boitshwaro
rug	phate
ruin	senya
rule	molao
ruler	rula
rules	melao
run	kitima
running	go kitima
rural	metsemagae
rush	akgofa
sack	raka
sacred	tšhogile
sacrifice	ba sehlabelo
safe	bolokegile
safe flight	sefofane se se bolokegilego
safety	polokego
sage	mohlalefi
said	boletše
sailing	go sesa
sail	sesa
sake	ka baka la
salary	mogolo
sale	thekišo
salmon	salmone
salt	letswai
Same here	Le gona mo
same	swanago
sample	sampole
sand	santa
Sanskrit	Sanskrit
sarcastic	ya kodutlo
sassy	sasi
sat	dutše
satisfaction	kgotsofalo
satisfied	kgotsofetše
satisfying	kgotsofatšago
satisfy	kgotsofatša
Saturday	Mokibelo
sausage	sosetše
savage	sehlogo
save	boloka
saw	bone
say	bolela
scale	sekala
scam	bofora
scarce	hlokegago
scared	tšhogile
scarf	sekhafo
scar	lebadi
scary	tšhoša
scattered	phatlaletše
scenery	tebelelegonaga
scene	sefala
scent	monkgo
schedule	beakanya
school	sekolo
science	saentshe
scientists	boramahlale
scientist	setsebi sa saentshe
scissors	sekero
scold	omanya
scope	morero
score	ntlha
scrap	phumola
scratch	ngwapa
scream	goeletša
screen	sekerini
screw	sekurufu
script	sengwalwa
sea	lewatle
seal	tswalela
search	nyaka
season	sehla
seat	madulo
second	motsotswana
secret	sephiri
section	karolo
secure	boloka
security	tšhireletšo
see	bona
seed	peu
seek	nyaka
seem	ka re
seems	ra gore
seen	bone
see you later	tla go bona ka moragonyana
see you	re tla bonana
see you soon	re tla bonana nako ye e sa fetšego pelo
see you tomorrow	re tla bonana gosasa
seize	golega
seizure	golega
seldom	e sego gantši
select	kgetha
self healing	go iphodiša
selfish	timana
self	ka noši
sell	rekiša
send me your picture	nthomele seswantšho sa gago
send	romela
senior	mogolo
sense	sekwi
sensible	hlalefilego
sensitive	kgwathegago maikutlo
sentence	lefoko
sentences	mafoko
sent	rometše
separate	kgaogane
Sepedi	Sepedi
september	setemere
sequence	tatelano
series	tatelano
seriously	ka tiišetšo
serious	tiišitše
serve	solela
service	tirelo
session	tulo
set	sehlopha
setting	lefelo
settle	lefa ka botlalo
set up	beakanya
seven	šupa
seventeen	lesomešupa
seventy	masomešupa
several	mmalwa
severe	šoro
sew	rokile
shade	moriti
shadow	morithi
shake	šikinya
shallow	metša
shall	tla
shame	mahlabišadihlong
shape	sebopego
share	abelana
sharp	bogale
shed	tšholla
sheep	nku
sheet	letlakala
she has	o na
she is	o
shelf	šelefo
shell	legapi
shelter	morithi
she	yena
shield	kotse
shift	šuthiša
shine	phadima
shipping	go romela
ship	sekepe
shirt	gempe
shoes	dieta
shoot	thuntšha
shop	lebenkele
shopping	go reka
shore	lebopo
shortage	tlhaelelo
short	kopana
shot	go betša
shoulder	legetla
should	swanetše
shout	goeletša
show	bontšha
shower	šawara
show me	mpontšhe
shrimp	širimpi
shrink	šošobanya
sh	š
shut	tswalela
shut up	homola
shy	dihlong
sibling	ngwanešo
siblings	baratho
sick	lwala
side	lehlakore
sigh	fegelwa
sight	pono
sightseeing	bona mafelo
signature	mosaeno
significant	bohlokwa
sign	leswao
silence	setu
silent	homotšego
silk	siliki
silly	lešilo
silver	silibera
similar	swanago
simple	bonolo
simp	simpo
simultaneously	sammaletee
since	go tloga
sincere	kgonthe
sincerely	ka kgonthe
singer	moopedi
single	tee
sing	opela
sink	sobelela
Sir	Morena
sister in law	ngwetši
sister	sesi
sit	dula
site	saete
situation	seemo
sixteen	lesometshela
six	tshela
sixty	masometshela
size	bogolo
skill	bokgoni
skills	mabokgoni
skin	letlalo
skinny	otilego
skip	tshela
skirt	sekhethe
sky	lefaufau
slave	lekgoba
sleeping	go robala
sleep	robala
sleepy	swarwa ke boroko
sleeve	letsogo la seaparo
slice	selai
slide	selaete
slightly	gannyane
slim	otile
slip	thelela
slope	motheoga
slot	tsenya
slowly	ka go nanya
slow	nanya
small	nnyane
smart	botse
smell	nkgelela
smile	myemyela
smoke	muši
smooth	boreledi
snack	seneke
snail	kgopa
snake	noga
snap	kgaola
snow	lehlwa
soak	ena
soap	sešepe
sober	sego ka fase ya khuetšo ya bjala
soccer	kgwele ya maoto
social	tša leago
society	setšhaba
socks	masokisi
so cute	bogega kudu
so far	go fihla mo
soft	boleta
software	softewere
soil	mabu
so	ka gona
soldier	lešole
sold out	rekišitšwe
sold	rekišitše
sole	sola
solid	tšhipi
solution	tharollo
solve	rarolla
somebody	motho yo mongwe
some	dingwe
somehow	ka tsela ye nngwe
someone	motho yo mongwe
something	se sengwe
sometimes	nako tše dingwe
song	koša
soon	ka pela
sophisticated	thantše
Sorani	Sorani
sore	sešo
sore throat	mogolo o bohloko
sorrow	manyami
Sorry	Ke maswabi
sort	hlopha
sought	nyakile
soulmate	wa pelo le moya
soul	moya
sound	modumo
soup	sopo
source	mothopo
sour	galaka
south	borwa
space	sekgoba
spam	sepamo
span	bogolo
Spanish	Sepeniši
spare	boloka
speak	bolela
special	ikgetha
species	mohuta
specific	go ikgetha
spectacular	maemo a godimo
speechless	hlokago polelo
speech	polelo
speed	lebelo
spell	peleta
spend	ntšha tšhelete
spent	šomišitše
spicy	ya dinoko
spike	sepikiri
spinach	sepenatšhe
spin	dikološa
spirit	moya
spit	tshwa
splendid	kganyago
split	kgaoganya
spoiled	senyegilego
spoil	senya
spontaneous	ka noši
spoon	lelepola
spot	lefelo
spouse	mogatša
spread	phatlalala
spring	seruthwane
square	khutlonne
squeeze	pitlela
squid	sekwiti
squirrel	sehlora
stab	hlaba
stable	tiilego
stack	hlopha
staff	bašomedi
stage	kgato
stain	sepatso
stairs	ditepisi
stake	katolo
stalk	lehlokwa
stall	setolo
stamp	setempe
standard	motheo
stand	ema
star	naledi
started	thomile
start	thomiša
starving	bolawa ke tlala
statement	setatemente
state	mmušo
station	setiši
statue	sehlwaseeme
status	maemo
stay	dula
stay safe	dula ka polokego
steady	ka boiketlo
steak	nama ya kgomo
steal	utswa
steam	phišo
steel	tšhipi
steep	motheoga
stem	kutu
step	kgato
stick	kgomarela
stiff	thatafa
still	sa
sting	loma
stingy	go timana
stir	hudua
stock	phahlo
stolen	utswitšwe
stomach	dimpa
stone	leswika
stood	eme
stool	mantle
stop	ema
storage	bobolokelo
store	boloka
storm	ledimo
story	kanegelo
stove	setofo
straightforward	lego molaleng
straight	thwii
strain	lapišago
strange	makatša
stranger	moeng
strategy	leanophethagatšo
strawberry	seterooperi
straw	lehlokwa
streak	mothaladi
stream	moela
street	seterata
strength	maatla
stress	kgatelelo
stretch	nganga
strict	tlhoko
strike	go teraeka
string	thapo
strip	moseto
strive	katana
stroke	seterouku
strong	maatla
struck	bethilwe
structure	sebopego
struggle	katana
struggling	go katana
st	seterata
stubborn	hlogothata
stuck	tsentše
student	moithuti
studying	go ithuta
study	ithuta
stuff	kitela
stunning	tumišegago
stupid	setlaela
style	mohuta
subject	hlogotaba
submission	boikokobetšo
submit	tliša
substance	selo
substitute	moemedi
subtle	makatšago
succeed	atlega
successful	atlegile
success	katlego
such as	bjalo ka
such	bjalo
suck	nyanya
sudden	ka bonako
suddenly	ka potlako
suffering	go tlaišega
suffer	tlaišega
sufficient	lekanetšego
sugar	swikiri
suggestion	tšhišinyo
suggest	šišinya
suitable	maswanedi
suitcase	suthukheisi
suit	swanela
summary	kakaretšo
summer	selemo
summit	sehloa
sum	palomoka
sunday	sontaga
sun	letšatši
sunny	na le letšatši
sunset	phirimatšatši
sunshine	mahlasedi a letšatši
superior	ka godimo
super	kgolo
supervisor	mookamedi
supper	difihlolo
supply	kabo
support	thekga
supposed	swanetše
suppose	nagana
sure	kgonthiša
surface	bokagodimo
surge	lephoto
surgery	karo
surname	sefane
surprised	maketše
surprise	makatša
surrender	ineela
surrounding	tikologo
surveillance	phatišišo
survey	diphatišišo
survive	phologa
suspect	mogononelwa
suspended	fegilwe
suspicious	belaetša
sustainability	kgotlelela nako ye telele
sustainable	kgotlelelago nako e telele
sustain	kgotlelela
swag	ikgantšha
swallow	metša
swap	fetoša
swear	ikana
sweater	swetha
sweat	sethitho
sweep	swiela
sweet	bose
sweet dreams	e ba le ditoro tše botse
sweetheart	moratiwa
sweet tooth	kganyogo ya dijo tša swikiri
swelling	go ruruga
swell	ruruga
swimming	go rutha
swim	rutha
swing	hwidinya
switch	fetogela
swollen	rurugile
sword	lerumo
symbol	leswao
sympathy	kwelobohloko
symptoms	dika
system	tshepedišo
table	tafola
tackle	lwantšha
tag	theke
tail	mosela
take away	dijo tša tseleng
take care	hlokomela
taken	tšerwe
take off	fofa
take	tšea
talkative	bolela kudu
talk	bolela
tall	telele
tape	theipi
tap	thepe
target	tebanyo
task	mošomo
taste	tatso
tasty	na le tatso
taught	rutile
teacher	morutiši
teach	ruta
team	sehlopha
tear	gagola
tears	megokgo
tease	kwera
tea	teye
technology	theknolotši
teeth	meno
tell	botša
tell me	mpotše
temperature	themphereitšha
temper	pefelo
temple	tempele
temporary	nakwana
tenant	mohiri
tend	diša
tendency	setlwaedi
tender	thentara
ten	lesome
tense	lebaka
tension	kgohlano
tentative	sego ya kgonthe
ten thousand	dikete tše lesome
tent	tente
term	lereo
terms	mareo
terrible	mpe kudu
terrific	boifišago
territory	mollwane
test	leka
text	sengwalwa
than	go feta
thank	leboga
Thanks for using our app	Re leboga ka go šomiša app ya rena
thanks	ke a leboga
Thank you for your patience while we investigate shipment	Re leboga go se fele pelo ga gago ge re nyakišiša merwalo
thank you	ke a leboga
thank you so much	ke leboga kudu
thank you very much	re leboga kudu
that	gore
that is	e lego
that's good	go a thabiša
theft	bohodu
their	-a bona
them	bona
theme	tabataba
themselves	ka bobona
then	gona
theory	teori
there are	go na le
therefore	ka gona
there is	go na le
there	moo
these	tše
they are	ba a
they	bona
thick	koto
thief	lehodu
thigh	serope
things	dilo
thing	selo
think	nagana
thin	sese
third	boraro
thirsty	nyorilwe
thirteen	lesometharo
thirty	masometharo
this is	se ke
this	se
thorough	go tsenelela
thoroughly	go tsenelela
those	bao
though	le ge
thoughtful	naganišiša
thought	kgopolo
thoughts	dikgopolo
thousand	sekete
thread	garane
threaten	tšhošetša
threat	matšhošetši
three	tharo
threshold	mogato
thrilled	nago le mafolofolo
thrive	atlega
throat	mogolo
through	go
throughout	nako ka moka
throw	foša
thumb	monwana o mogolo
thunder	ledimo
Thursday	Labone
thus	ka gona
tick	swaya
tide	tlema
tidy	hlwekile
tie	bofa
tiger	nkwe
tight	tiišitše
Tigrinya	Tigrinya
time	nako
timid	dihlong
tiny	lehlokwana
tip	ntlha
tips	maele
tired	lapile
tire	lapa
tissue	tlhalenama
title	thaetlele
toast	go thousta
to be	go ba
today	lehono
toddler	mapimpane
toes	menwana ya maoto
together	mmogo
to	go
toilet	ntlwana ya boithomelo
told	boditše
tolerance	kgotlelelo
tolerate	kgotlelela
tomato	tamati
tomorrow	gosasa
tongue	leleme
tonight	bošegong bjo
too	gape
took	tšerwe
tools	ditlabela
tool	thulusi
tooth	leino
top	godimo
topic	hlogotaba
torn	gagogile
torture	tlaiša
total	palomoka
touch	kgoma
tough	thata
tour	leeto
towards	go ya go
toward	ya go
towel	toulo
town	toropo
toxic	na le mpholo
trace	latelela
track	thereke
trade	kgwebo
traditional	ya setšo
tradition	setšo
traffic	sephethephethe
trail	goga
train	hlahla
training	tlhahlo
trait	eka
traits	mekgwa
transfer	fetišetša
transition	phetogo
translate	fetolela
transparent	pepeneneng
transportation	thomelo ka senamelwa
transport	senamelwa
trap	molaba
trash	ditlakala
trauma	tlaišego
travel	sepela
tray	thereyi
treasure	lehumo
treatment	kalafo
treat	swara gabotse
tree	mohlare
tremendous	kgolo kudu
trend	therenta
trial	teko
trick	hlalefetša
tried	lekile
trigger	šušumetša
trim	kgabiša
trip	leeto
trouble	bothata
trousers	marokgo
truck	theraka
true	nnete
trunk	sebelebele
trust	tshepha
truth	bonnete
try	leka
Tsonga	Tsonga
tube	tšhupu
Tuesday	Labobedi
tuition	thuto
turkey	kalakune
turmeric	thumeriki
turn	fetoga
turtle	pshinyaleraga
tutor	mohlahli
twelve	lesomepedi
twenty	masomepedi
twenty-one	masomepedi-tee
twice	gabedi
twist	sopha
Twi	Twi
two	pedi
type	mohuta
typical	mohuta o itsego
ugly	befile
ultimate	ya mafelelo
umbrella	amporela
unable	palelwa
uncle	malome
unconscious	sa ipone
under	ka fase
underneath	ka fase
underrated	nyaditše
understand	kwešiša
understood	kwešišitše
unfortunately	ka madimabe
uniform	yunifomo
unique	moswananoši
unit	yuniti
university	yunibesithi
unknown	sa tsebjego
unless	ntle le
until	go fihla
unusual	sa tlwaelegago
update	mpshafatša
up	godimo
upgrade	kaonafatša
upon	godimo
upset	nyamile
up to you	go tšwa go wena
urban	motsesetoropo
urge	hlohleletša
urgent	tšhoganetšo
used	šomišitšwego
useful	nago le mohola
useless	hlokago mohola
use	šomiša
us	rena
usually	ka tlwaelo
usual	mehleng
utility	thušo
vacation	maikhutšo
vaccination	go hlabela moento
vaccine	moento
vacuum	sebaka
vague	sa kwagalego
valid	makgonthe
valley	molapo
valuable	ya mohola
value	boleng
variety	fapafapana
various	fapafapanego
vary	fapafapana
vase	sebjanatsopa
vast	kgolo
vegetable	morogo
vegetables	merogo
vehicle	senamelwa
vendor	mogwebi
venom	mpholo
venture	phonkgelela
venue	lefelo
verify	kgonthiša
versatile	fetogago
version	bešene
vertical	tsepamego
very good	gabotse kudu
very	kudu
vessel	sekepe
via	ka tsela ya
vibe	baepe
vibes	dibaepe
vicious	šoro
victim	motšwasehlabelo
video	bitio
view	bogela
village	motse
villain	lenaba
vinegar	binika
vintage	puno ya diterebe
violence	dikgaruru
violent	ka dikgoka
viral	baerale
virgin	kgarebe
virtual	kgokagano ya inthanete
virtue	bothakga
vision	ponelopele
visit	etela
visual	bonegago
vital	bohlokwa
vivid	bonagala
vocabulary	tlotlontšu
voice	lentšu
void	sekgoba
volume	bolumu
volunteer	moithaopi
vomit	hlatša
vulnerable	ba kotsing
wage	moputso
wages	meputso
waist	letheka
waiter	waitara
waiting	letile
wait	leta
wake	tsoga
wake up	tsoga
walking	go sepela
walk	sepela
wallet	sekhwama
wall	leboto
wander	ralala
wanna	nyaka
wanted	nyakegago
want	nyaka
wardrobe	otoropo
warehouse	ntlophahlo
warm	ruthela
warning	temošo
warn	lemoša
war	ntwa
warrior	mogale
was	be e le
wash	hlatswa
waste	ditlakala
watch	bogela
water	meetse
watermelon	legapu
wave	lephoto
way	tsela
weak	fokola
weakness	bofokodi
wealth	lehumo
wealthy	humile
wear	apara
we are	re a
wearing	go apara
weather	boso
we can	re ka kgona
wedding	monyanya
Wednesday	Laboraro
weed	ngwang
week	beke
weekend	mafelelo a beke
weight	boima
weird	makatšago
welcome	le amogetšwe
welfare	bobotlana
well done	o šomile gabotse
Well	Gabotse
went	sepetše
were	be e le
we	rena
west	bodikela
wet	thapile
whale	leruarua
what about you	wena o reng
what are you doing now	o dira eng gabjale
what are you doing	o dira eng
what are you doing right now	o dira eng gonabjale
what do you do for a living	o dira eng go iphediša
what do you do	naa o dira eng
what do you mean	o nyaka go reng
what do you want	o nyaka eng
what	eng
whatever	eng le eng
what happened	go diregile eng
what is	ke eng
what is this	ke eng se
what is your job	mošomo wa gago ke eng
what is your name	leina la gago o mang
what's up	o mpotša eng
what's your name	ke wena mang
wheat	korong
wheel	leotwana
whenever	neng le neng
when	neng
where are you from	o tšwa kae
where are you now	o mo kae gabjale
where are you	o mo kae
whereas	mola e le gore
where do you live	o dula kae
where is	o kae
where	kae
whether	e ka ba
which	yona
while	mola
whisper	hwenahwena
whistle	letša molodi
white	tšhweu
who are you	ke wena mang
who is	ke mang
who is this	ke mang yo
whole	ka moka
who	mang
whom	go yena
whose	yoo
why	ka lebaka la eng
why not	ka lebaka la eng go se bjalo
wicked	bokgopo
wide	-phara
widow	mohwana
width	bophara
wife	mosadi
wild	hlaga
willing	ikemišeditšego
will	tla
window	lefasetere
wind	phefo
windy	na le phefo
wine	beine
winter	marega
win	thopa
wipe	phumola
wire	lethale
wisdom	bohlale
wise	bohlale
wish	duma
wish you all the best	ke go lakaletša tše kaone
witch	moloi
withdrawal	gogela morago
withdraw	gogela morago
within	ka gare
with	ka
without	ntle le
witness	hlatse
witty	nago le kelelo
wolf	phiri
woman	mosadi
women	basadi
wonderful	makatšago
wonder	tlabega
won	thopile
won't	ka se
wood	kota
wool	wulu
word	lentšu
words	mantšu
working	go šoma
work	mošomo
work out	hwetša
world	lefase
worm	seboko
worn	onetše
worried	tshwenyega
worry	tshwenyega
worse	gampe kudu
worship	tumiša
worst	mpe kudu
worth it	na le boleng
worth	theko
worthy	nago le mohola
would	tla
wound	sešo
Wow	Ao
wrap	phuthela
wrath	kgalefo
wrist	letheka
Write here	Ngwala mo
write	ngwala
writing	go ngwala
written	ngwadilwe
wrong	phošo
wrote	ngwadile
yard	jarata
yawn	ona
Yeah	Ee
year	ngwaga
years	mengwaga
yeast	komelo
yell	goeletša
yellow	serolane
yes baby	ee ngwana
yes dear	ee moratiwa
Yes	Ee
yes honey	ee moratiwa
yes my love	ee moratiwa
yes of course	ee go bjalo
yesterday	maabane
yet	anthe
yield	tšweletša
you are beautiful	o botse
you are	o
you are so beautiful	o botse kudu
you are welcome	o amogetšwe
you can	o ka kgona
You know	O a tseba
young	nnyane
your	-a gago
you're welcome	o amogetšwe
you’re welcome	o amogetšwe
yourself	wena
your welcome	o amogetšwe
youth	baswa
you too	le wena
you	wena
yummy	tswee
zero	lefeela
