a	ha
a little	si'isi'i pe
a lot	lahi
a lot of	lahi 'a e
abandon	li'aki
abandoned	li'aki
abide	muimui
ability	malava
able	malava
about	fekauʻaki
above	ʻolunga
abroad	i muli
absence	'ikai 'iai
absent	li'aki ako
absolutely	mo'oni 'aupito
absorb	mimisi
abstract	fo'i fakakaukau
absurd	faikehe
abundance	lahi 'aupito
abundant	mahu
abundant	lahi
abuse	ngāue hala'i
abuse	ngāue hala'aki
accent	tō'onga pu'aki lea
accept	tali
access	hū'anga
access	hū
accident	fakatu'utāmaki
accommodation	nofo'anga
accomplish	lava
accomplished	taukei
accomplished	tika
accomplished	mataotao
according	fakatatau
account	akauni
accuracy	ofi 'aupito
accurate	tonu
accused	tukuaki'i
ache	langa
achieve	ma'u
achievement	lava me'a
acknowledge	fakamahino 'o ha mo'oni
acquaintance	ilo
acquaintance	taukei
acquire	ma'u
acquire	ako ke 'ilo
acquired	ma'u
acquisition	koloa
acquisition	'ilo
across	tafa'aki e taha
act	ngaue
act	fakahoko
action	ke ngaue
action	ke nga'unu
action	ke fakahoko
active	longomo'ui
activities	ngaahi ngāue
activity	ngāue
actor	tokotaha 'etifaiva
actual	hoko pau
actually	moʻoni
acute	tu'unga kovi 'aupito
adapt	ngāue'i
adapt	ngāue'aki
add	tānaki
addicted	ikai toe lava 'o tuku
addition	tanaki
additional	tānaki
address	lea
address	tu'asila
adequate	fakafiemālie
adjacent	ofi
adjective	lea fakamatala nauna
adjust	feangai
adjust	fakatonutonu
admire	sai'ia
admit	tala totonu
admit	faka'atā
adopt	pusiaki
adopt	ohi
adorable	ofa'i
advance	hiki fakalaka
advance	fakalaka
advanced	ma'olunga ange
advantage	faingamālie
adventure	taukei fakalata
adverb	tala 'a e veape
advertisement	tu'uaki
advertising	tu'uaki
advice	fale'i
advise	faleʻi
advise	hinoiʻi
advise	fakahinohino
advocate	fakahoko ngāue ma'a
advocate	fakafofonga
aesthetic	faka'ofo'ofa
affair	fatongia
affect	ue'i
affection	anga'ofa
afford	ma'ama'a
affordable	lava 'o totongi
afraid	manavahē
afraid	ilifia
after	hili
afternoon	ho'atā
afterwards	hili ange
again	toe 'ai
against	fakafepaki
age	ta'u motu'a
agency	potungāue fakafofonga
agent	fakafofonga
aggressive	fu'u hoha'a
agile	malava o ngaue vave
ago	kuo mahili atu
agree	tui tatau
agreement	felotoi
agriculture	founga tō ngoue
ahead	'i mu'a
ahead	taki mu'a
aid	tokoni
aim	taumu'a
air	'ea
airport	mala'evakapuna
aisle	lue'anga
alarm	fafangu fakatokanga
alcohol	alokaholo
alert	ā'ā lelei
alive	mo'ui
all	kotoa
all right	sai pē
all the best	ofa ke ola lelei
allow	fakangofua
allowed	fakangofua
almost	meimei
alone	tokotaha
along	fakataha
already	osi
Alright	Sai
also	foki
alternative	founga makehe
although	neongo
always	maʻu pē
am	au
amazing	tōatu
ambiguous	uhinga lahi
ambition	fiema'u lahi
ambitious	holi ke ma'u 'ene fiema'u
ambitious	fu'u fiema'u
amend	fakalelei'i
amid	uhouhonga
among	i he
among us	ia kimautolu
amount	lahi
amusing	fakaoli
an	ha
analysis	sivi'i
ancestors	fanga kui
anchor	taula
ancient	kuonga mu'a
and	mo e
and you	mo koe
angel	ʻāngelo
anger	loto 'ita
angle	tafa'aki
angry	ita
animal	monumanu
ankle	tungaʻivaʻe
anniversary	aho fakamanatu
announcement	fanongonongo
annoy	hoha'asi
annoyed	ʻita
annoying	hoha'a
annual	fakata'u
anonymous	ikai 'ilo'i
another	me'a e taha
answer	tali
anticipate	fakakaukau
anxiety	tailiili
anxious	tailiili
any	ha taha pe
anymore	toe 'iai
anymore	toe lahi
anyone	ha taha
anything	ha me'a pe
anyway	kaikehe
anyways	kaikehe
apart	tukukehe
apartment	apaatimeni
apologize	fakamolemole
apparent	mahino
apparently	ilo pau
appeal	kole
appear	hā
appearance	fōtunga
appeared	hā mai
appetite	u'a
apple	'āpele
application	tohi kole
apply	faka'aonga'i
appointment	apoinimeni
appreciate	hounga
appreciation	mahu'inga'ia
approach	ʻunu
approach	founga
appropriate	taau
approval	tali
approve	tali
approve	loto
approve	fakangofua
approved	tali
approximately	fakafuofua
april	epeleli
arbitrary	ai'ainoa'ia
architect	akiteki
architecture	tā mape fale
archive	feitu'u tauhi lēkooti fakahisitolia
are	na
are you	a koe
are you busy	oku ke mo'ua
are you married	oku ke mali
are you married or single	'oku ke mali pe 'oku ke ta'emali
Are you still there?	Oku ke kei 'i hena?
are you there	oku ke 'i hena?
area	feitu'u
argue	fakafekiki
argument	fakafekiki
arise	tupunga
arm	uma
army	va'a tau malu'i fonua
around	takatakai
arrange	fokotutu'utu'u
arrangement	fokotu'utu'u
arrival	a'u mai
arrive	a'u
arrived	osi tau mai
arrived	osi a'u mai
arrogant	hikisia
arrow	ngahau
art	tā fakatātā
art	faiva
art	ko
article	fo'i fakamatala
article	konga
article	me'a
artificial	ikai mo'oni
artist	tokotaha tā fakatātā
as	i he
as long as	koloa pe
as well	mo ia
as well as	o tatau pea
ash	efuefu
ashamed	mā
ask	eke
asked	eke
asleep	mohe
aspect	konga
aspect	tafa'aki
assault	ohofi
assembly	tānaki
assembly	fakatahataha
assembly	fakataha
assertive	lea hangatonu
assess	'a'ahi
assessment	sivi
asset	koloa
assets	ngaahi koloa
assign	ave kia
assignment	sivi
assist	tokoni'i
assistant	tokotaha tokoni
associate	fekau'aki
associate	fengāue'aki
associated	feohi
association	ngāue fakataha
assume	mahalo'i
assumption	fakamahamahalo
at	ʻi
at least	ko e koloa 'ene
ate	kai
athlete	tokotaha sipoti
attach	pipiki
attached	fakapipiki
attachment	pipiki
attack	ohofi
attempt	'ahi'ahi
attempt	'ahi'ahi'i
attend	kau atu
attendance	alu ma'u pē
attention	tokanga
attitude	ʻulungaanga
attract	fakatauele'i
attraction	manako
attractive	talavou
attribute	fōtunga
audience	matanga
audience	kau mamata
august	ākosi
aunt	fa'ē 'aki
aunty	mehikitanga
authentic	tonu
authentic	haohaoa
author	tokotaha fa'u
authority	mafai
autumn	faha'i ta'u fakatō lau
available	ʻatā
average	ʻavalisi
avoid	fakaʻehiʻehi
awake	ʻāʻā
award	pale
aware	ilo'i
awareness	mea'i
away	mama'o
awesome	tōatu
awful	kovi 'aupito
awkward	faikehe
baby	pēpē
bachelor	tokotaha ta'emali
back	ki mui
back	i mui
back	tu'a
background	puipuitu'a
bad	kovi
bag	kato
bait	mounu
bake	ta'o
bakery	fale ta'omā
balance	palanisi
balance	potupotu tatau
ball	pulu
ball	hulohula
banana	siaine
band	kautāme'a
bang	patō
bank	pangikē
bar	tapui
bar	pā
barely	si'isi'i
bargain	alea'i
bargain	alea
bark	kālou
bark	kalou'i
barrier	ā vahevahe
base	takele
based	fakatefito
basement	lalofale
basic	fuofua
basic	kamata
basically	ko hono mo'oni
basil	pēsolo
bastard	tamasi'i tu'utāmaki
batch	fakataha'i
bath	kaukau
bath	kaukauʻi
bathroom	fale kaukau
battery	makakasa
battle	tau
bay	matāfanga
be	hoko
be	ʻi ai
be careful	tokanga
beach	mātātahi
beam	huelo
beans	piini
bear	fanauʻi
bear	pea
bear	fua
beard	kava
bearing	tō'onga
beast	manu
beat	fo'i ongo
beat	tā
beautiful	fakaʻofoʻofa
beauty	talavou
became	na'e kamata ke
because	koeʻuhi
become	faka'au
bed	mohenga
bedroom	lokimohe
bee	pī
beef	pulu
been	ne 'i ai
beer	pia
before	kimuʻa
began	osi kamata
begin	kamata
beginning	kamata
behalf	ma'a
behave	ke 'ulungaanga lelei
behavior	ulungāanga
behaviour	to'onga
behind	ʻi mui
being	hā sino
being	hoko 'o hā sino
belief	tui
believe	tui
belly	kete
belong	kau
beloved	ofa'anga
below	ʻi lalo
belt	leta
bench	sea lōlōa
bend	ofe'i
bend	mapelu
bend	piko'i
beneath	'i lalo
benefit	monū'ia
benefits	ngaahi faingamālie
beside	tafa'aki
besides	tukukehe
best	lelei taha
best of luck	ofa ke ola lelei
best regards	tu'a'ofa atu
better	lelei ange
between	vaha'a
beverage	inu fakaneifua
beyond	mahulu atu
bias	fakafaha'itaha
biased	fakapalataha
bicycle	pasikala
bid	peti
big	lahi
bike	paiki
bill	mo'ua
bind	fakapipiki
bird	manupuna
birthday	aho fā'ele'i
bit	konga
bite	u'u
bitter	kona
black	uli'uli
blade	hele
blame	tukuaki'i
blank	atā
blanket	kafu
blast	maumau'i
bleach	piliu
blend	fakataha'i
bless	tāpuaki
blessed	tapuaki
blind	kui
bliss	fiefia
block	poloka'i
block	poloka
blood	toto
bloom	matala
blow	puhi'i
blue	lanu pulū
blunt	peku
board	poate
boat	vaka
body	sino
boil	fakalili
bold	anga mālohi
bond	fehokotaki
bone	hui
book	ta'ofi
book	tohi
boost	langa'i
booster	fakavave'i
boot	puti
boots	puti
border	kauāfonua
bore	keli
bored	ta'eoli'ia
boring	ta'eoli'ia
born	fanau'i
born	fā'ele'i
borrow	ave kae toki fakafoki
boss	pule
both	fakatouʻosi
bother	tuonga'ane
bottle	hina
bottom	takele
bought	fakatau
bounce	puna
bound	hifo
bound	puna
bound	'alu
boundaries	'ā vahevahe
bow	līpine
bowl	poulu
box	puha
boy	tamasi'i
boyfriend	kaume'a tangata
bracelet	vesa
brain	uto
branch	va'a
brand	fakaʻilona
brave	lotolahi
breach	maumau'i
bread	mā
break	mālōlō
break	tō mei tuliki
break	maumauʻi
breakfast	kai pongipongi
breast	huhu
breath	mānava
breathe	manava
breed	fa'ahinga
brick	piliki
bride	ta'ahine mali
bridge	hala fakakavakava
brief	fakanounou
bright	māama
brilliant	ngingila
brilliant	fifisimuʻa
brilliant	lelei ʻaupito
bring	ʻomai
bro	toko
broad	fālahi
broadcast	fakamafola
broke	hala pa'anga
broken	maumau
broom	taufale
brother	tokoua
brother in law	tokoua 'i he fono
brought	omai
brown	lanu koko
brush	hali hake
brush	polosi
bucket	kane
buddy	toko
budget	patiseti
bug	'inisēkite iiki
bug	fokotu'u fakapulipuli
bug	pekitilia
build	langa
build	fokotu'utu'u
build	langa'i
building	langa
building	fale
built	langa
bulk	lahi
bull	pulu
bully	fakamamahi'i
bump	pamu
bunch	tuki'i
bundle	fatunga
burden	kavenga
burden	fakakavenga
buried	tanu
burn	tutu
burst	papā
bury	tanu
bus	pasi
bush	vao
business	pisinisi
bust	huhu
busy	moʻua
but	ka
butter	pata
butterfly	pepe
button	fakama'u
buy	fakatau
by	ʻe
by the way	kaekehe
bye	nofo ā
cabbage	kapisi
cabinet	kapineti
cage	ā
cake	keke
calf	ʻuhikiʻi pulu
call	telefoni
call	ui
call me	tā mai
called	ui
calm	fiemālie
came	na'e hau
campaign	feinga
can	kapa
can	malava
can't	ikai malava
Cancel	Kaniseli
cancer	kanisa
capable	malava
capacity	malava lahi taha
capital	kolomu'a
capital	koloa
capital	pa'anga kamata
caption	ʻuluʻitohi
capture	ma'u
car	kā
career	ngāue fakapolofesinale
careful	tokanga
carefully	fakalelei
careless	ta'etokanga
caring	tokanga'i
carpenter	tokotaha langa
carpet	kāpeti
carrot	kāloti
carry	fata
carry on	hoko atu
carry out	fakahoko
case	keisi
cash	paanga
cast	fa'u
castle	kāsolo
casual	faingofua mo fiemālie
cat	pusi
catch	ma'u
category	fakakalakalasi
cattle	fanga pulu
caught	ma'u
cause	ngāue
cause	fakatupu
caution	fakaalaala
cautious	faka'ehi'ehi
cave	ana
cease	ikai toe ngāue'aki
ceiling	aofi
celebrate	fakafiefia'i
celebrate	kātonga'i
cell	pilīsone
center	lotomālie
century	senituli
cereal	siliolo
ceremony	kātoanga
certain	pau
certainly	pau 'aupito
certificate	tohi fakamo'oni ako
chain	haʻi seini
chain	seini
chair	sea
challenge	pole'i
challenge	pole
chance	faingamālie
change	liliu
chaos	felekeu
chaos	fihi tu'u
character	ulungāanga
characteristics	ngaahi ʻulungaanga
charge	mo'ua
charity	kulupu tokoni
charming	fakaʻofoʻofa
charming	fakamānako
chart	sāati
chase	taufetuli
chase	tuli
chase	fetuli
chat	pōtalanoa
chat	talanoa
cheap	ma'ama'a
cheat	fakakāinga
cheat	kākā
cheating	kākā'i
check	vakai'i
check	tonu
cheek	kakā
cheek	mio'i
cheer	fakakaekae
cheerful	fiefia
cheers	'ofa atu
cheese	siisi
chemistry	fetokanga'aki
cherish	fakamahu'inga'i
chest	fatafata
chew	lamu
chicken	moa
chief	eiki
child	leka
childhood	tupu hake
children	fānau
chill	tu'utu'ukina
chill	momoko
chill	fakamokomoko
chimneys	ū siminī
chin	kumukumu
chocolate	sokoleti
choice	fili
choose	fili
chop	fahi
chores	ngāue faka'aho 'i 'api
chubby	feti
church	'api siasi
church	fale lotu
cinnamon	sinamoni
circle	fuopotopoto
circumstances	ngaahi makatu'unga
citizen	tangata'ifonua
city	siti
claim	kole
claim	ʻeke'i
clarify	fakamahino'i
class	kalasi
clay	kelekele molū
clean	ma'a
clear	mahino
clear	fakamahino'i
clerk	kalake
clever	poto
client	tokotaha fiema'u tokoni
cliff	lilifa
climate	'ea
climb	kaka
clingy	pipiki
clock	uasi
close	tāpuni
closet	kōpate
cloth	tupenu
clothes	vala
cloud	'ao
cloudy	ao'aofia
clown	tokotaha fakaoli
clue	fakaofiofi
clumsy	faikehe
cluster	falukunga
coach	faiako
coal	tofunanga
coast	matāfanga
coat	kote
coffee	kofi
cognitive	founga fakakaukau
coincidence	hoko ta'epalani
cold	momoko
collapse	holofa
collar	kola
colleague	kaungā ngāue
colleague	kaungā ako
colleagues	kaungāngāue
collect	tānaki
collection	tānaki
college	kolisi
color	lanu
colorless green ideas slept furiously	mohe misi fakailifia he ngaue 'a e fanga kihi'i fakakaukau
colour	lanu
column	kolomu
comb	helu
combination	tuifio
combine	fakataha'i
come	haʻu
come here	ha'u ki heni
come on	ʻai ā foki
comfort	fiemālie
comfortable	fiemālie
coming	oku teuaki hoko
coming soon	vave hoko mai
command	fekau'i
comment	lau
commercial	fefakatau'aki
commercial	fakatau atu
commercial	fakatau mai
commission	kōmiti
commit	loto 'aki
commitment	fatongia
committed	loto 'aki
committed	papau
commodity	koloa
common	tatau
communicate	fetu'utaki
communication	fetu'utaki
community	kolo
commute	fefononga'aki
companion	kaungā fononga
company	kautaha
compare	fakafehoanaki
comparison	fakatauhoa
compassion	ongo'i 'ofa
compassion	faka'ofa'ia
compassionate	loto'ofa
compatible	fenāpasi
compete	fe'auhi
competent	pōto'i
competition	fe'auhi
competitive	fe'au'auhi
complain	lāunga
complaint	lāunga
complement	fakakakato'i
complement	fakakakato
complete	kakato
completely	kakato 'aupito
complex	fihitu'u
complex	fihi
complex	faingata'a
compliance	talangofua
complicated	faingata'a
compliment	fakamālō'ia'i
comply	fai ki ai
composition	fa'u
compound	lotoʻā
compound	ʻapi
compound	komipauni
comprehension	mahino'i
comprehensive	kakato
comprehensive	kātoa
compromise	felotoi
compromise	aleapau ke felotoi
compulsory	tu'utu'uni pau ke fakahoko
computer	komipiuta
concentrate	tāfataha
concentrate	tokanga taha
concept	fo'i palani
concept	fo'i fakakaukau
concern	hoha'a
concern	fakahoha'asi
concerned	hoha'a
concert	koniseti
conclusion	aofangatuku
concrete	sima
concrete	sima'i
concrete	fefeka
condition	makatu'unga
conditions	ngaahi fakatu'unga
conduct	fakahoko
conference	konifelenisi
confess	vetehia
confidence	matakakai
confident	loto lahi
confirm	fakapapau'i
conflict	fepaki
confused	puputu'u
confusion	puputu'u
congrats	talamonū
congratulation	talamonū atu
congratulations	fakamonū
connect	feohi
conquer	tau'i 'o pule'i
conscious	kei 'ilo'i pē
consciousness	ake
consent	fakamafai'i
consent	ngofua
consequences	ola
consequences	iku'anga
conservation	fakatolonga
conservative	pukepuke fonua
consider	fakakaukauʻi
considered	fakakau
consist	'iai
consist	kau ai
consistency	fatu
consistency	faitatau
consistent	founga tatau ma'u pē
constant	hoko ma'u pē
constantly	ma'u pe
constipation	kahi
construction	fokotu'utu'u
consume	ma'u
consumption	faka'aonga'i
contact	fetu'utaki
contagious	pipihi
contain	ma'u
contains	i ai
contemporary	taʻu taha
contemporary	kuonga taha
contemporary	taimi taha
contempt	ta'efaka'apa'apa
content	nonga
content	fiemālie
contest	fe'auhi
context	makatu'unga
continent	konitinēniti
continue	hoko atu
contract	aleapau
contrast	faikehekehe
contrast	fakafaikehekehe'i
contribute	tokoni
contribution	tokoni
control	pule'i
controversial	fakaloloa me'a
convenience	faingamālie
convenient	fe'unga
conversation	pō talanoa
convert	fakaului
convert	ului
convey	fakahoko
convince	tohoaki'i
convince	feinga'i
convinced	fakaloto'i
cook	kuki
cooking	feime'atokoni
cool	sai ʻaupito
cool	mokomoko
cooperation	fengāue'aki
cope	lava'i
copper	kopa
core	tefito
corn	koane
corner	tuliki
correct	tonu
cost	totongi
costume	teunga
cottage	fale
cotton	vavae
couch	sofa
cough	tale
could	malava
council	kaunisolo
count	lau
counter	kānita
country	fonua
countryside	uta
couple	ongo me'a
couple	ongoua
courage	lotolahi
course	koosi
court	fale hopo
court	eva'i
court	fale va'inga
courtesy	angamalū
cousin	tokoua'aki
cousin	tuonga'ane'aki
cousin	tuofefine'aki
cover	ufi'ufi
cover	kāpui
cow	pulu
coward	tokotaha lotosi'i
cozy	māfana mo fakalata
crab	paka
crack	ava
crack	fahi'i
craft	ngāue
crap	paka
crash	tō
crash	ʻuʻulu
crash	fepaki
craving	uakai
crawl	totolo
crazy	fakasesele
create	fa'u
creative	fa'u
credit	ngāue lelei
credit	totongi hū mai
credit	fakamo'ua
creep	ngaolo
creepy	fakailifia
crew	kau ngāue ngāue fakataha
crew	kau ngāue vakapuna
crime	hia
cringe	holomui
cringe	manini'ia
crisis	palopalema
criteria	tu'unga mahu'inga
critical	fakaanga'i
criticism	fakaanga
crop	ngoue me'akai
crops	ngoue
cross	kolosi
cross	fekolosi'aki
crow	manupuna
crowd	matanga
crowded	fu'u tokolahi
crown	kalauni
crucial	mahu'inga
cruel	angakovi
cruise	'eva me'alele
cruise	'eva vaka
crush	taʻomi
crush	manakoʻanga
cry	tangi
cucumber	kiukamipā
cuddle	fā'ofua
culture	tala fakafonua
cunning	kākā
cup	ipu
cupboard	kōpate
curb	fakangatangata
cure	fakatolonga
cure	faito'o
curfew	taimi tapu ʻa e feʻaluʻaki ʻi he poʻulí
curiosity	fie'ilo
curious	fie'ilo
curly	mingimingi
currency	paʻanga
current	taka
current	lolotonga
currently	lolotonga
curse	mala
curse	talatuku'i
curtain	puipui
cushion	fakamolū sea
custom	angafakafonua
customer	kasitomā
customs	ngaahi anga fakafonua
cut	tu'usi
cut	lavea
cute	talavou
cycle	vilo
cycling	aka pasikala
dad	tamai
daddy	tamai
daily	faka'aho
dairy	teuli
dam	tānaki'aga vai fakafonua
damage	maumau'i
damage	maumau
damn	tautea'i
damp	hauhau
dance	tau'olunga
danger	fakatu'utāmaki
dangerous	fakailifia
dark	fakapo'uli
darling	ofa'anga
dash	tesi
data	teita
date	teiti
date	'aho
daughter	ōfefine
day	'aho
dead	mate
deadline	ʻaho ngata ki ai
deaf	tuli
deal	felotoi
deal	tufa
dear	mamafa
Dear All	Ki he taha kotoa pē
Dear Customer	ʻAlā siʻi Kasitomā
Dear Parents	Alā si'i ngaahi mātu'a
Dear Sir	Alā si'i Tangata'eiki
Dear students	Alā si'i fānau ako
Dear Team	Alā si'i Timi
death	mate
debate	fakafekiki
debris	veve
debt	mo'ua
decade	hongofulu'i ta'u
decay	kovi
deceased	tokotaha pekia
deceive	kākā'i
december	tīsema
decent	tu'unga lelei
decide	fakakaukau'i
decided	fakapapau'i
decision	tu'utu'uni
deck	fakafaletolo
deck	taa'i fale
decline	ta'etali
decrease	holo
dedicated	luva
dedication	ngāue lī'oa
deed	aleapau fakalao
deep	loloto 'aupito
deer	tia
default	tefito
defeat	foʻi
defeat	tō
defeat	ikuʻi
defend	malu'i
define	fakamatala'i
definitely	ko ia hono kotoa
definition	'uhinga
degree	tu'unga
delay	toloi
delay	toloi'i
delayed	toloi
delete	tamate'i
deliberate	ilo'ilopau
delicate	fu'u lelei 'aupito
delicate	mahulu
delicious	ifo
delight	lelei 'aupito
delight	sai 'aupito
delighted	ongo'i fiefia
deliver	tiliva
delivered	osi 'ave
delivery	tiliva
demand	tu'utu'uni
demand	fiema'u
demanding	faingata'a
democracy	temokālati
demon	tēvolo
demonstrate	fakatātā
denied	ta'etali
density	matolu
dentist	toketā nifo
deny	faka'ikai'i
department	vaʻa
department	potungāue
departure	mavahe
depend	fakatefito
deploy	tuku atu
deposit	tānaki
deposit	tātānaki
depressed	loto tāngia
depression	puputu'u
depression	loto ta'ota'omia
depth	loloto
describe	fakamatala'i
description	fakamatala
desert	li'aki
deserve	totonu
design	tisaini
designation	hingoa
desire	fiema'u
desk	tesi
desk	tēpile
despair	mole 'a e 'amanaki
desperate	holi
despite	neongo
dessert	hikinga ua
destination	feitu'u taumu'a ki ai
destiny	hoko 'i he kaha'u
destroy	haveki
destruction	tene haveki
destruction	tene maumau'i
detail	fakaikiiki
details	ngaahi fakaikiiki
detect	ilo'i
determination	papau
determine	feinga
determined	feingamālohi
devastated	lotomamahi
develop	langa
developed	fakatupu
development	langa fakalakalaka
device	me'angāue
devil	tēvolo
devoted	tauhi vā
diabetes	mahaki suka
diarrhea	fakalele
diary	tohi noa
dictionary	tikisinale
did	ne
die	mate
died	osi mate
diet	meʻakai fakafuofua
difference	kehekehe
different	kehekehe
difficult	faingata'a
dig	keli
dignity	ngeia
diligent	fakamātoato
dinner	kai efiafi
dip	peke
direct	fakahinohino
direct	fakahangatonu
direction	fakahinohino
direction	fua
direction	feituʻu
director	talēkita
dirt	uli
dirty	uli
disable	poliō
disable	ta'ofi
disable	fakangata
disabled	faingata'ai'a
disappear	pulia
disappointed	ikai ke fiemālie
disaster	maumau
disaster	maumau fakanatula
discard	li'aki
discharge	faka'atā
discipline	'ulungaanga lelei
discount	fakama'ama'a
discover	ma'u
discover	'ilo'i
discrimination	filifilimānako
discuss	talanoa'i
discussion	talanoa
disease	mahaki
diseases	ngaahi mahaki
disguise	fakapuli
disgusting	palakū
dish	tisi
dish	fakapoulu
dishes	ū peleti
dismiss	tukuange ke alu
dispatch	tuku atu
display	faka'ali'ali
disposal	li'aki
dispute	fakafekiki
dispute	ta'eloto kiai
distance	vā mama'o
distinct	makehe
distinguish	fakafaikehekehe'i
distress	tailiili 'aupito
distribution	vahevahe
district	vahenga
disturb	hoha'asi
ditch	luo
dive	uku
diverse	lahi mo kehekehe
diversity	kalasi kehekehe
diversity	matakali kehekehe
divide	vaeua
divine	mā'oni'oni
divorce	vete
divorce	vete'i
dizzy	ninimo
do	fai
do you	'oku ke
do you love me	oku ke 'ofa 'ia au
doctor	toketā
document	tohi fakamatala
does	fakahoko
doesn't	ikai
dog	kulī
doing	'ai
doll	tamapua
domain	vāhenga pule
domestic	fakaloto fonua
dominant	mālohi
don't	'oua
Don't worry	oua teke tokanga kiai
donate	foaki
done	lava
done	helaʻia
done	mate hela
donkey	tongikī
dope	masoli
double	faitatau
double	lōua'i
doubt	ta'etui
doubt	faka'ikai'i
dough	tou
down	lalo
download	taunilouti
draft	tatau fakaangaanga
draft	hiki tatau fakaangaanga
drag	toho
drain	tukuange
drama	talanoa fakatātā
draw	tā fakatātā
drawer	toloa
drawing	tā
drawing	fakatātā
dread	manavahē
dream	faka'amu
dream	misi
dream	mohe misi
dress	kofu
drill	keli
drink	inu
drive	fononga
drop	tō
drop	fakatōoki
dropped	fakatōoki
drought	pakukā
drunk	konā
dry	mōmōa
duck	pato
dude	masi'i
due	osi
due to	me'a koe
dull	ta'eoli
dumb	vale
dump	laku'anga
duration	vaha'a taimi
during	lolotonga
dust	efu
duty	fatongia
dwell	nofo
dying	holo ke mate
each	takitaha
each other	kia koe mo au
eager	fu'u fiema'u
eagle	īkale
ear	telinga
earlier	kimuʻa atu
early	fuofua
earn	ma'u
ears	ongo telinga
earth	kelekele
earth	mamani
earthquake	mofuike
ease	faingofua
easily	faingofua
east	hahake
easy	faingofua
eat	kai
eating	lolotonga kai
economic	faka'ekonōmika
economy	ekonōmika
edge	mui'i me'a
edit	fakatonutonu
education	ako
effect	uesia
effective	ola lelei
efficiency	lelei
efficiency	fai-lava-meʻa
efficiency	lavameʻa
efficient	maau
effort	feinga
egg	fuaʻimoa
eggplant	paingani
ego	ulu pupula
eight	valu
eighteen	tahavalu
eighty	valunoa
either	ha taha
elaborate	fakamahino'i
elbow	tuiʻinima
elder	lahi
elderly	vaivai
elegant	matamatalelei
elegant	masani
elegant	fakalaukau
element	elemēniti
elephant	elefānite
eleven	tahataha
eligible	totonu
eliminate	tamateʻi
eliminate	fakataʻeʻaongaʻi
else	kehe
embarrassed	mā
embarrassing	fakamā
embrace	pukepuke
emerge	asi hake
emergency	fakatu'upākē
emotional	fu'u ongo'i
empathy	ongo'i
emphasis	fakamahu'inga'i
emphasize	fakamamafa'i
employee	tokotaha ngāue
employees	kau ngāue
employer	tokotaha
employer	kautaha 'oku ne fakangaue'i
employment	ngāue totongi
empty	osi
enable	fakaai
encounter	fakakau
encourage	fakalotolahiʻi
end	ʻosi
end	fakaʻosi
end	iku
endangered	fakatu'utāmaki
endeavor	feinga mālohi
endurance	kātaki'i
endure	kātekina
endure	kātaki
endure	tuʻuloa
enemy	fili
energy	ivi
engage	mo'ua
engaged	mo'ua
engagement	fatongia 'osi pau
engagement	fakama'u
engine	mīsini
engineer	enisinia
English	Lea Faka-Pilitānia
enhance	fakalelei'i
enjoy	fiefia
enormous	lahi 'aupito
enough	feʻunga
ensure	fakapapau'i
enter	fakakau
enter	hū ki loto
enter	fokotuʻu
entertainment	fakafiefia
enthusiasm	fiefia
enthusiastic	fu'u ongo'i fiefia
entire	kātoa
entitled	malava ke ma'u
entity	hoko
entrance	hū'anga
entrepreneur	tokotaha fokotu'u pisinisi
envelope	sila
environment	ʻātakai
envy	loto 'ita
envy	loto kovi
epic	fo'i māau lōlōa
epidemic	mahaki
equal	tatau
equipment	me'angāue
equity	tatau
equity	mahu'inga
equivalent	tatau
equivalent	tatau ʻo e
eraser	lapa
error	hala
escape	hola
especially	tautautefito
essay	ʻēsei
essence	elito
essential	uhoʻi
establish	fokotu'u ke tu'uloa
established	fakapapau'i
estate	api kelekele lahi
estimate	fakafuofua
estimated	fakafuofua
etc	mo e ngaahi me'a pehē
eternal	itāniti
ethics	ngaahi 'ēfika
evaluate	fakamahuinga
evaluate	sivi
evaluate	fakafuofua
evaluation	fakafuofua mahuʻinga
evaluation	fakamahuʻinga
even	tatau aipē
even though	neongo
evening	efiafi
event	kātoanga
eventually	iku'anga
ever	ha taimi pē
every	kotoa
everybody	tokotaha kotoa pē
everyone	tokotaha kotoa pē
everything	me'a kotoa
evidence	fakamo'oni
evil	kovi
evil	ta'efe'unga
evolution	fakalakalaka
evolve	liliu
ex	ki mu'a
exact	tatau tofu pe
exactly	ko ia tonu
exam	sivi
examine	vakai'i
example	fakatātā
exceed	fakalaka
excellent	tōtōatu
except	tukukehe
exception	atā
excess	ova
excessive	ova 'aupito
exchange	fakafetongi
excited	loto-māfana
excitement	loto fiefia 'aupito
exciting	fakafiefia
exclusive	kau kotoa
exclusive	kotoa
excuse	uhinga
excuse me	kātaki
execute	fakahoko
execution	fakahoko ngāue
executive	mafai ngāue
exercise	fakamalohisino
exhaust	hela'ia
exhausted	hela'ia
exhibit	faka'ali'ali
exhibition	fakaʻaliʻali
exist	oku hoko
existence	asi
existing	oku hoko
exit	hū'anga ki tu'a
expand	fakalahi
expect	amanaki
expected	tui 'e hoko
expected	'amanaki
expenses	ngaahi fakamole
expensive	mamafa
experience	aʻusia
experience	potoʻi ngāue
experience	ongoʻi
experiment	ahi'ahi
expert	poto
expert	taukei
expert	mātai
expired	ta'e'aonga
explain	fakamatala'i
explanation	fakamatala
exploit	ngaahi kovia
explore	vakai
explore	folaua
export	fakatau atu ki tu'apule'anga
expose	fakae'a
exposed	fakae'a
exposure	hā
exposure	fakahā
express	fakahā
expression	fakahā
extend	fakaloloa
extended	fakalōlōa
extension	ke hoko'i
extent	fakalahi
external	ki tu'a
extinct	mōlea
extra	makehe
extract	to'o
extraordinary	fu'u sai
extraordinary	fu'u lelei
extraordinary	fu'u tika
extreme	aupito
extremely	tōtu'a
eye	fo'imata
eyes	ongo fo'i mata
eyes	ngaahi fo'i mata
fabric	tupenu
fabulous	fu'u
fabulous	lahi
face	fesiofaki
facilitate	fakahinohino
facilities	naunau mo hono taumu'a
facility	feitu'u fai'angame'a
fact	mo'oni'ime'a
factor	fakatupunga
factory	fale ngaahi koloa
facts	ngaahi mo'oni'ime'a
fade	mole
fail	kovi
failed	tōo
failure	ikai lava
faint	pongia
fair	ʻafua
fair	tea
fair	totonu
fairly	tatau ki he taha kotoa
fairy	tokotaha faimana
faith	tui
faithful	faitotonu
fake	fa'itakitaki
fall	hinga
fall	fakatōlau
fall	humu
false	hala
fame	iloa
familiar	ofi 'ilo'i
family	fāmili
famine	honge me'akai
famous	iloa
fan	īi
fan	kau muimui
fancy	sai'ia
fantastic	tōtōatu
far	mama'o
farewell	fakamavae
farm	faama
farmer	fāama
fascinating	fu'u sai'ia
fascinating	fu'u manako
fashion	teuteu fakakuonga
fast	vave
fat	feti
fatal	fakatu'utāmaki
fate	tu'unga pe ne pau ke hoko
father	tamai
fatigue	tā vaivaiia 'aupito
fault	kovi
fault	fehalaaki
favorite	manako
favour	sai'ia
favourite	manako
fear	ilifia
feast	kai kātoanga
feather	fulufulu'i manupuna
feature	'i ai
feature	fakamatala tefito
features	ngaahi fōlinga
february	fepueli
fed up	fo'i
fee	totongi
feed	fafanga
feedback	tali fakafoki
feel	ongo'i
feeling	ongo'i
feeling	ongo
feet	ongova'e
fell	tō
fellow	kaungā
felt	ongo'i
female	fefine
fence	a
fertile	ma'ui'ui
festival	kātoanga
fetch	puke'i
fever	mofi
few	ni'ihi
fewer	si'isi'i
fiance	tokotaha fakama'u
fiction	ta'emo'oni
field	mala'e
fierce	fakailifia
fifteen	tahanima
fifty	nimanoa
fight	fuhu
fighting	fuhu
figure	fakafōtunga
figure	fōtunga
figure out	fika'i
figure out	fakaukau'i
file	faile
fill	fakafonu
filled	fonu
film	filimi
filthy	uli
finally	faifai pea hoko
finance	fakapa'anga
financial	fakapa'anga
find	kumi
find out	fekumi
fine	lelei
fine	mo'ua
finger	fo'i tuhu
finish	'osi
finish	faka'osi
finished	kuo 'osi
fire	afi
firm	kautaha
firm	fakamātoato
first	ʻuluaki
first name	hingoa 'uluaki
fish	ika
fit	hao
five	nima
fix	fakakau
fix	ngaahi fakalelei'i
fixed	osi ngaahi
flag	fuka
flash	tapa
flat	feleti
flat	fakalafalafa
flaw	vaivai'anga
flawless	hoihoifua
flee	hola
flesh	kakano
flew	puna
flex	peluki
flexible	pikoʻingofua
flexible	mapiko
flexible	ofeʻingofua
flight	hola
flight	puna
flip	vilohi
flirt	fakamalinga kākā
flirting	fie'eva
float	tētē
flood	tāfea
floor	faliki
flour	mahoa'a
flow	'uhinga lelei
flow	tāfea
flower	kakala
flower	matala
flower	matalaʻiʻakau
flu	fulū
fluent	poto lelei
fluently	poto 'aupito
fluffy	molū
fluid	huhu'a
fly	lango
fly	puna
focus	tokanga
fog	kakapu
foggy	kakapu
fold	pelu
folks	kakai
follow	muimui
follow up	muimui'i
following	muimui
food	me'akai
fool	kākaa'i
fool	tokotaha 'oku vale
foolish	vale
foot	la'i va'e
football	akapulu
for	maʻa e
For example	Hangē ko 'eni
for instance	hangē ko eni
for you	ma'au
forbidden	tapu
force	mālohi
forecast	fakamatala ki he kaha'u
forehead	fo'ila'e
foreign	muli
forest	vaotā
forever	pā'angangalu
forever	ta'engata
forget	ngalo
forgive	fakamolemole
forgot	ngalo
fork	huolanga
fork	huhu
fork	manga
form	fōomu
form	fa'u
formal	fōmolo
former	kimu'a
fortunately	me'amālie
fortune	koloa
forty	fānoa
forty-two	fā-ua
forward	kimu'a
foster	faka'ai'ai
fought	fuhu'i
found	ma'u
foundation	fakava'e
four	fā
fourteen	tahafā
fox	fōkisi
fragile	maumau vave
frame	fakafōtunga
frame	fōtunga
frame	fakavaka
framework	founga ngāue
fraud	kākā
freak	ta'e'amanekina
free	atā
freedom	tau'ataina
freeze	poloka
frequency	hokohoko
frequent	toutou
frequently	ma'u pē
fresh	haufano
fresh	foʻou
fresh	maloulau
friday	falaite
fridge	'aisi
friend	kaume'a
friendly	fakamaheni
friends	ngaahi kaungāme'a
friendship	kaungāme'a
frightened	fakailifia
frightened	ilifia
frightening	fakailifia
frog	poto
from	mei
front	mu'a
frozen	poloka
fruit	fuluti
frustrated	loto tāngia
fuel	lolo
fuel	kasa
full	fonu
fun	fakalata
function	ngāue
fundamental	tefito
funeral	putu
funny	fakaoli
fur	fulufulu
furious	ʻita
furniture	naunau
further	fakalahi
further	fakalaka
furthermore	tanaki atu
future	kaha'u
gain	fakatupulaki
gain	tupu
game	fe'auhi
game	va'inga
gap	avaava
garage	fale tau'anga me'alele
garbage	veve
garden	ngoue
garlic	kāliki
gate	'ā
gather	fakatahataha'i
gathering	fakatahataha
gauge	fakafuofua
gave	'ave
gear	kia
gender	fefine pe tangata
general	fakalukufua
generally	fakakātoa
generate	fakatupu
generation	to'utangata
generous	loto foaki
genius	tokotaha poto
genre	kalasi
gentle	anga-molū
gentle	māmālie
gentle	anga fakaalaala
genuine	totonu
gesture	kamo
get	maʻu
get dressed	tui hono vala
get up	tu'u ki 'olunga
get well soon	ofa ke vave ho'o sai
getting	ma'u
ghost	tēvolo
ghost	pulia fakafokifā
ghosting	fakamāhu'ahu'i
giant	saieniti
gift	me'a'ofa
ginger	sinisā
girl	ta'ahine
girlfriend	kaume'a fefine
give	oange
give up	tukulolo
given	foaki
glad	fiefia
glance	hila
glass	sio'ata
glasses	masio'ata
glasses	masio'ata vaivai
glimpse	ho'ata
global	fakamāmāni lahi
gloomy	fakapo'upo'uli
gloves	ongo kofunima
glow	ulo
glow	fakaulo
glow up	uloulo
glue	kulū
go	ʻalu
go ahead	fakahoko leva
go away	alu ki mama'o
go to bed	alu 'o mohe
goal	taumu'a
goals	ngaahi taumu'a
goat	kosi
god	'otua
god bless you	ke fatāpuekina koe 'e he 'Otua
goes	alu
going	'alu
going to	alu ki
gold	koula
gone	'alu
gone	pulia
gonna	te u
goo	me'a pikipiki
good	sai
good	lelei
good afternoon	mālō 'etau ma'u ki he ho'atā ni
good bye	nofo ā
good day	aho faka'ofo'ofa
good evening	mālō 'etau ma'u ki he efiafi ni
good job	ngāue lelei
good looking	talavou
good luck	fakamonū'ia atu
good morning	mālō ʻetau maʻu ki he ʻahó ni
good morning my love	mālō e ma'u ki he ponngipongini si'oku 'ofa'anga
good night	pō lelei
goodbye	'alu ā
goodbye	nofo ā
goodnight	mohe ā
goods	ngaahi koloa
Google	Kūkolo
Google Translate	Fakatonulea 'a e Kūkolo
goose	kuusi
gorgeous	fakaʻofoʻofa
gossip	ngutu lau
got	ma'u
got it	maʻu ia
government	pule'anga
grab	puke'i
grab	puke
grab	pukepuke
grade	tu'unga
gradually	fakaake
gradually	aake
graduate	hilifaki
grain	uite
grant	tuku
grant	paʻanga tokoni
grant	fakangofua
granted	meʻaʻofa ʻaki
granted	foaki
grapes	kālepi
grasp	puke
grass	musie
grateful	hounga'ia
gratitude	fakamālō'ia
grave	mala'e
gray	lanu kulei
great	fakaʻofoʻofa
greed	manumanu
greedy	manumanu
green	lanu mata
greet	fakafe'iloaki
greeting	fakafe'iloaki
greetings	fakafe'iloaki
grey	kulei
grid	pā
grief	loto mamahi
grind	fakaʻalo
grind	fakamata
grind	momosi
grip	puke ma'u
grocery	fakatau
groom	tangata mali
gross	mahu'inga fakakātoa
gross	palakū
ground	faliki
ground	kelekele
group	kulupu
grow	tupu
growth	tupu
grumpy	ite'ita
guarantee	fakapapau'i
guard	tokotaha le'o
guard	le'ohi
guess	mate'i
guest	fakafe
guidance	tauhi
guide	fakahinohino
guilty	halaia
guy	siana
guy	tama
guys	kautama
gym	fale fakamālohisino
habit	anga
habitat	nofo'anga
had	i ai
hail	ʻuha maka
hail	haʻu mei
hail	fetapa
hair	la'i'ulu
half	konga
hall	holo
hand	nima
handle	kau'i
handsome	talavou
hang	tautau
hang out	feitu'u fai'anga 'eva
happen	hoko
happened	na'e hoko
happiness	fiefia
happy	fiefia
happy birthday	talamonū atu ʻi ho ʻahó
happy birthday to you	fakamonū atu ki ho 'aho fā'ele'i
happy new year	ta'ufo'ou fiefia
hard	fefeka
hardly	ikai fa'a hoko
hardly ever	tātāitaha
harm	maumau'i
harm	maumau
harmful	fakatuʻutamaki
harmony	lelei
harsh	hoha'a
harsh	ta'eoli
harvest	utu taʻu
has	ma'u
has	ne
hate	fehi'a
have	ʻi ai
have a good day	ma'u ha 'aho lelei
have a nice day	ma'u ha 'aho lelei
have breakfast	kai pongipongi
have fun	ma'u ha taimi fiefia
have you eaten	kuo ke kai
having	ma'u
hazard	fakatu'utāmaki
haze	puputu'u
he	ne
he has	oku ne ma'u
he is	oku ne
head	ulu
headache	langa'ulu
heal	fakamo'ui
healing	kamata ke sai
health	mo'uilelei
healthy	mo'ui lelei
hear	fanongo
heard	fanongo
heart	mafu
heat	fakamafana
heat	mafana
heaven	hēvani
heavy	mamafa
hectic	mo'umo'ua
height	ma'olunga
heir	ea
heist	kaiha'a
held	pukepuke
hell	heli
Hello	Mālō e Lelei
hello dear	malo e lelei tokoua
hello how are you	mālō e lelei 'oku ke fēfē hake
hello how are you doing	mālō ē lelei
hello how are you doing	'oku ke fēfē hake
helmet	tātā pasikala
help	tokoni
helpful	tokoni lahi
hence	talu mei ai
her	ia
herd	fanga monumanu 'oku nofo fakakulupu
here	ʻi heni
heritage	tukufakaholo
hesitate	ta'epau'ia
Hey	ʻEi
Hi	Mālō e Lelei
hi how are you	fēfē hake
hi how are you	mālō e lelei
hidden	fūfū'i
hide	fufū'i
hierarchy	fakatu'utu'unga
high	ma'olunga
highlight	leleitaha
hike	lue
hiking	lue vaha'a fonu
hiking	kaka mo'unga
hilarious	fakaoli
hill	moʻunga
him	ia
hint	fakalika
hip	ālanga
hips	ongo tafa'aki ālanga
hire	ngāue fakataimi
hire	ngaue'i fakataimi
hiring	kumi kau ngāue
his	ia
history	hisitōlia
hit	tā
Hmm	Hmm
hobby	manako
hold	ʻana
hold	pukepuke
hold on	tatali ai
hold on	piki maʻu
hole	luo
holiday	'aho mālōlō
holiday	ngaahi 'aho mālōlō
hollow	ikai hano mahu'inga
home	api
homework	ngāue ke fai mei 'api
honest	faitotonu
honestly	ko hono mo'oni
Honey	ʻofaʻanga
Honey	hone
honor	ngeia
honor	fakaʻapaʻapa
honor	fakalangilangiʻi
hood	huti
hook	huka
hop	hopo hopo
hope	'amanaki'anga
hope	'amanaki
hopefully	amanaki lelei
hopeless	mole e 'amanaki
horizontal	fakalafalafa
horn	me'atui
horrible	kovi
horror	fakailifia
horse	hoosi
hospital	falemahaki
hospitality	talitali kakai lelei
host	tokotaha talitali kakai
host	talitali kakai
hostile	angamālohi
hot	vela
hotel	hōtele
hour	houa
hours	ngaahi houa
house	fale
household	fakaʻapi
household	kau nofoʻanga
household	fāmili
how	anga fēfē
how about you	fefe koe
how are you	ʻokú ke fēfē hake
how are you doing	ʻokú ke fēfē hake
how are you doing today	ʻokú ke fēfē hake ʻi he ʻahó ni
how are you today	oku ke fēfē hake 'i he 'aho ni
how do you do	oku ke fēfē hake
how is	fēfē 'a
how many	'e fiha
how much	fiha
how often	tu'o fiha
how old are you	ʻokú ke taʻu fiha
how was your day	na'e fēfē ho'o 'aho
how was your night	naʻe fēfē ho efiafí
however	ka neongo ia
hub	feitu'u fai'angame'a
hubby	motu'a
hug	fā'ofua
huge	kāfakafa
human	tangata
humble	anga fakatōkilalo
humid	a'afu
hundred	teau
hungry	fiekaia
hunt	tulimanu
hurricane	afā
hurry	vave
hurry up	ai ke vave
hurt	mamahi
husband	husepāniti
hustle	penipeni
hut	hati
hygiene	haisini
I	Ko au
I am	ʻOkú ou
I am fine	ʻOkú ou sai pē
I can	Te u lava
I can't	'ikai keu lava
I do	oku ou loto
I do not know	Oku 'ikai ke u 'ilo'i
I do not understand	Oku 'ikai ke u mahino'i
I don't	Oku 'ikai ke u
I don't know	ʻOku ʻikai ké u ʻiloʻi
I don't understand	ʻOku ʻikai ké u mahinoʻi
I don't understand what you mean	Oku 'ikai ke u mahino'i ho'o 'uhingá
I don't understand you	'oku 'ikai keu mahino'i koe
I don’t know	Oku 'ikai ke u 'ilo'i
I don’t understand	'oku 'ikai keu mahinoi
i guess	kou tui ki ai
I had	Na'a ku
I have	oku ou ma'u
I have been	Oku ou 'osi
I hope so	Oku ou faka'amu ke pehē
I know	ʻOkú ou ʻiloʻi
I like	Oku ou sai'ia
I like you	'oku ou sai'ia 'ia koe
I love	'oku ou
I love my big brother	Oku ou 'ofa 'i he 'eku tuonga'ane lahí
I love my big sister	Oku ou 'ofa 'i he 'eku tuofefine lahí
I love my father	Oku ou 'ofa 'i he 'eku tamaí
I love my little brother	Oku ou 'ofa 'i he 'eku ki'i tuonga'ane si'isi'í
I love my little sister	Oku ou 'ofa 'i he 'eku tuofefine si'isi'í
I love my mother	Oku ou 'ofa 'i he 'eku fa'ēe
I love you	ʻOkú ou ʻofa ʻia koe
I love you so much	Oku ou 'ofa lahi 'ia koe
I love you too	ʻOkú ou ʻofa atu foki kia koe
I mean	Ko 'eku 'uhingā
I miss you	Oku ou 'ofa atu
I miss you so much	oku ou mate he 'ofa atu
I see	oku ou sio
I see	Oi! 'io
I think	Oku ou pehē
I understand	Oku ou mahino'i
I want	oku ou fiema'u
I want to see you	Oku ou fiema'u ke u sio kiate koe
I want you	Oku ou fiema'u koe
I was	Na'a ku
I will	Te u
I would be	Te u
I'm	Ko au
I'm fine	Oku ou sai pē
I'm good	oku ou saipe
I'm here	Ko au eni
I'm sorry	fakamolemole
ice	'aisi
ice cream	asikilimi
idea	fakakaukau
ideal	lelei taha
ideal	sai taha
identical	faitatau
identify	fakahā'i
identity	tohi fakamo'oni fakatāutaha
idiot	vale
idle	ngāue
idle	ʻikai toe fakaʻaongaʻi
idle	nofo noa
if	kapau
ignore	fakamāahuahu'i
ill	puke
illegal	ta'efakalao
illness	mahaki
image	īmisi
imagine	faka'amu
imagine	misi
immediate	vave
immediately	taimi pē ko ia
immense	lahi 'aupito
impact	ue'i
impact	uesia
impatient	hoha'a
implement	fakahoko
import	koloa hūmai
import	fakatau koloa mei muli
important	mahu'inga
impose	hilifaki
impossible	ta'emalava
impress	ke fakaofoofo
impress	ke mo'utāfu'ua
impression	loli
impression	ʻilonga
impressive	faka'ofo'ofa fo'ou
improve	lelei ange
improvement	fakalakalaka
in	ʻi loto
in addition	tānaki atu ki ai
In fact	Ko hono mo'oni
in front of	i mu'a 'i he
in order to	koe'uhi ke
inappropriate	ta'etāau
incentive	uhinga
incident	faingameʻa
incident	meʻa ʻoku hoko
include	fakakau
include	kau kiai
including	ʻo lau ai
including	ʻo kau ai
including	ʻo lau fakataha mo
income	pa'anga hū mai
inconvenience	palopalema
increase	fakatupulaki
increase	fakalahi
increased	tupulaki
incredible	ta'e'amanekina
indeed	ko ia
independent	tau'atāina
India	Initia
indicate	fakahinohino
indigenous	tangata'i fonua totonu
individual	tāutaha
industry	fale ngaohi'anga koloa
inevitable	kuopau ke hoko
infant	pēpē valevale
infection	pipihi
infinity	ta'efakangatangata
inflammation	pupula
inflation	hikihiki e totongi
influence	fakaloto'i
influence	tataki
inform	fakahoko fekau
information	fakamatala
ingredients	meʻa kehekehe ʻoku fefioʻaki ai
inheritance	koloa ma'u tukufakaholo
initial	kamata
initial	fakamo'oni
initiative	fakahoko tau'ataina
injured	kafo
injured	lavea
injury	lavea
innocent	tonuhia
innovation	fakakaukau fo'ou
inquiry	faka'eke'eke
insane	maumau faka'atamai
insect	inisēkite
insecure	ikai malu
insert	fakahū
inside	'i loto
insight	ke ma'u ha 'ilo
insist	vilitaki
insist	vili
insomnia	ngalongalo
inspiration	fakalotolahi
inspiration	faka'ai'ai
inspire	faka'ai'ai
install	fokotu'u
instance	momeniti
instant	hoko he taimi pe ko ia
instead	pe
instead of	ka e 'ikai
instructions	fakahinohino
instrument	me'a ngāue
insult	tukuhifo'i
insurance	malu'i
intact	kakato
integrity	faitotonu
intellectual	'atamai'ia
intelligence	poto 'aupito
intelligent	'atamai'ia
intend	fakataumu'a
intended	fakataumuʻa
intense	mālohi
intention	faka'amu
intention	taumu'a
intention	palani
interact	fepōtalanoa'aki
interaction	fepōtalanoa'aki
interest	sai'ia
interested	sai'ia
interested	manako
interesting	mālie
interfere	fakahelekeu
intermediate	lotoloto
internal	i loto
international	fakavaha'a pule'anga
internship	akoako ngāue
interpret	fakatonulea
interpreter	tokotaha fakatonulea
interrupt	fakahelekeu
interview	faka'eke'eke
intimate	ongo'i vāofi
into	ki loto
introduce	fakafe'iloaki
introduction	fakafe'iloaki
introvert	fakamā'ia
introvert	mā
introvert	mata hū
intuition	ongoongo'i
invalid	hala
invent	fa'u 'oku fo'ou
inventory	lisi 'o e koloa
invest	fakahū pa'anga
investigate	fakatotolo
invitation	fakaafe
invitation	tohi fakaafe
invite	fakaafe
invite	fakaafe'i
invoice	tohi mo'ua
invoice	tohi mo'ua'i
involve	kau
involved	kau atu
iron	haiane'i
iron	haiane
is	ʻoku
island	motu
isolated	fakamavahe'i
issue	foaki
issue	palopalema
issue	fānau
issues	ngaahi palopalema
it	ia
it is	ko ia
it was	na'e
it's	ko e
it's ok	oku sai pē
It's okay	sai pe ia
item	meʻa
items	ngaahi me'a
its	'oku
I’m	'oku ou
jacket	vala mafana
jacket	sāketi
jail	pilīsone
January	Sanuali
jar	siā
jaw	kaungao
jealous	lotokovi
jerk	tuo
jerk	kenu
jerk	taha angakovi
jewelry	siueli
job	ngāue
jogging	tōtō
join	kau
joint	fehokotangahui
joke	fakakata
journalist	tokotaha faiongoongo
journey	fononga
joy	fiefia
judge	fakamaau
judge	fakamaau'i
juice	huhu'a
july	siulai
jump	puna
june	sune
junk	veve
just	angatotonu
just	toki
just do it	ai pē ia
justice	mo'oni
justice	totonu
justify	fakamatala'i e 'uhinga
keen	loto'aki
keep	tauhi
keep it up	hokohoko atu ai pē
kept	tauhima'u
kettle	tikatele
key	kī
kick	aka
kick	'akahi
kid	ki'i leka
kidding	fakakata pē
kidney	kofuua
kids	kauleka
kill	tamate'i
kind	faʻahinga
kind	angalelei
kinda	hangē
kindly	fakalelei
kindness	angalelei
kindness	loto 'ofa
king	tu'i
kiss	fekita
kiss	ʻuma
kitchen	peito
kite	lofa
kitten	ki'i pusi
knee	tui
knew	ilo'i
knife	hele
knight	ka'ate
know	ʻiloʻi
knowledge	ilo
known	iloa
label	faka'ilonga'i
label	faka'ilonga
labor	langā
labour	ngāue
lack	si'isi'i
ladder	tu'unga
lady	fefine
laid	fakatokoto
lake	fo'i vai loto fonua
lamb	sipi
lame	ketu
lamp	māama matangi
land	tū'uta
land	kelekele
landscape	funga-e-fonua
language	lea fakafonua
lap	funga
large	lahi
last	fakamuimui
last but not least	fakamuimui taha
last name	fakaiku
late	tuai
lately	i he konga mai ki mui ni
later	amui ange
latest	fakamuimuitaha
latter	ki mui ni
laugh	kata
laughing	kata
laughter	kakata
launch	fokotu'u fo'ou
laundry	fō
laundry	fale fō
law	lao
lawn	ata'atā 'oku musie
lawyer	fakafofonga lao
lay	folahi
lay	fakatokoto
lay	fofola
layer	fakaleia
layout	fokotu'utu'u
lazy	fakapikopiko
lead	fakatau
lead	taki
leader	taki
leaf	lau
leak	mama
lean	fakafalala
lean	falala
leap	puna
learn	ako
learning	ako
lease	lisi
least	ikai toe si'i hifo
leather	leta
leave	livi
leave	liʻaki
leave	mavahe
leaves	ngaahi lau
led	tataki
left	mavahe
left	toʻohema
leg	kau va'e
legacy	tukufakaholo
legacy	fakakaukau
legacy	mo'ui
legal	fakalao
legend	tokotaha mahu'inga
legend	fananga
legit	fakalao
leisure	fakafiefia
lend	ngaue'aki
length	lōlōa
less	si'i hifo
lesson	lēsoni
lesson	ako
let	fakangofua
letter	tohi
lettuce	lētisi
level	tu'unga
leverage	hoko
leverage	ngāue'i
liability	hoko ko e fatongia pau
library	laipeli
lick	emo
lie	loi
lies	ngaahi loi
life	mo'ui
lift	hiki'i
lift	hiki
light	maama
light	tutu
lightning	mana
like	saiʻia
like	fie
likely	meimei
likely	hangē
likewise	tatau
line	laine
link	fo'i hoko
link	fakahoko
lion	laione
liquid	huhu'a
list	lisi
listen	fanongo
listening	lolotonga fanongo
literally	ko ia
literature	ngaahi tohi mahu'inga
litter	fakaveve
little	si'isi'i
live	nofo
live	moʻui
liver	'ate
lives	mo'ui
living	nofo
living room	lotofale
lizard	moko
load	fakaheka
loaf	fo'imā
loan	nō
local	fakaloto fonua
location	tu'u'anga
lock	loka
lockdown	tāpuni fakataputapui
log	hū
lol	fola he kata
lonely	tuenoa
long	lōlōa
long time no see	fuoloa e ta'e fesiofaki
look	fakasio
look	sio
loop	fo'i ha'i
loose	ngahomohomo
lord	eiki
lose	mole
loss	mole
lost	mole
lot	lahi
loud	le'o lahi
lounge	loki talitali
love	mamana
love	ʻofaʻi
love	ʻofa
love you	'ofa atu
lovely	faka'ofo'ofa
low	ma'olalo
lower	ma'olalo ange
loyal	faitotonu
loyalty	faitotonu
luck	monū
lucky	monu'ia
lucky	'amusia
luggage	kato
lump	pupula
lunch	kaiho'atā
lungs	ma'ama'a
luxury	koloa
lying	loi
machine	misini
mad	ita
madam	m'am
made	ngaohi
magazine	makasini
magnificent	tōtōatu
maid	fefine ngāue 'api
maid	fefine sevāniti
main	tefito
maintain	tauhi
maintenance	tauhi
major	tefito
major	mahu'inga
majority	tokolahi taha
make	ngaohi
make up	fa'u
male	tangata
mall	molo
man	tangata
man	siana
manage	fakalele
manage	matu'uaki
management	mapule'i
manager	pule ngāue
mandatory	tu'utu'uni pau
manifest	fakahā'i
manipulate	pule'i
manner	to'onga
manual	tohi fakahinohino
many	lahi
many many happy returns of the day	ofa ke toumoliliu mai
march	mā'asi
margin	tafatafa'aki
market	māketi
marriage	mali
married	'osi mali
mask	fakapuliki
mass	sino'i me'a
massive	lahi faufaua
master	pule
match	tatau
match	fakatatau
mate	kaungāme'a
material	matelie
material	naunau
math	fika
matter	meʻa
matter	kau he lau
maturity	matu'otu'a
may	mē
may	koeʻuhi ke
may	ʻofa ke
maybe	mahalo
maybe	ʻapē
maybe	naʻa
me	au
me too	mo au
meal	me'atokoni
mean	vaeuuaʻanga mālie
mean	angakovi
mean	'uhinga
meaning	'uhinga
means	founga
meant	uhinga ki he
meanwhile	'i he taimi tatau
measure	fua
measures	ngaahi fua
meat	kakano'i manu
medical	faito'o
medicine	faito'o
meditation	metiteiti
medium	lotoloto
meet	fetaulaki
meeting	fakataha
melt	vaia
memories	ngaahi manatumelie
memory	manatu
mental	faka'atamai
mention	fakahā'i
mentioned	ne fakahā'i
mentor	faiako
mentor	tokotaha fakahinohino
merchant	tokotaha fakatau koloa
mercy	meesi
merely	noa
merely	ʻataʻata
merely	pē
merry christmas	kilisimasi fiefia
mess	moveu
message	fekau
messy	moveuveu
metal	'ukamea
method	founga
mice	fanga kumā
middle	loto
middle	loto mālie
midnight	tu'apō
might	ivi
mild	meimei
milestone	ta'u mahu'inga
military	kautau
milk	huʻakau
million	miliona
mind	fakakaukau'i
mind	'atamai
mindset	tu'unga fakakaukau
mine	'o'oku
mingle	feohi
minor	'ikai fu'u mahu'inga
minor	maina
minor	kei si'i
minute	miniti
minutes	ngaahi miniti
miracle	mana
mirror	sio'ata
miscellaneous	ngaahi me'a kehekehe
mischievous	pau'u
miserable	loto mamahi
misery	lotomamahi
miss	tauhala
miss you	'ofa atu
missing	ʻikai ʻiloa
missing	puli
missing	fie maʻu
mission	misiona
mist	kakapu
mistake	fehalaaki
mobile	mōpaile
mock	fakamatalili'i
model	motolo
moderate	ʻikai ke fuʻu
moderate	kiʻi
moderate	fakanānā
modern	fakaonopooni
modest	taʻeteuteu
modest	feʻunga
modest	fakaʻakiʻakimui
moist	hauhau
moisture	hauhau
mold	fakafuo
mold	koniteina fakafuo
mole	tokotaha fakapulipuli
mom	fa'ē
moment	mōmeniti
monday	Monite
money	pa'anga
monitor	siofi
monkey	ngeli
month	māhina
mood	anga fakataimi ʻo e lotó
moody	ite'ita
moon	māhina
moral	mōlale
more	lahi
moreover	tānaki kiai
moreover	pea mo e
morning	pongipongi
mortgage	mōkisi
most	lahi taha
mostly	meimei lahi taha
mother	fa'ēe
motion	ngaue
motivation	ʻuhinga
motivation	ngaahi moʻoniʻi meʻa
mountain	moʻunga
mouse	kumā
mouth	ngutu
move	nga'unu
move	unu
movement	teke
movement	ke nga'unu
movement	ke ngāue
movie	faiva
mrs	fefine mali
much	lahi
mud	pelepela
mug	ipumaka
muscle	uoua
museum	misiume
mushroom	fakamalu tēvolo
music	musika
must	pau
must	kuopau
mute	fakalongolongo
mutual	tatau
my	ʻeku
My dear	hoku 'ofa'anga
my friend	hoku kaungāme'a
My hovercraft is full of eels	Oku fonu tuna 'a e 'eku vaka
my love	hoku ʻofaʻangá
my name is	ko hoku hingoa ko
my pleasure	ko hoku fiefiaʻanga
myself	kita
mysterious	ta'e'ilo'iloa
mystery	misiteli
myth	talatupu'a
nail	fa'o
naive	ta'e 'ilo
naive	ta'e taukei
name	hingoa
narrative	talanoa
narrow	fāsi'i
nasty	kovi 'aupito
national	fakafonua
nationality	fonua tupua'anga
native	fakafonua
natural	fakanatula
nature	natula
nausea	tokakovi
nausea	loloa
nausea	fie lua
near	ofi
nearby	ofi mai
nearly	meimei
neat	ma'a
necessary	fiema'u
neck	kia
necklace	kahoa
need	fiema'u
negative	fakakaukau hala
negative	fakakaukau kehe
negative	nekativi
neglect	ta'etokanga
neglect	li'aki
negotiate	alea'i
neighbor	kaungā'api
neighborhood	kolo
neighborhood	vāhenga kaungā'api
neither	hange pe ko
nephew	ilamutu
nephew	fakafotu
nerd	atamai'ia mo manako kiai
nervous	tētēe
nest	pununga
net	neti
network	netiueka
neutral	nonga
never	oua 'aupito
never	tapu 'aupito
never give up	oua 'aupito 'e fo'i
never mind	oua tokanga kiai
nevermind	sai pē ia
nevertheless	kaikehe
new	fo'ou
news	ngaahi ongoongo
next	hoko mai
next to	ofi ki
nice	sai
nice to meet you	fakafiefia ke fetaulaki mo koe
niece	fakafotu
night	po'uli
night	pō
nightmare	misi fakailifia
nightmare	fakailifia
nightmare	ma'ulalo
nine	hiva
nineteen	tahahiva
ninety	hivanoa
No	ʻIkai
no problem	ikai ha palopalema
no way	he'ikai
no way	ikai
nobody	ta'e'iloa
noise	longoa'a
noisy	longoa'a'ia
noisy	longoa'a
none	hala
noon	ho'ata
nope	'ikai
nor	ikai
normal	angamaheni
north	noate
north	tokelau
nose	ihu
nostalgic	manatu
not	ikai
not at all	hala'atā
not bad	ikai ke kovi
Not now	'Ikai lava he taimi ni
not yet	te'eki ai
note	tohi'i
note	ki'i tohi
noted	iloa
nothing	hala
notice	fakatokanga'i
noticed	fakatokanga'i
noun	nauna
nouns	ngaahi nauna
novel	tohi laukonga
november	nōvema
now	taimí ni
nowadays	i he ngaahi 'aho ni
nuisance	fakakina
null	ta'e'aonga
numb	ongonoa
number	fika
nurse	neesi
nut	nati
nutmeg	natimeki
nutrition	me'akai mo'ui lelei
oath	fakapapau
obesity	fu'u sisino
obey	talangofua
object	sino'i me'a
objective	faka'uhinga tau'atāina
objective	uhinga
obligation	fatongia
obscure	ta'epau
observation	ke vakai'i
observation	ke siofi
observe	vakai
obsessed	manako 'aupito
obsession	ā'āvea
obsolete	osi hono 'aonga
obstacle	faingata'a
obtain	ma'u mai
obtained	ma'u
obvious	hā mahino
obviously	hā papau
occasionally	toki
occasionally	fa'a
occupation	ngāue fakapa'anga
occupied	mo'ua
occur	hoko
occurred	na'e hoko
occurs	hoko
ocean	ōseni
october	okatopa
odd	faikehe
odds	kehekehe
of	ʻo
of course	ko ia
off	oku mate
offensive	fakatupu lotomamahi
offer	foaki
offer	tuku ange
office	'ofisi
official	fakaʻofisiale
often	taimi lahi
Oh	Oo
oh really	oi 'io
oil	lolo
ok	sai
ok dear	'ofa'anga
ok dear	oku sai ia tokoua
ok honey	sai pē 'ofa'anga
ok my love	sai ia 'ofa'anga
okay	sai
okay baby	sai pē pēpē
okay dear	sai ia 'ofa'anga
okay honey	sai 'ofanga'anga
okay my love	sai pē hoku 'ofa'anga
old	motu'a
on	ʻi
once	tu'o taha
one	taha
one language is never enough	oku fe'unga pe he lea fakafonua 'e taha
onion	onioni
online	initaneti
only	taha pe
open	ava
operation	ke fakahoko
opinion	lau fakatāutaha
opportunities	ngaahi faingamālie
opportunity	faingamālie
opposite	fehangahangai
optimistic	fakapapau'i
option	fili
optional	fili pē
or	pē
orange	moli
orange	lanu moli
order	ta'ofi
order	hokohoko
ordinary	angamaheni
organization	fa'unga kulupu
organization	fa'unga
orientation	fakaangaanga
origin	foʻou
origin	tupuʻanga
origin	tupuʻi
original	tatau mo'oni
orphan	kauleka li'aki
other	kehe
otherwise	ka 'ikai
ought	kuopau
our	ʻemau
Our mission: to enable everyone, everywhere to understand the world and express themselves across languages.	Ko 'emau taumu'a: ke fakaai 'a e taha kotoa, 'i he feitu'u kotoa kenau mahino'i 'a māmani mo nau malava 'o fakahā'i 'enau fakakaukau 'i he ngaahi lea kehekehe.
Our mission: to organize the world's information and make it universally accessible and useful.	Ko 'emau taumu'a: ke fokotu'utu'u 'a e fakamatala 'o māmāni pea mo 'ai ke malava 'o ma'u 'i māmāni kotoa mo 'aonga.
out	tu'a
outcome	ola
outfit	teunga
outfit	teuteu
outgoing	fakafeohi
outgoing	ki tuʻa
outgoing	kimuʻa
outlet	fakatau'anga
outline	to'oto'o konga me'alalahi
outside	tu'a
outstanding	fu'u lelei 'aupito
oven	ovani
over	ʻosi
over there	i hena
overall	fakakatoa
overcome	lava'i
overthinking	tōtu'a 'a e fakakaukau
overwhelmed	ongo'i 'aupito
overwhelming	fu'u lahi
owe	mo'ua
owl	lulu
own	maʻu
own	'emau
owner	tokotaha ha'ana
ox	pulu
pace	taimi
pack	pēketi
package	kofukofu
paid	totongi
pain	mamahi
paint	vali
painting	valivali
pair	hoa
pair	ongo me'a
pale	tea
palm	paame
pan	fakapaku
pandemic	mahaki mafola fakamāmāni lahi
panic	tailiili
pants	talausese
paper	pepa
paradise	palataisi
parallel	palāleli
parcel	kofukofu
parcel	fakamoimoi
pardon	fakamolemole'i
parents	ongo mātu'a
park	paaka
parrot	kōkī
parsley	pasilī
part	faʻahi
part	konga
part	fatongia
participate	kau
particular	me'a pau
particularly	tautefito
partner	hoa
party	paati
pass	lava
passage	fononga
passed	lava
passion	manako
passionate	ʻita vave
passionate	mate manako
passionate	loto-māfana
passive	ta'ema'uea
password	leafūfū
past	kuohili
patch	tāpuni
path	halanga
pathetic	mata faka'ofa
patience	fa'a kātaki
patient	anga fakamaʻumaʻu
patient	mahaki
pattern	fōtunga
pause	ta'ofi fakataimi
pavement	lue'anga
pay	totongi
payment	totongi
peace	nonga
peaceful	nonga
peach	piisi
peak	tumu'aki
pear	pea
peas	pīisi
peculiar	faikehe
pee	viku
peel	tele
peer	fakaataata
peers	kaungā ako
pen	peni
pencil	peni vahevahe
pending	te'eki mahino
people	kakai
pepper	pepa
perceive	pehē
perception	vakai
perfect	tōatu
perform	faka'ali'ali
perform	fakahoko
performance	faiva
perhaps	mahalo
period	piliote
permanent	tu'uma'u
permission	ngofua
permit	ngofua
perseverance	kātaki
persistent	kivoi
persistent	fakamamate
persistent	ma'oni
person	tokotaha
personal	me'a 'a'ata
personal	me'a fakafo'ituitui
personality	angaʻitangata
perspective	vakai
perspective	faka'uhinga
persuade	fakaloto'i
pervert	tokotaha mio'i
pet	monumanu ohi
phase	fa'ahi
phenomenon	ta'e'ilo'iloa
philosophy	filosofī
phone	telefoni
phone	telefoni kia
phone	telefoni ki
photo	la'itā
phrase	fo'i lea
physical	hā sino
pick	to'o
pick up	'ave atu
pick up	oatu
picture	fakatātā
piece	konga
pieces	ngaahi kongokonga
pig	puaka
pigeon	lupe
pile	fatunga
pillow	pilo
pilot	'eiki vaka
pilot	pailate
pin	pine
pineapple	fainā
pink	pingiki
pit	fu'u fo'i luo
pitch	ongo taupotutaha
pity	faka'ofa
place	hilifaki
place	'api feitu'u
places	ngaahi feitu'u
plague	mahaki faka'auha
plain	tu'unga ta'euesia
plan	fokotu'utu'u
plane	vakapuna
plant	feitu'u ngaohi'anga koloa
plant	'akau
plants	ngaahi fu'u 'akau
plate	peleti
platform	siteisi
play	foʻi faiva
play	vaʻinga
playing	va'inga
pleasant	lelei 'aupito
please	fakafiefia'i
please	fakamolemole
please	kātaki
pleased	hounga'ia
pleasure	fakafiefia
pledge	fakapapau
pledge	palōmesi
plenty	lahi
plot	tefito
plug	palaki
plum	palamu
plumber	tokotaha palama
plural	pulula
podcast	hiki ongo
poem	maau
poetry	māau
point	poini
point	tuhu
point	konga matatōtao
poison	kona
police	polisi
policy	tu'utu'uni
polite	angamalū
pollution	'uli'i
pond	vai ano
pool	anoano
poop	taumuli
poor	tukuhausia
pop	alu vave pe
popular	manakoa
population	tokolahi
pork	puaka
porridge	polisi
port	taulanga
position	tu'unga
positive	leilei 'aupito
possess	ma'u
possession	'a'au
possession	'a'ana
possession	a'aku
possessive	fua'a
possible	ala lava
post	tohi
post	paaki
postpone	toloi
potato	pateta
potential	ala hoko
pound	pāuni
poverty	masiva
power	mafai
powerful	mālohi 'aupito
practical	ako'i
practice	toutou ako
practice	'ahi'ahi
praise	fakahikihiki
prank	va'inga vale
pray	lotu
precious	mahu'inga
precise	fakaofi 'aupito
precisely	tonu
predict	kikite'i
predict	vavalo'i
prefer	sai'ia ange
preference	sai'iaange
pregnant	feitama
prejudice	fakanāfala
premises	konga
premises	fale mo hono kelekele
premises	tu'u'anga
premium	lelei ange
preparation	teuteu'i
prepare	teuteu'i
prepared	mateuteu
preposition	lea fakahinohino
presence	heni
present	meʻaʻofa
present	lolotonga
present	taimí ni
presentation	fakahoko
preserve	tauhi
president	palesiteni
press	haiane'i
press	kautaha faiongoongo
press	lomiʻi
pressure	fakamālohi
pretend	fakafievaleloi
pretty	fakaʻofoʻofa
pretty	kiʻi
prevent	ta'ofi
previous	kimu'a
prey	kai monumanu iiiki
price	mahu'inga
pride	polepole
priest	faifekau
primary	kamata
primary	uluaki
prime	tefito
prime	mahu'inga taha
princess	pilinisesi
principal	tefito
principal	pule
principal	mahu'inga taha
prior	ki mu'a
priority	mahu'inga
prison	pilīsone
privacy	ikai fakahā'i holo
private	a'aku
privilege	fakalangilangi
prize	pale
probably	ngalingali
problem	palopalema
procedure	founga
proceed	hoko atu
process	founga
process	fakahoko
produce	fa'u
product	koloa
production	fakatupu koloa
profession	ngāue fakapolofesinale
professional	tokotaha 'osi teu'i kiai
profile	fakamatala fakatāutaha
profit	tupu
profound	ongo'i lahi
progress	fakalakalaka
project	poloseki
project	fo'i ngaue
prominent	mahu'inga mo 'iloa
promise	fakapapau
promise	palōmesi
promote	hiki'i
promote	faka'ai'ai
promotion	poupouʻi
promotion	hiki hake
promotion	tokoni ki
prompt	fakavave
prone	ala lava
pronouns	ngaahi polonauna
pronunciation	pu'aki
proof	fakamo'oni
proper	totonu
properly	fakalelei
properties	ngaahi naunau
property	api
proposal	lea mali
proposal	palani fokotu'u
proposal	palani fokotu'utu'u
prospect	ala lava ke hoko
prosperity	tuʻumālie
prosperity	lakalakaimonū
prosperous	tu'umālie
protect	malu'i
proud	fiefia
prove	fakamo'oni'i
provide	omai
provided	tuku mai
province	vahefonua
provision	tā-e-langó-kei-mamaʻo
provision	kupu
provision	fakaʻoho
puberty	malava ke fakafanau
public	kakai
pull	fusi'i
pumpkin	hina
punctual	tauhi taimi
pupil	tokotaha ako
purchase	fakatau
pure	haohaoa
purple	pēpolo
purple	lanu vāleti
purpose	taumuʻa
purse	kato to'oto'o
purse	kato
purse	peesi
pursue	muimui
pursuit	fakahoko
push	teke
put	fa'o
put	tuku
qualification	mata'itohi
quality	lelei taha
quantity	lahi 'o ha
quarantine	kolonitini
quarantine	faka'ahu
quarrel	kē
quarter	kuata
quarter	vahe fā ʻe taha
queen	kuini
queer	faikehe
query	fakafehu'ia
question	fehu'i
queue	kiu
quick	vave
quick	kamata'anga
quickly	fakavave
quiet	longonoa
quilt	monomono
quit	tuku
quite	ngali
quite	kehe ange
quiz	talifehu'i
quotation	lau 'a ha kakai falala'anga
quote	ngaue'aki
quote	kupu'i lea
quotes	ngaahi lau 'a e kakai 'ilo
rabbit	lāpisi
race	lova
rage	ita
rain	uha
raise	hiki'i
raise	hiki
raised	hakeakiʻi
raised	tauhi
raised	fokotuʻu
ran	na'e lele
random	kehekehe
range	kehekehe
rapid	vave
rapidly	vave 'aupito
rare	tātāitaha
rarely	tātāitaha
rash	fanga ki'i mohomoho
rat	kuma
rate	fakafuofua
rather	ka e
ratio	fekau'aki
rational	uhingamālie
raw	mata
re	fekauʻaki
reach	a'u
reached	aʻusia
reached	aʻusi
reached	aʻu
reaction	tali
read	laukonga
reading	lau
reading	laukonga
ready	māau
real	mo'oni
real	me'a mo'oni
reality	me'amo'oni
realize	ilo
realize	fakatokanga'i
realized	ilo'i
really	fuʻu
rear	konga ki mui
rear	tafa'aki ki mui
reason	uhinga
reasonable	'uhinga lelei
recall	fakamanatu
receipt	talitotongi
receive	ma'u
received	ma'u
recent	toki hoko ni
recently	toki hoko
reception	polokalama talitali
recipe	founga fakahoko
recipe	ngaahi me'a fiema'u
reckless	ta'etokanga
recognition	fakalangilangi
recognition	fakaʻilongaʻi
recognition	fakahoungaʻi
recognize	fakatokanga'i
recommend	fokotu'u
recommended	fokotu'u fakakaukau
record	lekooti
recover	foki 'o sai
recover	kuo sai
recovery	fakaakeake
rectangle	tapafā lōlōa
red	kulokula
redeem	hotau Huhuʻí
redeem	huhuʻi
redemption	fakatomala
reduce	fakasi'isi'i
redundant	ikai toe ngāue
refer	uhinga ia ki he
refer	ave kia
reference	fakamo'oni
reflect	fakafoki e manatū
reflection	manatu
refrain	faka'ehi'ehi
refrigerator	aisi
refund	totongi fakafoki
refuse	ta'etali
refused	ikai ke tali
regard	fakatatau
regard	hangē
regarding	fekau'aki
regardless	neongo
regards	lau
regards	tala
regards	fekau'aki mo e
region	vāhenga
register	lesisita
regret	fakaʻiseʻisa
regular	hoko ma'u pē
regularly	toutou hoko
reject	ta'etali
relate	kāinga
relate	felāveʻi
related	fehokotaki
relationship	vā fekau'aki
relative	fehokotaki
relative	kāinga
relatives	kainga
relax	fakafiemālie
relax	mālōlō
release	tukuange
release	'atā
released	tukuange
relevant	fekau'aki
reliable	falalaʻanga
relief	matafi
relieve	fakaili
relieved	mānava lelei
religion	lotu
religious	tui fakalotu
reluctant	fakafepaki
rely	fakafalala
remain	tu'u ma'u
remaining	toe
remarkable	tōtōatu
remedy	fakatonutonu
remember	manatu'i
remind	fakamanatu'i
reminder	fakamanatu
remote	feitu'u mama'o 'aupito
remove	fakamavahe'i
remove	to'o
render	ngaahi
rent	totongi ke ngāue'aki
repair	ngaahi ke sai
repeat	to e 'ai
replace	fetongi
reply	tali
report	līpooti
represent	fakafofonga
reputation	ngeia
request	kole
request	likuesi
require	fiema'u
required	fiema'u
rescue	fakahaofi
research	fakatotolo
resemble	faitatau
resentment	fehi'a
reservation	puka
reserve	paʻake
reserve	talifaki
reserve	taʻofi
resident	api nofo'anga
resign	fakafisi
resilience	matuʻuaki
resilient	lototo'a
resist	talitekeʻi
resist	tuʻuaki
resist	tekeʻi
resistance	fakafetau
resolution	solova'anga
resolve	solova
resort	matātahi
resources	ivi
resources	ngaai meʻa kuo tokonaki pe talifaki
resources	ngaaahi naunau
respect	faka'apa'apa
respect	faka'apa'apa'i
respond	tali
response	tali
responsibility	fatongia
responsible	fatongia
rest	mālōlō
rest	toenga
rest in peace	mālōlō ā
restaurant	fale kai
restore	fakafoki
restrict	fakangatangata
result	ola
results	ngaahi ola
resume	hoko atu
retail	movetevete
retain	kei ma'u
retain	kei pukepuke
retention	puke
retention	ma'u
retention	puke ma'u
retired	penisoni
retreat	hola
retrieve	fakafoki
return	fakafoki
reveal	fakahā'i
revealed	fakahā'i
revenge	sāuni
revenue	pa'anga hū mai
reverse	holomui
review	toe vakai'i
review	sivi
revise	sivi ʻo liliu ke fakalelei
revision	toe vakai'i
revolution	liukava
reward	pale
rhythm	taimi
rib	fo'i hui palalulu
rice	laise
rich	tu'umālie
rid	to'o
ride	heka
ridiculous	ta'e'uhinga
right	toʻomataʻu
right	tonu
right now	taimini
rigid	fefeka
ring	tatangi
ring	mama
rinse	fufulu
riot	fakamoveuveu
rip	fo'i fahi
rip	hae fakamālohi
rip	moa
ripe	momoho
rise	fakatupu
rise	tupu
risk	fakatu'utāmaki
rival	fehangahangai
river	vaitafe
road	hala
roast	ta'o
robust	mālohi
rock	maka
rod	fo'i pamu
role	fatongia
roll	lola'i
roof	'ato
room	ʻatā
room	loki
root	aka
rope	maea
rotten	palapalangia
rough	petepete
roughly	fakafuofua
round	fopotopoto
route	fouʻanga
routine	hoko ma'u pe
row	'otu
rub	mili
rubber	lapa
rubbish	veve
rude	angakovi
rug	faliki
ruin	maumau'i
rule	lao
rule	tu'utu'uni
ruler	lula
rules	ngaahi lao
rules	ngaahi tu'utu'uni
run	lele
running	lele
rural	tukui kolo
rush	fakavavevave
rush	fakalaka
sack	tuli
sacred	mā'oni'oni
sacrifice	kalusefai
safe	malu
safe flight	folau lelei
safety	malu
said	lea
sail	folau
sailing	folau vaka
sake	telia
sake	koe'uhi ko
salary	vahenga
salary	vahe
sale	fakama'ama'a
salmon	sāmani
salt	māsima
same	tatau
Same here	Tatau mo eni
sample	semipolo
sand	'one'one
sarcastic	tu'umaumau
sassy	pau'u
sat	tangutu
satisfaction	fakafiemālie
satisfied	nonga
satisfied	fiemalie
satisfy	fakafiemālie'i
satisfying	fakafeimālie
Saturday	Tokonaki
sausage	sōsisi
savage	manu fekai
save	fakahaofi
saw	sio
say	lea
scale	uno
scam	kākā
scar	piki
scarce	si'isi'i
scared	ilifia
scarf	sikaafi
scary	fakailifia
scattered	movete
scene	konga
scene	meʻa fakaʻofoʻofa ki he mamatá
scene	potu
scenery	faka'ofo'ofa fakanātula
scent	nanamu
schedule	taimi tēpile
schedule	fokotuʻutuʻu
school	'apiako
science	saienisi
scientist	tokotaha saienisi
scientists	kau saienisi
scissors	helekosi
scold	tafulu'i
scope	lahi
scope	fua
score	kai
scrap	toenga
scratch	vaku
scream	kekē
screen	tv
screen	sio'ata
screw	sikalu
script	tohi hikinima
sea	tahi
seal	sila'i
search	kumi
season	fa'ahita'u
seat	tangutu'anga
second	fika ua
secret	meʻa fakafufū
secret	meʻa fakalilolilo
section	konga
section	langanga
section	kupu
secure	malu
security	malu
security	malu'i
see	sio
see you	sio atu kia koe
see you	toki fetaulaki
see you later	toki sio 'anai
see you later	toki sio
see you soon	toki sio 'anai
see you tomorrow	toki sio 'apongipongi
seed	tenga
seek	fekumi
seem	hangē
seems	ngalingali
seen	kuo sio
seize	fa'ao
seizure	mahakimoa
seldom	tātāitaha
select	fili
self	kita
self	ko kita
self healing	fakaakeake 'iate kita
selfish	siokita
sell	fakatau atu
send	lī
send me your picture	lī mai ho la'itā
senior	matu'otu'a
sense	ongo'i
sense	ongo
sensible	poto
sensitive	ongo mālohi
sent	ʻave
sentence	sētesi
sentences	ngaahi sētesi
separate	māvae
september	sepitema
sequence	fakahokohoko
series	holonga
series	ngaahi meʻa hokohoko
serious	fakamātoato
seriously	fakamātoato
serve	fai fatongia
service	ngaue tokoni
session	fakataha
set	seti
set	fokotu'u
set up	fokotu'utu'u
setting	lata
settle	nofo'i
seven	fitu
seventeen	tahafitu
seventy	fitunoa
several	ngaahi me'a
severe	kovi 'aupito
sew	tuitui
sh	fakalongolongo
shade	malumalu
shadow	'ata
shake	lulu
shall	te
shallow	ikai ke loloto
shame	mā
shame	fakamā
shape	fuo
share	vahevahe
sharp	masila
she	ia
she has	oku ne ma'u
she is	oku ne
shed	palepale ngoue
sheep	sipi
sheet	la'i pepa
sheet	tupenu 'ufi'ufi
shelf	funga laupapa
shell	ʻauʻau
shell	pulukōkō
shell	ngeʻesi
shelter	palepale
shelter	fakamalumalu
shield	malu'i
shift	nga'unu
shine	huelo
ship	vaka tahi
ship	vaka
shipping	fe'ave'aki vakatahi
shirt	sote
shoes	sū
shoot	fana
shop	fakatau
shop	falekoloa
shopping	fakatau
shore	fosoa
short	nounou
shortage	nounou
shot	fana'i
shot	fana
should	totonu
shoulder	uma
shout	kaikaila
shout	saute
show	faka'ali'ali
show	fakahā'i
show me	fakahā'i mai ka au
shower	kaukau
shower	saoa
shower	fale kaukau
shrimp	ikeika 'āvai
shrink	mingi
shut	tāpuni
shut up	fakalongolongo
shy	mā
sibling	tuonga'ane
sibling	tokoua
sibling	tuofefine
siblings	tautehina
sick	puke
side	tafa'aki
sigh	mapuhoi
sight	vakai
sightseeing	mamata
sign	fakamo'oni nima
signature	fakamo'oni
significant	mahu'inga
silence	fakalongolongo
silent	fakalongolongo
silk	silika
silly	laupisi
silver	siliva
similar	faitatau
simp	fakalai fefine
simple	faingofua
simultaneously	'i he taimi tatau
since	talu
sincere	faka'apa'apa
sincerely	moʻoni
sincerely	fakaʻapaʻapa atu
sincerely	totonu
sing	hiva
singer	tokotaha hiva
single	te'eki mali
sink	singi
sink	fakangoto'i
sister	tuofefine
sister in law	tuofefine 'i he fono
sit	tangutu
site	feitu'u
situation	tūkunga
six	ono
sixteen	tahaono
sixty	ononoa
size	fālahi
skill	ilo
skills	founga
skin	kili
skinny	pakau
skip	hiki fakalaka
skirt	piva
sky	langi
slave	pōpula
slave	ngāue hangē ha pōpula
slave	hopoate
sleep	mohe
sleeping	mohe
sleepy	momohe
sleeve	nima 'o e sote pe kofu
slice	konga
slice	hifi'i
slide	paheke
slide	heheke
slightly	si'isi'i 'aupito
slim	pakapakau
slip	tui
slope	tahifo
slot	konga
slow	tō'ohi
slowly	māmālie
small	si'isi'i
smart	poto
smell	nanamu
smile	malimali
smoke	ifi
smooth	molemole
snack	kai ma'ama'a
snail	elili
snake	ngata
snap	uʻu fakafokifā
snap	motu
snap	lea fute
snow	sinou
so	ko ia ai
so cute	talavou
so far	mama'o
soak	fakavai
soap	koa
sober	ikai hu'akava'ia
soccer	soka
social	sōsiale
society	sōsaieti
socks	sitōkeni
soft	molū
software	polokalama komipiuta
soil	kelekele
sold	osi fakatau atu
sold out	osi hono fakatau
soldier	sōtia
sole	tokotaha
solid	sino'i me'a mālohi
solid	fefeka
solid	soliti
solution	founga
solve	solova
some	niʻihi
somebody	tokotaha
somehow	ka neongo ia
someone	ha taha
something	me'a
sometimes	taimi e ni'ihi
song	fasi
soon	vave mai
sophisticated	pōto'i
sophisticated	tu'unga mā'olunga
sore	ongo'i mamahi'ia
sore	mamahi
sore throat	mamahi e monga
sorrow	meʻa fakatupu lotomamahi
sorrow	loto mamahi
Sorry	Fakamolemole
sort	fakama'opo'opo
sought	kumi
sought	fokotu'utu'u
soul	laumālie
soulmate	kaungame'a
sound	ongo
soup	supo
sour	mahi
source	ma'unga fakamatala
south	tonga
space	atā
space	'elia 'ata'atā
space	vaha'a
spam	kākā
span	fālahi
Spanish	Faka-Sipēnisi
spare	toenga
spare	fakatoe
speak	lea
special	hāhāmolofia
species	fa'ahinga
specific	fakatefito
spectacular	faka'ofo'ofa 'aupito
speech	lea
speechless	ikai kei malava 'o lea
speed	vave
spell	sipela
spend	fakamole
spent	fakamoleki
spicy	fisifisi
spike	kake
spin	vilohi
spin	vilo
spinach	kāpisi
spirit	lāumalie
spit	a'anu
splendid	sai 'aupito
split	vaeua
split	motuki
spoil	ngaahi vale'i
spoiled	pele'i
spontaneous	ikai fakamālohi'i
spontaneous	fakanatula
spoon	sēpuni
spot	ilo'i
spouse	hoa
spread	fakamafola
spring	failau
square	tapafā
squeeze	tatau
squid	feke
st	sangato
st	hala
stab	hoka'i
stable	tu'uma'u
stack	fokotu'una
staff	kau ngāue
stage	siteisi
stain	papani
stairs	sitepu
stalk	kau
stall	tēpile fakatau'anga
stamp	sitapa
stand	tu'u
stand	tu'unga
standard	tu'unga
star	fetu'u
start	kamata
started	na'e kamata
starving	fiekaia
state	vahefonua
state	lea
statement	lea
station	tau'anga
statue	tā tongitongi
status	tu'unga
stay	nofo
stay safe	nofo malu
steady	tu'uma'u
steak	konga pulu
steak	siteiki
steal	kaiha'a
steam	kohu
steam	ahu
steel	ukamea
steep	loloto
stem	kau
step	sitepu
stick	va'akau
stiff	fakafefeka
still	tuʻumaʻu
still	lolotonga
sting	huhu
stingy	mahuhuhuhu
stir	heu
stir	maveuveu
stir	hakalo
stock	koloa
stolen	kaiha'asi
stomach	kete
stone	fo'i maka
stood	tu'u
stool	sea
stop	tuku
storage	tuku'anga me'a
store	tauhi malu
store	tuku'anga
store	fale koloa
storm	afaa
story	talanoa
stove	sitou
straight	hangatonu
straightforward	faingofua
strain	fakamalohi'i
strange	faikehe
stranger	tokotaha ta'e'iloa
strategy	palani taumu'a
straw	saafa
streak	laine
stream	tafenga vai
street	hala
strength	mālohi
stress	hoha'a
stress	puputu'u
stretch	fao
stretch	ʻaluloa
stretch	fano
strict	pule malohi
strict	tu'utu'uni fefeka
strike	fakatupu moveuveu
strike	tā fakamalohi
strike	tuku ngāue
string	filo
strip	to'o
strive	feinga
stroke	pā kalava
strong	mālohi
struck	taa'i
struck	hoko fakatu'upakē
struck	tā
structure	fokotu'utu'u
struggle	feinga mālohi
struggle	faingata'a
struggling	faingata'a'ia
stubborn	angamālohi
stuck	ma'u
student	leka ako
study	ako
studying	lolotonga ako
stuff	'ū me'a
stuff	ngaahi me'a
stunning	faka'ofo'ofa 'aupito
stupid	vale
style	sīpinga
subject	tefito
subject	kaveinga
submission	fakahū
submit	fakahū
substance	sino'i me'a
substitute	fetongi
subtle	fu'u lelei
succeed	lava
success	lavame'a
successful	lava
such	hangē
such as	hangē ko e
suck	komo
sudden	fakafokifā
suddenly	fakafokifā
suffer	faingata'a'ia
suffering	faingata'a'ia
sufficient	fe'unga
sugar	suka
suggest	fokotu'u
suggestion	fokotu'u
suit	suti
suitable	fe'unga
suitcase	katoleta
sum	totongi
summary	fakamatala nounou
summer	faha'i ta'u māfana
summit	fakataha
sun	la'ā
sunday	Sāpate
sunny	la'ā
sunset	to e la'a
sunshine	la'ā
super	tōatu
superior	ma'olunga
supervisor	taki ngāue
supper	sapa
supply	koloa
supply	tuku atu
support	poupou
support	poupou'i
suppose	fakamahamahalo
supposed	mahalo
supposed	totonu ke
sure	pau
surface	fukahi
surge	nga'unu mālahi
surgery	tafa
surname	fakaiku
surprise	faka'ohovale'i
surprise	faka'ohovale
surprised	ohovale
surrender	tukulolo
surrounding	`ātakai
surveillance	siofi
survey	savea
survey	save'i
survive	mo'ui
suspect	mahalo
suspect	fakaʻiloa
suspect	mahaloʻi
suspended	toloi
suspended	tautea
suspended	taʻofi
suspicious	mahamahalo
sustain	pukepuke
sustainability	tolonga
sustainable	tauhi ke tu'uloa
sustainable	pukepuke ke tu'uloa
swag	ngaofe 'o tāupe
swallow	folo
swap	fakafetongi
swear	kapekape
swear	fakapapau
sweat	pupuha
sweater	vala mafana
sweep	tafi
sweet	melie
sweet dreams	mohe lelei
sweet tooth	ngutu kai me'a melie
sweetheart	ofa'anga
swell	pupula
swelling	pupula
swim	kakau
swimming	kaukau tahi
swing	suingi
switch	fulihi
switch	poini fakamo'ui 'uhila
switch	fakafetongi
swollen	pupula
sword	heletā
symbol	faka'ilonga
sympathy	fiekaungāmamahi
symptoms	ngaahi faka'ilonga
system	fa'unga
table	tēpile
tackle	tēkolo
tackle	'ohofi
tag	faka'ilonga'i
tail	hiku
take	toʻo
take away	fakatau ke kai 'i ha feitu'u kehe
take care	tauhi lelei
take off	mavahe
taken	osi 'ave
talk	lea
talk	talanoa
talkative	fa'alea
tall	lōlōa
tap	ta
tape	tepi
target	tāketi'i
target	tāketi
task	fatongia
taste	'ahi'ahi'i
tasty	ifo
taught	ako'i
tea	tī
teach	faiako
teacher	faiako
team	timi
tear	hae
tear	hae'i
tears	lo'i mata
tease	fakamatalili
tease	fakamatalili'i
technology	tekinolosia
teeth	nifo
tell	tala
tell me	talamai
temper	iai hono loto
temperature	fua mafana
temple	temipale
temporary	fakataimi
ten	hongofulu
ten thousand	taha mano
tenant	tokotaha nofo totongi
tend	hoko
tendency	meimei
tender	molū
tense	taimi
tension	fusi ke mafao
tension	tenisone
tent	tēniti
tent	palepale
tentative	fakaangaanga
term	fo'i lea
term	vaha'a taimi ke ngāue
term	fakahingoa
terms	ngaahi tu'utu'uni
terrible	kovi 'aupito
terrific	lahi 'aupito
territory	vahe
test	sivi'i
test	sivi
text	lea
text	tohi
text	fekau
than	hake
thank	fakamālō
thank you	mālō
Thank you for your patience while we investigate shipment	Fakamālō atu ʻi hoʻo kātaki lolotonga ʻemau fakatotoloʻi ʻa e utá
thank you so much	mālō 'aupito
thank you very much	mālō 'aupito
thanks	mālō
Thanks for using our app	Fakamālō atu hono ngāue 'aki 'emau app
that	ia
that is	ko e
that's good	oku sai ia
the	ko e
theft	tokotaha kaiha'a
their	ʻenau
them	kinautolu
theme	lēsoni
themselves	kinautolu
then	pea
theory	tefito'i fakakaukau
there	ʻi ai
there are	oku 'iai
there is	'oku 'iai
therefore	ko ia ai
these	ngaahi me'a ni
they	nautolu
they are	oku nau
thick	matolu
thief	tokotaha kaiha'a
thigh	alanga
thin	pakau
thing	me'a
things	ngaahi me'a
think	fakakaukau
third	fika tolu
thirsty	fie inua
thirteen	tahatolu
thirty	tolunoa
this	ʻeni
this is	ko e
thorough	faka'auliliki
thoroughly	fakalelei
those	kinautolu
though	ka
thought	fakakaukauʻi
thought	fakakaukau
thoughtful	fonu fakakaukau
thoughts	fakaukau
thousand	tahaafe
thread	filo
threat	fakailifia'i
threaten	fakamanamana
three	tolu
threshold	hū'anga
thrilled	fiefia 'aupito
thrive	fakalakalaka
thrive	tupulaki
thrive	tupu
throat	monga
through	fakafou
throughout	kotoa
throw	lī
thumb	motu'a tuhu
thunder	mana
Thursday	Tu'apulelulu
thus	ko ia ai
tick	fakatonuki
tide	peau
tidy	ma'a
tie	ha'i
tiger	taika
tight	ma'u 'aupito
time	taimi
timid	tailiili
tiny	si'isi'i 'aupito
tip	taupotu ki mu'a
tip	afuhia
tips	fanga ki'i fale'i
tire	hela
tired	helaʻia
tissue	uoua
title	kaveinga
to	ki
to be	ke hoko
toast	ta'o
today	ahó ni
toddler	pēpē
toes	nge'esi va'e
together	fakataha
toilet	falemalolo
toilet	toileti
told	tala
tolerance	kātaki'i
tolerate	mātu'uaki
tomato	temata
tomorrow	ʻapongipongi
Tonga	Tonga
tongue	'elelo
tonight	pooni
too	mo ia
took	na'e 'ave
tool	me'a ngāue
tools	ngaahi naunau ngāue
tooth	fo'i nifo
top	'olunga
top	taupotu
topic	kaveinga
torn	mahae
torture	fakamamahi'i
total	fakakātoa
touch	ala
tough	loto lahi
tour	eva
toward	ki
toward	ʻo fou ki
toward	ke ʻalu ki
towards	ki
towel	tauveli
town	kolo
toxic	kona
trace	fakatotolo
trace	halanga
trace	tā fakatātā faʻifaʻiaki
track	muimui'i
trade	ngāue
trade	fakafetongi
tradition	tukufakaholo
traditional	tuku fakaholo
traffic	fefonongaʻaki
traffic	feʻaluʻaki
trail	halanga
train	lēlue
training	ako'i
trait	makehe
traits	ngaahi fōtunga
transfer	fakahū
transfer	'ave
transition	fakaangaanga
translate	liliulea
transparent	ikai fūfū
transport	uta
transportation	fe'ave'aki
trap	sele'i
trash	veve
trauma	uesia kovi mei ha a'usia
travel	folau
tray	laulau
treasure	koloa mahu'inga
treasure	fakamahu'inga'i
treat	ngaahi
treat	talitali
treat	faitoʻo
treatment	faito'o
tree	'akau
tremendous	lahi faufaua
trend	afuha
trend	anga
trend	ʻalunga
trial	sivi
trial	hopo
trick	kakā'i
tried	feinga
tried	feinga'i
trigger	tokotaha fakatupunga
trigger	fakatupunga
trim	kosi
trip	humu
trouble	kovi
trousers	talausese
truck	loli
true	MO'ONI
trunk	putu'i 'akau
trunk	puti
trunk	konga 'o ha sino
trust	falala
truth	mo'oni
try	feinga
tube	tiupi
Tuesday	Tusite
tuition	mahu'inga
tuition	totongi
turkey	mui pipi
turn	afe
turtle	fonu
tutor	faiako
twelve	tahaua
twenty	uanoa
twenty-one	ua-taha
twice	tuʻo ua
twice	liunga ua
twist	vilohi
two	ua
type	fa'ahinga
typical	angamaheni
ugly	palakū
ultimate	aofangatuku
umbrella	fakamalu
unable	ta'emalava
uncle	faētangata
unconscious	ikai toe 'ilo ha me'a
under	i lalo
under	i he malumalu
underneath	i lalo
underrated	ikai ke fakatokanga'i
understand	mahino
understood	mahino'i
uniform	teunga
unique	ta'ehano tatau
unique	makehe
unit	konga
university	'univēsiti
unknown	ikai ke 'ilo'i
unless	tukukehe
until	kae ʻoua
unusual	hāhāmolofia
up	olunga
up to you	fakatefito pe meiate koe
update	'ave e fakamuimuitaha
update	fakamuimuitaha
upgrade	fakalelei'i
upon	i he
upset	lotomamahi
urban	ki'i kolo
urge	fakakolekole
urgent	fiema'u fakavavevave
us	kimautolu
use	ngāue'aki
used	ngāue'i
useful	aonga
useless	ikai hano 'aonga
usual	angamaheni
usually	faʻa
utility	mahu'inga 'aupito
vacation	eve'eva
vaccination	huhu malu'i
vaccine	faito'o
vacuum	komo
vague	ta'eta'epau
vague	'ikai fakapapa'u'i
valid	mo'oni
valid	'aonga
valid	tonu
valley	vai vaha'a mo'unga
valuable	mahu'inga
value	mahu'inga
value	fakamahu'inga
variety	kehekehe
various	kehekehe
vary	liliu
vase	vāasi
vast	lahi 'aupito
vegetable	vesitapolo
vegetables	vesitapolo
vehicle	me'alele
vendor	tokotaha fakatau atu
venom	kona
venture	fononga
venue	feitu'u fai'angame'a
verify	fakapapau'i
versatile	mālohi
version	tatau
vertical	hangatonu
very	aupito
very good	sai 'aupito
vessel	vaka
via	i he
vibe	ongo
vibes	ongo
vicious	angakovi
victim	taha lavea pe mate
victim	mamahi
victim	feilaulau
video	faiva
view	vakai
village	kolo
villain	hia
vinegar	vinika
vintage	kuongamu'a
violence	fakamamahi
violent	houtamaki
viral	mafola vave
virgin	vesinia
virtual	meimei
virtue	ulungaanga lelei
vision	vīsone
vision	sio
visit	'a'ahi
visual	hā mai
vital	fiema'u mahu'inga
vivid	hā mahino
vocabulary	ngaahi fo'i lea
voice	le'o
void	fakata'e'aonga'i
volume	voliume
volunteer	taha ngaue ʻofa
volunteer	vōlenitia
volunteer	pole
vomit	lua
vulnerable	vaivai
wage	vahe
wages	vahe
waist	kongaloto
wait	talitali
waiter	tokotaha seevi
waiting	tali
waiting	talitali
waiting	tatali
wake	ā
wake up	'ā hake
walk	luelue
walk	lue
walking	lue
wall	holisi
wallet	ualeti
wander	eve'eva
wanna	fiema'u ke
want	fiemaʻu
wanted	fiema'u
war	tau
wardrobe	kōpate vala
warehouse	fale tauhi'anga koloa
warm	māfana
warm	fakamafana
warn	fakatokanga
warning	fakatokanga
warrior	to'a
was	naʻe
wash	kaukau
wash	fufulu
wash	fō
waste	fakamole
waste	fakamoleki
watch	fakasio
watch	sio
water	vai
water	tahi
watermelon	meleni
wave	ta'ata'alo
wave	peau
way	founga
we	mau
we are	oku mau
we can	te mau lava
weak	vaivai
weakness	vaivai'anga
wealth	koloa
wealthy	tu'umālie
wear	tui
wear	tolonga
wearing	lolotonga tui
weather	tu'u 'a e 'eá
wedding	mali
Wednesday	Pulelulu
weed	akau vao
weed	vao
week	uike
weekend	uike'eni
weight	mamafa
weird	ngali kehe
welcome	talitali fiefia
welfare	uelofea
Well	Lelei
well done	lava lelei
went	alu
were	na'a
west	hihifo
wet	viku
whale	tofuaʻa
what	ko e hā
what about you	fēfē koe
what are you doing	ko e hā hoʻo meʻa ʻoku faí
what are you doing now	ko e hā hoʻo meʻa ʻoku fai ʻi he taimí ní
what are you doing right now	ko e hā ho'o me'a 'oku fai 'i he taimi ni
what do you do	ko e hā ho'o me'a 'oku fai
what do you do	ko e hā ho'o me'a 'e fai
what do you do for a living	ko e hā hoʻo ngāue maʻuʻanga moʻuí
what do you mean	ko e hā ho'o 'uhinga
what do you want	ko e hā 'a e me'a 'oku ke fiema'u
what happened	ko e hā e me'a na'e hoko
what is	ko e hā ʻa e
what is this	ko e hā eni
what is your job	ko e hā ho'o ngāue
what is your name	ko hai ho hingoá
what's up	ko e hā e me'a 'oku hoko
what's your name	ko hai ho hingoa
whatever	kaikehe
wheat	uite
wheel	ve'eteka
when	ʻafē
whenever	ʻo ka
whenever	ʻi ha taimi pē
where	ʻi fē
where are you	ko fē koe
where are you from	ko hoʻo haʻu mei fē
where are you now	ko fe'ia koe 'i he taimi ni
where do you live	'oku ke nofo 'i fē
where is	ko fē 'a e
whereas	hangē
whether	pe
which	ko fē
while	lolotonga
whisper	fafana
whistle	mapumapu
white	hinehina
who	ko hai
who are you	ko hai koe
who is	ko hai 'a
who is this	ko hai eni
whole	kakato
whom	ko hai
whose	a ia
why	ko e hā hono ʻuhingá
why not	he koe hā
wicked	fakailifia
wicked	faikehe
wide	fā lahi
widow	uitou
width	maokupu
wife	uaifi
wild	vao
will	fakapapau
will	tohi tuku
will	loto
willing	loto
win	ikuna
wind	havili
window	sio'ata
windy	hakohako
wine	uaine
winter	faha'i ta'u momoko
wipe	holo'i
wire	uaea
wisdom	poto
wise	poto
wish	faka'amu
wish you all the best	ofa ke ola lelei
witch	putu'i tēvolo
with	mo
withdraw	toho
withdrawal	toho
within	i loto
without	ta'e kau
witness	fakamo'oni
witty	fakaoli
wolf	ulofi
woman	fefine
women	kakai fefine
won	mālohi
won't	he'ikai
wonder	fifili
wonderful	faka'ofo'ofa
wood	papa
wool	vavae
word	lea
word	fo'i lea
words	ngaahi fo'i lea
work	ngāue
work	ngaueʻi
work out	fakamalohisino
working	ngaue
world	māmani
worm	kelemutu
worn	motu'a
worried	hoha'a
worried	loto hoha'a
worry	hoha'a
worse	kovi ange
worship	lotu
worship	ʻotuaʻaki
worst	kovi 'aupito
worth	mahuʻinga
worth it	oku 'aonga
worthy	mahi'inga
would	e
wound	lavea
Wow	ʻIauē
wrap	kofukofu'i
wrath	ita lahi
wrist	kia'i nima
write	tohi
Write here	Tohi heni
writing	tohitohi
written	tohi
wrong	hala
wrote	na'e tohi
yard	ata'atā
yawn	mamao
Yeah	Ee
year	taʻu
years	ngaahi ta'u
yeast	īsite
yell	kaila
yellow	lanu engeenga
Yes	ʻIo
yes baby	io pēpē
yes dear	koau 'ofa'anga
yes dear	'io 'ofa'anga
yes honey	io 'ofa'anga
yes my love	io hoku 'ofa'anga
yes of course	ko ia foki
yesterday	aneafi
yet	teʻeki ai
yield	fakaili
you	ko koe
you are	ko koe
you are beautiful	oku ke fo'i talavou
you are so beautiful	oku ke fo'i talavou 'aupito
you are welcome	sai pē ia
you can	te ke lava
You know	Ke 'ilo
you too	mo koe pe
you're welcome	sai pe
young	kei si'i
your	hoʻo
your welcome	sai pe
yourself	ko koe
youth	talavou
youth	to'utupu
youth	haʻa talavou
you’re welcome	sai pe ia
yummy	ifo
zero	noa
