a	ಒಂಜಿ
a little	ಒಂತೆ
a lot	ಒಂಜ್ಯಾತ್
a lot of	ದಿಂಜ
abandon	ಬುಡ್ದು ಬುಡ್ತಿನ
abandoned	ಬುಡ್ದ್ ಬುಡ್ತಿನ
abide	ಪಾಲಿಸರೆ
ability	ಸಾಮರ್ಥ್ಯ
able	ಸಾಧ್ಯ
about	ಬಗ್ಗೆ
above	ಮಿತ್ತು
abroad	ಪಿದಾಯಿ ಊರು
absence	ಗೈರ್ ಹಾಜರಿ
absent	ಗೈರು
absolutely	ಸರಿಯಾಯಿನ
absorb	ಒಯ್ಪುನು
abstract	ವಿಲಕ್ಷಣ
absurd	ಒಟ್ರಾಸಿ
abundance	ಬೋಡಾಯಿನಾತು
abundant	ಜಿಂಜ
abuse	ದೂರುನು
abuse	ಬೊರ್ಚಾಂದಿನೆಕ್ಕ್ ಗಳಸುನು
accent	ಉಚ್ಚಾರ
accept	ದೆತೊನು
access	ಮುಟ್ಟು
access	ಮುಟ್ಟುನು
accident	ಆಕ್ಸಿಡೆಂಟ್
accommodation	ನಿಲೆ
accomplish	ನೆರವೇರಿಸುನು
accomplished	ಮುಗಿಂಡು
according	ಆ ಪ್ರಕಾರ
account	ಲೆಕ್ಕಾಚಾರ
accuracy	ನಿಖರವಾಯಿನ
accurate	ಸರಿಯಾಯಿನ
accused	ಅಪರಾಧಿ
ache	ಬೇನೆ
ache	ಬೇನೆಆಪಿನ
achieve	ಸಾಧನೆ
achievement	ಸಾಧನೆ
acknowledge	ಗೇನ
acquaintance	ಪೊಲಬು
acquire	ಸ್ವಾಧೀನ
acquired	ಸ್ವಾಧೀನ ಮಲ್ದಿನ
acquisition	ಸ್ವಾಧೀನ ಮಲ್ತೊನ್ನು
across	ಕೊಡಿಕಡೆ
act	ನಟನೆ
action	ಕ್ರಮ
active	ಚುರುಕು
activities	ಚಟುವಟಿಕೆಲು
activity	ಕಾರ್ಯಕ್ರಮ
actor	ನಟೆ
actual	ನಿಜವಾದ್
actually	ನಿಜವಾದು
acute	ಜ್ರು
adapt	ಹೊಂದಾಣಿಕೆ
add	ಸೇರಾವು
addicted	ಚಟತ್ತ
addition	ಹೆಚ್ಚಿನವು
additional	ಹೆಚ್ಚಿನ
address	ವಿಳಾಸ
address	ಪೊಲಬು
adequate	ಬೋಡಿತ್ತಿನಾತ್
adjacent	ತಾಗೊಂದುಪ್ಪನ
adjective	ವಿಶೇಷಣ
adjust	ಹೊಂದುದ್
admire	ಮೋಕೆ
admit	ದಾಖಲ್
admit	ಒಪ್ಪುನು
adopt	ಅಂಗೀಕಾರ
adorable	ದುತ್ತೈತ
advance	ಆಡ್ವಾನ್ಸ್
advance	ಅಡ್ವಾನ್ಸ್
advanced	ಎಡ್ವಾನ್ಸ್
advantage	ಲಾಭ
adventure	ಸಾಧನೆ
adverb	ಕ್ರಿಯಾ ವಿಶೇಷ ಪದ
advertisement	ಜಾಹಿರಾತು
advertising	ಪ್ರಚಾರ
advice	ಎಡ್ಡೆ ಪಾತೆರ
advise	ಸಲಹೆ
advocate	ವಕಾಲತ್ತ್
advocate	ವಕೀಲೆ
aesthetic	ಪೊರ್ಲುದ
affair	ಪ್ರಸಂಗ
affect	ಪ್ರಭಾವ
affection	ಮೋಕೆ
afford	ಕೊರ್ಪಿನಿ
affordable	ಎಡ್ಡೆಂತಿನ
afraid	ಪೋಡಿಗೆ
after	ಬೊಕ
afternoon	ಮಧ್ಯಾನ
afterwards	ಅಯಿಡ್ದ್ ಬೊಕ್ಕ
again	ಕುಡ ಒರ
against	ಎದುರಾದ್
age	ಪ್ರಾಯ
agency	ಏಜೆನ್ಸಿ
agent	ದಲ್ಲಾಳಿ
aggressive	ಅರ್ಗಂಟ್ ದ
agile	ಉಷಾರ್
ago	ಆನಿಡ್ದ್
agree	ಒಪ್ಪಿಗೆ
agreement	ಒಪ್ಪಂದ
agriculture	ಬೆನ್ನಿ
ahead	ದುಂಬು
aid	ಸಕಾಯೊ
aim	ಏಮ್
air	ಗಾಳಿ
airport	ವಿಮಾನ ನಿಲ್ದಾಣ
aisle	ಪಡಸಾಲೆ
alarm	ಎಚ್ಚರಿಕೆ
alcohol	ಗಂಗಸರ
alert	ಜಾಗ್ರತೆ
alive	ಜೀವ ಉಪ್ಪುನು
all	ಮಾತ
all right	ಅಂಚೆನೆ ಆವಡ್
all the best	ಎಡ್ಡೆ ಆವಡ್
allow	ಬುಡು
allowed	ಬುಡ್ಪಿನಿ
almost	ಹೆಚ್ಚಾದ್
alone	ಒರಿಯೆ
along	ಅಯಿತ ಒಟ್ಟುಗು
already	ಆದಾಂಡ್
Alright	ಸರಿ
also	ಅತ್ತಂದೆ
alternative	ನನೊಂಜಿ
although	ಇಂಚಾ೦ಡಲಾ
always	ಯೆದಾಲ
am	ಯಾನ್ಲಾ
amazing	ಆಶ್ಚರ್ಯದ
ambiguous	ಅಸ್ಪಷ್ಟ
ambition	ಮಲ್ಲ ಉದ್ದೇಶ
ambitious	ಮಲ್ಲ ಆಸೆ
amend	ತಿದ್ದುಪಡಿ ಮಲ್ಪುನು
amid	ನಡುಟ್ಟ್
among	ಅಯಿಟ್ಟ್
among us	ನಮಟ
amount	ಮೊತ್ತ
amusing	ತಮಾಷೆದ
an	ಒಂಜಿ
analysis	ತುಲಿಪುನ
ancestors	ಹಿರಿಯೆರ್
anchor	ಆಧಾರ
ancient	ಪಿರಾಕ್‌ದ
and	ಬೊಕ
and you	ಬೊಕ್ಕ ಈ
angel	ದೇವದೂತೆ
anger	ಗರ್ವ
angle	ಕೋನ
angry	ಕೋಪ
animal	ಪ್ರಾಣಿ
ankle	ಕಣ ಕಾರ್
anniversary	ವರ್ಸೊದ
announcement	ಘೋಷಣೆ
annoy	ಕಿರಿಕಿರಿ
annoyed	ಕಿರಿಕಿರಿ ಆಯಿನ
annoying	ಕಿರಿಕಿರಿ ಮಾಲ್ಪುನ
annual	ವರ್ಸದ
anonymous	ಪುದರುಪ್ಪಂದಿನ
another	ಕುಡೊಂಜಿ
answer	ಜವಾಬ್ ಕೊರ್ಪಿನಿ
answer	ಉತ್ತರ
anticipate	ಎನ್ನೋದುಪ್ಪು
anxiety	ಕಾತರ
anxious	ಪೋಡಿಗೆ
any	ಒವುಲಾ
anymore	ನನಡ್ದ್ ಬೊಕ್ಕ
anyone	ಯೇರ್ಲಾ
anything	ಒವುಲಾ
anyway	ಎಂಚಾಂಡಲಾ
anyways	ದಾಯ್ತನೇ ಆವಡ್
apart	ಬೇತೆ ಆಪಿನ
apartment	ಕೋಣೆದ ಇಲ್ಲು
apologize	ಮಾಪು ನಟ್ಟುನು
apparent	ತೋಜುನ
apparently	ಸ್ಪಷ್ಟವಾದ್
appeal	ಮೊರೆ
appear	ತೋಜುನು
appearance	ತೋಜುನು
appeared	ತೋಜುನು
appetite	ಬಡವು
apple	ಸೇಬ್
application	ಅಪ್ಲಿಕೇಶನ್
apply	ಮುಟ್ಟಾವುನು
appointment	ನೇಮಕ
appreciate	ಪುಗರು
appreciation	ಪುಗರುನು
approach	ತಾದಿ
approach	ಕೈತ್ತಲ್
appropriate	ಸರಿಕಟ್ತಾಯಿನ
approval	ಒಪ್ಪಿಗೆ
approve	ಒಪ್ಪಿಗೆ
approved	ಒಪ್ಪಿಗೆದ
approximately	ಸುಮಾರ್
april	ಏಪ್ರಿಲ್
arbitrary	ತಮೆರಿದಾಂತಿನ
architect	ವಾಸ್ತುಶಿಲ್ಪಿ
architecture	ವಾಸ್ತುಶಿಲ್ಪ
archive	ಸಂಗ್ರಹ
are	ಉಪುವ
are you	ಈ ಯಾ
are you busy	ಈರ್ ಬ್ಯುಸಿ ಉಲ್ಲರಾ
are you married	ಈರೆಗ್ ಮದಿಮೆ ಆತ್‌ಡ
are you married or single	ಈರ್ ಮದಿಮೆ ಆತರೆ ಅಥ್ ಒರಿಯೆನ
Are you still there?	ಈರ್ ಇತ್ತೆಲ್ಲಾ ಅಲ್ಪನೇ ಉಲ್ಲರಾ?
are you there	ಈ ಅವುಲು ಉಲ್ಲನ
area	ಜಾಗ
argue	ವಾದಿಸುನು
argument	ಚರ್ಚೆ
arise	ಪುಟ್ಟುನು
arm	ಕೈ
army	ಸೈನ್ಯ
around	ಕೊಡಿಕಡೆ
around	ಸುತ್ತಮುತ್ತ
arrange	ವ್ಯವಸ್ಥೆ
arrangement	ಯವಸ್ಥೆ
arrival	ಬರ್ಪುನ
arrive	ಬರ್ಪಿನಿ
arrived	ಬತ್ತೆರ್
arrogant	ಅರ್ಗಂಟ್
arrow	ಬಾಣ
art	ಕಲೆಗಾರಿಕೆ
article	ಬರವು
artificial	ಕೃತಕ
artist	ಕಲಾವಿದೆ
as	ಅಂಚ
as long as	ಅದ ಮುಟ್ಟ
as well	ಉಂದುಲಾ
as well as	ಉಂದುಲಾ
ash	ಬೂದಿ
ashamed	ನಾಚಿಕೆದ
ask	ಕೇನ್
asked	ಕೇಂಣಿಯೆರ್
asleep	ನಿದ್ರೆ
aspect	ಅಂಶ
Assamese	ಅಸ್ಸಾಮೀಸ್
assault	ಲಡಾಯಿ
assembly	ಸಭೆ
assertive	ವಿಶ್ವಾಸದ
assess	ತಿಕ್ಕುನು
assessment	ತೀರ್ಮಾನ
asset	ಸೊತ್ತು
assets	ಆಸ್ತಿ
assign	ಪಟ್ಟ್ ದ್ ಕೊರ್ಪಿನಿ
assignment	ಪಟ್ಟುನು
assist	ಸಹಾಯ ಮಲ್ಪು
assistant	ಸಹಾಯಕೆ
associate	ಸಂಬಂಧದ
associated	ಸಂಬಂಧ ಪಡೆತಿನ
association	ಗುಂಪು
assume	ಎಣ್ಣ್‌ಗ
assumption	ಎಣ್ಣುನು
at	ಅವ್ಳು
at least	ಕಮ್ಮಿ ಪಂಡ
ate	ತಿನ್ತೆ
athlete	ಗೊಬ್ಬುನಾಯೆ
attach	ಪತ್ತಾವುನು
attached	ಪತ್ತಾದಿನ
attachment	ಭಾಂದವ್ಯ
attack	ದಾಳಿ
attempt	ಪ್ರಯತ್ನ್ಸ
attempt	ಪ್ರಯತ್ನ
attend	ಹಾಜಿರ್
attendance	ಹಾಜರಿ
attention	ಗುಮನ
attitude	ವರ್ತನೆ
attract	ವೋಯ್ಪ್ಪುನಿ
attraction	ಆಕರ್ಷಣೆ
attractive	ಪೊರ್ಲಕಂಟ್
attribute	ಗುಣಲಕ್ಷಣ
audience	ಶ್ರೋತ್ರು
august	ಆಗಸ್ಟ್
aunt	ಮಾಮಿ
aunty	ಮಾಮಿ
authentic	ಅಧಿಕೃತ
author	ಬರೆತಿನಾರ್
authority	ಅಧಿಕಾರ
autumn	ಶರತ್ಕಾಲ
available	ತಿಕ್ಕುಂಡ್
average	ಸುಮಾರ್
avoid	ತಡೆಲೆ
awake	ಲಕ್ಕ್
award	ಬಹುಮಾನ
aware	ಗೇನ
awareness	ಗೊತ್ತುಪ್ಪುನು
away	ದೂರ
awesome	ಅದ್ಭುತ
awful	ಪೋಡಿಗೆ ಕಟ್ಟಾವುನ
awkward	ವಿಚಿತ್ರ
Aymara	ಆಯ್ಮರಾ
baby	ಬಾಲೆ
bachelor	ಒರಿಯೆ
back	ಬೆರಿ
back	ಪಿರ
background	ಪಿನ್ನೆಲೆ
bad	ಪಡ್ಕೆ
bag	ಚೀಲ
bait	ಎರೆ
bake	ಬೇಯ್ಪಾ
bakery	ಬೇಕರಿ
baking soda	ಬೇಕಿಂಗ್ ಸೋಡಾ
balance	ಸಮತೋಲನ
ball	ಚೆಂಡ್
Bambara	ಬಂಬಾರಾ
banana	ಪರ್ನ್ದು
band	ಬ್ಯಾಂಡ್
bang	ಗುದ್ದುನು
bank	ದಡ
bar	ಬಾರ್
barely	ನಂಗ
bargain	ಚರ್ಚೆ ಮಲ್ಪುನು
bark	ಬೊಗಳುವ
bark	ಬೊಗಳು
barley	ಬಾರ್ಲಿ
barrier	ಬೇಲಿ
base	ಬುಡ
based	ಅಧಾರದ
basement	ನೆಲ ಮಾಳಿಗೆ
basic	ಮೂಲೊಡು
basically	ಮೂಲೊಡು
basil	ತುಳಸಿ
bastard	ಬೋಳಿಮಗೆ
batch	ಗುಂಪು
bath	ಮೀಪಿನಿ
bathroom	ಬೆಂದ್ರ್
battery	ಬ್ಯಾಟರಿ
battle	ಲಡಾಯಿ
bay	ಕೊಲ್ಲಿ
be	ಉಪ್ಪು
be careful	ಜಾಗ್ರತೆಡು ಉಪ್ಲ
beach	ಕಡಲ ಬರಿ
beam	ಕಂಬ
beans	ಕಾಳು
bear	ತುತ್ತೊಂಲ
bear	ತುತ್ತೊಂನ
beard	ಬ್ರೆಡ್
bearing	ವರ್ತನೆ
beast	ಮೃಗ
beat	ಹಾಕುನು
beat	ಹಾಕ್
beautiful	ಪೊರ್ಲು
beauty	ಪೊರ್ಲು
became	ಆಪುನಿ
because	ದಾಯೆಗ್ ಪಂಡ
become	ಆಯಿನ
bed	ಹಾಸಿಗೆ
bedroom	ಜೆಪ್ಪುನ ಕೋಣೆ
bee	ತೊಡ್ಡೆ
beef	ಪೆತ್ತದ ಮಾಸ
been	ಆದಿಪ್ಪುನಗ
beer	ಕರಡಿ
before	ದುಂಬು
began	ಸುರು ಆಯಿನಿ
begin	ಶುರು ಆಪಿನಿ
beginning	ಸುರುಟ್ಟು
behalf	ಅಯಿತ್ತ ಸಲುವಾದ್
behave	ನಡತೆ
behavior	ನಡತೆ
behaviour	ವರ್ತನೆ
behind	ಪಿರ
being	ಆದುಪ್ಪುನಗ
belief	ನಂಬೊಳಿಗೆ
believe	ನಂಬಿಕೆ
belly	ಬಂಜಿ
belong	ಸೇರ್ದಿನ
beloved	ಮೋಕೆದ
below	ತಿರ್ತ್
belt	ಬೆಲ್ಟ್
bench	ಬೆಂಚಿ
bend	ಬಗ್ಗುನು
beneath	ತಿರ್ತ್
benefit	ಲಾಭದ
benefit	ಲಾಭ
benefits	ಲಭೊಲು
beside	ಬರಿಟ್ಟ್
besides	ಬರಿಟ್ಟ್
best	ಎಡ್ಡೆ
best of luck	ಎಡ್ಡೆ ಆವಡ್
best regards	ಶ್ರೇಷ್ಠ ಗೌರವ
better	ಎಡ್ಡೆ
between	ನಡುಟು
beverage	ಪರ್ಪಿನ
beyond	ಅನ್ಚಿಡ್
Bhojpuri	ಭೋಜ್‌ಪುರಿ
bias	ತಾರತಮ್ಯ
biased	ಪಕ್ಷಪಾತ
bicycle	ಸ್ಕೂಟರ್
bid	ಸಂದಾಯ
big	ಮಲ್ಲ
bike	ಬೈಕ್
bill	ಬಿಲ್ಲ್
bind	ಕಟ್ಟುನ
bird	ಪಕ್ಕಿ
birthday	ಪುಟ್ಟಿನ ದಿನ
bit	ಒಂತೆ
bite	ಅಗ್ಗ್ಯುನು
bite	ಅಗ್ಗಿ
bitter	ಕೈಪೆ
black	ಕಪ್ಪು
blade	ಬ್ಲೇಡ್
blame	ದೂರುನು
blame	ದೂರು
blank	ಖಾಲಿ
blanket	ಮಂದಿರಿ
blast	ಪುಡವುನು
bleach	ಬೊಲ್ಪು ಮಲ್ಪುನ
blend	ಮಿಶ್ರಣ
bless	ಆಶೀರ್ವಾದ
blessed	ಆಶೀರ್ವಾದ ಇತ್ತಿನ
blind	ಕಣ್ಣ್ ತೋಜುಜಿ
bliss	ಖುಷಿ
block	ಉಂತಾವುನು
blood	ನೆತ್ತೆರ್
bloom	ಅರಳುನು
blow	ಉರ್ಪುನು
blow	ನೆರ್ಪುನು
blue	ನೀಲಿ
blunt	ಪರ್ತೆ ದಾಂತಿನ
board	ಪಲಾಯಿ
boat	ವಾಡ
body	ಜೀವ
boil	ಕುದಿಪಾವುನ
bold	ಧೈರ್ಯ
bond	ಬಾಂಡ್
bone	ಎಲು
book	ಬುಕ್ ಮಲ್ಪುನು
book	ಪುಸ್ತಕ
boost	ದೆರ್ಪು
boost	ದೆರ್ತ್ ಪತ್ತುನು
booster	ಬೂಸ್ಟರ್
boot	ಜೋಡು
boots	ನೇಲ್ಯ ಮುಟ್ಟು
border	ಗಡಿ
bore	ಕೊರೆವುನು
bored	ಬೆಸರ್
boring	ಬೇಜಾರ್
born	ಪುಟ್ಟಿನಿ
borrow	ದೆತ್ತೊನ್ನು
boss	ಧಣಿ
both	ರಡ್ದುಲಾ
bother	ಎತೆ
bottle	ಬಾಟಲಿ
bottom	ತಿರ್ತ್
bought	ಕಣತಿನಿ
bounce	ಪಿಚ್ಚ್ ಲೈಪುನು
bound	ಪತ್ತ್ ರ್ ಪಾಡುನು
boundaries	ಬೇಲಿ
bow	ಬಗ್ಗ್
bowl	ಬೊಗೊಣಿ
box	ಡಬ್ಬಿ
boy	ಆಣ್
boyfriend	ದೋಸ್ತಿ
bracelet	ಕಡಗ
brain	ಬುದ್ಧಿ
branch	ಗೆಲ್ಲ್
brand	ಬ್ರ್ಯಾಂಡ್
brave	ಧೈರ್ಯ
breach	ಮೀರುನು
bread	ಬ್ರೆಡ್
bread	ತೆನಸ್
break	ಮುಯ್ಪ್ಪುನ
break	ವಿರಾಮ
breakfast	ತಿಂಡಿ
breast	ಮಿರೆ
breath	ಉಸುಲ್
breathe	ಉಸುಲ್
breed	ವಂಶ
brick	ಇಟ್ಟಿಗೆ
bride	ಮದಿಮಾಲ್
bridge	ಸಂಕ
brief	ಎಲ್ಯೊಡು
bright	ಕಡು
brilliant	ಬುದ್ಧಿವಂತೆ
bring	ಕನಲ
bro	ಅಣ್ಣಾ
broad	ಅಗೆಲ
broadcast	ಬಿತ್ತರನೆ
broke	ಒಡೆಂದ್
broken	ತುಂಡಾತಿನ
broom	ಮೈಪು ಸೂಡಿ
brother	ಪಲಯೆ
brother in law	ಭಾವೆರ್
brought	ಕಣತ್ತಿನ
brown	ತೌಡು
brush	ಬ್ರಷ್
bucket	ಬಾಲ್ದಿ
buddy	ದೋಸ್ತಿ
budget	ಆಯವ್ಯಯ
bug	ತಗುಲೆ
build	ಕಟ್ಟ್
building	ಕಟ್ಟೋಣ
built	ಕಟ್ಟಿನ
bulk	ಜಿಂಜ
bull	ಬೋರಿ
bully	ಪೋಡಿಗೆ ಕಟ್ಟಾವುನು
bump	ದಡಿಕೆ
bunch	ಗೊಂಚಲ್
bundle	ಕಟ್ಟ್
burden	ಪುದೆ
buried	ಕೊಂತಿನ
burn	ಪೊತ್ತುನು
burst	ಪುಡವುನು
bury	ಸಮಾಧಿ ಮಲ್ಪುನು
bus	ಬಸ್
bush	ಪುದೆಲ್
business	ಬೇರ
bust	ತಿಗಲೆ
busy	ಬೇಲೆಡುಪ್ಪುನಿ
but	ಆಂಡ
butter	ಬೊಳ್ ನೈ
butterfly	ಚಿಟ್ಟೆ
button	ಗುಬ್ಬಿ
buy	ದೆತ್ತೊನ್
by	ಮುಖಾಂತರ
by the way	ದಾದ ಪಂಡ
bye	ಬರ್ಪೆ
cabbage	ಕ್ಯಾಬೇಜ್
cabinet	ಶಾಸನ ಸಭೆ
cage	ಪಂಜರ
cake	ಕೇಕ್
calf	ಕಂಜಿ
call	ಲೆಪ್ಪು
call	ಲೆಪ್ಪುನು
call me	ಏನನ್ ಲೆಪ್ಲ
called	ಲೆಪ್ಪುವ
calm	ಸಮಾಧಾನ
came	ಬತ್ತಿನಿ
campaign	ಪ್ರಚಾರ
can	ಸಾಧ್ಯತೆ
can	ಸಾಧ್ಯ
can't	ಆವಂದ್
Cancel	ರದ್ದ್
cancer	ಕ್ಯಾನ್ಸರ್
capable	ಸಾಧ್ಯ
capacity	ಶಕ್ತಿ
capital	ರಾಜಧಾನಿ
caption	ಪುದರ್
capture	ಪತ್ತುನ
car	ಕಾರ್
career	ಕೆಲಸ
careful	ಜಾಗ್ರತೆ
carefully	ಜಾಗ್ರತೆಡು
careless	ಅಸಡ್ಡೆ
caring	ಪಾಲನೆ
carpenter	ಆಚಾರಿ
carpet	ಪಜೆ
carrot	ಕ್ಯಾರೆಟ್
carry	ಪತೊನು
carry on	ದುಂಬು ಪೋಲೆ
carry out	ಕೈಕೊನುಗ
case	ಪ್ರಕರಣ
cash	ಪಣವು
cast	ಜಾತಿ
castle	ಕೋಟೆ
casual	ಆಕಸ್ಮಿಕ
cat	ಪುಚ್ಚೆ
catch	ಪತ್ತ್
category	ವಿಭಾಗ
cattle	ಕೈಕಂಜಿ
caught	ಪತ್ತಿನ
cause	ಕಾರಣ
caution	ಜಾಗ್ರತೆ
cautious	ಜಾಗ್ರತೆದ
cave	ಗುಹೆ
cease	ತಡೆಪ್ಪುನು
ceiling	ಮಾಡ್
celebrate	ಗಮ್ಮತ್
cell	ಸೆಲ್
center	ಕೇಂದ್ರ
century	ನೂದುವರ್ಸ
cereal	ಧಾನ್ಯೊಲು
ceremony	ಕಾರ್ಯಕ್ರಮ
certain	ಕೆಲವು
certain	ಖಂಡಿತ
certainly	ಖಂಡಿತವಾದ್
certificate	ಸರ್ಟಿಫಿಕೇಟ್
chain	ಸರ
chair	ಕುರ್ಚಿ
challenge	ಸವಾಲ್
chance	ಅವಕಾಶ
change	ಬದಲಾವನೆ
chaos	ವ್ಯವಸ್ಥೆ ಇಜ್ಜಾಂದಿನ
character	ಸ್ವಭಾವ
characteristics	ಗುಣನಡತೆಲು
charge	ಕ್ರಯ
charity	ದಾನ-ಧರ್ಮ
charming	ಪೊರ್ಲುದ
chart	ಪಟ್ಟಿ
chase	ಪಿರ ಪಾಡುನು
chat	ಪಾತೆರ
chat	ಪಾತೆರುನು
cheap	ಕಮ್ಮಿ ಕ್ರಯ
cheat	ಮೋಸ
cheating	ಮೋಸ ಮಲ್ಪುನು
check	ಗುರ್ತ
check	ನಾಡುನು
cheek	ಗಲ್ಲ
cheer	ಉಮೇದ್ ಕೊರ್ಪಿನಿ
cheerful	ಕುಸಿತ್ತ
cheers	ಜೈಕಾರ ಪಾಡುನು
cheese	ಬೊಳ್ನೆಯ್
chemistry	ಕೆಮಿಸ್ಟ್ರಿ
cherish	ಕುಸೀ
chess	ಚದುರಂಗ
chest	ತಿಗಲೆ
chew	ಅಗ್ಯುನಿ
chicken	ಕೋರಿ
chief	ಮುಖ್ಯ
child	ಬಾಲೆ
childhood	ಜೋಕುಲಾಟಿಕೆ
children	ಜೋಕುಲು
chill	ಚಳಿ
chill	ಚಳಿತ್ತ
chill	ತಂಪು
chimneys	ಚಿಮಿಣಿ
chin	ಕೆನ್ನೆ
chocolate	ಚಾಕ್ಲೇಟ್
choice	ಅಜಪ್ಪುನು
choose	ಅರ್ತ್‌ದ್
chop	ಕೊಚ್ಚುನು
chores	ಇಲ್ಲದ ಬೇಲೆ
chubby	ಉರುಂಟು ಮೋನೆದ
church	ಚರ್ಚ್
cinnamon	ದಾಲ್ಚಿನಿ
circle	ಉರುಂಟು
circumstances	ಕಾರಣೊಲು
citizen	ನಾಗರಿಕೆ
city	ಪೇಂಟೆ
claim	ಸಾಧನೆ
claim	ಹಕ್ಕ್
clarify	ಸ್ಪಷ್ಟಮಲ್ಪುನು
class	ಕ್ಲಾಸ್
clay	ಆವೆಮಣ್ಣ್
clean	ಮಡಿ
clear	ಸ್ಪಷ್ಟವಾದ್
clear	ಸ್ಪಷ್ಟ
clerk	ಗುಮಾಸ್ತೆ
clever	ಬುದ್ಧಿವಂತಿಕೆ
client	ಗಿರಾಕಿ
cliff	ಪಾದ್ದೆಕಲ್ಲ್
climate	ಹವಾಗುಣ
climb	ಮಿತ್ತರುನು
clingy	ಅಂಟುನ
clock	ಗಂಟೆ
close	ಕೈತಲ್ದ
close	ಮುಚ್ಚಿ
closet	ಬೆಂದ್ ರ್
cloth	ಕುಂಟು
clothes	ಕುಂಟುಲು
cloud	ಮೋಡ
cloudy	ಮಡ್ಡಿ
clown	ಲವಂಗ
clue	ಸೂಚನೆ
clumsy	ವಿಕಾರ
cluster	ಗೊಂಚಿಲ್
coach	ಕಲ್ಪಾವುನು
coal	ಮಸಿಕೆಂಡ
coast	ಕ್ರಯ
coat	ಕೋಟು
coffee	ಕಾಫಿ
cognitive	ಅರಿವುದ
coincidence	ಆಕಸ್ಮಿಕ
cold	ಚಳಿ
collapse	ಸಯ್ಪಿನಿ
collar	ಕಾಲರ್
colleague	ಒಟ್ಟುಗು ಬೇಲೆ ಮಲ್ಪುನಾಯೆ
colleagues	ಒಟ್ಟುಗು ಕೆಲಸ ಮಲ್ಪುನಾಯೆ
collect	ಒಟ್ಟು ಮಲ್ಪುನು
collection	ಒಟ್ಟಾತಿನ
college	ಕಾಲೇಜ್
color	ಬನ್ನ
colorless green ideas slept furiously	ಬಣ್ಣ ಉಪ್ಪಂದಿನ ಪಚ್ಚೆ ಕಲ್ಪನೆಲು ಉಗ್ರವಾದು ಜೈದ್ದ
colour	ಬಣ್ಣ
column	ಕಂಬ
comb	ಬರ್ಚನೆ
combination	ಮಿಸ್ರಣ
combine	ಒಟ್ಟುಗು
come	ಬಲ
come here	ಈಡೆ ಬಲೆ
come on	ಬಲೆ
comfort	ನೆಮ್ಮದಿ
comfortable	ಸರಿಕಟ್ಟ್‌ದ
coming	ಬರ್ಪುನ
coming soon	ಬೇಗೋಡ್
command	ಅಪ್ಪಣೆ
comment	ಟಿಪ್ಪಣಿ
commercial	ಬೇರದ
commission	ಮಂಡಳಿ
commit	ಬದ್ಧತೆ
commitment	ಒತ್ತೊನ್ನು
committed	ಪಾತೆರ ತಪ್ಪಂದಿನ
commodity	ಸಾಮಾನು
common	ಸಾಮಾನ್ಯ
communicate	ಪ್ತೆರುನು ಪಾತೆರುನು
communication	ಪಾತೆರಕತೆ
community	ಸಮುದಾಯ
commute	ಸಂಚಾರ
companion	ಜೊತೆಗಾರೆ
company	ದೋಸ್ತಿ
company	ಕಂಪೆನಿ
compare	ಪಿರಾಕ್
comparison	ಹೋಲಿಕೆ
compassion	ಕನಿಕರ
compassionate	ಸಮಾಧಾನ ಮಾಲ್ಪುನು
compatible	ಬೆರೆಸರೆ ಸಾಧ್ಯ ಉಪ್ಪುನ
compete	ಸಂಪೂರ್ಣ
competent	ಸಮರ್ಥೆ
competition	ಪಂತ
competitive	ಸ್ಪರ್ದೆದ
complain	ದೂರು
complaint	ದೂರು
complement	ಶುಭಾಶಯ
complement	ಶುಭಾಶಯ ಪನ್ಪಿನಿ
complete	ಪೂರ
completely	ಸಂಪೂರ್ಣವಾದ್
complex	ಕಟ್ಟೋಣ
compliance	ಒಪ್ಪಿಗೆ
complicated	ಬಂಗದ
compliment	ಶುಭಾಶಯ
comply	ಅನುಸರಿಸುನು
composition	ಜೋಡಿಸಾವುನ್
compound	ವಠಾರ
comprehension	ಗ್ರಹಿಸಿನ
comprehensive	ಸಂಪೂರ್ಣ
compromise	ರಾಜಿ ಆಪಿನಿ
compromise	ರಾಜಿ
compulsory	ನಿಘಂಟ್
computer	ಕಂಪ್ಯೂಟರ್
concentrate	ಒಂಜೇ ಮನಸ್ಸ್
concept	ಪರಿಕಲ್ಪನೆ
concern	ಚಿಂತೆ
concern	ಕಳಕಳಿ
concerned	ಎತೆ
concert	ಸಂಗೀತ ಕಚೇರಿ
conclusion	ತೀರ್ಮಾನ
concrete	ಗಟ್ಟಿ ಉಪ್ಪುನ
concrete	ಗಟ್ಟಿ
concrete	ಕಾಂಕ್ರಿಟ್
condition	ಪರಿಸ್ಥಿತಿ
conditions	ನಿಯಮ
conduct	ನಡಪಾವುನು
conference	ಸಭೆ
confess	ತಪ್ಪೋಪೊನ್ನು
confidence	ಧೈರ್ಯ
confident	ಧೈರ್ಯ
confirm	ನಿಘಂಟ್
conflict	ಲಡಾಯಿ
confused	ತತ್ತಿರಿಬಿತ್ತಿರಿ
confusion	ಕೆಪ್ಪು ಮುಪ್ಪು
congrats	ಅಭಿನಂದನೆ
congratulation	ಸೊನ್ಮೆಲು
congratulations	ಎಡ್ಡೆ ಮದಿಪು
conjunction	ಜೋಡಿದಿನ
connect	ಸಂಪರ್ಕ
conquer	ವಿಜಯ
conscious	ಗೇನ
consciousness	ಸ್ವಯ
consent	ಒಪ್ಪಿಗೆ
consent	ಒಪ್ಪುನು
consequences	ಪರಿಣಾಮೊ
conservation	ಕಾಪುನು
conservative	ಸಂಪ್ರದಾಯದ
consider	ಗೆನ್ಪುಲ
considered	ಲೆಕ್ಕೊಗ್ ದೆತೊನ್ನು
consist	ಉಪ್ಪುನ
consistency	ಸ್ಥಿರವಾದುಪ್ಪುನು
consistent	ಸ್ಥಿರ
constant	ತಿರ
constantly	ಒಂಜೇ ಲೆಕ್ಕ
constipation	ಮಲ ಬದ್ಧತೆ
construction	ಕಟ್ಟುನು
consume	ಮುಕ್ಕುನ
consumption	ಖರ್ಚಿ
contact	ಸಂಪರ್ಕ
contact	ತಾಗುನು
contagious	ಪಗರುನ
contain	ಸೇರ್ದ್ ಉಪ್ಪುನ
contains	ಉಲೈಡು೦ಡು
contemporary	ಒಂಜೇಕಾಲದ
contempt	ತಿರಸ್ಕಾರ
content	ವಿಷಯ
contest	ಪಂತ
context	ಸಂದರ್ಭ
continent	ಭೂಖಂಡ
continue	ದುಂಬರಿಪು
contract	ಗುತ್ತಿಗೆ ದೆತ್ತೊನ್ನು
contract	ಗುತ್ತಿಗೆ
contrast	ವಿರುದ್ಧವಾದ್
contrast	ವಿರುದ್ಧ
contribute	ಸಕಾಯೊ
contribution	ಕೊಡುಗೆ
control	ಹಿಡಿತ
controversial	ವಿವಾದದ
convenience	ಬೋಡಿತ್ತಿಲೆಕ್ಕ
convenient	ಅನುಕೂಲ
conversation	ಪಾತೆರಕತೆ
convert	ಬದಲ್
convert	ಬದಲಾಪಿನಿ
convey	ತೆರಿಪಾವುನು
convince	ಒಪ್ಪಿಸಾವುನು
convinced	ಅರ್ಥಮಲ್ತೊಂದು
cook	ಅಟಿಲ್ ಮಲ್ಪುನು
cook	ಅಟಿಲ್
cooking	ಅಟಿಲ್ ಮಲ್ಪುನು
cool	ತಂಪುದ
cool	ತಂಪು
cooperation	ಸಹಕಾರ
cope	ತಾಂಗುನು
copper	ತಾಮ್ರ
core	ಮೂಲ
corn	ಜೋಳ
corner	ಮೂಲೆ
correct	ಸರಿ
cost	ಖರ್ಚಿ
costume	ಕುಂಟು
cottage	ಗುಡಾರ
cotton	ಪರ್ತಿ
couch	ಮಂಚ
cough	ತೆಮ್ಮ
could	ಸಾಧ್ಯತೆ
council	ಮಲ್ಲ ಸಭೆ
count	ಲೆಕ್ಕ
counter	ಎದುರಾದ್
country	ದೇಶ
countryside	ಹಳ್ಳಿದ
couple	ಜೋಡಿ
courage	ಧೈರ್ಯ
course	ನಡಕೆ
court	ಕೋರ್ಟು
courtesy	ವಿನಯ
cousin	ಒಪ್ಪ ಪುಟ್ಟಿನ
cover	ತೊಟ್ಟೆ
cover	ಮುಚ್ಚುನು
cow	ಪೆತ್ತ
coward	ಪುಕ್ಕೆಲೆ
cozy	ಆರಾಮದ
crab	ಜೆಂಜಿ
crack	ಪುಡವುನು
crack	ಪುಡವು
craft	ಕಲೆ
crap	ಪೀ
crash	ನಾಶ
crash	ಪೊಡಿ ಆಪಿನಿ
craving	ಆಶೆ ಮಲ್ಪು
crawl	ಪರಪುನು
crazy	ಮರ್ಲ್
create	ರಚನೆ
creative	ಸೃಜನಶೀಲ
credit	ಕ್ರೆಡಿಟ್
creep	ಪರಪು
creepy	ಪರಪುನ
crew	ತಂಡ
crime	ಅಪರಾಧ
cringe	ಕುಂದುನು
cringe	ಕುಂದು
crisis	ಸಮಸ್ಯೆ
criteria	ಆಧಾರ
critical	ತುರ್ತುದ
criticism	ಟೀಕೆ ಮಲ್ಪುನು
crop	ಬೊಳೆ
crops	ಬೊಳೆಕುಲು
cross	ದಾಂಟ್
cross	ದಾಂಟುನು
crow	ಕಕ್ಕೆ
crowd	ಗರ್ದಿ
crowded	ಗರ್ದಿ
crown	ಕಿರೀಟ
crucial	ಮುಖ್ಯ
cruel	ಜೋರು
cruise	ನೌಕೆದ ವಿಹಾರ
crush	ಪೊಡಿ
crush	ಪೊಡಿ ಮಲ್ಪುನು
cry	ಬುಲಿಪುನು
cucumber	ಕುಂಬುಡ
cuddle	ಆಡಿಗೆ ದೆಪ್ಪುನು
culture	ಸಂಸ್ಕೃತಿ
cunning	ಮೋಸದ
cup	ಕಪ್ಪು
cupboard	ಕಬಾಟ್
curb	ತಡೆಪುನು
cure	ಗುಣ ಆಪಿನಿ
cure	ಗುಣ
curfew	ಕರ್ಫ್ಯೂ
curiosity	ಕುತೂಹಲ
curious	ಕುತೂಹಲ
curly	ಕುರುಂಬಿಲ್
currency	ನೋಟು
current	ಕರೆಂಟ್
current	ಇತ್ತೆದ
currently	ಇತ್ತೆದ
curse	ಶಾಪ
curtain	ಪರದೆ
cushion	ಮೆತ್ತೆ
custom	ಕ್ರಮ
customer	ಗ್ರಾಹಕೆ
customs	ಕ್ರಮೊಕ್ಕುಲು
cut	ತುಂಡು ಮಲ್ಪುನು
cut	ತುಂಡು
cute	ಮುದ್ದು
cycle	ಸೈಕಲ್
cycling	ಸೈಕಲ್ ದೊಂಕುನಿ
dad	ಅಪ್ಪ
daddy	ಅಪ್ಪ
daily	ದಿನಾಲ
dairy	ಪೇರ್ದ
dam	ನೀರ್ದ ಸಂಕ
damage	ಹಾಳ್ ಮಲ್ಪುನು
damage	ಹಾಳ್
damn	ಶಾಪಿನು
damp	ಪಸೆ
dance	ನಲ್ಪು
danger	ಅಪಾಯ
dangerous	ಅಪಾಯಕಾರಿ
dark	ಕಡು
darling	ಪ್ರೀತಿದ
dash	ತಾಂಟುನು
data	ಡೇಟಾ
date	ಸಭೆ
date	ದಿನಾಂಕ
daughter	ಮಗಲ್
day	ದಿನ
dead	ಸೈದಿನಿ
deadline	ಅಖೇರಿದ
deaf	ಕೆಬಿ ಕೇನಂದಿನ
deal	ಒಪ್ಪಂದ
deal	ವ್ಯವಹಾರ
dear	ಪ್ರೀತಿದ
Dear All	ಮೋಕೆದ ಮಾತೆರ್ಲೆ
Dear Customer	ಪ್ರೀತಿದ ಗಿರಾಕಿ
Dear Parents	ಮೋಕೆದ ಪೋಷಕೆರೆ
Dear Sir	ಮೋಕೆದ ಸರ್
Dear students	ಮೋಕೆದ ಜೋಕುಲೆ
Dear Team	ಮೋಕೆದ ತಂಡೊ
death	ಮರಣ
debate	ಚರ್ಚೆ
debit	ಡೆಬಿಟ್
debris	ಗುಜುರಿ
debt	ಸಾಲ
decade	ಪತ್ತುವರ್ಷ
decay	ಕುರಿದಿನ
deceased	ಸಯ್ದಿನಾರ್
deceive	ಮೋಸ ಮಲ್ಪುನು
december	ಡಿಸೆಂಬರ್
decent	ಎಡ್ಡೇಂತಿನ
decide	ತೀರ್ಮಾನ
decided	ತೀರ್ಮಾನ
decision	ತೀರ್ಮಾನ
deck	ಜಗಲಿ
decline	ತಿರ್ತ್ ಬರ್ಪಿನಿ
decrease	ಕಡಮೆ ಆಪಿನಿ
dedicated	ಮೀಸಲು
dedication	ಸಮರ್ಪನೆ
deed	ಕರಾರು ಪತ್ರ
deep	ಗುಂಡಿ
deep	ಕಂತ
deer	ಜಿಂಕೆ
default	ಡಿಫಾಲ್ಟ್
defeat	ಸೋಲು
defeat	ಸೋಪುನು
defend	ರಕ್ಷಣೆ ಮಲ್ಪರೆ
define	ವಿವರಿಸುನು
definitely	ನಿಜವಾದ್
definition	ವಿವರಣೆ
degree	ಡಿಗ್ರಿ
delay	ಮಸ್ತ್ ಪೊರ್ತು ಆಪಿನಿ
delay	ನಿಧಾನ
delayed	ತಡೆವಾಯಿನ
delete	ಒರೆಸುನು
deliberate	ಬೋಡುಂದು
delicate	ನಾಜೂಕು
delicious	ರುಚಿಕಟ್ಟ್
delight	ಖುಷೀ
delighted	ಖುಶಿತ್ತ
deliver	ಬುಡುಗಡೆ
delivered	ಮುಟ್ಟುಂಡು
delivery	ಪೆದ್ದುನು
demand	ಬೇಡಿಕೆ ಸಲ್ಲಾವುನೆ
demand	ಬೇಡಿಕೆ
demanding	ವಿನಂತಿ
democracy	ಪ್ರಜಾತಂತ್ರೊ
demon	ಭೂತ
demonstrate	ಪ್ರದರ್ಶಿಸುನು
denied	ಬುಡ್ದು ಬುಡ್ತಿನ
density	ದಪ್ಪ
dentist	ಕೂಲಿದ ಡಾಕ್ಟ್ರು
deny	ಒಪ್ಪಿಗೆ ಇಜ್ಜಿ
department	ಇಲಾಖೆ
departure	ಪೋಪಿನಿ
depend	ಅವಲಂಬನೆ
deploy	ಜನ ದೀಪಿನಿ
deposit	ಠೇವಣಿ ದೀಪಿನಿ
deposit	ಠೇವಣಿ
depressed	ಬೇಜಾರ್
depression	ಬೇಜಾರ್
depth	ಕಂತ
describe	ಪನ್ಪಿನಿ
description	ವಿವರ
desert	ಪಡಿಲ್ ನೆಲ
deserve	ಅರ್ಹ
design	ವಿನ್ಯಾಸ
designation	ಸ್ಥಾನ
desire	ಬಯಕುನು
desire	ಬಯಕೆ
desk	ಡೆಸ್ಕ್
despair	ನಿರಾಸೆ
desperate	ಕುಂದುನು
despite	ಈತಾದ್ಲಾ
dessert	ಪಡಿಲ್ ನೆಲ
destination	ತಾಣ
destiny	ಹಣೆಬರ
destroy	ಹಾಳ್ ಮಲ್ಪುನು
destruction	ನಾಶ
detail	ವರ್ಣನೆ
details	ವಿವರ
detect	ನಾಡುನು
determination	ತೀರ್ಮಾನ
determine	ತೀರ್ಮಾನ
determined	ತೀರ್ಮಾನ ಆಯಿನ
devastated	ಮಂಡೆಬೆಚ್ಚ ಆಪಿನಿ
develop	ಬುಲೆವುನು
developed	ಬುಲೆಚ್ಚಿಲ್ ಆತಿನ
development	ಬುಲೆಚ್ಚಿಲ್
device	ಸಾಮಾನ್
devil	ಕುಲೆ
devoted	ಮೀಸಲಾತಿನ
Dhivehi	ಧಿವೇಹಿ
diabetes	ತೀಪೆ ಪಟಿಕೆ
diarrhea	ಜುಲಾಬು
diary	ದಿನಚರಿ
dictionary	ಶಬ್ದಕೋಶ
did	ಮಲ್ತೆ
die	ಸಯ್ಪಿನಿ
died	ಸಯ್ತಿನಿ
diet	ವನಸ್-ತಿನಸ್
difference	ಯತ್ಯಸ
different	ಬೇತೆ
difficult	ಬಂಗ
dig	ಗುಂಡಿ ತೋಡುನ
dignity	ಮರ್ಯಾದಿ
diligent	ಬೆನ್ಪಾಟಿಕೆದ
dinner	ರಾತ್ರೆದ ಒಣಸ್
dip	ಮುರ್ಕಾವುನು
direct	ಸೀದ
direction	ದಿಕ್ಕ್
director	ನಿರ್ದೇಶಕೆ
dirt	ಕಜವ್
dirty	ಕುರೆ
disable	ಲಾಚಾರ್ ಮಲ್ಪುನ
disabled	ಅಂಗಊನ
disappear	ಮಾಯ ಆಪಿನಿ
disappointed	ಬೇಜಾರ್
disaster	ಆಪತ್ತ್
discard	ದಕ್ಕ್
discharge	ಬುಡುಗಡೆ
discipline	ಶಿಸ್ತ್
discount	ಕಡಿತ
discover	ನಾಡ್ ಪತ್ತುನು
discrimination	ಬೇಧಭಾವ
discuss	ಪಾತೆರುಲೆ
discussion	ಚರ್ಚೆ
disease	ಸೀಕ್
diseases	ಖಾಯಿಲೆ
disguise	ವೇಷ ಪಾಡುನು
disgusting	ಬೇತೆ ಬೇತೆ
dish	ಒಣಸ್
dishes	ಭಕ್ಸ್ಹೊಲು
dismiss	ದೆತ್ತ್ ಪಾಡುನು
dispatch	ಕಡಪುಡುನು
display	ಪ್ರದರ್ಶನ
disposal	ವಿಲೇವಾರಿ
dispute	ಲಡಾಯಿ
distance	ಅಂತರ
distinct	ವಿಶೇಷವಾಯಿನ
distinguish	ಬೇತೆ ಬೇತೆ ಮಲ್ಪುನು
distress	ಬೇನೆ
distribution	ಪಾಲ್ ಮಲ್ಪುನು
district	ಜಿಲ್ಲೆ
disturb	ಉಪದ್ರ
ditch	ಬುಡ್ಪುನ
dive	ಲಾಗ್ಯುನು
diverse	ಬೇತೆ ಬೇತೆ ಆಪಿನಿ
diversity	ಮಸ್ತ್ ನಮೂನೆ
divide	ಭಾಗಮಲ್ಪು
divine	ದೈವಿಕ
divorce	ಬೇತೆ ಬೇತೆ ಆಪಿನಿ
divorce	ವಿಚ್ಛೇದನ
dizzy	ತರೆತಿರ್ಗುನು
do	ಮಲ್ಪುಲೆ
do you	ಈರ್ಲಾ
do you love me	ಈರ್ ಎನನ್ ಪ್ರೀತಿ ಮಾಲ್ಪಾರಾ
doctor	ಡಾಕ್ಟ್ರು
document	ಆಧಾರ
does	ಮಲ್ಪುವೆರ್
doesn't	ಯಾಪೊಗ್ಲಾ ಇಜ್ಜಿ
dog	ನಾಯಿ
Dogri	ಡೋಗ್ರಿ
doing	ಮಲ್ಪುನು
doll	ಗೊಂಬೆ
domain	ಡೊಮೈನ್
domestic	ದೇಶದ ಉಲಾಯಿದ
dominant	ಬಲ್ವಾಯಿನ
don't	ಇಜ್ಜಿ
Don't worry	ಎತೆ ಮಲ್ಪಡೆ
donate	ದಾನ ಕೊರು
done	ಮಲ್ತೆ
donkey	ಕತ್ತೆ
dope	ಅಮಲು
double	ರಡ್ಡ್ ಪಾಲ್
doubt	ಸಂಶಯ
doubt	ಸಂಶಯದ
dough	ಹಿಟ್ಟು
down	ತಿರ್ತ್
download	ಡೌನ್ ಲೋಡ್
draft	ಡ್ರಾಫ್ಟ್ ಮಲ್ಪುನು
draft	ಡ್ರಾಫ್ಟ್
drag	ಒಯ್ತೊಂದು
drain	ಅರಿಯುನು
drama	ನಾಟಕ
draw	ದೆಪ್ಪುನು
drawer	ಡ್ರಾವರ್
drawing	ಚಿತ್ರ
dread	ಭಯಂಕರ
dream	ಕನ
dream	ಕನ ಕಟ್ಟುನು
dress	ಅಂಗಿ-ಕುಂಟು
drill	ಕೊರೆಪುನ
drink	ಪರ್
drink	ಪರ್ಪಿನಿ
drive	ಗಾಡಿ ಬುಡ್ಪಿನಿ
drop	ಬುಡ್ಪಿನಿ
drop	ಪನಿ
dropped	ಬುಡಿಯೆ
drought	ಬರ್ರಗಾಲ
drunk	ಪರ್ತಿನ
dry	ನುಂಗೆಲ್
duck	ಬಾತುಕೋಳಿ
dude	ಗಮ್ಮತ್ತ್ ದ ಜನ
due	ಬಾಕಿ
due to	ಅಯಿಡ್ದಾವರ
dull	ಚಪ್ಪೆ
dumb	ಕೆಪ್ಪು
dump	ದಕ್ಕುನು
duration	ಸಮಯ
during	ಆ ಸಮಯೋಡ್
dust	ಧೂಳು
duty	ಕಜ್ಜ
dwell	ನಿಲೆ ಆಪಿನಿ
dying	ಸಯ್ಯೊಂದುಲ್ಲೆರ್
each	ಒಂಜೊಂಜಿ
each other	ಒರಿಯೊಗೊರಿ
eager	ಆತುರ
eagle	ಗಿಡಿ
ear	ಕೆಬಿ
earlier	ಬೇಗ
early	ಬೇಗ
earn	ಬೆನ್ಪಿನಿ
ears	ಕೆಮಿಕುಲು
earth	ಭೂಮಿ
earthquake	ಭೂಕಂಪ
ease	ಸುಲಭ
easily	ಸುಲಭವಾದು
east	ಮೂಡಾಯಿ
easy	ಸುಲಭ
eat	ತಿನ್
eating	ತಿನ್ಪಿನಿ
economic	ದೊಡ್ದುದ ವಿಸಯ
economy	ದುಡ್ಡು-ಕಾಸ್
edge	ಬರಿ
edit	ತಿದ್ದು
education	ಕಲ್ಪಾಟಿಗೆ
effect	ಪರಿಣಾಮ
effective	ಪ್ರಭಾವ
efficiency	ಸಾಮರ್ಥ್ಯ
efficient	ದಕ್ಷವಾಯಿನ
effort	ಪ್ರಯತ್ನೊ
egg	ತೆತ್ತಿ
eggplant	ಗುಳ್ಳ
ego	ಹಾಂಕಾರ
eight	ಎಣ್ಮ
eighteen	ಪದ್ನೆಣ್ಮ
eighty	ಎಣ್ಪ
either	ವೋವ್ವಾ೦ಡಲಾ
elaborate	ಬುಡ್ಪಾದ್
elbow	ಮುಂಗೈ
elder	ಹಿರಿಯೆರ್
elderly	ಹಿರಿಯೆರು
elegant	ಪೊರ್ಲುದ
element	ಮೂಲವಸ್ತು
elephant	ಆನೆ
eleven	ಪತ್ತೊಂಜಿ
eligible	ಬೋಡ್ಡಾಯಿನ
eliminate	ದೆತ್ತ್ ಪಾಡುನು
else	ಬೇತೆ
embarrassed	ಮುಜುಗರ
embarrassing	ನಾಚಿಗೆದ
embrace	ಆರಾದ್ ಪತ್ತುನು
emerge	ಉಂಡಾಪಿನಿ
emergency	ತುರ್ತು
emotional	ಮನಸ್ಸುಗು ತಾಗುನ
empathy	ಸಹಾನುಭೂತಿ
emphasis	ಮುಖ್ಯವಾಯಿನ
emphasize	ಒತ್ತಾಯ ಮಲ್ಪುನು
employee	ನೌಕರೆ
employees	ಕೆಲಸ ಮಲ್ಪುನಕುಲು
employer	ಕೆಲಸ ಕೊರ್ತಿನಾರ್
employment	ಬೇಲೆ
empty	ಖಾಲಿ
enable	ಕೆಲಸ ಮಲ್ಪಾವುನು
encounter	ಪ್ರತಿಭಟನೆ
encourage	ಬೆರಿ ಸಾಯ
end	ಅಖೇರಿ
endangered	ನಾಶೊಡುಪ್ಪುನ
endeavor	ಪ್ರಯತ್ನ
endurance	ಸಹಿಸುನು
endure	ಸಹಿಸುನು
enemy	ಶತ್ರು
energy	ಬಲ
engage	ಸೇರೊನ್ನು
engaged	ನಿಶ್ಚಯ ಆತಿನ
engagement	ನಿಶ್ಚಯ
engine	ಇಂಜಿನ್
engineer	ಇಂಜಿನಿಯರ್
English	ಇಂಗ್ಲಿಷ್
enhance	ಹೆಚ್ಚಾವುನು
enjoy	ಗಮ್ಮತ್
enormous	ಬೋಡಿತ್ತಿನಾತ್
enough	ಯಾವು
ensure	ಭರವಸೆ
enter	ಪೊಗ್ಗುನು
entertainment	ಗಮ್ಮತ್ತ್
enthusiasm	ಉಮೇದ್ ದ
enthusiastic	ಉಮೇದ್ ದ
entire	ಪೂರ
entitled	ಅರ್ಹೆ
entity	ವಸ್ತು
entrance	ಪೊಗ್ಗುನ
entrepreneur	ಬೇರದ
envelope	ಕವರ್
environment	ವಾತಾವರನೊ
envy	ಪಗೆನಾಯೆ
epic	ಮಲ್ಲಪದ್ಯ
epidemic	ಪಗರುನ ಕಾಯಿಲೆ
equal	ಸಮಾನ
equipment	ಸಾಮಾನ್
equity	ಸತ್ಯ-ಧರ್ಮ
equivalent	ಸಮನಾಯಿನ
eraser	ರಬ್ಬರು
error	ದೋಷ
escape	ಬಲ್ಪುನು
especially	ವಿಶೇಷವಾದ್
essay	ಪ್ರಬಂಧ
essence	ಸತ್ವ
essential	ಅಗತ್ಯ
establish	ಕಟ್ಟುನು
established	ಮಲ್ಲ ಮಲ್ಪುನು
estate	ಎಸ್ಟೇಟ್
estimate	ಅಂದಾಜಿ
estimated	ಅಂದಾಜು
etc	ಇಂಚಿತ್ತಿನವು
eternal	ಶಾಶ್ವತ
ethics	ನೀತಿ
evaluate	ಲಪ್ಪುನು
evaluation	ಲಪ್ಪುನು
even	ಅಂಡಲಾ
even though	ಆಂಡಲಾ
evening	ಬಯ್ಯ
event	ಲೇಸ್
eventually	ಕಡೇಕ್ಕ್
ever	ಏಪಲಾ
every	ಮಾತಲ
everybody	ಮಾತೆರ್ಲಾ
everyone	ಮಾತೆರ್ಲಾ
everything	ಮಾತಲ
evidence	ಸಾಕ್ಷಿ
evil	ಪಗೆಮಾನಿ
evolution	ಬುಲೆಚ್ಚಿಲ್
evolve	ಬುಲೆಚ್ಚಿಲ್ ಆಪಿನ
Ewe	ಈವ್
ex	ಕರಿನ
exact	ಸರಿಯಾದ್
exactly	ಸರೀಯಾದು
exam	ಪರೀಕ್ಷೆ
examine	ಪರೀಕ್ಷೆ ಮಲ್ಪು
example	ಉದಾರ್ಮೆ
exceed	ಮೀರಿನ
excellent	ಎಡ್ಡೇಂತಿನ
except	ಬುಡ್ದು
exception	ಬುಡ್ದು
excess	ಹೆಚ್ಚಿಗೆದ
excessive	ಹೆಚ್ಚಾಯಿನ
exchange	ಪಗರ್ ಸಾಟೆ
excited	ಸಂಭ್ರಮ
excitement	ಉಮೇದ್
exciting	ವಿಶೇಷದ
exclusive	ವಿಶೇಷ
excuse	ಮಾಪ್
excuse me	ಎನನ್ ಮಾಪ್ ಮಲ್ಪುಲೆ
execute	ಜಾರಿಗ್ ಕಣಪಿನಿ
execution	ಜಾರಿಗ್ ಕಣಪಿನಿ
executive	ಜಾರಿ ಮಲ್ಪುನು
exercise	ತಾಲೀಮ್
exercise	ಅಭ್ಯಾಸ
exhaust	ಮುಗಿಯುನು
exhausted	ಆಯಾಸ
exhibit	ಪ್ರದರ್ಶನ ಮಲ್ಪು
exhibition	ಪ್ರದರ್ಶನ
exist	ಉಪ್ಪುನ
existence	ಉಪ್ಪುನ
existing	ಉಪ್ಪುನ
exit	ಪಿದಯಿ ಪೋಪಿನ
expand	ಮಲ್ಲ ಮಲ್ಪುನು
expect	ನಿರೀಕ್ಷೆ
expected	ಎಣ್ಣಿದಿತ್ತಿನ
expenses	ಖರ್ಚಿಲು
expensive	ಪಿರಿಯ
experience	ಅನುಭೈಪ್ಪುನ
experience	ಅನುಭವ
experiment	ಪ್ರಯೋಗ
expert	ಕಸುಬುದಾಯೆ
expired	ದಿನ ಆತಿನ
explain	ಬುಡ್ಪಾದ್ ಪನ್ಪಿನಿ
explanation	ವಿವರನೆ
exploit	ಬಂಗ ಕೊರ್ಪಿನಿ
explore	ಶೋಧನೆ
export	ಪಿದಯಿ ಕಡಪುಡುನು
expose	ಬಿಚ್ಚುನ
exposed	ತೋಜಾವುನು
exposure	ತೋಜಿದ್ ಬರ್ಪಿನಿ
express	ಪನ್ಪಿನಿ
expression	ತೆರಿಪಾವುನು
extend	ಬುಲೆಪಾವುನು
extended	ಹೆಚ್ಚುಮಲ್ಪು
extension	ಹೆಚ್ಚ ಮಲ್ಪುನು
extent	ವ್ಯಾಪ್ತಿ
external	ಪಿದಾಯಿದ
extinct	ನಸಿಪುನಿ
extra	ಹೆಚ್ಚುದ
extract	ಸಾರ
extraordinary	ವಿಶೇಷವಾಯಿನ
extreme	ವಿಪರೀತ
extremely	ಅಕೇರಿದ
eye	ಕಣ್ಣ್
eyes	ಕಣ್ಣುಲು
fabric	ಕುಂಟು
fabulous	ವಿಶೇಷವಾಯಿನ
face	ಮೋನೆ
facilitate	ಅನುಕೂಲ ಮಲ್ಪು
facilities	ಸೌಕರ್ಯ
facility	ಸೌಕರ್ಯ
fact	ಅಂದಾಯಿನ
factor	ಅಂಶ
factory	ಕಾರ್ಖಾನೆ
facts	ವಾಸ್ತವಾಂಶೊಲು
fade	ಮಸುಕು
fail	ನಪಾಸ್
fail	ನಪಾಸ್:
failed	ಫೈಲ್ ಆತಿನ
failure	ಸೋಪುನು
faint	ಮತಿ ತಪ್ಪುನು
fair	ಸರಿಕಟ್ಟಾಯಿನ
fair	ಬೋಲ್ಚಟ್
fairly	ತಕ್ಕಮಟ್ಟುಗು
fairy	ಕಟ್ಟ್ ಕತೆ
faith	ನಂಬಿಕೆ
faithful	ನಂಬಿಗೆದ
fake	ಮೋಸ
fall	ಇಳಿತ
fall	ಬೂರುನಿ
false	ಸುಳ್ಳು
fame	ಪುದರ್ ಪೋಯಿನ
familiar	ಗುರ್ತದ
family	ಕುಟುಂಬ
famine	ಬರಗಾಲ
famous	ಪುಗಾರ್ತೆದ
fan	ಫ್ಯಾನ್
fan	ಬೆಂಬಲಿಗೆರ್
fancy	ಪೊರ್ಲುಗು
fantastic	ಸೋಜಿಗದ
far	ದೂರ
farewell	ವಿದಾಯ
farm	ತೋಟ
farmer	ಬೆನ್ನಿದಾಯೆ
fascinating	ಪೊರ್ಲುದ
fashion	ಶೋಕಿ
fast	ಉಪಾಸ
fast	ಬೇಗ
fat	ಚರ್ಬಿ
fat	ದಪ್ಪ
fatal	ವಿನಾಶಕಾರಿ
fate	ಹಣೆಬರ
father	ಅಮ್ಮೆ
fatigue	ಆಯಾಸ
fault	ತಪ್ಪು
favorite	ಇಷ್ಟ
favour	ಉಪಕಾರ
favourite	ಇಷ್ಟದ
fear	ಪೋಡಿಗೆ
fear	ಪೋಡ್ಯುನು
feast	ಪರ್ಬ
feather	ಗರಿ
feature	ನಮೂನೆ
feature	ವಿಶೇಷತೆ
features	ವಿಶೇಷೊಲು
february	ಫೆಬ್ರವರಿ
fed up	ಬೇಜಾರ್ ಆಪಿನಿ
fee	ಫೀಸ್
feed	ತೆನಸ್
feedback	ಪ್ರತಿಕ್ರಿಯೆ
feel	ಎಣ್ಣುನು
feeling	ಎಣ್ಣುನು
feet	ಕಾರ್
fell	ಬೂರಿನಿ
fellow	ಜೊತೆತ್ತಾಯೆ
felt	ಎಣ್ಣಿನಿ
female	ಪೊಣ್ಣು
fence	ಬೇಲಿ
fertile	ಫಲವತ್ತಾಯಿನ
festival	ಪರ್ಬ
fetch	ಕನರೆ
fever	ಜ್ವರ
few	ಕೆಲವು
fewer	ಕೆಲವೆ
fiance	ಮದಿಮೆ ಆಪುನಾರ್
fiction	ಕಥೆ
field	ಕಂಡ
field	ಕ್ಷೇತ್ರೊ
fierce	ಜೋರುದ
fifteen	ಪದ್ನೈನ್
fifty	ಐವ
fight	ಪೆಟ್ಟ್
fight	ಲಡಾಯಿ
fighting	ಲಡಾಯ್
figure	ಆಕೃತಿ
figure out	ನಾಡ್ದು ಪತ್ತುನ
file	ಫೈಲು
fill	ಜಿಂಜಾವು
filled	ಜಿಂಜಿದಿನ
film	ಫಿಲಂ
filthy	ನರಕ
finally	ಕಡೇಕ್ಕ್
finance	ದುಡ್ಡು-ಕಾಸ್
financial	ದುಡ್ಡು-ಕಾಸ್
find	ನಾಡ್ಲ
find out	ನಾಡ್ದು ಪತ್ತುನ
fine	ಲಾಯ್ಕುದ
fine	ಏಡ್ದೆ
finger	ಬೆರಲು
finish	ಮುಗಿಪುನು
finished	ಮುಗಿಂಡ್
fire	ತೂ
firm	ಸರಿ
firm	ಸರಿಯಾದ್
first	ಕಡಿರ್
first name	ಸುರುತ್ತ ಪುದರ್
fish	ಮೀನ್
fit	ಸರಿ
five	ಐನ್
fix	ತಿಕ್ಕಾವುನು
fixed	ಅಂಟ್ದಿನ
flag	ಬಾವುಟ
flash	ಬೊಲ್ಪು ರಟ್ತಾವುನ
flat	ಬಗ್ಗುನು
flat	ಚಟ್ಟೆ
flaw	ದೋಷ
flawless	ತಪ್ಪುದಾಂತಿನ
flee	ಬಲ್ತುದ್ ಪೋ
flesh	ಮಾಸ
flew	ರಾಪಿನಿ
flex	ಬಗ್ಗಾವುನು
flexible	ಬೋಡಿತ್ತಿಲೆಕ್ಕ ಬಗ್ಗುನ
flight	ವಿಮಾನ
flip	ತಿರ್ಗಾಪಿನ
flirt	ರಟ್ಟಾವುನು
flirting	ಪಂಚಾಯ್ತಿಗೆ ಮಾಲ್ಪುನ
float	ನೀಂದುನು
flood	ಬೊಲ್ಲ
floor	ನೆಲ
flour	ಪೊಡಿ
flow	ಪರಪುನು
flow	ಪರಪು
flower	ಪೂ
flu	ಜ್ವರ
fluent	ಸೀದ
fluently	ಸರಾಗ
fluffy	ಮೆತ್ತನೆದ
fluid	ನೀರು
fly	ರಾಪಿನಿ
focus	ದಿಟ್ಟಿ ದೀಪಿನಿ
focus	ದಿಟ್ಟಿ
fog	ಮೈಂದ್
foggy	ಮೈಂದ್ ದ
fold	ಮಡಿಕೆ
folks	ಜನಪದ
follow	ಬೆಂಬಲಿಸುನು
follow up	ಅನುಸರಣೆ ಮಾಲ್ಪುನೆ
following	ಅಯಿಡ್ದ್ ಬೊಕ್ಕ
food	ತಿನಸ್
fool	ದಡ್ಡೆ
foolish	ದಡ್ಡೆ
foot	ಕಾರ್
football	ಫುಟ್ಬಾಲ್
for	ಐಕು
For example	ಉದಾರನೆಗಾದು
for instance	ಉದಾಹರಣೆಗ್
for you	ನಿಕ್ಕಾದು
forbidden	ಬುಡ್ದ್ ಪೋತಿನ
force	ಒತ್ತಡ
forecast	ಸೂಚನೆ
forehead	ನೆತ್ತಿ
foreign	ಪಿದಾಯಿದ
forest	ಕಾಡ್
forever	ಯಾಪೊಗುಲಾ
forget	ಮದಪುನು
forgive	ಕ್ಷಮಿಪು
forgot	ಮದತ್ತಿನ
fork	ಫೋರ್ಕ್
form	ನಮೂನೆ
formal	ಸಂಪ್ರದಾಯದ
former	ಪಿರವುದ
fortunately	ಅದೃಷ್ಟವಶಾತ್
fortune	ನಸೀಬು
forty	ನಲ್ಪ
forty-two	ನಲ್ಪತ್ತರಡ್ಡ್
forward	ದುಂಬು
foster	ತಾಂಕುನು
fought	ಲಡಾಯಿ
found	ತಿಕ್ಕಿನ
foundation	ಪಂಚಂಗ
four	ನಾಲ್
fourteen	ಪದ್ನಾಲ್
fox	ಕುದುಕೆ
fragile	ನಾಜೂಕು
frame	ಫ್ರೇಮ್
framework	ಫ್ರೇಮ್ ವರ್ಕ್
fraud	ಮೋಸ
freak	ವಿಚಿತ್ರ
free	ಧರ್ಮೊಗು
free	ಉಚಿತ
freedom	ಸ್ವಾತಂತ್ರ್ಯ
freeze	ಗಟ್ಟಿ ಕಟ್ಟುನ
frequency	ಪದೇಪದೇ
frequent	ಅಪಗಪಗ
frequently	ಅಪಗಪಗ
fresh	ಪೊಸತ್ತ್
friday	ಶುಕ್ರಾರ
fridge	ಫ್ರಿಜ್ಜ್
friend	ದೋಸ್ತಿ
friendly	ದೋಸ್ತಿಕತೆಟ್
friends	ದೋಸ್ತಿಲು
friendship	ದೋಸ್ತಿಕತೆ
frightened	ಪೋಡಿದಿನ
frightening	ಪೋಡಿಪಾವುನು
frog	ಕಪ್ಪೆ
from	ಮುಲ್ತುರ್ದ್
front	ಎದುರು
frozen	ಗಟ್ಟಿ ಕಟ್ಟಿನ
fruit	ಪರ್ ನ್ದ್
frustrated	ಬೇಜಾರ್ದ
fuel	ಎಣ್ಣೆ
Fulfulde	ಫುಲ್‌ಫುಲ್ಡೆ
full	ಇಡೀ
fun	ತಮಾಷೆ
function	ಲೇಸ್
fundamental	ಮೂಲ
funeral	ಪುನ ಕೊಣೊಪಿನಿ
funny	ತಮಾಷೆ
fur	ರೋಮ
furious	ಜೋರುದ
furniture	ಮರತ್ತ ಸಾಮಾನ್
further	ನನಲಾ
furthermore	ನನಾತ್
future	ಭವಿಷ್ಯ
gain	ತಿಕ್ಕುನು
gain	ತಿಕ್ಕ್
game	ಗೊಬ್ಬು
gap	ಖಾಲಿ ಜಾಗೆ
garage	ಗರಾಜು
garbage	ಕಜವು
garden	ತೋಟ
garlic	ಬೊಳ್ಳುಳ್ಳಿ
gate	ಗೇಟ್
gather	ಒಟ್ಟುಸೇರುನಿ
gathering	ಒಟ್ಟಾಪಿನ
gauge	ಅಳತೆ
gave	ಕೊರ್ಪಿನಿ
gear	ಗೇರ್
gender	ಲಿಂಗ
general	ಮಾಮೂಲಿ
generally	ಸಾಮಾನ್ಯವಾದ್
generate	ಉಂಡು ಮಲ್ಪುನು
generation	ಪೀಳಿಗೆ
generous	ಮಲ್ಲ ಮನಸ್ಸ್
genius	ಬಿರ್ಸೆ
genre	ಪ್ರಕಾರ
gentle	ನೈಸ್
genuine	ನಿಜವಾಯಿನ
gesture	ಸನ್ನೆ
get	ಪಡೆವೊನ್
get dressed	ಕುಂಟು ತುತ್ತುನ
get up	ಲಕ್ಕ್
get well soon	ಬೇಗ ಹುಷಾರಾಲೆ
getting	ದೆತೊನ್ನು
ghost	ದೆವ್ವ
ghosting	ಕುಲೆ ಪತ್ತುನ
giant	ಮಲ್ಲ
gift	ಉಡುಗೊರೆ
ginger	ಸೂಂಠಿ
girl	ಪೊಣ್ಣು
girlfriend	ದೋಸ್ತಿ
give	ಕೊರ್
give up	ಬುಡ್ದು ಕೊರ್ಪಿನಿ
given	ಕೊರ್ತಿನ
glad	ಖುಷಿ
glance	ತೂಪಿನ
glass	ಕುಪ್ಪಿ
glasses	ಲೋಟೆಲು
glimpse	ಒರ ತೂಪಿನಿ
global	ಭೂಮಿದ
gloomy	ಕತ್ತಲೆದ
gloves	ಕೈಕವಚ
glow	ರೈಸುನು
glow	ರೈಸ್
glow up	ಹೊಳಪು
glue	ಅಂಟ್
go	ಪೋ
go ahead	ದುಂಬ್ ಪೋ
go away	ಅಂಚಿ ಪೋಲೆ
go to bed	ನಿದ್ರೆ ಮಾಲ್ಪುಲೆ
goal	ಲಕ್ಷ್ಯ
goals	ಉದ್ದೇಶೊಲು
goat	ಏಡ್
god	ದೇವೆರ್
god bless you	ದೇವೆರ್ ಎಡ್ಡೆ ಮಾಲ್ಪಡ್
goes	ಪೋಪುಂಡು
going	ಪೋಪಿನಿ
going to	ಪೋವೊಂದುಲ್ಲೆ
gold	ಬಂಗಾರ್
gone	ಪೋಯಿನಿ
gonna	ಉಲ್ಲ
goo	ಅಂಟು
good	ಏಡ್ಡೆ
good	ಏಡ್ಡೆದ
good afternoon	ಮಧ್ಯಾನ್ಹದ ಎಡ್ಡೆಪ್ಪುಲು
good bye	ಪೋದು ಬರ್ಪೆ
good day	ದಿನ ಎಡ್ಡೆ ಉಪ್ಪಾಡ್
good evening	ಬಯ್ಯದ ಎಡ್ಡೆಪ್ಪುಲು
good job	ಎಡ್ಡೆ ಬೇಲೆ
good looking	ತೂಯಾರೆ ಸೋಕು
good luck	ಎಡ್ಡೆ ಆವಡ್
good morning	ಎದ್ದೆ ಕಾಂಡೆ
good morning my love	ಕಾಂಡೆದ ಸೊಲ್ಮೆಲು ಎನ್ನ ಮೋಕೆಗು
good night	ಎಡ್ಡೆ ರಾತ್ರಿ
goodbye	ಪೋದ್ ಬರ್ಪೆ
goodnight	ಶುಭರಾತ್ರೆ
goods	ಸಾಮಾನುಲು
Google	ಗೂಗಲ್
Google Translate	ಗೂಗಲ್ ಭಾಷಾಂತರ
goose	ಬಾತುಕೋರಿ
gorgeous	ಭಾವ್ಯವಾಯಿನ
gossip	ಪಟ್ಟಾಂಗ
got	ತಿಕ್ಕಿನ
got it	ತಿಕ್ಕ್ ನ್ಡ್
government	ಸರ್ಕಾರ
grab	ಗೋರುನು
grade	ಗ್ರೇಡ್
gradually	ಕ್ರಮೇಣ
graduate	ಪದವೀಧರೆ
grain	ಕಾಳು
grant	ಕೊರ್ಪಿನಿ
granted	ಕೊರ್ತುಂಡು
grapes	ದ್ರಾಕ್ಷಿ
grasp	ಗ್ರಹಿಸುನ
grass	ಪಜಿರ್
grateful	ಋಣಿ
gratitude	ಎಡ್ಡೆಪ್ಪುಲು
grave	ಸಮಾಧಿ
gray	ಕಂದು
great	ಮಲ್ಲ
greed	ಆಸೆ
greedy	ಬಡಾತಿನ
green	ಪಚ್ಚೆ
greet	ಎದುಕೊನ್ನು
greeting	ಎದುಕೊನ್ನು
greetings	ಎಡ್ಡೆಪ್ಪುಲು
grey	ಬೊನ್ಯ
grid	ಜಾಲರಿ
grief	ದು:ಖ
grind	ತರೆಪುನು
grind	ಕಡೆಪಿನಿ
grip	ಹಿಡಿತ
grocery	ಸಾಮಾನ್
groom	ಮದಿಮಾಯೆ
gross	ಒಟ್ಟು
ground	ನೆಲ
group	ಗುಂಪು
grow	ಮಲ್ಲ ಆಪಿನಿ
growth	ಮಲ್ಲಾಪಿನಿ
grumpy	ಎದುರ್ ಗರ್ವದ
Guarani	ಗೌರಾಣಿ
guarantee	ಗ್ಯಾರಂಟಿ
guard	ರಕ್ಷಣೆ
guess	ಏನ್ಲ
guest	ಬಿನ್ನೆರ್
guidance	ಮಾರ್ಗದರ್ಶನ
guide	ತಾದಿ ತೋಜಾವುನು
guide	ತಾದಿ ತೋಜಾವುನ
guilty	ತಪ್ಪು
guy	ಜನ
guys	ಆಣುಲೇ
gym	ಗರಡಿ
habit	ಅಭ್ಯಾಸ
habitat	ನೆಲೆ
had	ಇತ್ತ್ಂಡ್
hail	ನಮಸ್ಕಾರ ಮಲ್ಪುನು
hair	ಕುಜಲ್
half	ಅರ್ಧ
hall	ಚಾವಡಿ
hand	ಕೈ
handle	ನಡಪುಡುನು
handsome	ಪೊರ್ಲು
hang	ನೇಲಾವುನು
hang out	ತಿರ್ಗಾಟ
happen	ಆಪಿನ
happened	ಉಂಡಾಯಿನ
happiness	ಖುಷಿ
happy	ಸಂತೋಷ
happy birthday	ಸಂತೋಷದ ಪುಟ್ಟಿನ ಪರ್ಬ
happy birthday to you	ಈರೆಗ್ ಪುಟ್ಟಿನ ಪರ್ಬದ ಶುಭೊಶೊಯಲು
happy new year	ಪೊಸ ವರ್ಸದ ಎಡ್ಡೆಪ್ಪುಲು
hard	ಗಟ್ಟಿ
hardly	ಕಷ್ಟೊಡು
hardly ever	ಏಪಲಾ ಇಜ್ಜಿ
harm	ಉಪದ್ರ
harm	ಉಪದ್ರ ಮಲ್ಪುನು
harmful	ಅಪಾಯದ
harmony	ಹೊಂದಾಣಿಕೆ
harsh	ಜೋರುಡ್
harvest	ಕೊಯ್ಪಿನ
has	ಪಡೆವೊಂದಿನ
hate	ಪಗೆತ
have	ಪಡೆವೊನ್
have a good day	ಇನಿತ ದಿನ ಎಡ್ಡೆ ಆವಡು
have a nice day	ದಿನ ಎಡ್ಡೆ ಆವಡ್
have breakfast	ತಿಂಡಿ ಆಂಡ್
have fun	ಗಮ್ಮತ್ ಮಲ್ಪು
have you eaten	ಯೀತಿಂದನಾ
having	ಹೊಂದುನು
hazard	ಅಪಾಯ
haze	ಮಸ್ಕ್
he	ಆಯೆ
he has	ಆರೆಗ್ ಉಂಡು
he is	ಆಯೆ
head	ಮಂಡೆ
headache	ತರೆಬೇನೆ
heal	ಗುಣ ಆಪಿನಿ
healing	ಗುಣ ಆಪಿನಿ
health	ಆರೋಗ್ಯ
healthy	ಆರೋಗ್ಯ
hear	ಕೇನ್
heard	ಕೇಂಡಿನ
heart	ತಿಗಲೆ
heat	ಬೆಚ್ಚನೆ
heat	ಬೆಚ್ಚ
heaven	ಸ್ವರ್ಗ
heavy	ದುನ್ನ
hectic	ಭಂಗದ
height	ಎತ್ತರ
heir	ವಾರಸು
heist	ಕಳ್ಳತನ
held	ಪತೊನ್ನು
hell	ನರಕ
Hello	ಅಂದೇ
hello dear	ಅಂದೇ ಮೋಕೆದಾಕುಲೆ
hello how are you	ಹಲೋ ಎಂಚ ಉಲ್ಲರ್
hello how are you doing	ಹಲೋ ಈರ್ ಎಂಚ ಉಲ್ಲರ್
helmet	ಹೆಲ್ಮೆಟು
help	ಸಹಾಯೊ
helpful	ಸಕಾಯೊದ
hence	ಅಂಚಾದ್
her	ಆಲೆನ
herd	ಕೇಣಿನ
here	ಮುಲ್ಪ
heritage	ಪರಂಪರೆ
hesitate	ನಾಚಿಗೆ
Hey	ಏ
Hi	ಏ
hi how are you	ಸೊಲ್ಮೆಲು, ಈರ್ ಎಂಚ ಉಲ್ಲರ್
Hi there	ಉಲ್ಲನಾ
hidden	ದಂಗಾಯಿನ
hide	ದೆಂಗಾವು
hierarchy	ಕ್ರಮವಾದ್
high	ಎತ್ತರ
highlight	ವಿಶೇಷ ಅಂಶ
hike	ಹೆಚ್ಚಾಪಿನಿ
hiking	ನಡಪುನು
hilarious	ಕುಸಿತ್ತ
hill	ಗುಡ್ಡೆ
him	ಅಯಗ್
hint	ಸೂಚನೆ
hip	ಸೊಂಟ
hips	ಸೊಂಟ
hire	ಬಾಡಿಗೆ
hiring	ಬಾಡಿಗೆದ
his	ಆಯನ
history	ಚರಿತ್ರೆ
hit	ಹಾಕ್
Hmm	ಹಮ್ಮ್
hobby	ಅಭ್ಯಾಸ
hold	ತಡೆವೊಂಲ
hold on	ಉಂತು
hole	ಒಟ್ಟೆ
holiday	ರಜೆ
hollow	ಟೊಳ್ಳು
home	ಇಲ್ಲ್
homework	ಇಲ್ಲಡೆ ಬೇಲೆ
honest	ನಂಬಿಕೆದ
honestly	ಪ್ರಾಮಾಣಿಕವಾದ್
Honey	ತಿಗತ ನೈ
Honey	ತೀಪೆದ
honor	ಮರ್ಯಾದೆ
hood	ಸೂಡಿದ
hook	ಕೊಕ್ಕೆ
hop	ಲಾಗ್ಯುನು
hope	ಭರವಸೆ
hope	ಭರವಸೆ ದೀಪಿನಿ
hopefully	ಭರವಸೆದ
hopeless	ಭರವಸೆಯೇ ಇಜ್ಜಿ
horizontal	ಅಡ್ಡೊಗು
horn	ಕೊಂಬು
horrible	ಪೋಡಿಗೆದ
horror	ಪೋಡಿಗೆ
horse	ಕುದುರೆ
hospital	ಆಸ್ಪತ್ರೆ
hospitality	ಉದಾರತೆ
host	ಇಲ್ಲ್‌ತಾಯೆ
host	ಬಿನ್ನೆರ್ ಕಟ್ಟುನು
hostile	ಪಗೆಮಾನಿ
hot	ಬೆಚ್ಚ
hotel	ಹೋಟೆಲ್
hour	ಗಂಟೆ
hours	ಗಂಟೆಲು
house	ಇಲ್ಲ್
household	ಇಲ್ಲದ
how	ಎಂಚ
how	ಏತ್
how about you	ಯೀ ಯೆಂಚ್ ಉಲ್ಲ
how are you	ಯೀರ್ ಎಂಚ ಉಲ್ಲರ್
how are you doing	ಯೀರ್ ಎಂಚ ಉಲ್ಲರ್
how are you doing today	ಯೀರ್ ಇನಿ ಎಂಚ ಉಲ್ಲರ್
how are you today	ಈರ್ ಇನಿ ಎಂಚ ಉಲ್ಲರ್
how do you do	ಈರ್ ಎಂಚ ಉಲ್ಲಾರ್
how is	ಎಂಚ ಉಂಡು
how many	ಏತು
how much	ಏತ್
how often	ಏತ್ ಸರ್ತಿ
how old are you	ಈರೆಗ್ ಏತ್ ಪ್ರಾಯ
how was your day	ಇರೆನ ದಿನ ಎಂಚ ಇತ್ತುಂಡ್
how was your night	ರಾತ್ರೆ ಎಂಚ ಕರೀಂಡ್
however	ಇಂಚಾ೦ಡಲಾ
hub	ಕೇಂದ್ರ
hubby	ಕಂಡೆನಿ
hug	ಆರಾದ್
hug	ಆರಾದ್ ಪತ್ತುನು
huge	ಮಲ್ಲ
human	ಮನುಷ್ಯೆ
humble	ವಿನಯ
humid	ಚಂಡಿ
humidity	ಪಸೆ
hundred	ನೂದು
hungry	ಬಡವು
hunt	ಬೋಂಟೆ
hurricane	ಚಂಡಮಾರುತ
hurry	ಬೇಗ
hurry up	ಬೇಕ ಮಾಲ್ಪುಲೆ
hurt	ಬೇನೆ
husband	ಕಂಡನೆ
hustle	ಗಡಿಬಿಡಿ ಮಲ್ಪುನು
hustle	ಗಡಿಬಿಡಿ
hut	ಗುಡ್ಚಿಲ್
hygiene	ನಿರ್ಮಲ
I	ಯಾನ್
I am	ಯಾನು
I am fine	ಯಾನ್ ಹುಷಾರ್ ಉಲ್ಲೆ
I can	ಯಾನ್ ಮಲ್ಪೆ
I can't	ಎಂಕ್ ಅವಂದ್
I do	ಯಾನ್ ಮಲ್ಪ್ವೆ
I do not know	ಎಂಕು ಗೊತ್ತು ಇಜ್ಜಿ
I do not understand	ಎಂಕ್ ಅರ್ಥ ಆಯಿಜಿ
I don't know	ಎಂಕ್ ಗೊತ್ತಿಜ್ಜಿ
I don't understand	ಎಂಕು ಅರ್ಥ ಆಪುಜ್ಜಿ
I don't understand what you mean	ಈರೆ ದಾದ ಪಣೊಂದುಲ್ಲಾರ್ ಎಂಕ್ ಗೊತ್ತಾವೊಂದುಜ್ಜಿ
I don't understand you	ಎಂಕ್ ಯೀ ಅರ್ಥ ಆಪುಜ್ಯ
I don’t know	ಎಂಕು ಗೊತ್ತು ಇಜ್ಜಿ
I don’t understand	ಎಂಕು ಅರ್ಥಾಪುಜ್ಜಿ
i guess	ಎನ್ನ ಸಂಶೊಯೊ
I had	ಎನಟ ಉತ್ತ್ಂಡ್
I have	ಎನಡ
I have been	ಯಾನ್ ಆವೊಂದುಲ್ಲೆ
I hope so	ಯಾನ್ ಅಂಚ ಗ್ರೇತೊಣ್ತೆ
I know	ಎಂಕು ಗೊತ್ತುಂಡು
I like	ಎಂಕ್ ಇಷ್ಟ
I like you	ಎಂಕ್ ಈ ಇಷ್ಟ
I love	ಯಾನ್ ಮೋಕೆ ಮಲ್ಪ್ವೆ
I love my big brother	ಯಾನ್ ಎನ್ನ ಅಣ್ಣನಿ ಮೋಕೆ ಮಲ್ಪ್ವೆ
I love my big sister	ಯಾನ್ ಎನ್ನ ಅಕ್ಕನಿ ಮೋಕೆ ಮಲ್ಪ್ವೆ
I love my father	ಯಾನ್ ಎನ್ನ ಪಪ್ಪನಿ ಮೋಕೆ ಮಲ್ಪ್ವೆ
I love my little brother	ಯಾನ್ ಎನ್ನ ಮೆಗ್ಗೆನಿ ಮೋಕೆ ಮಲ್ಪ್ವೆ
I love my little sister	ಯಾನ್ ಎನ್ನ ತಂಗಡಿನಿ ಮೋಕೆ ಮಲ್ಪ್ವೆ
I love my mother	ಯಾನ್ ಎನ್ನ ಅಮ್ಮನ್ ಮೋಕೆ ಮಲ್ಪ್ವೆ
I love you	ಯಾನ್ ಈರೆನ್ ಮೋಕೆ ಮಲ್ಪುವೆ
I love you so much	ಯಾನ್ ನಿನನ್ ಮಸ್ತ್ ಪ್ರೀತಿ ಮಲ್ಪುವೆ
I love you too	ಯಾನ್ಲಾ ನಿನನ್ ಮೋಕೆ ಮಲ್ಪುವೆ
I mean	ಯಾನ್ ಪನ್ಪಿನಿದಾದ ಪಂಡ
I miss you	ನಿನ್ನ ನೆನಪಾಪುಂಡು
I miss you so much	ಎಂಕ್ ನಿನನ್ ಮಸ್ತ್ ಎನ್ನುಂಡು
I see	ಓ ಅಂದಾ
I think	ಎಂಕ್ ತೋಜುಂಡು
I understand	ಎಂಕ್ ಅರ್ಥ ಆಅಪುಂಡು
I want	ಎಂಕ್ ಬೋಡು
I want to see you	ಯಾನ್ ನಿನ್ನಿ ತೂವೋಡು
I want you	ಎಂಕು ಈ ಬೋಡು
I was	ಯಾನ್
I will	ಯಾನ್
I would be	ಯಾನ್ ಆಪಿನಿ
I'm	ಯಾನ್
I'm fine	ಯಾನ್ ಹುಶಾರ್ ಉಲ್ಲೆ
I'm good	ಯಾನ್ ಹುಶಾರ್ ಉಲ್ಲೆ
I'm here	ಯಾನ್ ಮೂಲುಲ್ಲೆ
I'm sorry	ಎನನ್ ಮಾಪು ಮಲ್ಪುಲೆ
ice	ಐಸ್
ice cream	ಐಸ್ ಕ್ರೀಂ
idea	ಉಪಾಯ
ideal	ಮಾದರಿ
identical	ಒಂಜೇ ಲೆಕ್ಕಂತಿನ
identify	ಗುರ್ತ ಪತ್ತುನು
identity	ಗುರ್ತ
idiot	ಪೆದ್ದೆ
idle	ಫಲದಾಂತಿನ
if	ಒಂಜಿವೇಲೆ
ignore	ಸಸಾರ
ignore	ಬುಡ್ದು ಬುಡು
ill	ಸೀಕ್
illegal	ಕಾನೂನುಗ್ ವಿರುದ್ಧವಾಯಿನ
illness	ಸೀಕ್
Ilocano	ಇಕಾನೊ
image	ಬಿಂಬ
imagine	ಎಣ್ಣ್ ಗ
immediate	ಕೂಡ್ಲೆ
immediately	ಇತ್ತೆನೆ
immense	ಮಸ್ತ್
impact	ಪ್ರಭಾವೊಡು
impact	ಪ್ರಭಾವ
impatient	ತಾಳ್ಮೆ ಇಜ್ಜಾಂದಿನ
implement	ಜಾರಿಗ್ ಕಣಪಿನಿ
import	ಆಮದು ಮಲ್ಪುನ್
import	ಆಮದು
important	ಮುಖ್ಯ
impose	ವಿಧಿಸುನು
impossible	ಸಾಧ್ಯ ಇಜ್ಜಿ
impress	ಪ್ರಭಾವ
impression	ಅಭಿಪ್ರಾಯ
impressive	ಪ್ರಭಾವೀ
improve	ಸುಧಾರುನ
improvement	ಬುಲೆಚ್ಚಿಲ್
in	ಉಲಯಿ
in	ಅಯಿಟ್ಟ್
in addition	ಆತ್ ಅತ್ತಾಂದೆ
In fact	ಪಂಡಿ ಲೆಕ್ಕ
in front of	ಎದುರುಡು
in order to	ಅಯಿಕ್ ಸಮವಾದ್
inappropriate	ಆವಂದಿನ
incentive	ಬೆರಿಸಾಯ
incident	ಸಂಗತಿ
include	ಸೇರಾವು
including	ಸೇರ್ದ್
income	ಆದಾಯ
inconvenience	ಸರಿಕಟ್ಟ್ ಆವಂದಿನ
increase	ಅಭಿವೃದ್ಧಿ
increase	ಹೆಚ್ಚಾಪಿನಿ
increased	ಹೆಚ್ಚಾತುಂಡು
incredible	ನಂಬಿಕೆಗ್ ಮೀರಿನ
indeed	ನಿಜವಾದ್
independent	ಸ್ವತಂತ್ರ
India	ಭಾರತ
indicate	ತೆರಿಪಾವುನು
indigenous	ಊರ್ದ
individual	ಒಂಜೊಂಜಿ
industry	ಕಾರ್ಖಾನೆ
inevitable	ತಪ್ಪಾವರೆ ಆವಂದಿನ
infant	ಎಲ್ಯ ಬಾಲೆ
infection	ಅಂಟುರೋಗ
infinity	ಲೆಕ್ಕ ಉಪ್ಪಾಂದಿನಾತ್
inflammation	ಬಾತುನ
inflation	ಕಾಸ್ ಎರ್ಕುನು
influence	ಪ್ರಭಾವ
inform	ತೆರಿಪಾವುನು
information	ಮಾಹಿತಿ
ingredients	ಸಾಮಾನುಲು
inheritance	ಹಿರಿಯೆರ ಆಸ್ತಿ
initial	ಶುರುತ್ತ
initiative	ಶುರು ಮಲ್ಪುನು
injured	ಗಾಯ ಆತಿನ
injury	ಗಾಯ
innocent	ಸಾದ
innovation	ಪೊಸತನ
inquiry	ತನಿಖೆ
insane	ಮರ್ಲೆ
insect	ಪಾಂತೆ
insecure	ರಕ್ಷಣೆ ಇಜ್ಜಾಂದಿನ
insert	ಉಲಯಿ ಪಾಡುನು
inside	ಉಲಾಯಿ
insight	ಸೂಕ್ಷ್ಮ-ದೃಷ್ಟಿ
insist	ಒತ್ತಾಯ
insomnia	ನಿದ್ರೆ ಇಜ್ಜಾಂದಿನ
inspiration	ಸ್ಪೂರ್ತಿ
inspire	ಸ್ಫೂರ್ತಿ
install	ಸ್ಥಾಪಾನೆ
instance	ಉದಾರ್ಮೆ
instant	ಕ್ಷಣ
instead	ಬದಲಾದ್
instead of	ಬದಲಾದು
instructions	ಸೂಚನೆ
instrument	ಉಪಕರನೊ
insult	ಅವಮಾನ
insurance	ಇನ್ಸೂರ್
intact	ಮುಟ್ಟಂದಿನ
integrity	ಗಟ್ಟಿ
intellectual	ಬುದ್ದಿವಂತಿಕೆದ
intelligence	ಬುದ್ಧಿವಂತಿಕೆ
intelligent	ಬಿರ್ಸಾದಿಗೆ
intend	ಆ ಉದ್ದೇಶೊಗ್
intended	ಆ ಉದ್ದೇಶೊಗು
intense	ಜೋರು
intention	ಉದ್ದೇಶ
interact	ಪಾತೆರುಲೆ
interaction	ಯವಹಾರ
interest	ಉಮೇದ್
interested	ಉಮೇದ್
interesting	ಉಮೇದ್ ದ
interfere	ಅಡ್ಡಬರ್ಪಿನ
intermediate	ನಡುತ್ತ
internal	ಉಲಾಯಿದ
international	ಅಂತಾರಾಷ್ಟ್ರೀಯ
internship	ಇಂಟರ್ನ್ ಶಿಪ್
interpret	ಅರ್ಥಮಲ್ಪು
interpreter	ಭಾಷಾಂತರಕಾರೆರ್
interrupt	ತಡೆ
interview	ಸಂದರ್ಶನ
intimate	ಕೈತಲ್ದ
intimate	ದೋಸ್ತಿ
into	ಅಯಿತ್ತ ಉಲಾಯಿ
introduce	ಪೊಲಬು
introduce	ಪರಿಚಯ
introduction	ಪರಿಚಯ
introvert	ಅಂತರ್ಮುಖಿ
intuition	ಸಾಕ್ಷಾತ್ಕಾರ
invalid	ಅಮಾನ್ಯ
invent	ನಾಡ್ ಪತ್ತುನು
inventory	ದಾಸ್ತಾನ್
invest	ಕಾಸ್ ಪಾಡುನು
investigate	ನಾಡ್ದು ಪತ್ತು
invitation	ಆಹ್ವಾನ
invite	ಲೆಪ್ಪುನು
invoice	ಸಾಮಾನ್ದ ಪಟ್ಟಿ
invoice	ಸಾಮಾನ್ದ ಪಟ್ಟಿ ಮಲ್ಪುನು
involve	ಸೇರುನು
involved	ಒಟ್ಟುಗು ಉಪ್ಪುನ
iron	ಕರ್ಬದ
iron	ಕರ್ಬ
is	ಉಂಡು
island	ದ್ವೀಪ
isolated	ಒಂಟಿಯಾದುಪ್ಪುನಿ
issue	ಕೊರ್ಪುನಿ
issue	ಸಮಸ್ಯೆ
issues	ವಿಷಯೊಲು
it	ಉಂದು
it is	ಉಂದ್
it was	ಅವು
it's	ಉಂದು
it's ok	ಮಲ್ಲೆಜ್ಜಿ
It's okay	ಅವ್ವು ಆವು
item	ವಿಷಯ
items	ವಸ್ತುಲು
its	ಉಂದೆತ್ತ
I’m	ಯಾನು
jacket	ಜಾಕೆಟು
jail	ಜೈಲ್
January	ಜನವರಿ
jar	ಜಾರು
jaw	ನಿಜ್ಜಿ
jealous	ನಂಜಿ
jerk	ದುನ್ನ ಬೂರುನು
jewelry	ಪದ್ದೆಯಿ
job	ಕೆಲಸ
jogging	ನಡಪುನು
join	ಸೇರ್
joint	ಜೊತೆಟ್ಟ್
joke	ತಮಾಶಿ
journalist	ಪತ್ರಕರ್ತೆರ್
journey	ತಿರ್ಗಾಟ
joy	ಕುಷಿ
judge	ಜಡ್ಜ್
judge	ಜಡ್ಜೆರ್
juice	ಜ್ಯೂಸ್
july	ಜುಲೈ
jump	ಲಾಗ್ಯುನು
june	ಜೂನ್
junk	ಕಜವು
just	ಬಜೀ
just	ಇತ್ತೆ
just do it	ಆಯಿನ್ ಮಾಲ್ಪುಲ
justice	ನ್ಯಾಯ
justify	ನ್ಯಾಯ ಮಲ್ಪು
Kalaallisut	ಕಲಾಲಿಸುಟ್
keen	ಚುರುಕು
keep	ದೀಪಿನ
keep it up	ಇಂಚನೆ ದುಮ್ಬುಲಾ ಉಪ್ಪುಲ
kept	ದೀತಿನ
kettle	ಕೆಟಲಿ
key	ಕೀ
kick	ದೊಂಕು
kid	ಬಾಲೆ
kidding	ಜೋಕುಲಾಟಿಕೆ
kidney	ಮೂತ್ರಪಿಂಡ
kids	ಜೋಕುಲು
kill	ಕೆರು
kind	ಕರುಣೆ
kind	ಕರುಣೆಡು
kinda	ಒಂತೆ
kindly	ದಯ ಮಲ್ತುದು
kindness	ಎಡ್ಡೇತನ
king	ರಾಜೆ
kiss	ಪಪ್ಪಿ
kitchen	ಅಟಿಲ್ದ ಕೋಣೆ
kite	ಗಾಳಿಪಟ
kitten	ಪುಚ್ಚೆದ ಕಿನ್ನಿ
knee	ಮರಂಪು
knew	ಗೊತಾಂಡ್
knife	ಬಿಸತ್ತಿ
knight	ಸರ್ದಾರೆ
know	ಗೊತ್ತುಜ್ಜಿ
knowledge	ಪೊಲಬು
known	ಗೊತ್ತಿತ್ತಿನ
Konkani	ಕೊಂಕಣಿ
Krio	ಕ್ರಿಯೋ
label	ಪಟ್ಟಿ ಮಲ್ಪುನು
label	ಪಟ್ಟಿ
labor	ಕೆಲಸದಕುಲು
labour	ಬೇಲೆದಾಯೆ
lack	ಇಜ್ಜಾಂದೆ
lack	ಕುಂದೆಲ್
ladder	ಬಲ್ಲ್
lady	ಪೊಂಜೊವ್
laid	ಪಾಡ್ದುಂಡು
lake	ಮಲ್ಲ ಕಿರೆ
lamb	ಕುರಿತ ಕಿನ್ನಿ
lame	ಚೊಂಟೆ
lamp	ದೀಪ
land	ನೆಲಟ್ಟ್ ಉಂತುನು
land	ನೆಲ
landscape	ಭೂಮಿದ ದೃಶ್ಯ
language	ಭಾಷೆ
lap	ಪೊಟ್ಟೆ
large	ಮಲ್ಲ
last	ಕಡೇತ್ತ
last but not least	ಕಡೇತ ಅಂಡ ಕಡಮೆದ ಅತ್ತು
last name	ಅಕೇರಿದ ಪುದರ್
late	ತಡ
lately	ಇಂಚಿಪ್ಪ
later	ಬೊಕ್ಕ
latest	ಪೋಸಾತ್ತು
latter	ಬೊಕ್ಕದ
laugh	ತೆಲಿಕೆ
laughing	ತೆಲಿಪುನು
laughter	ತೆಲಿಕೆ
launch	ಶುರು ಮಲ್ಪುನು
laundry	ಅರ್ದರೆ
law	ಕಾನೂನು
lawn	ಪಜಿರ್
lawyer	ವಕೀಲೆ
lay	ದೀಪಿನಿ
layer	ಬಾವೆ
layout	ನಕ್ಷೆ
lazy	ಉದಾಸೀನ
lead	ಗುರ್ಕಾರೆ
lead	ದುಂಬು
leader	ಗುರ್ಕಾರೆ
leaf	ಇರೆ
leak	ಸೋರುನ
lean	ತೆಲ್ಪುದ
leap	ಲಾಗ್ಯುನು
learn	ಕಲ್ಪುನು
learning	ಕಲಿಪಾಟಿಕೆ
lease	ಗೇಣಿ
least	ಕಡಿಮೆ
leather	ಚರ್ಮ
leave	ಬುಡ್ಲ
leave	ಬುಡ್ಪಿನ
leaves	ಇರೆಕ್ಕುಲು
led	ತಾದಿ ತೋಜಾವುನು
left	ಬುಡ್ಪಿನಿ
left	ಎಡ
leg	ಕಾರ್
legacy	ಪಿರಾಕ್ ದ
legal	ನ್ಯಾಯೊದ
legend	ಮಲ್ಲ ಜನ
legit	ನಿಜವಾಯಿನ
leisure	ಪುರುಸೊತ್ತು
lend	ಕೊರು
length	ಉದ್ದ
less	ಒಂತೆ
lesson	ಪಾಠ
let	ಬುಡು
letter	ಕಾಕಜಿ
lettuce	ಸೊಪ್ಪು
level	ಮಟ್ಟ
leverage	ಗಳಸುನ
liability	ಸಾಲ
library	ಲೈಬ್ರೆರಿ
lick	ನಕ್ಕುನು
lie	ಸ್ಸುಳ್ಳು ಪನ್ಪಿನಿ
lie	ಸುಳ್ಳು
lies	ಸುಳ್ಳು
life	ಬದ್ ಕ್
lift	ದೆರ್ಪು
lift	ದೆರ್ಪುನು
light	ಬೊಲ್ಪಾತ್
light	ಬೊಲ್ಪು
light	ಬೋಲಗು
lightning	ಮಿಂಚ್ ದಕ್ಕುನು
like	ಮೆಚ್ಚಿಗೆ
like	ಅಂಚೆನೇ
likely	ಅಂಚೆನೆ
likewise	ಅಂಚೆನೆ
line	ಗೆರೆ
Lingala	ಲಿಂಗಾಲಾ
link	ಕೊಂಡಿ
lion	ಸಿಮ
liquid	ನೀರ್
list	ಪಟ್ಟಿ
listen	ಕೇನ್ಲೆ
listening	ಕೇಣುನು
literally	ಸಾಹಿತ್ಯಕವಾದ್
literature	ಲೆಕ್ಚರರ್
litter	ಕಜವು
little	ಎಲ್ಯ
live	ಬದುಕುನ
live	ಬದುಕು
liver	ತಂಕ
lives	ಬದುಕು
living	ಉಪ್ಪುನು
living room	ಚಾವಡಿ
lizard	ಪಲ್ಲಿ
load	ದುನ್ನ
loaf	ಸುತ್ತಾಟ
loan	ಸಾಲ
local	ಊರುದ
location	ಸ್ಥಳ
lock	ಬಂದ್
lockdown	ಲಾಕ್ ಡೌನ್
log	ಮರತ್ತ ತುಂಡು
lol	ಲೋಲ್
lonely	ಒರಿಯೆ
long	ಉದ್ದ
long time no see	ಮಸ್ತು ಸಮಯ ಆಂಡು ತೂವಂದೆ
look	ರೂಪ
look	ತೂಲ
loop	ಸುತ್ತು ಪಾಡುನು
loose	ಸಡಿಲ್
loose	ಸಡಿಲಾಪಿನಿ
lord	ದೊರೆ
lose	ನಷ್ಟೊ
loss	ನಷ್ಟ
lost	ನಷ್ಟ
lot	ಮಸ್ತ್
loud	ಜೋರ್
lounge	ಆರಾಮದ ಕೋಣೆ
love	ಮೋಕೆ
love	ಪ್ರೀತಿ
love you	ನಿನನ್ ಮೋಕೆ ಮಲ್ಪುವೆ
lovely	ಪೊರ್ಲುದ
low	ಕಡಿಮೆ
lower	ತಿರ್ತುದ
loyal	ನಂಬಿಕೆದ
loyalty	ನಿಯತ್ತ್
luck	ನಸೀಬು
lucky	ಅದೃಷ್ಟ
Luganda	ಲುಗಾಂಡಾ
luggage	ಸಾಮಾನ್
lump	ಮುದ್ದೆ
lunch	ಮಧ್ಯಾಹ್ನದ ಒಣಸ್
lungs	ಶ್ವಾಸಕೋಶ
luxury	ವೈಭೋಗ
lying	ಸುಳ್ಳು ಪನ್ಪಿನಿ
machine	ಮೆಶಿನ್
mad	ಮರ್ಲ್
madam	ಮೇಡಮ್
made	ಮಲ್ದಿನಿ
magazine	ಮ್ಯಾಗಝಿನ್
magnificent	ಭಾರಿ ಪೊರ್ಲುದ
maid	ಕ್ಲಸದಾಲ್
main	ಮುಖ್ಯವಾಯಿನ
maintain	ನಡಪಾವುನು
maintenance	ತೂವೊನ್ನು
Maithili	ಮೈಥಿಲಿ
major	ಮಲ್ಲಾದಿಗೆ
major	ಮಲ್ಲ
majority	ಬಹುಮತ
make	ತಯಾರ್
make	ಮಲ್ಪು
make up	ಬನಾವಟು
male	ಆನು
mall	ಮಾಲ್
man	ಆಂಜೊವ್
manage	ನಡಪುಡುನು
management	ಆಡಳಿತ
manager	ಮೇನೇಜರ್
mandatory	ನಿಘಂಟ್
manifest	ಸ್ಪಷ್ಟ
manipulate	ಚಾತುರ್ಪೊಡು ಗಳಸುನು
manner	ಅಂಚೆನೆ
manual	ಕೈಟ್ಟ್
many	ಮಸ್ತ್
many	ಜಿಂಜ
many many happy returns of the day	ಈ ಸಂತೋಷಡ ದಿನ ತಿರುಗುದು ಬರಡು
march	ಮಾರ್ಚಿ
margin	ಗೆರೆ
market	ಸಂತೆ
marriage	ಮದ್ಮೆ
married	ಮದಿಮೆ ಆತಿನ
mask	ಮಾಸ್ಕ್
mass	ಗರ್ದಿ
massive	ಕಂಡಾಬಟ್ಟೆ
master	ಮಾಸ್ಟರ್
match	ಸಮ ಆಪಿನ
match	ಸಮ
mate	ಜೊತೆ
material	ವಸ್ತುಲು
math	ಲೆಕ್ಕ
matter	ವಿಷಯ
matter	ಗಣ್ಯವಾಯಿನ
maturity	ಪ್ರಬುದ್ಧ
may	ಸಾಧ್ಯತೆ
may	ಸಾಧ್ಯ
maybe	ಆದುಪ್ಪು
me	ಯಾನು
me too	ಯಾನ್ಲಾ
meal	ಒಣಸ್
mean	ದೆತ್ತ್ ಪಾಡಿನ
mean	ಅಂಚ ಪಂಡ
meaning	ಅರ್ಥ
means	ಪಂಡ
meant	ಪಂಡ
meanwhile	ಅಂಚೆನೆ
measure	ಮಾಪು ದೆಪ್ಪುನು
measures	ಮಾಪುಲು
meat	ಮಾಸ
medical	ಮರ್ದುದ
medicine	ಮರ್ದ್
meditation	ಧ್ಯಾನ
medium	ಮಾಧ್ಯಮ
meet	ಸೇರುನ
meeting	ಸಭೆ
Meiteilon	ಮಿಥಿಲೋನ್
melt	ಕರವುನ್
memories	ನೆನಪುಲು
memory	ನೆನೆಪುಶಕ್ತಿ
mental	ಮಾನಸಿಕ
mention	ಪನ್ಪಿನಿ
mentioned	ಪಣ್ತಿನ
mentor	ಗುರುಕುಲು
merchant	ಬೇರದಾಯೆ
mercy	ಕನಿಕರ
merely	ಮಾತ್ರ
merry christmas	ಕ್ರಿಸ್ಮಸ್ ದ ಎಡ್ಡೆಪ್ಪುಲು
mess	ಗ್ಜಿಜಿಬಿಜಿ
message	ಸಂದೇಶ
messy	ಗಜಿಬಿಜಿ
metal	ಲೋಹ
method	ವಿಧಾನ
mice	ಎಲಿ
middle	ನಡುತ್ತ
midnight	ನಡುಇರ್ಲ್
might	ಆದಿಪ್ಪು
mild	ಸಾದಾರ್ಣ
milestone	ಮೈಲಿಕಲ್ಲು
military	ಸೇನೆ
milk	ಪೇರ್
million	ಪತ್ತು ಲಕ್ಷ
mind	ಆಲೋಚನೆ
mind	ಮನಸ್ಸ್
mindset	ಯೋಚನೆ
mine	ಎನ್ನ
mingle	ಬೇರೆವುನ
minor	ಎಲ್ಯ
minute	ನಿಮಿಷ
minutes	ನಿಮಿಶೊಲು
miracle	ಪವಾಡ
mirror	ಕನ್ನಡಿ
miscellaneous	ಬಾಕಿದ
mischievous	ತುಂಟಾಟಿಕೆದ
miserable	ಸುಖದಾಂತಿನ
misery	ಅತಿ ಆಸೆ
miss	ಕುಮಾರಿ
miss	ತಪ್ಪುನ
miss you	ನಿನನ್ ಎಣ್ಣುಂಡ್
missing	ತತ್ತ್ ಪೋತುಂಡ್
mission	ಯೋಜನೆ
mist	ಪನಿ
mistake	ತಪ್ಪು
Mizo	ಮಿಜೋ
mobile	ಮೊಬೈಲ್
mock	ತಮಾಷೆ ಮಲ್ಪುನು
model	ಮಾದರಿ
moderate	ಸಾಧಾರಣ
moderate	ಸಾಧಾರಣವಾದ್
modern	ಪೊಸತ್ತ್
modest	ಸಾಧಾರಣ
moist	ಪಸೆ ಇತ್ತಿನ
moisture	ನೀರ್ದ ಪಸೆ
mold	ಅಚ್ಚಿ ದೆಪ್ಪುನು
mold	ಅಚ್ಚಿ
mole	ಮಜೆ
mom	ಅಮ್ಮ
moment	ಪೊರ್ತು
monday	ಸೋಮಾರ
money	ಕಾಸ್
monitor	ತೂವೊನ್ನು
monkey	ಮಂಗೆ
month	ತಿಂಗೊಲ್
mood	ಉತ್ಸಾಹ
moody	ಮೂಡಿ
moon	ಚಂದ್ರೆ
moral	ನೀತಿ
more	ಜಾಸ್ತಿ
moreover	ಈತ್ ಅತ್ತಾಂದೆ
morning	ಕಾಂಡೆ
mortgage	ಅಡವು
most	ಹೆಚ್ಚಿನ
mostly	ಹೆಚ್ಚಿನಂಶ
mother	ಅಪ್ಪೆ
motion	ನಡಕೆ
motivation	ಸ್ಪೂರ್ತಿ
mountain	ಪರ್ವತ
mouse	ಎಲಿ
mouth	ಬಾಯಿ
move	ನಡಕೆ
movement	ಚಲನೆ
movie	ಸಿನಿಮಾ
mrs	ಶ್ರೀಮತಿ
much	ಮಸ್ತ್
mud	ಮಣ್ಣ್
mug	ಮಗ್
muscle	ಸ್ನಾಯು
museum	ವಸ್ತು ಸಂಗ್ರಹ
mushroom	ಲಾಂಬು
music	ಪದ್ಯ
must	ಆವೊಡೇ
must	ಅಗತ್ಯದ
mute	ಕೆಪ್ಪು
mutual	ಒರಿಯಗೊರಿ
my	ಎನ್ನ
My dear	ಎನ್ನ ಮೋಕೆದ
my friend	ಎನ್ನ ದೋಸ್ತಿ
My hovercraft is full of eels	ಎನ್ನ ತೆಪ್ಪ ಈಲ್ ಮೀನುಡು ಜಿಂಜುದುಂಡು
my love	ಎನ್ನ ಪ್ರೀತಿ
my name is	ಎನ್ನ ಪುದರ್
my pleasure	ಎನ್ನ ಭಾಗ್ಯ
myself	ಯಾನು
mysterious	ಗುಟ್ಟುದ
mystery	ಗುಟ್ಟುದ
myth	ಕಟ್ಟ್ ಕತೆ
nail	ಉಗುರು
naive	ಕಪಟದಾಂತಿನ
name	ಪುದರ್
narrative	ಪನೊನ್ದು ಪೋಪಿನಿ
narrow	ಸಪೂರ
nasty	ಕುರೆತ್ತ
national	ದೇಶದ
nationality	ರಾಷ್ಟ್ರೀಯತೆ
native	ಮೂಲ
natural	ಸಹಜ
nature	ಸ್ವಭಾವ
nausea	ವಾಂಕದೆ
near	ಕೈತಲ್
nearby	ಕೈತ್ತಲ್ದ
nearly	ಮುಟ್ಟೋಡು
neat	ನಿರ್ಮಲ
necessary	ಅಗತ್ಯವಾದ್
neck	ಕಂಟೆಲ್
necklace	ಕಂಠಿ
need	ಬೋಡು
need	ಅಗತ್ಯ
negative	ನೆಗೆಟಿವ್
neglect	ಸಸಾರ
negotiate	ಪಾತೆರಕತೆ
neighbor	ನೆರೆಕರೆ
neighborhood	ನೆರೆಕರೆ
neither	ಒವುಲಾ ಅತ್ತ್
nephew	ಅರ್ವದೆ
nerd	ದಡ್ದೆ
nervous	ಪೋಡಿಗೆ
nest	ಗೂಡು
net	ಬಲೆ
network	ನೆಟ್ವರ್ಕ್
neutral	ತಟಸ್ಥ
never	ಏಪಲಾ
never give up	ಯಾಪಲ ಸೋಲ್ ಒಪ್ಪಡ
never mind	ಮಲ್ಲೆಜ್ಜಿ
nevermind	ಮಲ್ಲೆಜ್ಜಿ
nevertheless	ಆಂಡಲ
new	ಪೊಸತ್ತ್
news	ವಾರ್ತೆ
next	ಬೊಕ್ಕ
next to	ಅಯಿಡ್ದ್ ಬೊಕ್ಕ
nice	ಪೊರ್ಲು
nice to meet you	ಯೀರೆಗು ತಿಕುದು ಸಂತೋಷಾ೦ಡ್
niece	ಮರ್ಮಾಲ್
night	ರಾತ್ರೆ
nightmare	ಪಡ್ಕೆ ಕನ
nine	ಒರಂಬ
nineteen	ಪತ್ತೊರ್ಮ್ಬ
ninety	ಸೊಂಪ
No	ಇಜ್ಜಿ
No	ಬೋಡ್ಚಿ
no problem	ಮಲ್ಲೆಜ್ಜಿ
no way	ಬೇತೆ ಉಪಾಯ ಇಜ್ಜಿ
nobody	ಯೇರ್ಲಾ ಇಜ್ಜಿ
noise	ಶಬ್ದ
noisy	ಕಿರಿಕಿರಿ
none	ಒವುಲಾ ಅತ್ತ್
noon	ಮದ್ದೆನ
nope	ಇಜ್ಜಿ
nor	ಇಜ್ಜಿಡ
normal	ಕ್ರಮಬದ್ಧವಾಯಿನ
north	ಬಡಕಾಯಿ
nose	ಮೂಂಕು
nostalgic	ನಿನೆಪುದ ಭಾವನೆ
not	ಇಜ್ಜಿ
not at all	ಇಜ್ಜ್ಯೇ ಇಜ್ಜಿ
not bad	ಪಡ್ಕೆ ಅತ್ತು
Not now	ಇತ್ತೆ ಅತ್ತ್
not yet	ಈತ್ ನೆಟ್ಟ
note	ಕಾಸ್
note	ಸೂಚನೆ
noted	ಪುದಾರ್ಪೋಯಿನ
nothing	ದಾಲಇಜ್ಜಿ
notice	ತೂಪಿನಿ
notice	ನೋಟೀಸ್
noticed	ಗಮನಗ್ ಬತ್ತ್ಂಡ್
noun	ನಾಮಪದ
nouns	ನಾಮಪದ
novel	ಕಾದಂಬರಿ
november	ನವೆಂಬರ್
now	ಇತ್ತೆ
nowadays	ಇಂಚಿಪ್ಪ
nuisance	ಕಿರಿಕಿರಿ
null	ಸೊನ್ನೆ
numb	ಮರಕಟ್ಟುನು
number	ಸಂಖ್ಯೆ
nurse	ದಾದಿ
nut	ಕಾಯಿ
nutmeg	ಜಾಯಿಕಾಯಿ
nutrition	ಪೋಷಣೆ
oath	ಪ್ರಮಾಣ
obesity	ತೋರ ಉಪ್ಪುನು
obey	ನಡಪುಡುನು
object	ವಸ್ತ್
objective	ಉದ್ದೇಶ
obligation	ಜಬದ್ದಾರಿ
obscure	ಅಸ್ಪಷ್ಟ
observation	ವೀಕ್ಷಣೆ
observe	ತೂಪಿನಿ
obsessed	ತೋರದ
obsession	ಬ್ರಾಂತ್
obsolete	ಗಳಸಂದಿನ
obstacle	ಅಡೆತಡೆ
obtain	ತಿಕ್ಕುನು
obtained	ತಿಕ್ಕಿನ
obvious	ತೋಜುನ
obviously	ತೋಜುಲೆಕ್ಕ
occasionally	ಯಾಪಲ ಒರ
occupation	ಉದ್ಯೋಗ
occupied	ಆಕ್ರಮಣ ಮಲ್ತಿನ
occur	ಉಂಡಾಪುನಿ
occurred	ಉಂಡಾತಿನ
occurs	ಉಂಡಾಪಿನಿ
ocean	ಕಡಲ್
october	ಅಕ್ಟೋಬರ್
odd	ಬೇತೆನೆ
odds	ಅಲ್ಪ ಮುಲ್ಪ ಒರಿದಿನ
of	ಐತ
of course	ಸತ್ಯವಾದ್
off	ರಜೆ
offensive	ಆಕ್ಷೇಪದ
offer	ಉಡುಗೊರೆ
office	ಆಪೀಸ್
official	ಅಧಿಕಾರಿ
often	ಅದಗದಗ
Oh	ಒಹ್
oh really	ಅಂದ್ ನಿಜವಾದ್ಲಾ
oil	ಎಣ್ಣೆ
ok	ಆವು
ok dear	ಆವು ಮೋಕೆದಾಲೆ
ok honey	ಆವು ಮೋಕೆದಾಲೆ
ok my love	ಅವು ಎನ್ನ ಮೋಕೆದ
okay	ಆವು
okay baby	ಆವು ಬಾಲೆ
okay dear	ಆವು ಮೋಕೆದಾರೆ
okay honey	ಆವು ಹನಿ
okay my love	ಆವು ಎನ್ನ ಮೋಕೆದಾಲೆ
old	ಪರತ್ತ್
on	ಶುರು
on	ಮಿತ್ತುಗು
once	ಒರ
one	ಒಂಜಿ
one language is never enough	ಒಂಜೇ ಭಾಷೆ ಯೆದಾಲ ಯಾವುಜ್ಜಿ
onion	ನೀರುಳ್ಳಿ
online	ಆನ್ಲೈನ್
only	ಒಂಜೆ
open	ತೋಜಾವುನು
operation	ಅಪ್ರೆಷನ್
opinion	ಅಭಿಪ್ರಾಯ
opportunities	ಅವಕಾಶ
opportunity	ಅವಕಾಶ
opposite	ಎದುರಾದ್
optimistic	ಆಶಾವಾದಿ
option	ಆಯ್ಕೆ
optional	ಇಚ್ಛೆದ
or	ಅಥವಾ
orange	ಕಿತ್ತಲೆ
orange	ಕಿತ್ತಲೆ ಬಣ್ಣ
order	ಕ್ರಮ
order	ಆದೇಶ
ordinary	ಮಾಮೂಲಿ
organization	ಸಂಸ್ಥೆ
orientation	ದೃಷ್ಟಿಕೋನ
origin	ಮೂಲ
original	ಮೂಲ
Oromo	ಓರೊಮೊ
orphan	ಅನಾಥೆ
other	ಬೇತೆ
otherwise	ಇಜಿಂಡ
ought	ಬೋಡು
our	ನಮ್ಮ
Our mission: to enable everyone, everywhere to understand the world and express themselves across languages.	ನಮ ಉದ್ದೇಶ : ಪ್ರತಿ ಒರಿಯೇಲಾ ಜಗತ್ತುನಿ ಅರ್ಥ ಮಲ್ತೊಂದು, ತಮ್ಮ ಭಾಷೆಡೆ ಯವಹಾರ ಲಾಯ್ಕುದೆ ಮಲ್ಪಿಲೆಕ್ಕ ಆವೋಡು
Our mission: to organize the world's information and make it universally accessible and useful.	ನಮ ಉದ್ದೇಶ : ಪ್ರಪಂಚದ ವಿಷಯನಿ ಒಟ್ಟು ಮಲ್ತುದು ಅವು ಮಾತೆರೆಲಾ ತೆರಿಪಿನ ಲೆಕ್ಕ ಮಲ್ತುದು ಉಪಯೋಗ ಆಪ್ ಲೆಕ್ಕ ಮಲ್ಪುನ
out	ಸೋಪುನು
out	ಪಿದಾಯಿ
outcome	ತೀರ್ಮಾನ
outfit	ಅಟ್ಟಣೆ
outgoing	ಪಿದಯಿ ಪೋಪಿನ
outlet	ಒಟ್ಟೆ
outline	ರೂಪರೇಖೆ
outside	ಪಿದಾಯಿ ಮೈ
outstanding	ಬಾಕಿ
oven	ಓವನ್
over	ಮುಗಿಂಡ್
over	ಮಿತ್ತ್
over there	ನಣ ಆಡೆ ಪೋಯಿ
overall	ಒಟ್ರಾಸಿ
overcome	ಗೆಂದುನು
overthinking	ಜಾಸ್ತಿ ಯೋಚನೆ
overwhelmed	ಉರ್ಕರುನು
overwhelming	ತಡೆಯರಾವಂದಿನ
owe	ದೆತೊನ್ನು
owl	ಗುಮ್ಮೆ
own	ಸ್ವಂತ
own	ಸ್ವಂತದ
owner	ಧಣಿ
ox	ಬೋರಿ
pace	ನಡಕೆ
pack	ಕಟ್ಟುನ
package	ಪೊಟ್ಟಣ
paid	ಕೊರ್ತಿನ
pain	ಬೇನೆ
paint	ಪೈಂಟ್
painting	ಚಿತ್ರ
pair	ಜೋಡಿ
pale	ತೆಲ್ಪು
palm	ಅಂಗೈ
pan	ಪಾನ್
pandemic	ಸಾಂಕ್ರಾಮಿಕ ಸೀಕ್
panic	ಗಾಬರಿ
pants	ಪ್ಯಾಂಟುಲು
paper	ಕಾಕಜಿ
paradise	ಸ್ವರ್ಗ
parallel	ಸಮಾಂತರ
parcel	ಕಟ್ಟ
pardon	ಮಾಪು ಮಲ್ಪುಲೆ
parents	ಅಪ್ಪೆ ಅಮ್ಮೆ
park	ತೋಟ
parrot	ಗಿಣಿ
parsley	ಪಾರ್ಸ್ಲಿ
part	ತುಂಡು
participate	ಭಾಗವಹಿಸುನು
particular	ಅಯಿತ್ತನೆ
particularly	ವಿಶೇಷವಾದ್
partner	ಜೊತೆ
party	ಪಾರ್ಟಿ
pass	ಪೋಪಿನಿ
pass	ಪಾಸ್
passage	ತಾದಿ
passed	ಪಾಸ್ ಆತೆರ್
passion	ಮೋಕೆ
passionate	ಬಲವಾಯಿನ
passive	ಜಡ
password	ಪಾಸ್ ವರ್ಡ್
past	ಕರಿನ
patch	ಪತ್ತೆ ಪಾಡುನು
path	ಸಾದಿ
pathetic	ದುಃಖದ
patience	ತಾಳ್ಮೆ
patient	ತಾಳ್ಮೆ
patient	ರೋಗಿ
pattern	ನಮೂನೆ
pause	ವಿರಾಮ
pavement	ನಡಪುನ ಸಾದಿ
pay	ಸಂದಾವು
payment	ದುಡ್ಡು ಕೊರ್ಪುನಿ
peace	ಶಾಂತಿ
peaceful	ಶಾಂತ ರೀತಿಡ್
peach	ಪೀಚ್
peak	ಕೊಡಿ
pear	ಪೆರಂಕಾಯಿ
peas	ಆವಡೆ
peculiar	ವಿಚಿತ್ರವಾಯಿನ
pee	ಪಟಿಕೆ
pee	ಪಟಿಕೆ ಮಯ್ಪುನೆ
peel	ಜಾರಾವುನು
peer	ದೋಸ್ತುಲು
peers	ದೋಸ್ತಿಲು
pen	ಪೆನ್ನ್
pencil	ಪೆನ್ಸಿಲ್
pending	ಬಾಕಿ
people	ಜನ
pepper	ಎಡ್ದೆ ಮುಂಚಿ
perceive	ತೆರಿಯೊನ್ನು
perception	ಗ್ರಹಿಕೆ
perfect	ಸರಿಯಾಯಿನ
perform	ನಡಪಾವುನು
performance	ನಡಪಾದ್
perhaps	ಬಹುಶ
period	ಕಾಲ
permanent	ಶಾಶ್ವತ
permission	ಒಪ್ಪಿಗೆ
permit	ಅಪ್ಪಣೆ
perseverance	ರಕ್ಷಣೆ
persistent	ಕುಡ ಕುಡ
person	ಜನ
personal	ಸ್ವಂತ
personality	ವ್ಯಕ್ತಿತ್ವ
perspective	ದೃಷ್ಟಿಕೋನ
persuade	ಖಾತ್ರಿ
pervert	ತಪ್ಪಾವುನ
pet	ಮೋಕೆದ
phase	ಮುಟ್ಟು
phenomenon	ಇದ್ಯಮಾನ
philosophy	ತತ್ವ ಜ್ಞಾನ
phone	ಫೋನ್
photo	ಪಟ
phrase	ನುಡಿಕಟ್ಟು
physical	ಶರೀರದ
pick	ಪೆಜ್ಜಿ
pick up	ಪೆಜ್ಜುನು
picture	ಚಿತ್ರ
piece	ತುಂಡು
pieces	ತುಂಡುಲು
pig	ಪಂಜಿ
pigeon	ಪುದ
pile	ರಾಶಿ
pillow	ತಲೆಂಬು
pilot	ಪೈಲೆಟ್
pin	ಪಿನ್ನ್
pineapple	ಪರಂಗಿ ಪೆಲಕಾಯಿ
pink	ಗುಲಾಬಿ
pit	ಗುರಿ
pitch	ಲಾಗ್ಯುನು
pitch	ಪಿಚ್
pity	ಕನಿಕರ
place	ಜಾಗೆ
place	ದೀಲ
places	ಜಾಗೆಲು
plague	ಪ್ಲೇಗ್
plain	ಸಾದಾ
plan	ಯೋಜನೆ
plane	ಖಾಲಿ
plant	ದೈ
plant	ನಡ್ಪಿನಿ
plants	ದೈಕುಲು
plate	ಪ್ಲೇಟ್
platform	ರಂಗಸ್ಥಳ
play	ಗೊಬ್ಬು
play	ಆಟ
playing	ಗೊಬ್ಬುನ
pleasant	ಸುಖವಾಯಿನ
please	ಸಂತೋಷ ಬುದ್ಪಾಡು
please	ದಯಮಲ್ತುದು
pleased	ಖುಷಿತ್ತ
pleasure	ಖುಷಿ
pledge	ಅಡವು
plenty	ಮಸ್ತ್
plot	ನೆಲ
plug	ಪ್ಲಗ್
plum	ಪ್ಲಮ್
plumber	ಪ್ಲಂಬರ್
plural	ರಡ್ಡ್
podcast	ಪಾಡ್ಕಾಸ್ಟ್
poem	ಪದ್ಯ
poetry	ಪದ್ಯ
point	ವಿಷಯ
poison	ಇಷ
police	ಪೋಲಿಸ್
policy	ವಿಮೆ
policy	ಕ್ರಮ
polite	ಎಡ್ಡೆಂತಿನ
pollution	ಮಾಲಿನ್ಯ
pond	ಕೆದು
pool	ಕೆದು
poop	ಬಚ್ಚೆಲ್
poor	ಬಡವೆ
pop	ಪಾಪ್
popular	ಪುಗಾರ್ತೆದ
population	ಜನಸಂಖ್ಯೆ
pork	ಪಂಜಿದ ಮಾಸ
porridge	ಗಂಜಿ
port	ಬಂದರ್
position	ಪರಿಸ್ಥಿತಿ
positive	ಪಾಸಿಟಿವ್
possess	ಸ್ವಾಧೀನ
possession	ಸ್ವಾಧೀನ
possessive	ಗುರ್ಕಾರಿಕೆದ
possible	ಸಾಧ್ಯತೆ
post	ಟಪ್ಪಾಲ್
postpone	ದುಂಬು ಪಾಡುನು
potato	ಬಟಾಟೆ
potential	ಸಾಧ್ಯ ಉಪ್ಪುನ
pound	ಗುದ್ದು
poverty	ಬಡಪತ್ತ್
power	ಪವರ್
powerful	ಭಾರಿ ಶಕ್ತಿದ
practical	ಪ್ರಯೋಗದ
practice	ಅಭ್ಯಾಸ
praise	ಪುಗರ್
prank	ತಮಾಷೆ
pray	ಪ್ರಾರ್ಥನೆ ಮಲ್ಪುನು
precious	ಬಿಲೆ ಕಟ್ಟರಾವಂದಿನ
precise	ಸರಿಯಾಯಿನ
precisely	ಸರಿಯಾದ್
predict	ಅಂದಾಜಿ
prefer	ಇಷ್ಟದ
preference	ಮಾನ್ಯತೆ
pregnant	ಬಂಜಿನಾಲ್
prejudice	ಪೂರ್ವಾಗ್ರಹ
premises	ಜಾಗೆ
premium	ಮಸ್ತ್ ಬಿಲೆ ಇತ್ತಿನ
preparation	ಅಟ್ಟಣೆ
prepare	ತಯಾರಿ
prepared	ತಯಾರಾಂಡು
preposition	ಸುರುತ್ತ
presence	ಉಪ್ಪುನು
present	ಇತ್ತೆದವು
present	ಇತ್ತೆ
present	ಇತ್ತೆದ
presentation	ಉಡುಗೊರೆ
preserve	ಜೋಕೆ ಮಲ್ಪುನ
president	ಅಧ್ಯಕ್ಷೆರ್
press	ಪ್ರೆಸ್
press	ಒತ್ತುನು
pressure	ದುನ್ನ
pretend	ನಟನೆ
pretty	ಪೊರ್ಲುದ
pretty	ಶಾಂತ
prevent	ತಡೆಪುನು
previous	ದುಂಬುದ
prey	ಬೋಂಟೆ
price	ಬಿಲೆ
pride	ಪೆರ್ಮೆ
priest	ಪಾದ್ರಿ
primary	ಸುರುತ್ತ
prime	ಮುಖ್ಯದ
princess	ರಾಜನಮಗಲ್
principal	ಪ್ರಿನ್ಸಿಪಾಲ್
prior	ಸುರುಕ್ಕ್
priority	ಆದ್ಯತೆ
prison	ಜೈಲು
privacy	ಖಾಸಗಿ
private	ಖಾಸಗಿ
private	ಸ್ವಂತದ
privilege	ಸವಲತ್ತ್
prize	ಬಹುಮಾನ
probably	ಅಂದಾಜಿ
problem	ಸಮಸ್ಯೆ
procedure	ಕ್ರಮ
proceed	ದುಂಬು ಪೋಪಿನಿ
process	ಕ್ರಮೊತ್ತ
process	ಕ್ರಮ
produce	ಉತ್ಪತ್ತಿ
product	ಉತ್ಪನ್ನ
production	ತಯಾರಿ
profession	ಕೆಲಸ
professional	ಕಸುಬುದಾಯೆ
profile	ವಿವರ
profit	ಲಾಭ
profound	ಬೋಡಾಯಿನಾತು
progress	ಬುಲೆಚ್ಚಿಲ್
project	ಯೋಜನೆ
prominent	ಮುಖ್ಯವಾಯಿನ
promise	ಭರವಸೆ
promise	ಭರವಸೆ ಕೊರ್ಪಿನಿ
promote	ಬೆರಿ ಸಾಯ
promotion	ಪ್ರಚಾರ
prompt	ಅಪಗನೆ
prone	ತೊಂದರೆದ
pronouns	ಸರ್ವ ನಾಮ
pronunciation	ಉಚ್ಚಾರಣೆ
proof	ಸಾಕ್ಷಿ
proper	ಸರಿಯಾಯಿನ
properly	ಸರಿಯಾದ್
properties	ಆಸ್ತಿಲು
property	ಆಸ್ತಿ
proposal	ಪೊದು
prospect	ಅಂದಾಜಿ ಮಲ್ಪುನು
prosperity	ಬುಲೆಚ್ಚಿಲ್
prosperous	ಏಳಿಗೆ
protect	ಕಾಪುನು
proud	ಪೆರ್ಮೆ
prove	ಸಾಬೀತ್ ಮಲ್ಪುನು
provide	ಒದಗಾವುನ
provided	ಕೊರ್ನುನ್ದಾಂಡ
province	ಪ್ರಾಂತ್ಯ
provision	ಸೌಕರ್ಯ
puberty	ಹದಿಹರೆಯೊ
public	ಪಬ್ಲಿಕ್
pull	ಒಯಿಪು
pumpkin	ಕುಂಬುಡ
punctual	ಸರಿಯಾಯಿನ
pupil	ಶಿಸ್ಯೆ
purchase	ದೆತೊನುನ್
pure	ಶುದ್ಧ
purple	ನೇರಳೆ
purpose	ಉದ್ದೇಶ
purse	ಪರ್ಸ್
pursue	ಮುಂದರಿಪುನು
pursuit	ಪ್ರಯತ್ನ
push	ನೂಕು
put	ಪಾಡ್
qualification	ವಿದ್ಯೆ
quality	ಲಕ್ಷಣ
quantity	ಪ್ರಮಾಣ
quarantine	ಪ್ರತ್ಯೇಕ
quarrel	ಲಡಾಯಿ
quarrel	ಕಾದುನಿ
quarter	ಕಾಲ್
Quechua	ಕ್ವೆಚುವಾ
queen	ರಾಣಿ
queer	ವಿಲಕ್ಷಣ
query	ಪ್ರಶ್ನೆ
question	ಪ್ರಶ್ನೆ
queue	ಸಾಲ್
queue	ಸಾಲ್ಡ್
quick	ಬೇಗ
quickly	ಬೇಗ
quiet	ಶಾಂತ
quilt	ಬುಡು
quit	ಬುಡ್ಲೆ
quite	ಬೋಡಾಯಿನಾತ್
quite	ಸಂಪೂರ್ಣವಾದ್
quiz	ಪಂಥ
quotation	ಕೊಟೇಶನ್
quote	ಕ್ರಯ ಮಲ್ಪುನು
quote	ಕ್ರಯ
quotes	ಹೇಳಿಕೆ
rabbit	ಮುಗ್ಗೆರ್
race	ಪಂತ
rage	ಗರ್ವ
rain	ಬರ್ಸ
raise	ಉದಿಪುನು
raise	ಲಕ್ಕುನು
raised	ಮಲ್ಲ ಮಲ್ತಿನ
ran	ಬಲ್ಪುನು
random	ಒಟ್ರಾಸಿ
range	ವ್ಯಾಪಿ
rapid	ಬೇಗ
rapidly	ಬೇಗೊಡ್
rare	ಅಪರೂಪ
rarely	ಅಪರೂಪೊಗು
rash	ವರಟು
rat	ಎಲಿ
rate	ರೇಟ್
rather	ಅತ್ತಾನ್ದೆ
ratio	ಬಿಲೆ
rational	ತರ್ಕ ಇತ್ತಿನ
raw	ಪಜ್ಜಿ
re	ರೆ
reach	ಮುಟ್ಟುನು
reached	ಮುಟ್ಟಿಯ
reaction	ಪ್ರತಿಕ್ರಿಯೆ
read	ಓದು
reading	ಓದುನು
ready	ತಯಾರ್
real	ನಿಜ
reality	ನಿಜೊಟ್ಟು
realize	ನಿಜ ಸಂಗತಿ ಗೊತ್ತಾಪಿನಿ
realized	ಸತ್ಯತೆರಿಯುನಿ
really	ನಿಜವಾದು
rear	ಪಿರವು
reason	ಕಾರಣ
reasonable	ನ್ಯಾಯಸಮ್ಮತ
recall	ಪಿರಲೆಪ್ಪು
receipt	ರಸೀದಿ
receive	ದೆತ್ತೊನು
receive	ಎದುಕೊನ್ನು
received	ತಿಕ್ಕುಂಡು
recent	ಇಂಚಿಪ್ಪದ
recently	ಇಂಚಿಪ್ಪ
reception	ಸಂಭಂದದ ಸಮ್ಮನ
recipe	ಅಟಿಲ್ದ ಕ್ರಮ
reckless	ಅಜಾಗ್ರತೆ
recognition	ಗುರ್ತಿಸಾವುನು
recognize	ಗುರ್ತ
recommend	ಶಿಫಾರಸ್
recommended	ಶಿಫಾರಾಸ್ ಮಲ್ತಿನ
record	ರೆಕಾರ್ಡ್ ಮಲ್ಪುನು
record	ರೆಕಾರ್ಡ್
recover	ವಸೂಲಿ
recovery	ಚೇತರಿಸುನ
rectangle	ಆಯತ
red	ಕೆಂಪು
redeem	ಪಿರ ತಿಕ್ಕುನು
redemption	ರಿಡೆಂಪ್ಶನ್
reduce	ಕಡಿಮೆ
redundant	ಅಧಿಕದ
refer	ಆಧಾರ
reference	ಪೊಲಬು ಮಲ್ಪಾವುನು
reflect	ಬಿಮ್ಬೋ
reflection	ಪ್ರತಿಬಿಂಬ
refrain	ತಡೆತ್ತೊನು
refrigerator	ಫ್ರಿಜ್ಜ್
refund	ಪಿರ ತಿಕ್ಕುನು
refuse	ನಿರಾಕರಿಸುನು
refused	ನಿರಾಕರಣೆ
regard	ಲೆಕ್ಕೊಗು ದೆತ್ತೊನ್ನು
regarding	ಅಯ್ಕ್ಕಾತ್ರ
regardless	ಲೆಕ್ಕೊಗ್ ಇಜ್ಜಾಂದೆ
regards	ಎಡ್ಡೆಪ್ಪುಲು
region	ಪ್ರದೇಶ
register	ರಿಜಿಸ್ಟರ್
regret	ಯಸನ
regular	ಯಾಪಲ
regularly	ಏಪಲ
reject	ತಿರಸ್ಕಾರ ಮಲ್ಪುನು
relate	ಸಂಬಂಧ
related	ಸಂಬಂಧದ
relationship	ಸಮ್ಮಂದ
relative	ಸಂಬಂಧ
relative	ಸಂಬಂಧದಕುಲು:
relatives	ಸಂಬಂಧದಕುಲು
relax	ಅರಾಮ
release	ಬುಡ್ಗಡೆ
release	ಬುಡ್ಗಡೆ ಮಲ್ಪುನು
released	ಬುಡುಗಡೆ ಆಯಿನ
relevant	ಬೋಡಾಯಿನ
reliable	ವಿಶ್ವಾಸದ
relief	ಬುಡುಗಡೆ
relieve	ಬುಡುಗದೆ
relieved	ಬುಡುಗಡೆ ಆಂಡ್
religion	ಧರ್ಮ
religious	ಧಾರ್ಮಿಕ
reluctant	ಇಷ್ಟ ಇಜ್ಜಾಂದಿನ
rely	ನಂಬುದು
remain	ಒರಿದಿನ
remaining	ಒರಿದಿನ
remarkable	ಗಮನ ಕೊರ್ಪಿನ
remedy	ಪಿರಿ
remember	ನೆನೆಪು
remind	ನೆಂಪು ಮಲ್ಪುನು
reminder	ನೆನಪು ಮಲ್ಪಾವುನ
remote	ರಿಮೋಟ್
remove	ದೆಪ್ಪುನು
render	ಪನ್ಪಿನಿ
rent	ಬಾಡಾಯಿ
repair	ರಿಪೇರಿ
repeat	ಕುಡಒರ
replace	ಬದಲ್ಗ್
reply	ಜವಾಬು
reply	ಜವಾಬ್ ಕೊರ್ಪಿನಿ
report	ವರದಿ
represent	ಪರವಾದ್
reputation	ಪುಗಾರ್ತೆದ
request	ಬಿನ್ನಯೊ
require	ಅಗತ್ಯ
required	ಬೋಡಿತ್ತಿನ
rescue	ರಕ್ಷಣೆ ಮಲ್ಪುನು
research	ಸಂಶೋಧನೆ
resemble	ಅಯಿತ ಲೆಕ್ಕನೆ
resentment	ಸಮಾಧಾನ ಇಪ್ಪಂದಿನ
reservation	ಮೀಸಲಾತಿ
reserve	ಮೀಸಲು
resident	ನಿವಾಸಿ
resign	ರಾಜೀನಾಮೆ
resilience	ಇಲಾಸ್ಟಿಕ್
resilient	ಸಾಮರ್ಥಿಕೆ
resist	ತಡೆಪುನು
resistance	ತಡೆ
resolution	ತೀರ್ಮಾನ
resolve	ಪರಿಹಾರ ಮಲ್ಪು
resort	ಆಶ್ರಯ
resources	ಸಂಪನ್ಮೂಲೊಲು
respect	ಮರ್ಯಾದೆ
respond	ಎದುರುತ್ತರ
response	ಪ್ರತಿಕ್ರಿಯೆ
responsibility	ಜಬದ್ದಾರಿ
responsible	ಜಬದ್ದಾರಿ
rest	ಒರಿದಿನ
rest	ಆರಾಮ
rest in peace	ನೆಮ್ಮದಿದು ಆರಾಂ ಮಲ್ಪು
restaurant	ಹೊಟೇಲ್
restore	ಮರು ಸ್ತಾಪನೆ
restrict	ತಡೆ ಮಲ್ಪು
result	ಫಲಿತ
results	ಫಲಿತಾಂಶ
resume	ಒರಿಪಾವುನು
retail	ಚಿಲರೆ
retain	ಒರಿಪುನು
retention	ಕಟ್ಟುನು
retired	ನಿವೃತ್ತ್ತ್ತಿ ಆತಿನಾರ್
retreat	ಆಶ್ರಯ ಸ್ಥಾನ
retrieve	ಪಿರ ದೆತೊನ್ನು
return	ಪಿರ ಬರ್ಪಿನಿ
reveal	ಪ್ರಕಟ ಮಲ್ಪುನು
revealed	ಬಹಿರಂಗ ಆಯಿನ
revenge	ಪಗೆ ಬೂಟುನು
revenue	ಆದಾಯ
reverse	ಪಿರ
review	ಸಮೀಕ್ಷೆ
review	ಅಂದಾಜು
revise	ಪೊಸತ್ತಾಯಿನ
revision	ಆವರ್ತನೆ
revolution	ಬದಲಾವಣೆ ಮಲ್ಪುನು
reward	ಮಾನಾದಿಗೆ
rhythm	ಪ್ರಾಸ
rib	ತಿಗಲೆದ ಎಲು
rice	ಆರಿ
rich	ಮಲ್ಲಾದಿಗೆ
rid	ದೆತ್ತ್ ಪಾಡುನು
ride	ಸವಾರಿ
ride	ತಿರ್ಗಾಟ
ridiculous	ಗಮ್ಮತ್ತ್ ದ
right	ಸರಿ
right	ಬಲತ್ತ ಪುಡೆ
right	ಸರೀತ
right now	ಇತ್ತೆಕೊರ
rigid	ಗಟ್ಟಿದ
ring	ರಿಂಗ್
rinse	ಲುಂಬುನು
riot	ಗಲಾಟೆ
rip	ಕತ್ತೆರುನು
rip	ಕತ್ತೆರ್
ripe	ಪರ್ನ್ದ್ ಆಯಿನ
rise	ಏರುನು
rise	ಉದಿಪುನು
risk	ಆಪಾಯದ
risk	ಅಪಾಯ
rival	ಪಗೆನಾಯೆ
river	ತುದೆ
road	ತಾದಿ
roast	ಕಾಯಾವುನು
robust	ಗಟ್ಟಿದ
rock	ಪಾದೆ
rod	ಸರಳು
role	ಪಾತ್ರ
roll	ಪಾತ್ರ
roll	ಸುರುಳಿ
roof	ಮಾಡ್
room	ಕೋಣೆ
root	ಬೇರ್
rope	ಬಲ್ಲು
rotten	ಕುರಿದಿನ
rough	ಜೋರು
roughly	ಮಿತ್ತ್ ಮಿತ್ತ್ ಪನ್ಪಿನಿ
round	ಉರುಂಟು
route	ತಾದಿ
routine	ನಿತ್ಯಕ್ರಮ
row	ಪಜ್ಜಿ
rub	ತಿಕ್ಕು
rubber	ರಬ್ಬರ್
rubbish	ಪ್ರಯೋಜನದಾಂತಿನ
rude	ಜೋರು
rug	ಮಂದಿರಿ
ruin	ಹಾಳ್ ಮಲ್ಪುನು
rule	ನಿಯಮೊ
ruler	ರಾಜೆ
rules	ನಿಯಮೊ
run	ಬಲ್ಪು
run	ನಡಪುಡುನು
running	ಬಲ್ಪುನ
rural	ಹಳ್ಳಿದ
rush	ಗರ್ದಿ
rush	ರಶ್
sack	ಚಿರಾವ್
sacred	ಪವಿತ್ರ
sacrifice	ತ್ಯಾಗ
safe	ಬಚಾವ್
safe flight	ಸುರಕ್ಷಿತ ವಿಮಾನ
safety	ರಕ್ಷಣೆ
sage	ಸನ್ಯಾಸಿ
said	ಪನ್ಪಿನಿ
sail	ನೀಂದು
sailing	ನೀಂದುನು
sake	ಐಕ್ಕಾತ್ರ
salary	ಸಂಬಳ
sale	ಸೇಲ್
salmon	ಪಾರೆ
salt	ಉಪ್ಪು
same	ಅವ್ವೇ
Same here	ಮೂಲ್ಲ ಅವ್ವೆ
sample	ನಮೂನೆ
sand	ಪೊಯ್ಯೆ
Sanskrit	ಸಂಸ್ಕೃತ
sarcastic	ವ್ಯಂಗ್ಯ
sassy	ಅರ್ಗಂಟ್
sat	ಕುಲ್ದಿನ
satisfaction	ತರಪ್ತಿ
satisfied	ತೃಪ್ತಿಯಾಂಡ್
satisfy	ತ್ರಪ್ತಿ ಮಲ್ಪು
satisfying	ತೃಪ್ತಿ ಮಲ್ಪುನು
Saturday	ಶನಿವಾರ
sausage	ಕೈಪು
savage	ಕಜವು
savage	ನರಕ್ಕದ
save	ಒರಿಪುನು
save	ಬಚಾವು
saw	ತೋಯಿನ
say	ಪನ್
scale	ಮಾಪು
scam	ಮೋಸ
scar	ಕದೆ
scarce	ಅಪರೂಪ
scared	ಪೋಡಿನಿ
scarf	ಶಾಲ್
scary	ಪೋಡಿಗೆ ಪುಟ್ಟಾವುನ
scattered	ಚೆಲ್ಲಾಪಿಲ್ಲಿಯಾದುಪ್ಪುನು
scene	ದೃಶ್ಯ
scenery	ದ್ರಶ್ಯ
scent	ಪರಿಮಳ
schedule	ಯೋಜನೆ
schedule	ಕಾರ್ಯಕ್ರಮೊಲು
school	ಶಾಲೆ
science	ವಿಜ್ಞಾನ
scientist	ವಿಜ್ಞಾನಿ
scientists	ವಿಜ್ನಾನಿಲು
scissors	ಕತ್ತೆರಿ
scold	ನೆರ್ಪಿನಿ
scope	ಬಿಲೆ
score	ಸ್ಕೋರ್
scrap	ಗುಜುರಿ
scratch	ಕೆರೆಪ್ಪು
scream	ಕಲ್ಕ್
screen	ಪರದೆ
screw	ಸ್ಕ್ರೂ
script	ಕೈ ಬರವುದ
sea	ಕಡಲ್
seal	ಸೀಲ್
search	ನಾಡುನು
season	ಕಾಲ
seat	ಕುಲ್ಲುನ ಜಾಗೆ
second	ರಡ್ಡನೆ
secret	ಗುಟ್ಟು
section	ವಿಭಾಗ
secure	ಸುರಕ್ಷಿತ
security	ಕಾಪುನಾಯೆ
see	ತೂಲ
see you	ಕುಡೋರ ತಿಕ್ಕ್ ಗ
see you later	ನಿಕ್ಕು ಬೊಕ ತಿಕ್ವೆ
see you soon	ನಿನ್ನ ಮಗನ್ ತೂಲ
see you tomorrow	ಎಲ್ಲೆ ಪಾರ್ತೆಕ
seed	ಬೀಜ
seek	ನಾಡುನು
seem	ತೋಜುಂಡು
seems	ತೋಜುಂಡು
seen	ತೂಯಿನ
seize	ಸ್ವಾಧೀನ ಮಲ್ತೊನ್ನು
seizure	ಕತ್ತೆರಿ
seldom	ಅಪರೂಪ
select	ಅಜಪ್ಪುನು
self	ಸ್ವಂತ
self healing	ತಾನಾದೆ ಗುಣಆಪಿನಿ
selfish	ಸ್ವಾರ್ಥ
sell	ಮಾರುನು
send	ಕಡಪುಡು
send me your picture	ಎಂಕ್ ನಿನ್ನ ಚಿತ್ರ ಕಡಪುಡು
senior	ಮಲ್ಲಾಯೆ
sense	ಅಂದಾಜಿ
sensible	ಅಂದಾಯಿನ
sensitive	ಪಾಪದ
sent	ಕಡಪುಡಿಯ
sentence	ವಾಕ್ಯ
sentences	ವಾಕ್ಯೋಲು
separate	ಬೇತೆನೆ
Sepedi	ಸೆಪೆಡಿ
september	ಸಪ್ಟಂಬರ್
sequence	ಸರಪೊಲಿ
series	ಮಾಲೆ
serious	ಗಂಭೀರ
serious	ವಿಪರೀತ
seriously	ಸತ್ಯವಾದ್ಲಾ
serve	ಬಲಸುನು
service	ಸೇವೆ
session	ಕಾಲಮಾನ
set	ಸರಿ
set	ಸರಿಯಾದ್
set up	ಸೆಟಪ್ಪು
setting	ಜೋಡನೆ
settle	ಸೆಟಲ್
seven	ಏಳ್
seventeen	ಪದಿನೇಲು
seventy	ಎಲ್ಪ
several	ಮಸ್ತ್
severe	ಗಂಭೀರ
sew	ಪೊಲಿಯುನ
sh	ಆಲ್
shade	ನಿರೆಲ್
shadow	ನಿರೆಲ್
shake	ಪಂದಾವ್ನು
shall	ಆಪುಂಡ್
shallow	ತಗ್ಗ್
shame	ನಾಚಿಗೆ
shape	ಆಕಾರ
share	ಪಟ್ಟುನು
sharp	ಪರ್ತೆ
she	ಆಲ್
she has	ಆಲೆಡ ಉಂಡು
she is	ಆಲ್
shed	ಗುಡ್ಚಿಲ್
sheep	ಕುರಿ
sheet	ಶೀಟ್
shelf	ಸೆಲ್ಪು
shell	ಓಡು
shelter	ನಿಲೆ
shield	ಗುರಾಣಿ
shift	ವರ್ಗ
shine	ಹೊಲಪು
ship	ಬೋಟು
shipping	ಸಾಗಾವುನು
shirt	ಅಂಗಿ
shoes	ಮುಟ್ಟು
shoot	ಗುರಿ ದೀದ್ ದಕ್ಕ್
shop	ಅಂಗಡಿ
shopping	ಖರೀದಿ ಮಲ್ಪುನು
shore	ದಂಡೆ
short	ಕುದ್ಯ
shortage	ಕಮ್ಮಿ ಆಪಿನಿ
shot	ಗುಂಡು
shot	ಗುಂಡು ಬುಡ್ಪಿನಿ
should	ಮಲ್ಪೋಡು
shoulder	ಪುಗ್ಗೆಲ್
shout	ಕಲ್ಕುನು
show	ಪ್ರದರ್ಶನ
show	ತೋಜಾವುನು
show me	ಎಂಕ್ ತೋಜ್ಪಾಲೆ
shower	ಬರ್ಸ
shrimp	ಏಟ್ಟಿ
shrink	ಎಲ್ಯಾಪಿನಿ
shut	ಮುಚ್ಚ್
shut up	ಮುಚ್ಚಿ
shy	ನಾಚಿಗೆ
sibling	ಒಪ್ಪ ಪುಟ್ಟಿನಕುಲು
siblings	ಒಪ್ಪ ಪುಟ್ಟಿನಕುಲು
sick	ಸೀಕ್
side	ಬರಿ
sigh	ಸಹಿ
sight	ದೃಷ್ಟಿ
sightseeing	ಗೀರರೆ ಪೋಪುನಿ
sign	ಸ್ನನ್
signature	ಸೈನ್
significant	ವಿಶೇಷ
silence	ಮೌನ
silent	ಮನಿಪಂದೆ
silk	ಸಿಲ್ಕ್
silly	ಎಲ್ಯ
silver	ಬೊಲ್ಲಿ
similar	ಅಂಚೆನೆ
simp	ಸಾದಾ-ಸೀದ
simple	ಸಾದಾ-ಸೀದ
simultaneously	ಒಂಜೇ ಸಲ
since	ಅಲ್ತುರ್ದ್
sincere	ನಿಯತ್ತ್ ದ
sincerely	ಪ್ರಾಮಾಣಿಕವಾದ್
sing	ಪದ ಪನ್ಪಿನಿ
singer	ಪದ್ಯ ಪನ್ಪಿನಾಯೆ
single	ಒಂಜಿ
sink	ಮುರ್ಕು
sink	ಮುರ್ಕುನು
Sir	ಸ್ವಾಮಿ
sister	ಮೆಗ್ದಿ
sister in law	ಮೈತಿದಿ
sit	ಕುಲ್ಲ್
site	ಜಾಗೆ
situation	ಪರಿಸ್ಥಿತಿ
six	ಆಜಿ
sixteen	ಪಡಿನಾಜಿ
sixty	ಅಜಿಪ
size	ಸೈಝ್
skill	ಕಸುಬುದಾರಿಕೆ
skills	ಕಸುಬುದಾರಿಕೆ
skin	ಚರ್ಮ
skinny	ಸಪೂರ
skip	ಲಾಗ್ಯುನು
skirt	ಲಂಗ
sky	ಬಾನ
slave	ಜೀತದಾಯೆ
sleep	ಜೆಪ್ಪು
sleeping	ಜಪ್ಪುನಿ
sleepy	ಜೆಪ್ಪುನ
sleeve	ತೋಳು
slice	ತುಂಡು ಮಲ್ಪುನು
slice	ತುಂಡು
slide	ಜಾರಾವುನು
slightly	ಒಂತೆ
slim	ಸಪೂರ
slip	ಜಾರುನು
slope	ಓರೆ
slot	ಚಡಿ
slow	ನಿಧಾನ
slowly	ನಿಧಾನೊಡು
small	ಎಲ್ಯ
smart	ಹುಷಾರ್
smell	ವಾಸನೆ
smile	ತೆಲಿಪುನು
smile	ತೆಲಿಕೆ
smoke	ಪುಗೆ
smooth	ಮೆದು
snack	ತಿನಸ್
snail	ಉಂಬುಳಿ ಪುಳಿ
snake	ಪರಪುನ
snap	ಪಟ
snow	ಸಿಮ
so	ಇಂಚಾದ್
so	ಅಂಚಾದ್
so cute	ಮಸ್ತ್ ಪೊರ್ಲು
so far	ಇದ ಮುಟ್ಟ
soak	ನೆನೆಪಾವುನು
soap	ಸಾಬುನು
sober	ಸಮಾಧಾನ
soccer	ಚೆಂಡು
social	ಸಮಾಜ
society	ಸಮಾಜ
socks	ಮೋಜ
soft	ನಸೆ
software	ಸಾಫ್ಟ್ವೇರ್
soil	ಮಣ್ಣ್
sold	ಮಾರ್ದಿನ
sold out	ಮಾರ್ದು ಪೋಂಡು
soldier	ಸೈನಿಕೆ
sole	ಒಂಜೇ ಒಂಜಿ
solid	ಗಟ್ಟಿದ
solution	ಪಿರಿಕಟ್ಟ್
solve	ಪಿರಿ
some	ಕೆಲವು
somebody	ಏರಾ ಒರಿ
somehow	ಯೆಂಚಲಾ
someone	ಏರಾದಾನ್ನ
something	ಕೆಲವು
sometimes	ಕೆಲವು ಸಲ
song	ಪದ್ಯ
soon	ಬೇಗ
sophisticated	ಇಂಚಿಪ್ಪದ
Sorani	ಸೋರಾನಿ
sore	ಬೇನೆದ
sore	ಬೇನೆ
sore throat	ಬಾಯಿ ಬೇನೆ
sorrow	ದು:ಖದ
Sorry	ಕ್ಷಮಿಸಾಲೆ
Sorry	ತಪ್ಪಾಂಡ್
sort	ಅಜಪ್ಪುನು
sought	ಅರಿಕೆ ಮಲ್ಪುನು
soul	ಆತ್ಮ
soulmate	ಆತ್ಮಸಖ
sound	ಶಬ್ದ
soup	ಸಾರ್
sour	ಪುಲಿ
source	ಮೂಲ
south	ತೆಂಕಾಯಿ
space	ಬಾನ
space	ಜಾಗ
spam	ಬೊರ್ಚಾಂದಿನ
span	ಸಮಯ
Spanish	ಸ್ಪಾನಿಶ್
spare	ಹೆಚ್ಚಿನವು
spare	ಹೆಚ್ಚಿನ
speak	ಪಾತೆರುನು
special	ವಿಶೇಷ
species	ಜಾತಿಲು
specific	ನಿರ್ದಿಷ್ಟ
spectacular	ವೈಭವೊದ
speech	ಪಾತೆರ
speechless	ಪಾತೆರ್ರೆ ಆವನ್ದಿನಿ
speed	ವೇಗ
spell	ಪಾತೆರ
spend	ಕಳೆಪುನು
spend	ಖರ್ಚಿ
spent	ಖರ್ಚಾಯಿನ
spicy	ಮಸಾಲೆದ
spike	ಏರಿಕೆ
spin	ತಿರುಗುನ
spinach	ಬಸಳೆ
spirit	ದೆವ್ವ
spit	ಉಬ್ಯುನು
splendid	ವೈಭೋಗದ
split	ಬೇತೆ ಬೇತೆ ಮಲ್ಪುನು
split	ಬೇತೆ ಬೇತೆ
spoil	ಹಾಳ್ ಮಲ್ಪುನು
spoiled	ಹಾಳಾತಿನ
spontaneous	ತನ್ನಾತೆಗೆ
spoon	ಚಮ್ಚ
spot	ಜಾಗೆ
spouse	ಸಂಗಾತಿ
spread	ಪರಡುನ್
spring	ಸುರುಳಿ
square	ಚೌಕ
squeeze	ಪುಂಡು
squid	ಎರಿ
squirrel	ಚನಿಲು
st	ಸಂತ
stab	ಚುಚ್ಚು
stable	ತಿರ
stack	ಮುಟ್ಟೆ ಮಲ್ಪುನು
staff	ಕೆಲಸದಕುಲು
stage	ಸ್ಟೇಜ್
stain	ಕಲೆ
stairs	ಮುಟ್ಟುಲು
stake	ಪಾಲ್
stalk	ಬೊಡ್ಡೆ
stall	ಅಂಗಡಿ
stamp	ಸ್ಟ್ಯಾಂಪು
stand	ಅಭಿಪ್ರಾಯ
stand	ಉಂತುನು
standard	ಮಟ್ಟ
star	ತಾರಗೆ
start	ಶುರು
started	ಶುರುವಾಂಡ್
starving	ಬಡವಾಪಿನಿ
state	ಪನ್ಲ
state	ಸ್ಥಿತಿ
statement	ಹೇಳಿಕೆ
station	ಸ್ಟೇಷನ್
statue	ಮೂರ್ತಿ
status	ಪರಿಸ್ಥಿತಿ
stay	ತಡೆ
stay	ಉಂತುನು:
stay	ಉಂತು
stay safe	ಸುರಕ್ಷೆಡು ಉಪ್ಪುಲ
steady	ತಿರ
steak	ಸುಡ್ದ್ ಬೈಪ್ಪಾವುನು
steal	ಸ್ಟೀಲ್
steam	ಧಾರೆ
steel	ಕರ್ಬ ಮಿಲಾವ್
steep	ಕಂತ
stem	ಬುಡ
step	ಮುಟ್ಲು
stick	ಕೋಲು
stick	ಅಂಟುನು
stiff	ಗಟ್ಟಿ
still	ನನಲಾ
still	ಸ್ಥಿರವಾದ್
sting	ಚುಚ್ಚು
stingy	ಪಿಟ್ಟಾಸಿ
stir	ಕಲಪುನು
stock	ಸಂಗ್ರಹ
stolen	ಕನ್ನೊಂದಿನ
stomach	ಬಂಜಿ
stone	ಕಲ್ಲು
stood	ಉಂತುನು
stool	ಸ್ಟೂಲು
stop	ಉಂತವು
storage	ಒಟ್ಟು ಪಾಡುನ
store	ಅಂಗಡಿ
storm	ಬಿರುಗಾಳಿ
story	ಕತೆ
stove	ಸ್ಟವ್
straight	ಸರ್ತ
straightforward	ನೇರ ಪಾತೆರುನಿ
strain	ಬೇನೆ
strange	ವಿಚಿತ್ರ
strange	ಗುರ್ತ ಉಪ್ಪಂದಿನ
stranger	ಗ್ರ್ತ ಉಪ್ಪಂದಿನ
strategy	ತಂತ್ರಗಾರಿಕೆ
straw	ವಾಂಟೆ
strawberry	ಸ್ಟ್ರಾಬೆರಿ
streak	ಗೆರೆ
stream	ಧಾರೆ
street	ತಾದಿ
strength	ಬಲ
stress	ಒತ್ತಡ
stretch	ಒಯ್ಪುನು
strict	ಕಟ್ಟ್ ನಿಟ್ಟ್
strike	ತಡೆಪುನು
string	ನೂಲು
strip	ಪಟ್ಟಿ
strive	ಪೊರ್ ಮ್ಬುನು
stroke	ಪಕ್ಷವಾತ
strong	ಗಟ್ಟಿ
struck	ತಿಕ್ಕುದು ಬೂರಿನ
structure	ರಚನೆ
struggle	ಬಂಗೊಡು
struggle	ಬಂಗ
struggling	ಒದ್ದಾಡುನ
stubborn	ಛದಿ
stuck	ತಿಕ್ಕೊನ್
student	ವಿದ್ಯಾರ್ಥಿ
study	ಓದುನು
study	ಕಲ್ಪುನು
study	ಅಭ್ಯಾಸ
studying	ಓದುನು
stuff	ಸಂಗತಿ
stunning	ಆಶ್ಚರ್ಯದ
stupid	ಮರ್ಲೆ
style	ಸ್ಟೈಲ್
subject	ವಿಷಯ
submission	ಸಲ್ಲಿಕೆ
submit	ಸಂದಾವುನು
substance	ವಸ್ತ್
substitute	ಬದಲ್ಗ್
subtle	ತೆಲ್ಪುದ
succeed	ಗೆಲುವು
success	ಯಶಸ್ಸು
successful	ಗೆಲ್ಮೆ
such	ಅಂಚಿನ
such as	ಇಂಚಿನ
suck	ಜುಂಬು
sudden	ಒರನೆ
suddenly	ಒರನೆ
suffer	ಬಂಗ
suffering	ಅನ್ಭೈಪ್ಪ್ನ
sufficient	ಬೋಡ್ತಿನಾತ್
sugar	ಸೆಕ್ಕರೆ
suggest	ಸಲಹೆ ಕೊರ್ಲೆ
suggestion	ಸಲಹೆ
suit	ಕೂಡುನ
suit	ಸಮ
suitable	ಸರಿ ಆಪಿನ
suitcase	ಪೆಟ್ಟಿಗೆ
sum	ಒಟ್ಟು
summary	ಸಾರ
summer	ಅರೆಗಾಲ
summit	ಮಲ್ಲ ಸಭೆ
sun	ಸೂರ್ಯೆ
sunday	ಅಯಿತಾರ
sunny	ದೊಮ್ಬುದ
sunset	ಸುರ್ಯೇಕಂತುನ
sunshine	ನೆಸರ್ ದೊಂಬು
super	ಸುಪರ್
superior	ಮಿತ್ತ್ದ್ ದ
supervisor	ಅಧಿಕಾರಿ
supper	ರಾತ್ರೆದ ಒಣಸ್
supply	ಸಾಗಾವುನು
supply	ಸಾಗಾಟ
support	ಬೆರಿಸಾಯ
support	ಉಮೇದ್
suppose	ಒಂಜಿ ವೇಳೆ
supposed	ಒಂಜಿ ವೇಳೆ
sure	ಖಂಡಿತ
surface	ಸುತ್ತ
surge	ಹೆಚ್ಚಾಪಿನಿ
surgery	ಆಪ್ರೇಷನ್
surname	ಅಡ್ಡಪುದರ್
surprise	ಅಜಪ್ಪಾಪಿನಿ
surprised	ಆಶ್ಚರ್ಯ
surrender	ಒಪ್ಪಿಸಾವುನು
surrounding	ಸುತ್ತಮುತ್ತಲ್
surveillance	ಕಾಪುನು
survey	ಸರ್ವೆ
survey	ಸರ್ವೆ ಮಲ್ಪುನು
survive	ಬದುಕುನು
suspect	ಸಂಶಯ ಮಲ್ಪುನು
suspect	ಸಂಶಯ
suspended	ದೆತ್ತ್ ಪಾಡುನು
suspicious	ಅನುಮಾನ
sustain	ತಡೆವೊನ್ನ
sustainability	ತಡೆವುನ ಸಾಮರ್ಥ್ಯ
sustainable	ತಿರೊಟ್ಟ್
swag	ತೋರಣ
swallow	ನಿಂಗ್
swap	ಪಗರ್ ಸಾಟೆ
swear	ಆಜ
sweat	ತೀಪೆ
sweater	ಸ್ವೆಟರ್
sweep	ಅಡ್ಪು
sweet	ತೀಪೆ
sweet dreams	ಎಡ್ಡೆಂದಿನ ಕನ ಕಟ್ಟಡ್
sweet tooth	ತೀಪೆ ಇಷ್ಟ
sweetheart	ಮೋಕೆದ
swell	ಬಾತುನ
swelling	ಬಾಪುನು
swim	ನೀನ್ದುನಿ
swimming	ನೀಂದುನು
swing	ತೂಂಕುನು
swing	ತೂಂಕು
switch	ಸ್ವಿಚ್ಚ್
switch	ಸ್ವಿಚ್ಚ್ ಪಾಡುನು
swollen	ಬಾತ್ ದಿನ
sword	ಖಡ್ಗ
symbol	ಗುರ್ತ
sympathy	ಕನಿಕರ
symptoms	ಲಕ್ಷಣೊಲು
system	ವ್ಯವಸ್ಥೆ
table	ಮೇಜ್
tackle	ನಿರ್ವಹಣೆ
tag	ಪಟ್ಟಿ
tail	ಬೀಲ
take	ದೆತೊನಿ
take away	ಪತೊಂದು ಪೋಲ
take care	ಜಾಗ್ರತೆ
take off	ಮಿತ್ತ್ ಪೋಪಿನಿ
taken	ದೆತೊನ್ದಿನ
talk	ಪಾತೆರ
talk	ಪಾತೆರುನು
talkative	ಮಸ್ತ್ ಪಾತೆರುನ
tall	ಉದ್ದ
tap	ಬೊಟ್ಟುನು
tap	ಟ್ಯಾಪ್
tape	ಮಾಪುದ ಪಟ್ಟಿ
target	ಏಮ್
target	ಏಮ್ ದೀಪಿನಿ
task	ಏಮ್
taste	ರುಚಿ
taste	ರುಚಿ ತೂಪಿನಿ
tasty	ರುಚೀತ
taught	ಕಲ್ಪಾವುನು
tea	ಚಾ
teach	ಕಲ್ಪಾವುನು
teacher	ಗುರುಕ್ಕುಲು
team	ತಂಡ
tear	ಕಣ್ಣ ನೀರ್
tears	ಕಣ್ಣನೀರ್ರ್
tease	ತಮಾಷೆಮಲ್ಪು
technology	ತಂತ್ರಜ್ಞಾನ
teeth	ಕೂಲಿ
tell	ಪನ್ಲೆ
tell me	ಎಂಕ್ ಪನ್ಲೆ
temper	ಗರ್ವ
temperature	ಬೆಚ್ಚ
temple	ದೇವಸ್ಥಾನ
temporary	ಟೆಂಪರರಿ
ten	ಪತ್ತು
ten thousand	ಪತ್ತು ಸಾವಿರ
tenant	ಬಾಡಿಗೆದಗುಲು
tend	ಆ ನಮೂನೆ
tendency	ಗುಣ
tender	ನಸೆ
tense	ಕಾಲ
tension	ಎತೆ
tent	ದೊಂಪ
tentative	ತತ್ಕಾಲೋಗು
term	ಕಾಲಾದಿ
terms	ನಿಯಮೊಲು
terrible	ಭಯಂಕರ
terrific	ಪೊರ್ಲುದ
territory	ಪ್ರದೇಶ
test	ಪರ್ಕ್ಷೆ ಮಲ್ಪುನು
test	ಪರೀಕ್ಷೆ
text	ಪಟ್ಯ ಸಂದೇಶ
than	ಅಯಿಡ್ದ್
thank	ಸೊಲ್ಮೆಲು
thank you	ಯೀರೆಗ್ ಸೊಲ್ಮೆಲು
Thank you for your patience while we investigate shipment	ನಮ ಸಾಗಾನಿಕೆದ ತನಿಖೆ ಮಲ್ಪನಗ ನಿಗಲೆನ ತಾಳ್ಮೆಗು ಸೊಲ್ಮೆಲು
thank you so much	ಇರೆನ ಮಲ್ಲ ಸಹಾಯ
thank you very much	ಇರೆಗ್ ಮಸ್ತ್ ಸೊನ್ಮೆಲು
thanks	ಸೊಲ್ಮೆಲು
Thanks for using our app	ಎಂಕ್ಲೆನ ಆ್ಯಪ್ ಬಳಸೊಂದುಲ್ಲಾರ್, ಧನ್ಯವಾದೊಲು
that	ಅವ್ವು
that is	ಅವ್ವೆ
that's good	ಅವು ಎಡ್ಡೆ
the	ಆ
theft	ಕಳ್ಳತನ
their	ಅಕ್ಲೆನ
them	ಅಕಲೆಗ್
theme	ವಿಷಯ
themselves	ಅಕ್ಲೇಗು
then	ಅದಗ
theory	ಸಿದ್ಧಾಂತ
there	ಅಲ್ಪ
there are	ಅಲ್ಪ ಉಪ್ಪುನ
there is	ಅಲ್ಪ
therefore	ಅಂಚಾದು
these	ಉಂದು ಪೂರಾ
they	ಅಕುಲು
they are	ಅಕುಲು
thick	ತಿಕ್ಕಟ್ಟುನು
thick	ದಪ್ಪ
thief	ಕಲುವೆ
thigh	ಪೊಟ್ಟೆ
thin	ತೆಲ್ಪು
thing	ಸಾಮಾನ್
things	ವಸ್ತುಲು
think	ಎಣ್ಣುನು
third	ಮೂಜಿನೆದ
thirsty	ಬಾಜೆಲ್
thirteen	ಪದಿಮೂಜಿ
thirty	ಮುಪ್ಪ
this	ಉಂದು
this is	ಉಂದು
thorough	ಮೂಲಕ
thoroughly	ಸರಿಯಾದ್
those	ಅವು ಪೂರಾ
though	ಅಂಡಲಾ
thought	ಯೋಚನೆ
thoughtful	ಯೋಚನೆದ
thoughts	ಯೋಚನೆ
thousand	ಸಾವಿರ
thread	ನೂಲು
threat	ಪೋಡಿಗೆ ಕಟ್ಟಾವುನು
threaten	ಪೋಡಿಪೋವ್ನ
three	ಮೂಜಿ
threshold	ಕೈತಲ್
thrilled	ಖುಷಿ ಆಯಿನ
thrive	ಬುಲೆಚ್ಚಿಲ್
throat	ಕಂಟೆಲ್
through	ಮೂಲಕ
throughout	ಕೊಡಿಕಡೆ
throw	ದಕ್ಕ್
thumb	ಕೊಡಿಬೆರಲ್
thunder	ತೆಡಿಲ್
Thursday	ಗುರುವಾರ
thus	ಅಂಚಾದ್
tick	ಗುರ್ತ
tide	ಉಬ್ಬರ
tidy	ನಿರ್ಮಲ
tie	ಕಟ್ಟ್
tie	ಕಟ್ಟುನು
tiger	ಪಿಲಿ
tight	ಟೈಟ್
Tigrinya	ಟಿಗ್ರಿನ್ಯಾ
time	ಪೊರ್ತು
timid	ಪುಕ್ಕೆಲೆ
tiny	ಎಲ್ಯ
tip	ಕೊಡಿ
tips	ಸಲಹೆ
tire	ಟಯರು
tired	ಸಾಕಾಂಡು
tissue	ಟಿಶ್ಯೂ
title	ಪುದರ್
to	ಗ್
to be	ಅವೊಡಾಯಿನ
toast	ಟೋಸ್ಟ್
today	ಇನಿ
toddler	ಕುರುಬಾಲೆ
toes	ಕಾರ್ಬೇರಲ್
together	ಒಟ್ಟುಗು
toilet	ಪಾಯಿಖಾನೆ
told	ಪಂಡಿನ
tolerance	ಸಹಿಸುನು
tolerate	ತಾಂಗೊನ್ನು
tomato	ಟೊಮೆಟೊ
tomorrow	ಎಲ್ಲೆ
tongue	ನಾಲಯಿ
tonight	ಇನಿರಾತ್ರಿ
too	ಮಸ್ತ್
took	ದೆತೊನು
tool	ಉಪಕರಣ
tools	ಸಾಮಾನುಲು
tooth	ಕೂಲಿ
top	ಮಿತ್ತ್
topic	ವಿಷಯ
torn	ಪರಿತಿನ
torture	ಚಿತ್ರಹಿಂಸೆ
total	ಒಟ್ಟುಗು
touch	ಮುಟ್ಟುನು
tough	ಅಂಡಲಾ
tour	ಯಾತ್ರೆ
toward	ಅಂಚಿಗ್
towards	ಅಂಚಿಗ್
towel	ಟೂವಲ್
town	ಪೇಂಟೆ
toxic	ಇಸ
trace	ಜಾಡ್
track	ಮಾರ್ಗ
trade	ಬೇರ
trade	ಬೇರ ಮಾಲ್ಪುನ
tradition	ಸಂಪ್ರದಾಯೊ
traditional	ಪಿರಾಕ್ ದ
traffic	ಸಂಚಾರ
trail	ಟ್ರಯಲ್
train	ರೈಲ್
training	ತಾಲೀಮ್
trait	ಲಕ್ಷಣ
traits	ಲಕ್ಷಣೊಲು
transfer	ವರ್ಗ
transition	ಬದಲಾವಣೆ
translate	ಅನುವಾದ
transparent	ತೆಲ್ಪುದ
transport	ಸಾಗಾಣಿಕೆ
transportation	ಸಾಗಾಟ
trap	ಬಲೆ
trash	ಕಜವು
trauma	ಗಾಯ
travel	ತಿರ್ಗಾಟ
tray	ಬಟ್ಟಲ್
treasure	ಕೊಪ್ಪರಿಗೆ
treat	ನಡತೊನ್
treatment	ಉಪಚಾರ
tree	ಮರ
tremendous	ಅದ್ಭುತ
trend	ಪ್ರವೃತ್ತಿ
trial	ವಿಚಾರಣೆ
trick	ಕುಹಕ
tried	ಪೂರುಂಬುನು
trigger	ಉರ್ಬೆಚ್ಚವು
trigger	ಉರ್ಬೆಚ್ಚಾವುನು
trim	ಕುದ್ಯ ಮಲ್ಪುನು
trip	ತಿರ್ಗರೆ
trouble	ಕಷ್ಟ
trousers	ಪ್ಯಾಂಟ್
truck	ಲಾರಿ
true	ಸತ್ಯ
trunk	ಜೀವ
trust	ನಂಬುನು
trust	ನಂಬಿಕೆ
truth	ಸತ್ಯ
try	ಪ್ರಯತ್ನ
Tsonga	ಟೋಂಗಾ
tube	ಪೈಪ್
Tuesday	ಅಂಗಾರೆ
tuition	ಇಲ್ಲದ ಪಾಠ
Tulu	ತುಳು
turkey	ಟರ್ಕಿ ದೇಶ
turmeric	ಮಂಜಲ್
turn	ತಿರ್ಗೊಸ್
turn	ತಿರ್ಗ್
turtle	ಏಮೆ
tutor	ಕಲ್ಪಾವುನಾರ್
twelve	ಪದ್ರಾಡು
twenty	ಇರ್ವ
twenty-one	ಇರ್ವತ್ತ - ಒಂಜಿ
Twi	ಟ್ವಿ
twice	ರಡ್ಡ್ ಸಲ
twist	ತಿರ್ಗಾಮುರ್ಗ
two	ರಡ್ಡ್
type	ನಮೂನೆ
type	ಟೈಪ್ ಮಾಲ್ಪುನೆ
typical	ವಿಶೇಷವಾಯಿನ
ugly	ಕುರೆ
ultimate	ಅಖೇರಿದ
umbrella	ಕೊಡೆ
unable	ಸಾಧ್ಯ ಇಜ್ಜಿ
uncle	ಮಾಮು
unconscious	ಮತಿತಪ್ಪುನು
under	ಅಡಿಟ್ಟ್
underneath	ತಿರ್ತ್
underrated	ಕಡಿಮೆ ಕ್ರಯ ಪತ್ತುನು
understand	ಅರ್ಥ ಆಂಡೆ
understood	ಅರ್ಥ ಆಂಡ್
unfortunately	ದುರದೃಷ್ಟ
uniform	ಸಮವಸ್ತ್ರ
unique	ಸಾಟಿ ಉಪ್ಪಂದಿನ
unit	ಏಕತೆ
university	ಮಲ್ಲ ವಿದ್ಯಾಸಂಸ್ಥೆ
unknown	ಗೊತ್ತಿಜಾಂದಿನ
unless	ಇಜ್ಜಿಂಡ
until	ಅದಮುಟ್ಟ
unusual	ಅಸಾಮಾನ್ಯ
up	ಮಿತ್ತ್
up to you	ನಿಕ್ಕ್ಕು ಬುಡ್ತಿನ
update	ಪೊಸತ್ತ್
update	ಪೊಸತ್ತಾಯಿನ
upgrade	ನವೀಕರಣ
upgrade	ನವೀಕರಣ ಆತಿನ
upon	ಮಿತ್ತ್
upset	ಬೆಚ್ಚ
urban	ಪೇಂಟೆ
urge	ತುರ್ತ
urge	ತುರ್ತಾದ್
urgent	ತುರ್ತು
us	ನಮ
use	ಗಳಸ್
use	ಗಳಸುನು
used	ಗಳಸಿದಿನ
useful	ಪ್ರಯೋಜನದ
useless	ಪ್ರಯೋಜನ ಇಜ್ಜಾಂದಿನ
usual	ಯಾಪಲ
usually	ಸಾಮಾನ್ಯವಾದ
utility	ಉಪಯೋಗ
vacation	ರಜೆ
vaccination	ಡಾಕ್ ಪಾಡುನು
vaccine	ಸೂಜಿ ಮರ್ದ್
vacuum	ಗಾಳಿ ಉಪ್ಪಂದಿನ
vague	ಅಸ್ಪಷ್ಟ
valid	ಬಿಲೆ ಉಪ್ಪುನ
valley	ಕಣಿ
valuable	ಬಿಲೆ ಕಟ್ಟರೆವಾಂದಿನ
value	ಬಿಲೆಕೊರ್ಪಿನಿ
value	ಬಿಲೆ
variety	ನಮೂನೆ
various	ಬೇತೆ ಬೇತೆ
vary	ಬೇತೆ
vase	ಪೂತ್ತ ಕುಂಡ
vast	ಮಲ್ಲ
vegetable	ತರ್ಕಾರಿ
vegetables	ತರಕಾರಿಲು
vehicle	ಗಾಡಿ
vendor	ಯಾಪಾರಿ
venom	ವಿಷ
venture	ಧೈರ್ಯದ
venue	ಜಾಗೆ
verify	ಪರಕುನು
versatile	ಮಸ್ತ್ ಬಿರ್ಸಾದಿಗೆ
version	ಆವೃತ್ತಿ
vertical	ಸರ್ತ
very	ಮಸ್ತ್
very good	ಮಸ್ತ್ ಎಡ್ಡೆ
vessel	ಬಾಜನ
via	ವಯಾ
vibe	ಕಂಪನ
vibes	ಕಂಪನ
vicious	ಬೊಡ್ಚಾವಂದಿನ
victim	ಬಲಿಯಾಪಿನಿ
video	ಯೀಡ್ಯ
view	ತೂಪಿನಿ
village	ಗ್ರಾಮ
villain	ಖಳನಾಯಕೆ
vinegar	ಸಿರ್ಕ
vintage	ಪಿರಾಕ್ದ
violence	ಗಲಾಟೆ
violent	ಗಲಾಟೆ
viral	ವೈರಲ್
virgin	ಕನ್ಯೆ
virtual	ನಿಜೊಟ್ಟು
virtue	ಯೋಗ್ಯತೆ
vision	ದೃಷ್ಟಿ
visit	ಭೇಟಿ ಕೊರ್ಪಿನಿ
visit	ಭೇಟಿ
visual	ತೂಪಿನಂಚಿನ
vital	ಸಂಪೂರ್ಣ
vivid	ದೆರ್ತ್ ತೋಜುನ
vocabulary	ಪಾತೆರ
voice	ಸ್ವರ್
void	ಖಾಲಿ
volume	ಒಟ್ಟು ಮೊತ್ತ
volunteer	ಸ್ವಯಂಸೇವಕೆರ್
vomit	ವಾಂತಿ
vomit	ವಾಂತಿ ಮಲ್ಪುನ
vulnerable	ಬಲದಾಂತಿನ
wage	ಸಂಬಳ
wages	ಸಂಬಳ
waist	ತಿಗಲೆ
wait	ಕಾಪು
waiter	ವೈಟರ್
waiting	ಕಾಪುನು
wake	ಲಕ್ಕುನು
wake up	ಲಕ್ಕ್
walk	ನಡಪುನು
walk	ನಡಕೆ
walking	ನಡಪುನು
wall	ಗೋಡೆ
wallet	ಪರ್ಸ್
wander	ತಿರ್ಗಾಟ
wanna	ಬೋಡು
want	ಬಯಕೆ
wanted	ಬೋಡಿತ್ತಿನ
war	ಯುದ್ಧ
wardrobe	ಕಬಾಟ್
warehouse	ಗೋದಾಮ್
warm	ಬೆಚ್ಚ ಮಲ್ಪುನು
warm	ಬೆಚ್ಚ
warn	ಎಚ್ಚರಿಕೆ
warning	ಎಚ್ಚರಿಕೆ
warrior	ಯೋಧೆ
was	ಇತ್ತುಂಡ್
wash	ದೆಕ್ಕುನು
waste	ಬೊರ್ಚಾಂದಿನ
waste	ಕಜವು
watch	ತೂಲ
watch	ಗಡಿಯಾರ
water	ನೀರ್
watermelon	ಬಚ್ಚಂಕಾಯಿ
wave	ಸಿರೆ
way	ತಾದಿ
we	ನಮ
we are	ನಮ ಮಾತ
we can	ನಮಕ್ಕ್ ಸಾಧ್ಯ
weak	ಬಲದಾಂತಿನ
weakness	ನಿಶ್ಯಕ್ತಿ
wealth	ಸಿರಿವಂತಿಕೆ
wealthy	ಅನುಕೂಲದಕುಲು
wear	ತುತ್ತೊನ್
wearing	ತುತ್ತೊಂನ
weather	ಹವಾಮಾನ
wedding	ಮದಿಮೆದ
Wednesday	ಬುದಾರ
weed	ಪಂತಿ
week	ವಾರ
weekend	ವಾರದ ಅಕೇರಿ
weight	ತೂಕ
weight	ದುನ್ನ
weird	ಇಚಿತ್ರ
welcome	ಸ್ವಾಗತ
welfare	ಎಡ್ಡೇಪ್ಪುಗು
Well	ಗುವೆಲ್
Well	ಏಡ್ಡೆ
well done	ಎಡ್ಡೆ ಮಲ್ತರ್
went	ಪೋಯಿನಿ
were	ಇತ್ತುಂಡು
west	ಪಡ್ಡಾಯಿ
wet	ಚಂಡಿ
whale	ತಿಮಿಂಗಿಲ
what	ದಾನೆ
what about you	ಈರ್ ಎಂಚ ಉಲ್ಲರ್
what are you doing	ಯೀರ್ ಎಂಚಿನ ಮಲ್ತೊಂದುಲ್ಲರ್
what are you doing now	ಈರ್ ಇತ್ತೆ ಎಂಚಿನ ಮಲ್ತೊಂದುಲ್ಲರ್
what are you doing right now	ಇತ್ತೆ ಈರ್ ದಾದ ಮಲ್ತೊಂದು ಉಲ್ಲರ್
what do you do	ಈರ್ ದಾದ ಮಲ್ಪುವರ್
what do you do for a living	ಜೀವನೊಗು ದಾದ ಮಲ್ಪುವರ್
what do you mean	ಈ ದಾದ ಪನ್ಪಿನಿ
what do you want	ನಿಕ್ಕು ಎಂಚಿನ ಬೋಡು
what happened	ದಾದ ಆಂಡ್
what is	ದಾದವು
what is this	ಉಂದು ಎಂಚಿನ
what is your job	ಇರೆನ ಕೆಲಸ ದಾದೆ
what is your name	ನಿನ್ನ ಪುದರ್ ದಾದ
what's up	ದಾದಾಂಡು
what's your name	ಈರೆನ ಪುದರ್ ದಾದ
whatever	ದಾದನೆ
wheat	ಗೋಧಿ
wheel	ಚಕ್ರ
when	ಯಾಪ
whenever	ಯಾಪಲ
where	ಒಲ್ಪ
where are you	ಈರ್ ಓಲುಲ್ಲಾರ್
where are you from	ಯೀರೆಗು ಒಲ್ಪ ಆಂಡ್
where are you now	ಇತ್ತೆ ಈ ಓಲುಲ್ಲ
where do you live	ಈರ್ ಓಲು ಉಪ್ಪುನು
where is	ಓಲು
whereas	ಅಂಚೆನೆ
whether	ಆವೊಡಾ
which	ಯೆವ್ವು
while	ಅದಗ
whisper	ಗುಟ್ಟುಡು ಪನ್ಪಿನಿ
whistle	ಬಿಗಿಲ್
white	ಬೊಳ್ದು
who	ಏರ್
who are you	ಈ ಏರ್
who is	ಏರಾಂಡ
who is this	ಉಂದು ಏರು
whole	ಇಡೀ
whom	ಏರ್
whose	ಏರ್ನ
why	ದಾಯೆಗ್
why not	ದಾಯೆಗ್ ಇಜ್ಜಿ
wicked	ಕುತಂತ್ರಿ
wide	ಅಗೆಲ
widow	ಮುಂಡೆ
width	ದಪ್ಪ
wife	ಬೊಡೆದಿ
wild	ಕಾಡ್
will	ಇಚ್ಛೆ
will	ಮಲ್ಪುವೆ
willing	ತಯಾರುಲ್ಲೆರ್
win	ಗೆಂದುನು
wind	ಗಾಳಿ
window	ಕಂಡಿ
windy	ಗಾಲಿದ
wine	ದ್ರಾಕ್ಷಾರಸ
winter	ಚಳಿಗಾಲ
wipe	ಒಚ್ಚುನ
wire	ತಂತು
wisdom	ಬುದ್ಧಿವಂತಿಗೆ
wise	ನಂಬಿಕೆ
wish	ಬಯಕುನು
wish	ಬಯಕೆ
wish you all the best	ನಿಕ್ಕು ಮಾತ ಎಡ್ದೆ ಆವಡು
witch	ಮಾಟಗಾತಿ
with	ಒಟ್ಟುಗು
withdraw	ಪಿರ ದೆಪ್ಪುನು
withdrawal	ಪಿರ ದೆಪ್ಪುನು
within	ಅಯಿಟ್ಟೆ
without	ಉಪ್ಪಂದೆ
witness	ಸಾಕ್ಷಿ ಪನ್ಪಿನಿ
witness	ಸಾಕ್ಷಿ
witty	ತಮಾಷೆದ
wolf	ಮಲ್ಲ ಕುದುಕೆ
woman	ಪೊಂಜೋವು
women	ಪೊಂಜೋವ್
won	ಗೆದ್ಯೇ
won't	ಆವಂದ್
wonder	ಅಜಪ್
wonderful	ಅಜಪ್ಪ್
wood	ಮರ
wool	ಕಂಬೊಲಿ
word	ಪಾತೆರ
words	ಶಬ್ದೋಲು
work	ಬೆನ್ಪು
work	ಬೆಲೆ
work out	ವ್ಯಾಯಾಮ
working	ಬೇಲೆ ಮಲ್ಪುನ
world	ಲೋಕ
worm	ಪುರಿ
worn	ಸಮೆತಿನ
worried	ಎತೆತ್ತ
worry	ಬೆಸರ್
worse	ನರಕ್ಕದ
worship	ನಂಬೊಳಿಗೆ
worst	ದೆತ್ತ್ ಪಾಡಿನ
worth	ಯೋಗ್ಯ
worth it	ಯೋಗ್ಯ ಆಯಿನ
worthy	ತಕ್ಕಂತಿನ
would	ಪಂಡುದ್
wound	ಗಾಯ
Wow	ವಾವ್
wrap	ಮುಚ್ಚುನು
wrath	ಕೋಪ
wrist	ಮುಂಗೈ
write	ಬರೆಲೆ
Write here	ಮುಲ್ಪ ಬರೆಲೆ
writing	ಬರೆಪಿನಿ
written	ಬರೆತಿನ
wrong	ತಪ್ಪು
wrote	ಬರೆದೆ
yard	ಜಾಲ್
yawn	ಆಕಳಿಪುನು
yawn	ಆಕಳಿಕೆ
Yeah	ಯೇಃ
year	ವರ್ಷ
years	ವರ್ಷೊಲು
yeast	ಉರ್ಗುನು
yell	ಕಲ್ಕುನು
yellow	ಮಂಜಲ್
Yes	ಅಂದ್
yes baby	ಅಂದ್ ಬಾಲೆ
yes dear	ಅಂದ್ ಮೋಕೆದಾಲೆ
yes honey	ಅಂದ್ ಮೋಕೆದಾಲೆ
yes my love	ಅಂದ್ ಎನ್ನ ಮೋಕೆದ
yes of course	ಅಂದ್ ಖಂಡಿತಾ
yesterday	ಕೋಡೆ
yet	ಈತ್ ನೆಟ
yield	ಬುಲೆ
you	ಈರ್
you are	ಈರ್
you are beautiful	ಯೀ ಪೊರ್ಲು ಉಲ್ಲ
you are so beautiful	ಈರ್ ಮಸ್ತ್ ಪೊರ್ಲು ಉಲ್ಲರ್
you are welcome	ಇರೆನ್ ಎದುಕೊನುವಾ
you can	ಈ ಮಲ್ಪ
You know	ಈ ತೆರಿಲ
you too	ಈರ್ಲಾ
you're welcome	ಇರೆನ್ ಎದುಕೊನುವಾ
young	ಜವನೆ
your	ನಿನ್ನ
your welcome	ಇರೆನ್ ಎದುಕೊನುವಾ
yourself	ನಿನ್ನಾತೆಗೆ
youth	ಜವ್ವನೆ
you’re welcome	ಈರೆಗ್ ಸ್ವಾಗತ
yummy	ರುಚಿ ಉಪ್ಪುನ
zero	ಸೊನ್ನೆ
