a little	tshiṱuku
a lot	zwinzhi
a lot of	vhunzhi ha
abandon	litshedza
abandoned	litshedza
abide	tevhedza
ability	vhukoni
able	kona
about	nga ha
above	nṱha
abroad	seli ha malwanzhe
absence	phidza
absent	fhidza
absolutely	zwa vhukuma
absorb	tzwonzwa
abstract	tshihumbulelwa
absurd	zwi sa pfalesi
abundance	nga vhunzhi
abundant	zwinzhi
abuse	thambulo
abuse	tambudza
accent	tshileme
accept	ṱanganedza
access	swikelela
access	tswikelelo
accident	khombo
accommodation	vhudzulo
accomplish	swikelela
accomplished	khunyeledzwaho
according	u ya nga
account	akhauthu
accuracy	vhuronwane
accurate	vhukuma
accused	hwelelwa
ache	tshiṱhavhi
ache	rema
achieve	swikelela
achievement	mvelele
acknowledge	tenda
acquaintance	vhathihi
acquire	wana
acquired	waniwa
acquisition	wana
across	seli
act	ita
action	maga
active	ḽiitiita
activities	mishumo
activity	mushumo
actor	mutambi
actual	tsha vhukuma
actually	ngauralo
acute	ṱhavhaho
adapt	ḓowela
add	engedza
addicted	u vha phuli
addition	nyengedzedzo
additional	nyengedzedzo
address	ḓiresi
address	amba
adequate	linganaho
adjacent	tsini na tsini
adjective	ḽiṱaluli
adjust	dzudzanya
admire	tama
admit	ṱanganedza
adopt	khwaṱhisedza
adorable	tamisa
advance	badelelaphanḓa
advance	mbadelophanḓa
advanced	bvelelaho
advantage	u shumisa tshikhala
adventure	vhuḓifungi
adverb	ḽiḓadzisi
advertisement	nyanḓadzo
advertising	khunguwedzo
advice	tsivhidzo
advise	tsivhudza
advocate	muambeli
advocate	themendela
aesthetic	vhuḓi
affair	fhungo
affect	kwama
affection	funa
afford	kona
affordable	konadzea
afraid	ofha
after	nga murahu ha
afternoon	masiari
afterwards	nga murahu
again	hafhu
against	u hana
age	miṅwaha
agency	zhendedzi
agent	zhendedzi
aggressive	tsinyuwo
agile	u kona u shumisa miraḓo
ago	kale
agree	tenda
agreement	thendelano
agriculture	vhulimivhufuwi
ahead	phanḓa
aid	thusa
aim	ndivho
air	muya
airport	vhukavhamabufho
aisle	aiḽi
alarm	nḓivhadzo
alcohol	zwikambi
alert	fhaṱuwa
alive	tshila
all	zwoṱhe
all right	zwoṱhe zwo luga
all the best	zwivhuya fhedzi
allow	tendela
allowed	tendelwa
almost	ṱoḓa u
alone	tshithihi
along	khathihi na
already	zwono
Alright	zwo luga
also	na
alternative	khetho
although	Na ho
always	tshifhinga tshoṱhe
am	khou
amazing	takadzaho
ambiguous	ḓaḓisa
ambition	vhuhovheleli
ambitious	vhuhovheleli
amend	khwinisa
amid	vhukati
among	vhukati ha
among us	vhukati hashu
amount	tshivhalo
amusing	takadza
analysis	musaukanyo
ancestors	vhadzimu
anchor	thikho
ancient	kalekale
and	na
and you	inwi vho
angel	muruṅwa
anger	mbiti
angle	khuḓa
angry	kwata
animal	phukha
ankle	tshikoṅwana
anniversary	anivesari
announcement	nḓivhadzo
annoy	ṱhupha
annoyed	dina
annoying	dina
annual	ṅwaha
anonymous	u sa ḓivhea
another	muṅwe
answer	fhindula
answer	phindulo
anticipate	humbulela
anxiety	maneto
anxious	tshuwa
any	tshṅwe na tshiṅwe
anyone	muṅwe na muṅwe
anything	tshiṅwe na tshiṅwe
anyway	zwiṅwe na zwiṅwe
anyways	nga iṅwe nḓila
apart	khethwaho
apartment	fuḽethe
apologize	u humbela pfarelo
apparent	ngaho
apparently	ngaho
appeal	hwelela
appear	ḓivhonadza
appearance	u ḓi vhonadza
appeared	vhonala
appetite	dzangalelo
apple	apuḽa
application	khumbelo
apply	u ita khumbelo
appointment	tholwa
appreciate	takalela
appreciation	ndivhuwo
approach	maele
approach	isendela
appropriate	teaho
approval	thendelo
approve	tendela
approved	tendelwa
approximately	gaganya
april	lambamai
arbitrary	vhutshinṋe
architect	muoli wa vhufhaṱi
architecture	vhufhaṱi
archive	akhaivi
are you	ni khou
are you busy	no farekanea naa
are you married	no maliwa naa
are you married or single	no malwa na kana a no ngo malwa
Are you still there?	Ni kha ḓi vha henefho?
are you there	ni hone naa
area	vhupo
argue	ṱaṱa
argument	ṱaṱa
arise	takuwa
arm	mukonzwo
army	mmbi
around	henefha
arrange	dzudzanya
arrangement	nzudzanyo
arrival	swika
arrive	swika
arrived	swika
arrogant	u ḓi kukumusa
arrow	musevhe
art	vhutsila
article	tshithu
article	ḽianetshelo
artificial	tshi si tsha vhukuma
artist	mukonesi
as	musi
as long as	tenda ndi
as well	khathihi na
as well as	khathihi na
ash	miora
ashamed	shonisa
ask	vhudzisa
asked	vhudziswa
asleep	eḓela
aspect	tshiteṅwa
assault	rwa
assembly	guvhangano
assertive	vhuḓifulufheli
assess	ṱola
assessment	ṱola
asset	ndaka
assets	ndaka
assign	ṋea
assignment	mushumo
assist	thusa
assistant	muthusi
associate	vhuḽedzani
associated	nyanḓano
association	dzangano
assume	humbulela
assumption	humbulela
at	kha
at least	ndinganyelo ya fhasi
ate	ḽa
athlete	mugidimi
attach	ṱuma
attached	nambatedza
attachment	nyengedzedzo
attack	ṱhasela
attempt	ndingedzo
attempt	lingedza
attend	dzhena
attendance	u dzhenela
attention	tshenzhemo
attitude	mukwa
attract	kunga
attraction	khokhodzo
attractive	nyanyula
attribute	vhunzani
audience	vhaṱaleleli
august	ṱhangule
aunt	makhadzi
aunty	makhadzi
authentic	tshavhukuma
author	muṅwali
authority	muvhuso
autumn	tshifhefho
available	wanalea
average	tshikati
avoid	u ḓi bvisa
awake	vuwa
award	mpho
aware	ḓivha
awareness	tsivhudzo
away	kule
awesome	zwavhuḓisa
awful	ofhisa
awkward	u sa ḓowelea
baby	ṅwana
bachelor	khombe
back	murahu
background	tsiangane
bad	vhifha
bag	bege
bait	tshikungi
bake	baka
bakery	bekhara
baking soda	mukango
balance	ndinganyiso
balance	linganyisa
ball	bola
banana	muomva
band	bennde
bang	hanzhamedza
bank	bannga
bar	bara
barely	zwi sa tou konadzea
bargain	bukuṱa
bark	gwati
bark	huvha
barley	goroi
barrier	thivhelo
base	mutheo
based	tewa
basement	baizimenthe
basic	mutheo
basically	kanzhi
basil	basii
bastard	muvhi
batch	ṅanda
bath	ṱamba
bathroom	rumu ya u ṱambela
battery	beṱiri
battle	govholano
bay	tshikombane
be	ni
be careful	ni vhe na vhulondo
beach	bitshini
beam	ḽitalazaza
beans	ṋawa
bear	konḓelela
bear	tshivhingwi
beard	ndebvu
bearing	berini
beast	ḽivhanda
beat	mudivhitho
beat	rwa
beautiful	zwavhuḓi
beauty	lunako
became	-vha
because	ngauri
become	u vha
bed	mmbete
bedroom	lufhera lwa u eḓela
bee	ṋotshi
beef	ṋama ya kholomo
beer	bia
before	hu saathu
began	thoma
begin	mathomo
beginning	mathomoni
behalf	vhuimoni ha
behave	ḓifara
behavior	vhuḓifari
behaviour	vhuḓifari
behind	nga murahu ha
being	vhuvha
belief	tenda
believe	kholwa
belly	thumbu
belong	u vha tshipiḓa
beloved	mufunwa
below	fhasi ha
belt	bannda
bench	bannga
bend	kotama
beneath	nga fhasi
benefit	vhelwa
benefit	mbuelo
benefits	mbuelo
beside	tsiniha
besides	khathihi na
best	khwinesa
best of luck	mashudu mavhuya
best regards	zwavhuḓi
better	khwine
between	vhukati
beverage	zwinwiwa
beyond	phanḓa ha
bias	u dzia sia
biased	u dzhia sia
bicycle	baisigira
bid	thengophikhisano
big	khulu
bike	thuthuthu
bill	mulandu
bind	vhofha
bird	tshiṋoni
birthday	ḓuvha ḽa mabebo
bit	zwiṱuku
bite	lumelo
bite	luma
bitter	bilufhala
black	murahu
blade	baphathi
blame	pomokedza
blame	bomempome
blank	hu si na tshithu
blanket	nguvho
blast	phamuwa
bleach	halulusa
blend	muvango
bless	fhaṱutshedza
blessed	fhaṱutshedzwa
blind	bofu
bliss	takadza
block	thivha
blood	malofha
bloom	bva muvhala
blow	vhudzula
blue	lutombo
blunt	gomala
board	bodo
boat	tshikepe
body	muvhili
boil	vhilisa
bold	u sa ofha
bond	vhofha
bone	shambo
book	buka
book	bugu
boost	nyengedzedzo
boost	engedza
booster	nyengedzedzo
boot	buthi
boots	mabutsu
border	mukano
bore	vhumvumvu
bored	borea
boring	a zwi takadzi
born	bebwa
borrow	humbela
boss	mulanguli
both	zwoṱhe
bother	khaladzi
bottle	boḓelo
bottom	fhasifhasi
bought	renga
bounce	fhufha
bound	vhofha
boundaries	mikano
bow	kotamela
bowl	tshigoḓelo
box	bogisi
boy	mutukana
boyfriend	khonani ya mutukana
bracelet	lukunda
brain	maluvhi
branch	davhi
brand	pfungavhuṋe
brave	u sa ofha
breach	pfuka
bread	vhurotho
break	kwasha
breakfast	vhuragane
breast	ḓamu
breath	mufemo
breathe	fema
breed	lushaka
brick	tshidina
bride	muselwa
bridge	buroho
brief	angaredza
bright	penya
brilliant	nzhengemaho
bring	ḓisa
bro	khaladzi
broad	aṱama
broadcast	khasho
broke	shaya
broken	kwashea
broom	luswielo
brother	murathu
brother in law	mulamu
brought	renga
brown	khakhi
brush	bulatsho
bucket	mufaro
buddy	khonani
budget	mugaganyagwama
bug	tshilumi
build	fhaṱa
building	tshifhaṱo
built	fhaṱwa
bulk	ṅanda
bull	mboho
bully	mutsikeledzi
bump	thula
bunch	tshigwada
bundle	dzanda
burden	hwala
burden	muhwalo
buried	vhulunga
burn	fhisa
burst	phamuwa
bury	vhulunga
bus	bisi
bush	ḓaka
business	bindu
bust	kwashea
busy	farekanea
but	fhedzi
butter	batha
butterfly	tshisusu
button	gunubu
buy	renga
by	nga
by the way	habe
bye	sala zwavhuḓi
cabbage	khavhishi
cabinet	khabinethe
cage	hoko
cake	khekhe
calf	ṋamana
call	vhidza
call	mbidzo
call me	mpfouneleni
called	vhudzwa
calm	vhila
came	swika
campaign	fulo
can	tshikoṱikoṱi
can	kona
can't	nga si kone
Cancel	Thutha
cancer	pfuko
capable	kona
capacity	tshikhala
capital	pfuma
caption	ṱhalusatshifanyiso
capture	fara
car	goloi
career	buḓo
careful	ṱhogomela
carefully	vhuronwane
careless	u sa londa
caring	londa
carpenter	muvhaḓi
carpet	ṱapiṱa
carrot	kherotse
carry	hwala
carry on	bvelaphanḓa
carry out	ita
case	mulandu
cash	tshelede
cast	vhatambi
castle	khasela
casual	tshifhinganyana
cat	tshimange
catch	fara
category	khethekanyo
cattle	kholomo
caught	farwa
cause	tshiitisi
caution	vhulondo
cautious	thanyela
cave	bako
cease	imisa
ceiling	siliṅi
celebrate	pembela
cell	tsiki
center	vhukati
century	ḓana
cereal	mukapu
ceremony	vhuṱambo
certain	zwiṅwe
certainly	zwavhukuma
certificate	ṱhanziela
chain	mutevhe
chair	tshidulo
challenge	khaedu
chance	tshikhala
change	shanduka
chaos	vilili
character	mvumbo
characteristics	vhuvha
charge	badelisa
charity	vhuthu
charming	ungeledza
chart	tshati
chase	tevhela
chat	amba
chat	nyambedzano
cheap	u sa ḓura
cheat	fhura
cheating	fhura
check	sedzulusa
check	tsedzuluso
cheek	shama
cheer	ṱuṱuwedza
cheerful	dakalo
cheers	ṱuṱuwedza
cheese	tshizi
chemistry	khemisiṱiri
cherish	funesa
chess	tshese
chest	khana
chew	ṱafuna
chicken	khuhu
chief	khosi
child	ṅwana
childhood	vhuhana
children	vhana
chill	shothodzo
chill	rothola
chimneys	tshumela
chin	tshiṱefu
chocolate	tshokoḽeithi
choice	khetho
choose	nanga
chop	rema
chores	mishumo
chubby	khwaṱha
church	kereke
cinnamon	sinamono
circle	tshitendeledzi
circumstances	zwiimo
citizen	mudzulapo
city	ḓorobo
claim	mbilo
claim	vhila
clarify	bvisela khagala
class	kiḽasi
clay	vumba
clean	kuna
clear	vhonadza
clear	vhonadzaho
clerk	mabalane
clever	ṱalifha
client	khasiṱama
cliff	luwa
climate	kilima
climb	gonya
clingy	nambatela
clock	watshi
close	vala
closet	kilosethe
cloth	labi
clothes	zwiambaro
cloud	gole
cloudy	u vha na makole
clown	ramiswaswo
clue	lusevheḓi
clumsy	madebe
cluster	tshigwada
coach	mugudisi
coach	gudisa
coal	malasha
coast	phendelashango
coat	dzhasi
coffee	kofi
cognitive	muhumbulo
coincidence	tshiḓaṅwe
cold	rothola
collapse	wa
collar	kholoro
colleague	mushumisani
colleagues	vhashumisani
collect	kuvhanganya
collection	khuvhanganyo
college	khoḽedzhi
color	muvhala
colour	muvhala
column	kholomo
comb	gamu
combination	phaṱhekano
combine	baḓekanya
come	ḓa
come here	iḓani ngeno
come on	u thoma nga zwiṱuku
comfort	u ḓigeḓa
comfortable	fushea
coming	u ḓa
coming soon	u ḓa hu si kale
command	langa
comment	bula muhumbulo
commercial	vhuvhambadzi
commission	khomishini
commit	ḓiimisela
commitment	ḓivhofha
committed	ḓiimisela
commodity	tshivhambadzwa
common	ḓowelea
communicate	amba
communication	vhudavhidzani
community	tshitshavha
commute	leludza
companion	mufheletshedzi
company	khamphani
compare	vhambedza
comparison	vhambedza
compassion	u pfela vhuṱungu
compassionate	u pfela vhuṱungu
compatible	livhanaho
compete	pikisana
competent	vhukoni
competition	mbambe
competitive	mupikisano
complain	vhilahela
complaint	vhilahela
complement	nyengedzo
complement	engedza
complete	ḓadza
completely	khunyelelaho
complex	tserekano
compliance	vhutevhedzi
complicated	ṱanganana
compliment	fhululedza
comply	shumisana
composition	mbumbeo
compound	mbumbano
comprehension	kupfesesele
comprehensive	nga vhuḓalo
compromise	thendelano
compromise	tendelana
compulsory	khombekhombe
computer	khomphiyutha
concentrate	futelela
concept	muṱalukanyo
concern	vhilahela
concern	mbilahelo
concerned	tswenyalea
concert	khontsati
conclusion	maṅweledzo
concrete	tshikwamea
concrete	khonkhela
condition	tshiimo
conditions	nyimele
conduct	vhuḓifari
conference	ṱangana
confess	u ḓibula
confidence	vhuḓifulufheli
confident	vhuḓifulufheli
confirm	khwaṱhisedza
conflict	khuḓano
confused	ḓaḓa
confusion	nḓaḓo
congrats	ri a fhululedza
congratulation	fhululedza
congratulations	u fhululedza
conjunction	ḽiṱanganyi
connect	ṱuma
conquer	fhenya
conscious	fhima
consciousness	dzivhuluwa
consent	tendela
consent	thendelo
consequences	masiandaitwa
conservation	ndondolo
conservative	muhanatshanduko
consider	dzhiela nzhele
considered	dzielwaho nṱha
consist	katela
consistency	tshifhinga tshoṱhe
consistent	nzio
constant	sa fhidzi
constantly	tshifhinga tshoṱhe
constipation	muzwimbelo
construction	fhaṱa
consume	shumisa
consumption	ḽa
contact	khwamano
contact	kwama
contagious	phirela
contain	i na
contains	i na
contemporary	tshizwinozwino
contempt	lunyadzo
content	zwirengomu
contest	muṱaṱisano
context	tsiangane
continent	dzhango
continue	bvelaphanḓa
contract	fhungudzea
contract	konṱhiraka
contrast	ndivhanyo
contrast	livhanya
contribute	thusa
contribution	lweṱo lweṱo
control	langa
controversial	maluṱa
convenience	tshivhuya
convenient	teaho
conversation	nyambedzano
convert	rembuluwa
convert	murembuluwi
convey	isa
convince	fhembeledza
convinced	tendisea
cook	zwibikwa
cook	bika
cooking	bika
cool	vhuḓi
cool	rothola
cooperation	vhuanḓani
cope	langa
copper	musina
core	mutheo
corn	tshikoli
corner	khuḓa
correct	zwone
cost	ḓura
cost	mbadelo
costume	khositshumu
cottage	thumba
cotton	muḓali
couch	sofa
cough	hoṱola
could	hu nga
council	khoro
count	vhalela
counter	khaunthara
country	shango
countryside	mahayani
couple	vhafunani
courage	ṱhuṱhuwedzo
course	nḓila
court	khothe
courtesy	vhuhwavho
cousin	muzwala
cover	thivha
cow	kholomo
coward	goswi
cozy	dzulisea
crab	ḓambatshekwa
crack	fhanduwa
crack	ḽiṅa
craft	vhutsila
crap	tshika
crash	thula
craving	lutamo
crawl	kokovha
crazy	penga
create	sika
creative	vhutsila
credit	tshikolodo
creep	dodoma
creepy	ofhisa
crew	tshigwada
crime	vhugevhenga
cringe	shonisa
cringe	shona
crisis	vilili
criteria	maga
critical	shushaho
criticism	tsatsaladzo
crop	tshiliṅwa
crops	zwiliṅwa
cross	pfuka
cross	tshifhambano
crow	u lila ha mukukulume
crowd	tshigwada
crowded	hu na nyavhanyavha
crown	khare
crucial	zwandeme
cruel	tshiṱuhu
cruise	lwendo
crush	kwasha
crush	tshigwada
cry	lila
cucumber	khukhamba
cuddle	kuvhatedza
culture	mvelele
cunning	fhuredzela
cup	khaphu
cupboard	khabodo
curb	thivhela
cure	fhodza
cure	phodzo
curfew	tshikalo tsha magumo
curiosity	u ṱoḓa u ḓivha
curious	vhusedzesi
curly	songana
currency	tshelede
current	zwino
currently	zwino
curse	ṱatshilela
curtain	xaraḓeni
cushion	tshisiamelo
custom	maitele
customer	murengi
customs	mikhwa
cut	tshea
cut	mutwe
cute	zwavhuḓi
cycle	mutevheṱhanḓu
cycling	u tshova baisigira
dad	khotsi
daddy	khotsi
daily	ḓuvha nga ḓuvha
dairy	mafhi
dam	damu
damage	tshinyadza
damage	tshinyalelo
damn	sasaladza
damp	muṋuṋu
dance	tshina
danger	khombo
dangerous	khombo
dark	swiswi
darling	mufunwa
dash	pwashekanya
data	data
date	ḓuvha ḽa
date	datumu
daughter	musidzana
day	ḓuvha
dead	fa
deadline	tshifhinga tsha u fhedzisa
deaf	dzinganḓevhe
deal	thendelano
deal	shuma na
dear	mufunwa
Dear All	Kha Vhoṱhe
Dear Customer	Ha Murengi
Dear Parents	Kha Vhabebi
Dear Sir	Kha Vho
Dear students	Kha matshudeni
Dear Team	Kha Thimu
death	lufu
debate	khanedzano
debit	tshikolodo
debris	matshakatshaka
debt	tshikolodo
decade	miṅwaha ya fumi
decay	sina
deceased	mufu
deceive	fhura
december	nyendavhusiku
decent	tshavhuḓi
decide	tshea
decided	tshea
decision	tsheo
deck	tshitizi
decline	hana
decrease	fhungudza
dedicated	ḓiimisela
dedication	vhukumedzi
deed	nyito
deep	tsa
default	u sa badela
defeat	kunda
defeat	gundo
defend	pilela
define	ṱalutshedzani
definitely	zwa vhukuma
definition	ṱhalutshedzo
degree	digirii
delay	tshilengo
delay	lenga
delayed	lengiswa
delete	thutha
deliberate	nga khole
delicate	tshiafhukanyei
delicious	ḓifha
delight	takalani
delighted	takadzea
deliver	isa
delivered	rumelwa
delivery	isedza
demand	muvhilo
demand	vhila
demanding	lemelaho
democracy	vhuvhusavhoṱhe
demon	dimoni
demonstrate	sumbedzisa
denied	hanelwa
density	tshileme
dentist	dokotela wa maṋo
deny	hana
department	muhasho
departure	ṱuwa
depend	fhulufhela
deploy	rumela
deposit	mbulungelo
deposit	vhulunga
depressed	tsikiwa
depression	mutsiko
depth	vhudzivha
describe	buletshedza
description	ṱhalutshedzo
desert	soga
deserve	fanelwa
design	ola
design	nyolo
designation	vhuimo
desire	dzangalelo
desire	takalela
desk	desike
despair	ḽata fulufhelo
desperate	tshaya fulufhelo
despite	naho
dessert	soga
destination	vhuyo
destiny	vhuyo
destroy	kwasha
destruction	tshinyadzo
detail	zwidodombedzwa
details	zwidodombedzwa
detect	wanulusa
determination	vhuḓiimiseli
determine	ḓifunga
determined	ḓiimisela
devastated	vhaisala
develop	bveledza
developed	bveledzwa
development	mveledziso
device	tshishumiswa
devil	saṱhane
devoted	ṋekedzela
diabetes	vhulwadze ha swigiri
diarrhea	u shela
diary	dayari
dictionary	ṱhalusamaipfi
did	ita
die	fa
died	lovha
diet	nndyo
difference	phambano
different	fhambana
difficult	konḓa
dig	bwa
dignity	tshirunzi
diligent	vhuronwane
dinner	tshilalelo
dip	dipa
direct	twii
direction	sia
director	mulangi
dirt	tshika
dirty	tshikafhala
disable	vhuholefhali
disabled	holefhala
disappear	ngalangala
disappointed	nyamiswa
disaster	khombo
discard	laṱa
discharge	malanga
discipline	sia
discount	luafhulelo
discover	tumbula
discrimination	khethululo
discuss	ambedzana
discussion	therisano
disease	vhulwadze
diseases	malwadze
disguise	kanganyisa
disgusting	fhambanya
dish	avha
dishes	zwigoḓelo
dismiss	pandela
dispatch	rumela
display	ṱana
disposal	laṱa
dispute	phambano
distance	tshikhala
distinct	fhambana
distinguish	fhambanya
distress	khanganeo
distribution	kovhekanya
district	tshiṱiriki
disturb	khakhisa
ditch	laṱa
dive	ita tshinwi
diverse	fhambanaho
diversity	phambano
divide	khethekana
divine	khethwa
divorce	ṱhalano
divorce	ṱala
dizzy	dzungu
do	itani
do you	ni nga
do you love me	ni a mpfuna naa
doctor	dokotela
document	ḽiṅwalo
does	ita
doesn't	a i
dog	nngwa
doing	ita
doll	mpopi
domain	domeini
domestic	hayani
dominant	thakhula
don't	ni songo
Don't worry	Ni so ngo vhilahela
donate	ṋea
done	fhedza
donkey	donngi
dope	zwidzidzivhadzi
double	vhilidza
double	kavhili
doubt	timatima
dough	suko
down	fhasi
download	-sudzulusa
draft	mvetomveto
drag	kokodza
drain	muela
drama	ḽitambwa
draw	ola
drawer	ola
drawing	muolo
dread	nyofho
dream	muloro
dream	lora
dress	rokho
drill	vhora
drink	nwa
drink	tshinwiwa
drive	reila
drop	i sa
drop	ḓorobo
dropped	wisa
drought	gomelelo
drunk	kambwa
dry	oma
duck	tinya
dude	tshiduna
due	fanelaho
due to	nga mulandu wa
dull	tshiḓahela
dumb	tshimuma
dump	laṱa
duration	tshikhala
during	nga
dust	buse
duty	mushumo
dwell	dzula
dying	lovha
each	tshṅwe na tshiṅwe
each other	riṋe
eager	tama
eagle	goni
ear	nḓevhe
earlier	tshifhingani tsho fhiraho
early	mathomoni
earn	hola
ears	nḓevhe
earth	shango
earthquake	mudzinginyo wa shango
ease	leludza
easily	leluwa
east	vhubvaḓuvha
easy	leluwa
eat	ḽa
eating	u ḽa
economic	ekonomi
economy	ekonomi
edge	magumoni
edit	dzudzanya
education	pfunzo
effect	mbuelo
effective	vhukuma
efficiency	vhukone
efficient	vhukoni
effort	nungo
egg	kumba
eggplant	brinzhala
ego	u ḓi pfa
eight	malo
eighteen	fumimalo
eighty	fumalo
either	kana
elaborate	ṱalutshedza
elbow	lukuḓavhavha
elder	muhulwane
elderly	muhulwane
elegant	dzhavhela
element	elemennde
elephant	nḓou
eleven	fuminthihi
eligible	teaho
eliminate	bvisa
else	kana
embarrassed	shoniswa
embarrassing	shonisa
embrace	kuvhatedza
emerge	bvelela
emergency	shishi
emotional	nyanyuwo
empathy	u pfela vhuṱungu
emphasis	ombedzela
emphasize	khwaṱhisedza
employee	mushumi
employees	vhashumi
employer	mutholi
employment	mushumo
empty	a hu na tshithu
enable	tendela
encounter	ṱangana
encourage	ṱuṱuwedza
end	mafheloni
endangered	i songo tsireledzeaho
endeavor	lingedza
endurance	konḓelela
endure	konḓelela
enemy	swina
energy	fulufulu
engage	u vha tshipiḓa
engaged	fhulufhedziswa
engagement	ndangano
engine	nzhini
engineer	inzhinia
English	Tshiisimane
enhance	hudza
enjoy	ḓifhelwa
enormous	ḽihuluhulu
enough	lingana
ensure	vhona
enter	dzhena
entertainment	mvumvusa
enthusiasm	mafulufulu
enthusiastic	takadzaho
entire	zwoṱhe
entitled	tendelwa
entity	tshiimiswa
entrance	ha u dzhena
entrepreneur	ramabindu
envelope	fulobo
environment	vhupo
envy	vivho
epic	maṱhakheni
epidemic	dwadze
equal	lingana
equipment	tshishumiswa
equity	mikovhe
equivalent	ndingano
eraser	raba
error	phoswo
escape	ponyoka
especially	nga maanḓa
essay	maanea
essence	vhukwaho
essential	ndeme
establish	thoma
established	thomiwa
estate	thakha
estimate	anganya
estimated	anganye
etc	na zwiṅwe vho
eternal	tshi sa gumi
ethics	mvumbo
evaluate	ṱhaṱhuvha
evaluation	vhuṱhaṱhuvhi
even	naho
even though	naho
evening	madekwana
event	vhuṱambo
eventually	mafheloni
ever	linge
every	tshifhinga tshoṱhe
everybody	muṅwe na muṅwe
everyone	muṅwe na muṅwe
everything	tshiṅwe na tshiṅwe
evidence	vhuṱanzi
evil	vhuvhi
evolution	vhubvelele
evolve	shanduka
exact	kwa
exactly	nga u ralo
exam	mulingo
examine	ṱola
example	tsumbo
exceed	pfukisa
excellent	vhuḓivhuḓi
except	nga nnḓa ha
exception	phambuwi
excess	nyengedzedzwa
excessive	u fhira ndingano
exchange	thengiselano
excited	takala
excitement	dakalo
exciting	zwitakadzaho
exclusive	khetheaho
excuse	pfarelo
excuse me	ni ri mini
execute	ita
execution	ita
executive	khoro
exercise	nḓowenḓowe
exhaust	netisa
exhausted	neta
exhibit	ṱana
exhibition	ṱana
exist	vha hone
existence	u vha hone
existing	u vha hone
exit	u bva
expand	engedza
expect	lavhelela
expected	lavhelelwa
expenses	tshinyalelo
expensive	tshenzhemo
experience	tshenzhela
experience	tshenzhemo
experiment	ḽiedza
expert	ntende
expired	u fhelelwa nga tshifhinga
explain	ṱalutshedza
explanation	ṱhalutshedzo
exploit	tambudza
explore	tandula
export	tshivhambadzwaseli
expose	ṱana
exposed	bvisela khagala
exposure	dzumbululwa
express	vhuḓipfi
expression	vhuḓinyanyuli
extend	engedza
extended	engedzedza
extension	nyinganyito
extent	tshikalo
external	nnḓa
extinct	u sa tsha wanala
extra	nyengedzedzo
extract	bvisa
extraordinary	zwi so ngo ḓoweleaho
extreme	kalula
extremely	kalulaho
eye	maṱo
eyes	maṱo
fabric	labi
fabulous	no nga muloro
face	tshifhaṱuwo
face	livhana
facilitate	leludza
facilities	zwileludzi
facility	tshiimiswa
fact	mbuno
factor	nyanyuwo
factory	ḽimaga
facts	mbuno
fade	haluluwa
fail	feila
failed	feila
failure	feila
faint	neta
fair	kwao
fair	haluluwa
fairly	zwone
fairy	tshiholendali
faith	lutendo
faithful	fulufhedzea
fake	kholekhole
fall	wa
false	TSHI SI TSHONE
fame	bvumo
familiar	ḓivheaho
family	muṱa
famine	nḓala
famous	ḓivheaho
fan	tshipelupelu
fan	mutevheli
fancy	madzanga
fantastic	zwa khwinesa
far	kule
farewell	tshimbilani zwavhuḓi
farm	bulasi
farmer	rabulasi
fascinating	takadzaho
fashion	fesheni
fast	ṱavhanya
fat	khwaṱha
fatal	isa lufuni
fate	mashudumavhi
father	khotsi
fatigue	maneto
fault	khakha
favorite	mufunwa
favour	thuso
favourite	funwa
fear	nyofho
fear	ofha
feast	vhuṱambo
feather	muthenga
feature	vhuvha
features	vhuvha
february	luhuhi
fed up	neta
fee	mbadelo
feed	fusha
feedback	vhiga
feel	thetshelesa
feeling	vhuḓipfi
feet	mulenzhe
fell	wa
fellow	muraḓo
felt	pfa
female	tshifumakadzini
fence	luhura
fertile	vhibvelaho
festival	vhuṱambo
fetch	dzhia
fever	mufhiso
few	zwiṱuku
fewer	zwiṱuku
fiance	mufunwa
fiction	maṅwalwa
field	tsimu
fierce	khwaṱha
fifteen	fumiṱhanu
fifty	fuṱhanu
fight	lwa
fight	nndwa
fighting	nndwa
figure	humbela
figure	tshivhumbeo
figure out	tandulula
file	faila
fill	ḓadza
filled	ḓadzwa
film	fiḽimu
filthy	tshikafhala
finally	tsha u fhedzisela
finance	masheleni
financial	masheleni
find	wana
find out	wana
fine	vhuḓi
fine	zwavhuḓi
finger	munwe
finish	fhedzisa
finished	fhedza
fire	mulilo
firm	ḽimaga
firm	magiwaho
first	tsha u thoma
first name	dzina
fish	khovhe
fit	tea
five	ṱhanu
fix	lugisa
fixed	lugiswa
flag	fuḽaga
flash	lupenyo
flat	fuḽethe
flat	navha
flaw	khakho
flawless	hu si na mavhadzi
flee	shavha
flesh	ṋama
flew	fhufha
flex	khothea
flexible	u sa khwaṱha
flight	bufho
flip	rembulusa
flirt	heha
flirting	ṱunga
float	papamala
flood	mukumbululo
floor	fuloro
flour	fuḽauru
flow	ela
flower	luvha
flu	mukhushwane
fluent	elelaho
fluently	elela
fluffy	bubu
fluid	tshiluḓi
fly	fhufha
focus	ndumbo
focus	lumba
fog	khuli
foggy	hu na khuli
fold	peta
folks	vhathu
follow	tevhekana
follow up	sala murahu
following	tevhelaho
food	zwiḽiwa
fool	ḓahela
fool	tshiḓahela
foolish	ḓahela
foot	mulenzhe
football	futhibola
for	tsha
For example	Sa tsumbo
for instance	u tou fana na
for you	zwaṋu
forbidden	zwi sa tendelwi
force	maanḓa
forecast	mbonelaphanḓa
forehead	phanḓa
foreign	nnḓa
forest	ḓaka
forever	u ya nga hu sa gumi
forget	hangwa
forgive	hangwela
forgot	hangwa
fork	forogo
form	mbanga
form	tshea
formal	tshiofisi
former	o fhiraho
fortunately	mashudu mavhuya
fortune	lupfumo
forty	fuiṋa
forty-two	fuiṋambili
forward	phanḓa
foster	bveledza
fought	lwa
found	wanwa
foundation	mutheo
four	iṋa
fourteen	fumiiṋa
fox	phunguwe
fragile	pwashea
frame	mutheo
framework	muteo
fraud	vhufhura
freak	lambana
free	vhofholowa
freedom	mbofholowo
freeze	xwatuwa
frequency	kanzhi
frequent	lunzhi
frequently	kanzhi
fresh	ntswa
friday	ḽavhuṱanu
fridge	firidzhi
friend	khonani
friendly	vhukonani
friends	khonani
friendship	vhukonani
frightened	tshuwa
frightening	tshenusa
frog	tshiḓula
from	u bva
front	phanḓa
frozen	xwatudzwa
fruit	mutshelo
frustrated	hanganea
fuel	tshivhaswa
full	ḓala
fun	takadza
function	vhuṱambo
fundamental	lutewa
funeral	mbulungo
funny	seisa
fur	maveve
furious	kwata
furniture	fanitshara
further	hafhu
furthermore	hafhu
future	vhumatshelo
gain	vhuelwa
gain	mbuelo
game	mutambo
gap	tshikhala
garage	garatshi
garbage	tshika
garden	ngade
garlic	gaḽiki
gate	gethe
gather	kuvhanganya
gathering	kuvhanganya
gauge	kala
gave	fha
gear	gere
gender	mbeu
general	ngauangaredza
generally	angaredza
generate	bveledza
generation	murafho
generous	u sa dzima
genius	muṱaliṱali
genre	lushaka
gentle	dzikaho
genuine	tsha vhukuma
gesture	nyambangatswayo
get	wanani
get dressed	ambarani
get up	imani
get well soon	ni fhole
getting	wana
ghost	tshipuku
ghosting	mbonalo ya tshirunzi
giant	muhaga
gift	mpho
ginger	dzhinzha
girl	musidzana
girlfriend	khonani ya musidzana
give	fha
give up	ṱutshela
given	ṋewa
glad	takala
glance	ṱodzimela
glass	ngilasi
glasses	dzingilasi
glimpse	enyesa
global	mukatelo
gloomy	tsikeledzea
gloves	magiḽafu
glow	penyelela
glow	vala
glow up	vala
glue	ṋonzhe
go	ṱuwani
go ahead	u ya phanḓa
go away	ṱuwani
go to bed	ṱuwani ni ye u eḓela
goal	tshipikwa
goals	zwipikwa
goat	mbudzi
god	mudzimu
god bless you	mudzimu a ni fhaṱutshedze
goes	ndingedzo
going	u ya
going to	khou ya
gold	musuku
gone	ṱuwa
gonna	ndi ḓo
goo	thophe
good	kwazwo
good	vhuḓi
good afternoon	ndi masiari
good bye	salani zwavhuḓi
good day	ḓuvha ḽavhuḓi
good evening	madekwana a vhuḓi
good job	mushumo wavhuḓi
good looking	zwi vhonala zwi zwavhuḓi
good luck	mashudu mavhuya
good morning	ndi matsheloni
good morning my love	ndi matsheloni mufunwa
good night	vhusiku ha vhuḓi
goodbye	sala zwavhuḓi
goodnight	vhusiku havhuḓi
goods	thundu
Google Translate	U pindulela nga Google
goose	hantsi
gorgeous	nakelela
gossip	sola
got	wana
got it	ndo zwi wana
government	muvhuso
grab	fara
grade	murole
gradually	nga zwiṱuku zwiṱuku
graduate	mutelwadigirii
grain	thoro
grant	gavhelo
granted	tendelwa
grapes	nḓirivhe
grasp	pfesesa
grass	mahatsi
grateful	ndivhuwo
gratitude	ndlivhuwo
grave	vhiḓa
gray	seṱha
great	zwavhuḓi
greed	tseḓa
greedy	vhupangwa
green	dala
greet	ṱanganedza
greeting	ndumeliso
greetings	ndumeliso
grey	seṱha
grid	giridi
grief	lila
grind	kuya
grip	fara
grocery	gurosari
groom	funza
gross	guṱe
ground	mudavhi
group	tshigwada
grow	aluwa
growth	nyaluwo
grumpy	kwata
guarantee	mbofho
guard	mulindi
guess	humbulela
guest	mueni
guidance	ngeletshedzo
guide	nyendedzi
guide	endedza
guide	muendedzi
guilty	u vha na mulandu
guy	muṱhannga
guys	vhathu
gym	dzhimu
habit	nḓowelo
habitat	haya hatsho
had	vha
hail	tshifhango
hair	mavhudzi
half	tshikati
hall	holo
hand	tshanḓa
handle	fara
handsome	wa vhuḓi
hang	anea
hang out	u ṱwesa hone
happen	itea
happened	zwo itea
happiness	dakalo
happy	takala
happy birthday	ḓuvha ḽa vhuḓi ḽa mabebo
happy birthday to you	ḓuvha ḽavhuḓi ḽa mabebo kha inwi
happy new year	ṅwaha muswa wa vhuḓi
hard	konḓa
hardly	u sa konadzea
hardly ever	zwi a konḓa u tou ralo
harm	tshinyalelo
harm	tshinya
harmful	tshinyadzo
harmony	mvumelano
harsh	hamba
harvest	kaṋa
has	na
hate	vhenga
have	ri na
have a good day	ni vhe na ḓuvha ḽavhuḓi
have a nice day	ni vhe na ḓuvha ḽa vhuḓi
have breakfast	wanani vhuragane
have fun	ni ḓiphine
have you eaten	no ḽa
having	u vha na
hazard	khombo
haze	khuli
he	ndi
he has	u na
he is	ndi
head	ṱhoho
headache	u reṅwa nga ṱhoho
heal	fhola
healing	fhola
health	mutakalo
healthy	mutakalo
hear	pfa
heard	pfa
heart	mbilu
heat	mufhiso
heat	fhisa
heaven	ḽiṱaḓulu
heavy	lemela
hectic	vilili
height	vhulapfu
heir	muḽaifa
heist	khuthuza
held	fara
hell	hele
Hello	Ndumeliso
hello dear	ndumeliso mufunwa
hello how are you	ri a vusa no vuwa hani
hello how are you doing	riavusa hu itahani
helmet	gondolo
help	thusa
helpful	pfariso
hence	nga zwo
her	ene
herd	sambi
here	afha
heritage	vhufa
hesitate	timatima
Hey	Heyo
Hi	Vha ri mini
hi how are you	ri a vusa hu rini
Hi there	Ni ri mini
hidden	dzumba
hide	dzumba
hierarchy	vhuimo
high	nṱha
highlight	mavhala a nngwe
hike	u tshimbila
hiking	gonya
hilarious	takadzaho
hill	tshikwara
him	ene
hint	ḽihumbudzi
hip	fesheni
hips	khuli
hire	hira
hiring	u thola
his	tshawe
history	ḓivhazwakale
hit	rwa
hobby	tshimvumvusi
hold	fara
hold on	farelela
hole	mulindi
holiday	hoḽidei
hollow	mulindi
home	hayani
homework	tshuṅwahaya
honest	fulufhedzea
honestly	vhufhulufhedzei
Honey	mutoli
honor	hulisa
hood	muṅadzi
hook	haka
hop	thamuwa
hope	fulufhela
hope	fulufhelo
hopefully	fhulufhela
hopeless	vhushayafulufhelo
horizontal	vhutengu
horn	luṋanga
horrible	tatisa
horror	shushaho
horse	bere
hospital	sibadela
hospitality	mafunda
host	ṋemuṱa
hostile	vhenga
hot	fhisa
hotel	hodela
hour	awara
hours	iri
house	nnḓu
household	muṱani
how	hani
how about you	inwi vho
how are you	no vuwa hani
how are you doing	no vuwa hani
how are you doing today	no vuwa hani ṋamusi
how are you today	no vuwa hani ṋamusi
how do you do	hu rini
how is	zwi hani
how many	lungana
how much	ndi vhugai
how often	zwi itea kangana
how old are you	ni na miṅwaha mingana
how was your day	ḓuvha ḽanu ḽo vha ḽi hani
how was your night	no eḓela hani
however	fhedzi
hub	tshivhindini
hubby	munna wa
hug	kuvhatedza
huge	-hulwanesa
human	muthu
humble	ḓi ṱukufhadza
humid	muṋuṋu
humidity	muṋula
hundred	ḓana
hungry	nḓala
hunt	zwima
hurricane	ḓumbumazwikule
hurry	u ṱavhanya
hurry up	ṱavhanyani
hurt	vhaisala
husband	munna
hustle	phanda
hustle	muphandi
hut	nnḓu
hygiene	tsiravhulwadze
I	Nṋe
I am	Ndi nṋe
I am fine	Ndo vuwa
I can	Ndi nga
I can't	Ndi nga si kone
I do	Ndi a tenda
I do not know	A thi ḓivhi
I do not understand	A thi pfesesi
I don't	A thi
I don't know	a thi ḓivhi
I don't understand	a thi zwi pfesesi
I don't understand what you mean	Ndi khou pfesesa zwine na khou amba zwone
I don't understand you	A thi pfesesi
I don’t know	A thi ḓivhi
I don’t understand	A thi zwi pfesesi
i guess	ndi humbulela
I had	Ndo vha ndi
I have	Ndi na
I have been	Ndo vha
I hope so	ndi fulufhela ngauralo
I know	Ndi a zwi ḓivha
I like	ndi funa
I like you	Ndi a ni funa
I love	Ndi a ni funa
I love my big brother	Ndi funa khaladzi anga muṱuku
I love my big sister	Ndi funa mukomana wanga
I love my father	Ndi funa khotsi anga
I love my little brother	Ndi funa khaladzi anga
I love my little sister	Ndi funa murathu wanga
I love my mother	Ndi funa mme anga
I love you	Ndi a ni funa
I love you so much	Ndi a ni funesa
I love you too	Na nṋe ndi a ni funa
I mean	Ndi khou ri
I miss you	Ndo ni ṱuvha
I miss you so much	Ndo ni ṱuvha nga maanḓa
I see	Ndi vhona
I think	Ndi humbula
I understand	Ndi a pfesesa
I want	Ndi khou ṱoḓa
I want to see you	Ndi khou ṱoḓa u ni vhona
I want you	Ndi khou ṱoḓa inwi
I was	Ndo vha ndi
I will	Ndi ḓo ita
I would be	Ndi ḓo vha
I'm	Ndi nṋe
I'm fine	ndo takala
I'm good	Ndo takala
I'm here	Ndi fhano
I'm sorry	ndi khou humbela pfarelo
ice	aisi
ice cream	aisi khirimu
idea	muhumbulo
ideal	tsho teaho
identical	pfanatshoṱhe
identify	ṱhalusavhuṋe
identity	vhuṋe
idiot	dodo
idle	bvafha
if	kana
ignore	u sa ṱhanngela
ill	lwala
illegal	iledzwaho
illness	vhulwadze
image	tshifanyiso
imagine	humbulela
immediate	na zwenezwo
immediately	zwino zwino
immense	huluhulu
impact	thula
impact	mveledzwa
impatient	fhela mbilu
implement	tshishumiswa
import	ṱunḓa
import	zwiṱunḓwa
important	vhuṱhogwa
impose	kombetshedza
impossible	a zwi konadzei
impress	takadza
impression	mbonadzo
impressive	takadzaho
improve	khwinisa
improvement	khwiniso
in	ngomu
in addition	ḓadzisa
In fact	Zwavhuḓivhuḓi
in front of	phanḓa ha
in order to	u itela u
inappropriate	tshi so ngo fanelaho
incentive	tshiṱuṱuwedzi
incident	tshiwo
include	katela
including	kateliwa
income	muholo
inconvenience	tshikhakhisi
increase	nyengedzedzo
increase	engedza
increased	engedzea
incredible	zwi sa kholwisi
indeed	zwa vhukuma
independent	u ḓi imisa
India	India
indicate	sumbedza
indigenous	ya po
individual	muthihi
industry	nḓowetshumo
inevitable	u sa tinyea
infant	lushie
infection	vhulwadze
infinity	i sa gumi
inflammation	vhupise
inflation	infḽesheni
influence	vhupfiwa
influence	pfiwa
inform	ḓivhadza
information	mafhungo
ingredients	thimbanywa
inheritance	ifa
initial	mathomo
initiative	vhurangeli
injured	huvhala
injury	fuvhalo
innocent	u sa vha na mulandu
innovation	tumbukisa
inquiry	vhudzisa
insane	penga
insect	tshikhokhonono
insecure	tsireledza
insert	dzhenisa
inside	nga ngomu
insight	luvhonela
insist	kombetshedza
insomnia	vhushayakhofhe
inspiration	khwelo
inspire	ṱuṱuwedza
install	dzhenisa
instance	tsumbo
instant	nga u bonya ha iṱo
instead	vhudzuloni ha
instead of	vhudzuloni ha
instructions	ndaela
instrument	tshilidzwa
insult	sema
insurance	ndindakhombo
intact	zwo fhelelaho
integrity	tshirunzi
intellectual	vhuṱali
intelligence	vhuṱali
intelligent	ṱalifha
intend	ṱoḓa u
intended	itela
intense	titilidza
intention	tshipikwa
interact	shumisana
interaction	mvuvhano
interest	dzangalelo
interested	takalela
interesting	takadzaho
interfere	dzhenelela
intermediate	vhukati
internal	ngomu
international	dzitshaka
internship	mushumogudwa
interpret	ḓologa
interpreter	ḓologi
interrupt	khakhisa
interview	inthaviwu
intimate	zwa vhudzekani
into	nga ngomu
introduce	ḓivhadza
introduction	marangaphanḓa
introvert	shona
intuition	vhupfiwa
invalid	yo khakheaho
invent	bveledza
inventory	tshiṱoko
invest	bindudza
investigate	tsedzuluso
invitation	thambo
invite	ramba
invoice	tsumbathengo
involve	katela
involved	dzhenelela
iron	aina
iron	aini
is	ndi
island	tshiṱangadzime
isolated	khethelwa thungo
issue	fhungo
issue	fha
issues	nzudzanyo
it	tshone
it is	ndi
it was	yo vha
it's	ndi
it's ok	zwo luga
It's okay	Zwo luga
item	tshiteṅwa
items	zwiteṅwa
its	ndi
I’m	Ndi
jacket	badzhi
jail	khothoni
January	Phando
jar	dzhomela
jaw	luṱaha
jealous	vivho
jerk	khwiḓa
jewelry	dzhuwele
job	mushumo
jogging	gidima
join	dzhenela
joint	ṱanganelaho
joke	miḓai
journalist	ramafhungo
journey	lwendo
joy	dakalo
judge	haṱula
judge	muhaṱuli
juice	dzhusi
july	fulwana
jump	fhufha
june	fulwi
junk	mathukhwi
just	kwao
just do it	sa ka nu zwi ita
justice	vhulamukanyi
justify	imelela
keen	ḓifunga
keep	vhea
keep it up	ni fare ngauralo
kept	vhewa
kettle	geḓela
key	khii
kick	raha
kid	ṅwana
kidding	swaswa
kidney	tswio
kids	vhana
kill	vhulaha
kind	vhuthu
kinda	sa
kindly	nga u ḓiṱukufhadza
kindness	vhuthu
king	khosi
kiss	khisi
kitchen	khishi
kite	khaithi
kitten	tshimangana
knee	khokhola
knew	ḓivha
knife	lufhanga
knight	muhali
know	ḓivha
knowledge	nḓivho
known	ḓivhiwa
label	leibele
label	leibela
labor	mushumo
labour	mushumo
lack	shaya
ladder	ḽeri
lady	mufumakadzi
laid	ala
lake	dzhivha
lamb	nngu
lame	ṱudza
lamp	ḽivhone
land	shango
land	kavha
landscape	mbono ya shango
language	luambo
lap	marumbi
large	khulu
last	mafhedziseloni
last but not least	tsha u fhedzisela
last name	tshifani
late	lenga
lately	a no maḓuvha
later	nga murahu
latest	zwino zwino
latter	nga murahu
laugh	sea
laughing	u sea
laughter	maseo
launch	thoma
laundry	kuvha
law	mulayo
lawn	tshivhandane
lawyer	ramilayo
lay	adza
layer	luvhemba
layout	pulane
lazy	bvafha
lead	ranga
leader	murangaphanḓa
leaf	ṱari
leak	bvuḓa
lean	tsekene
leap	fhufha
learn	guda
learning	guda
lease	thendelano ya vhuhiri
least	ṱhukhu
leather	mukumba
leave	ḽivi
leave	ṱuwa
leaves	maṱari
led	rangwa
left	ṱuwa
leg	mulenzhe
legacy	ifa
legal	zwa mulayo
legend	mafhungolungano
legit	tendelwaho
leisure	tshifhingawe
lend	hadzima
length	vhulapfu
less	zwiṱuku
lesson	ngudo
let	tendela
letter	vhurifhi
lettuce	ḽethasi
level	ḽevele
leverage	u shumisa tshikhala
liability	mulandu
library	ḽaiburari
lick	ṋanzwa
lie	zwifha
lie	mazwifhi
lies	mazwifhi
life	vhutshilo
lift	ṋamela
lift	ḽifithi
light	fungani
light	ḽivhone
light	tshedza
lightning	lupenyo
like	funa
likely	khonadzeo
likewise	sa zwenezwo
line	ḽaini
link	ṱhuma
lion	ndau
liquid	tshiluḓi
list	mutevhe
listen	thetshelesa
listening	u thetshelesa
literally	vhukuma
literature	maṅwalwa
litter	tshika
little	zwiṱuku
live	tshila
liver	tshivhindi
lives	matshilo
living	tshila
living room	lufhera lwa u ḓigeda
lizard	tswina
load	muhwalo
loaf	mukonde
loan	khadzimiso
local	yapo
location	vhupo
lock	khia
lockdown	iledzwa
log	rekhoda
lonely	vhuludu
long	ndapfu
long time no see	ndi kale ndi sa ni vhoni
look	vhona
look	mbonalelo
loop	mafhungo maswamaswa
loose	xela
loose	xelelwa
lord	murena
lose	xelelwa
loss	xelelwa
lost	xela
lot	mukovhe
loud	phosho
lounge	u ḓi geḓa
love	funa
love	lufuno
love you	ndi a ni funa
lovely	zwavhuḓi
low	fhasi
lower	fhasi
loyal	vhuluvha
loyalty	vhuluvha
luck	mashudu
lucky	mashudu
luggage	muhwalo
lump	bundu
lunch	tshiswiṱulo
lungs	mafhafhu
luxury	dzanga
lying	zwifha
machine	mutshini
mad	penga
madam	mufumakadzi
made	ita
magazine	magazini
magnificent	zwavhuḓisa
maid	musidzana
main	mutheo
maintain	tshiimo tshi ni fama
maintenance	lugisa
major	hulwane
major	ndeme
majority	vhunzhi
make	ita
make up	ita
male	tshinnani
mall	mavhengele
man	munna
manage	langa
management	ndangulo
manager	mulangi
mandatory	khombekhombe
manifest	ḓivhonadza
manipulate	shumisa
manner	nḓila
manual	manuwala
many	zwinzhi
many many happy returns of the day	mashudu na dziphṱhutshedzo kha ḓuvha heḽi
march	luhwenyisi
margin	lukombo
market	maraga
marriage	mbingano
married	malwa
mask	tshigurusi
mass	tshigwada
massive	huhulu
master	ntende
match	mumatsho
match	matsha
mate	khonani
material	zwishumiswa
math	ḓivhambalo
matter	thukhutha
matter	ndeme
maturity	khulo
may	shundunthule
may	u nga
maybe	kana
me	nṋe
me too	na nṋe
meal	zwiḽiwa
mean	amba
mean	tshikati
meaning	zwiamba
means	nḓila
meant	amba uri
meanwhile	tshifhinganyana
measure	kala
measures	mielo
meat	ṋama
medical	alafha
medicine	mushonga
meditation	ngelekanyo
medium	tshikati
meet	ṱangana
meeting	muṱangano
melt	ṋoka
memories	mihumbulo
memory	muhumbulo
mental	muhumbulo
mention	bula
mentioned	bulwa
mentor	mueletshedzi
merchant	muvhambadzi
mercy	khathutshelo
merely	fhedzi
merry christmas	khirisimusi yavhuḓi
mess	ṱanganana
message	mulaedza
messy	ṱanganana
metal	tsimbi
method	maitele
mice	mbevha
middle	vhukati
midnight	vhusikukati
might	zwi nga
mild	kati
milestone	mvuledzo khulwane
military	vhuswole
milk	mafhi
million	miḽiyoni
mind	muhumbulo
mind	humbula
mindset	kuhumbulele
mine	mugodi
mine	tshanga
mingle	vhuḽedzani
minor	muṱuku
minute	munithi
minutes	maambiwa
miracle	ḓembe
mirror	tshivhoni
miscellaneous	tshakhatshakha
mischievous	levha
miserable	u vhaisala muyani
misery	vhuṱungu
miss	ṱuvha
miss you	ṱuvha
missing	ṱahela
mission	ndivho
mist	khuli
mistake	vhukhakhi
mobile	thendeleki
mock	hoya
model	tshiedziso
moderate	ndinganelo
modern	tshizwinozwino
modest	timatima
moist	murongwe
moisture	murongwe
mold	u vhumba
mold	muunda
mole	ṱholi
mom	mme
moment	tshifhinganyana
monday	musumbuluwo
money	tshelede
monitor	monitha
monkey	ṱhoho
month	ṅwedzi
mood	vhuḓipfi
moody	zwivutshela
moon	ṅwedzi
moral	gudomvumbo
more	zwinzhi
moreover	zwiṅwe vho
morning	matsheloni
mortgage	tshikolodo
most	kanzhi
mostly	kanzhi
mother	mme
motion	ḽikumedzwa
motivation	ṱhuṱhuwedzo
mountain	thavha
mouse	mbevha
mouth	mulomo
move	sendedza
movement	musudzuluwo
movie	baisikopo
much	zwinzhi
mud	matope
mug	khaphu
muscle	musipha
museum	muziamu
mushroom	ngowa
music	muzika
must	ṱhoḓea
must	tea
mute	tsima
mutual	ṱanganelwa
my	tshanga
My dear	Mufunwa
my friend	khonani yanga
My hovercraft is full of eels	Mukhumbi wanga wo ḓala nga khunga
my love	mufunwa wanga
my name is	dzina ḽanga ndi
my pleasure	zwi ntakadzaho
myself	nṋe muṋe
mysterious	zwi sa ṱalutshedzei
mystery	tshi sa ṱalutshedzei
myth	vhutendatenda
nail	lwala
naive	sa ṅwana
name	dzina
narrative	nganea
narrow	tsekene
nasty	u sa ḓivhalea
national	lushaka
nationality	lushaka
native	ngwaniwapo
natural	mupo
nature	mupo
nausea	silingwa
near	tsini
nearby	tsini na
nearly	tsiniha
neat	kuna
necessary	zwoteaho
neck	mukulo
necklace	vhulungu
need	ṱhoḓea
need	ṱoḓa
negative	khanedzo
neglect	litshedza
negotiate	rera
neighbor	muhura
neighborhood	vhupo
neither	hu si tshithihi tsha
nephew	ṅwana wa khaladzi
nerd	tshigekhe
nervous	tshuwa
nest	tshiṱaha
net	mambule
network	vhukwamani
neutral	vhukati
never	na khathihi
never give up	ni so ngo nyama
never mind	ni so ngo ḓi dina
nevermind	u sa vhilahela
nevertheless	naho
new	tshiswa
news	mafhungo
next	tevhelaho
next to	tshini na
nice	naka
nice to meet you	ndi vha zwavhuḓi u ṱangana na inwi
niece	muḓuhulu
night	vhusiku
nightmare	muloro u tshusaho
nine	ṱahe
nineteen	fumiṱahe
ninety	fuṱahe
No	Hai
no problem	a hu na thaidzo
no way	na khathihi
nobody	a si muthu
noise	phosho
noisy	phosho
none	ahuna na tshithihi
noon	masiari
nope	hai
nor	hu si tshithihi tsha
normal	zwo ḓoweleaho
north	devhula
nose	ningo
nostalgic	tshiṱuvho
not	hai
not at all	na khathihi
not bad	a zwo ngo tou vhifha
Not now	Hu si zwino
not yet	a i athu
note	noti
noted	dzielwa nṱha
nothing	a hu na tshithu
notice	nḓivhadzo
noticed	vhona
noun	dzina
nouns	madzina
novel	bugu ya nganea
november	lara
now	zwino
nowadays	ano maḓuvha
nuisance	dina
null	pumu
numb	tshivhevhe
number	nomboro
nurse	nese
nut	nḓuhu
nutmeg	nathimege
nutrition	mufusho
oath	muano
obesity	u khwaṱha
obey	tevhedza
object	tshithu
objective	tshipikwa
obligation	pfanelo
obscure	u sa vha na vhuṱanzi
observation	mbono
observe	sedza
obsessed	vhilahedzwa
obsession	vhudugambilu
obsolete	fhirelwaho
obstacle	tshikhukhulisi
obtain	wana
obtained	waniwa
obvious	zwikhagala
obviously	zwi re khagala
occasionally	nga tshiṅwe tshifhinga
occupation	mushumo
occupied	farekanea
occur	itea
occurred	itea
occurs	itea
ocean	lwanzhe
october	tshimedzi
odd	u sa ḓowelea
odds	tshikhala
of	tsha
of course	zwi tou pfala
off	swara
offensive	vhaisa
offer	ṋetshedzo
offer	ṋetshedza
office	ofisini
official	tshiofisi
often	kanzhi
Oh	Evho
oh really	tshukhwi ngoho
oil	oiḽi
ok	ee
ok dear	ndi zwone mufunwa
ok honey	ndi khou tenda mufunwa
ok my love	zwo luga mufunwa
okay	zwo luga
okay baby	zwo luga ṅwana
okay dear	zwoluga mufunwa
okay honey	zwo luga mufunwa
okay my love	zwo luga mufunwa
old	kale
on	kha
once	luthihi
one	muthihi
one language is never enough	luambo luthihi a lu ngo vhuya lwa lingana
onion	nyala
online	kha inthanethe
only	fhedzi
open	vula
operation	matshimbedzele
opinion	kuvhonele
opportunities	zwikhala
opportunity	tshikhala
opposite	fhambana
optimistic	nyanyulea
option	khetho
optional	khetho
or	kana
orange	swiri
orange	muvhala wa ṱaḓa
order	ndaela
order	laela
ordinary	ḓoweleaho
organization	tshiimiswa
orientation	ḓivha
origin	vhubvo
original	mathomo
orphan	tshisiwana
other	zwiṅwe
otherwise	kana
ought	tea
our	zwashu
Our mission: to enable everyone, everywhere to understand the world and express themselves across languages.	Ndivho yashu: u ita uri muthu muṅwe na muṅwe, e huṅwe na huṅwe a kone u pfesesa ḽifhasi na u ḓisumbedza nga nyambo dzoṱhe.
Our mission: to organize the world's information and make it universally accessible and useful.	Ndivho yashu: u dzudzanya mafhungo a ḽifhasi ra ita uri a kone u swikelea na u shumisea nga vhoṱhe.
out	nnḓa
outcome	mvelelo
outfit	tshiambaro
outgoing	u bva
outlet	vhubvo
outline	mutalo
outside	nnḓa
outstanding	khwinesa
oven	honndo
over	nṱha ha
over there	nga hafhaḽa
overall	nga u angaredza
overcome	kunda
overthinking	u humbulesa
overwhelmed	tsikwa
overwhelming	kundwa
owe	koloda
owl	gwitha
own	tshanga
own	muṋe
owner	muṋe
ox	mboho
pace	maga
pack	paka
package	phasela
paid	badelwa
pain	vhuṱungu
paint	pennda
painting	muolo
pair	phere
pale	haluluwa
palm	ngomu ha tshanḓa
pan	pani
pandemic	u ṱaha ha dwadze
panic	nḓaḓo
pants	marukhu
paper	bammbiri
paradise	pharadiso
parallel	vhambela
parcel	phasela
pardon	pfarelo
parents	vhabebi
park	paka
parrot	pharotho
parsley	phasili
part	tshipiḓa
participate	dzhenela
particular	tshenetsho
particularly	kanzhi
partner	mufarisi
party	bepha
pass	pfukisa
passage	tshipiḓa
passed	fhirwa
passion	phiseo
passionate	swelambilu
passive	ḽiitiitwa
password	phasiwede
past	tshifhinga tsho fhiraho
patch	tshinamo
path	muzwila
pathetic	pfisa vhuṱungu
patience	konḓelela
patient	u konḓelela
patient	mulwadze
pattern	phatheni
pause	tshiawelo
pavement	phevimennde
pay	badela
payment	mbadelo
peace	mulalo
peaceful	mulalo
peach	beregisi
peak	ṱhodzini
pear	piere
peas	eregisi
peculiar	zwi so ngo ḓoweleaho
pee	ṱambuluwa
pee	muṱambuluwo
peel	swotola
peer	thanga
peers	dzithanga
pen	peni
pencil	penisela
pending	shumisa
people	vhathu
pepper	phiriphiri
perceive	vhona
perception	kuvhonele
perfect	teaho
perform	ita
performance	mashumele
perhaps	khamusi
period	tshifhinga
permanent	lwa tshoṱhe
permission	thendelo
permit	thendelo
perseverance	vhukonḓeleli
persistent	hanelela
person	muthu
personal	muthu
personality	vhuvha
perspective	vhuvhambedzanyi
persuade	luvhelela
pervert	tambudza
pet	tshifuwo
phase	ndima ya vhutshilo
phenomenon	tshibveleli
philosophy	filosofi
phone	founu
photo	tshinepe
phrase	fhungogake
physical	muvhili
pick	doba
pick up	doba
picture	tshifanyiso
piece	tshipiḓa
pieces	zwipiḓa
pig	nguluvhe
pigeon	ḽiivha
pile	thulwi
pillow	musiamelo
pilot	mutshimbidzafulaimatshini
pin	phini
pineapple	tshienge
pink	phinki
pit	mulindi
pitch	ṱoka
pity	u pfela vhuṱungu
place	fhethu
place	vhea
places	fhethu
plague	dwadze ḽa nzwimbathanga
plain	bale
plan	pulane
plane	bufho
plant	ṱavha
plants	zwimela
plate	phulethi
platform	puḽatifomo
play	tamba
play	ḽitangwa
playing	u tamba
pleasant	takadzaho
please	bawa
pleased	takadzwa
pleasure	zwitakadzaho
pledge	muano
plenty	zwinzhi
plot	puloto
plug	puḽaka
plum	tshiphuga
plumber	mupulamere
plural	vhunzhi
podcast	phodikhasiti
poem	tshirendo
poetry	vhurendi
point	mbuno
poison	mulimo
police	pholisa
policy	mbekanyamaitele
polite	ṱhonifha
pollution	tshikafhadzo
pond	tivha
pool	tivha
poop	makaka
poor	tambula
pop	endela
popular	ḓivheaho
population	vhathu
pork	nguluvhe
porridge	vhuswa
port	vhuimazwikepe
position	tshiimo
positive	mbuya
possess	u vha na
possession	ndaka
possession	thundu
possessive	vhuṋe
possible	konadzea
post	posa
post	poswo
postpone	u fhirisela
potato	ḓabula
potential	vhukoni
pound	phaundu
poverty	vhushayi
power	maanḓa
powerful	vha na maanḓa
practical	no itwa
practice	nḓowenḓowe
praise	luvha
prank	swaswedza
pray	rabela
precious	zwavhuḓi
precise	vhuronwane
precisely	nga vhuronwane
predict	vumba
prefer	takalela
preference	takalela
pregnant	u vhifha muvhilini
prejudice	luvhengelambiluni
premises	zwifhaṱo
premium	zwa maṱhakheni
preparation	nzudzanyo
prepare	dzudzanya
prepared	lugiselwa
preposition	thangeladzina
presence	vhuhone
present	tsha zwino
present	tshifhiwa
presentation	mukumedzo
preserve	phurizeva
president	muphuresidennde
press	khandiso
press	aina
pressure	mutsiko
pretend	ḓiitisa
pretty	nakelela
pretty	naka
prevent	tsireledza
previous	fhiraho
prey	ponda
price	mutengo
pride	u ḓi kukumusa
priest	tshifhe
primary	mutheo
prime	ndeme
princess	mukololo
principal	ṱhohoyatshikolo
prior	hu saathu
priority	vhuvhekanyandeme
prison	dzhele
privacy	tshidzumbe
private	tshiphiri
privilege	vhuṱalu
prize	pfufho
probably	konadzea
problem	thaidzo
procedure	maitele
proceed	isa phanḓa
process	maitele
process	tshimbidza
produce	bveledza
product	tshibveledzwa
production	vhubveledzi
profession	mushumogudwa
professional	mishumogudwa
profile	mbonwasia
profit	mbuelo
profound	vhudzivha
progress	bvelaphanḓa
progress	mvelaphanḓa
project	thandela
prominent	muḓivhalea
promise	fhulufhedzisa
promise	phuluphedziso
promote	bveledza
promotion	khunguwedzo
prompt	ṱavhanya
prone	anzela
pronouns	masala
pronunciation	mubulo
proof	vhuṱanzi
proper	khwine
properly	nḓila yone
properties	ndaka
property	ndaka
proposal	ḽikumedzwa
prospect	ṱoḓa
prosperity	ndaka
prosperous	u bvelela
protect	tsireledza
proud	ḓikukumusa
prove	ḓivhonadza
provide	ṋea
provided	ṋewa
province	vunḓu
provision	mbuvha
puberty	u hula
public	tshitshavha
pull	kokodza
pumpkin	fhuri
punctual	u fara tshifhinga
pupil	mugudiswa
purchase	renga
pure	tsha vhukuma
purple	phephuḽu
purpose	tshipikwa
purse	salamurahu
pursue	bvelaphanḓa
pursuit	tevhelela
push	khurumedza
put	vhea
qualification	ndalukano
quality	ndeme
quantity	vhunzani
quarantine	u vha thungo
quarrel	nndwa
quarrel	u lwa
quarter	kotara
queen	khosikadzi
queer	u sa ḓowelea
query	mbudziso
question	mbudziso
queue	fola
queue	mufolo
quick	ṱavhanya
quickly	ṱavhanyedza
quiet	fhumula
quilt	bedisipuredi
quit	litsha
quite	ḓure
quiz	ndinganḓivho
quotation	muredzo
quote	ngaganyo
quote	gaganya
quotes	miredzo
rabbit	muvhuḓa
race	mbambe
rage	mbiti
rain	mvula
raise	khuliso
raise	alusa
raised	vuswa
ran	gidima
random	tshayandivhiswa
range	mutevhe
rapid	ṱavhanya
rapidly	ṱavhanyaho
rare	u sa ḓowelea
rarely	hu si tshikhala tshoṱhe
rash	munyavhili
rat	mbevha
rate	phimo
rather	ndi nga na nda
ratio	ndivhanele
rational	ndivhanele
raw	thumbukwa
reach	swikelela
reached	swika
reaction	tshiiteo
read	vhala
reading	vhala
ready	lugela
real	vhukuma
reality	ngoho
realize	pfesesa
realized	ṱalukanya
really	zwavhukuma
rear	murahu
reason	tshiitisi
reasonable	pfalaho
recall	u bvisa tshiduloni
receipt	tshiḽipi
receive	ṱanganedza
received	ṱanganedza
recent	zwino zwino
recently	zwenezwino
reception	ṱanganedza
recipe	risipi
reckless	u sa londa
recognition	thendelo
recognize	ḓivha
recommend	themendela
recommended	themendelwaho
record	rekhoda
record	rekhodo
recover	fhola
recovery	fhola
rectangle	khuḓanḓeiṋa
red	tsuku
redeem	rengulula
redemption	vhuphulusi
reduce	fhungudza
redundant	si na mushumo
refer	amba nga
reference	ndaedzi
reflect	vhonisa
reflection	tshivhoniswa
refrain	mbuelelo
refrigerator	firidzhi
refund	badela murahu
refuse	hana
refused	landula
regard	nga kha
regarding	u ya nga
regardless	naho hu si na
regards	ndumeliso
region	dzingu
register	ṅwalisa
regret	ḓisola
regular	misi yoṱhe
regularly	kanzhi
reject	hana
relate	vhushaka
related	vhushaka
relationship	vhushaka
relative	vhushaka
relative	shaka
relatives	mashaka
relax	awela
release	mbofholowo
release	vhofholola
released	bviswa
relevant	teaho
reliable	fulufhedzea
relief	femuluwa
relieve	ḓithusa
relieved	ṱhaḓula
religion	vhurereli
religious	vhurereli
reluctant	shavha
rely	tika
remain	sala
remaining	tsho salaho
remarkable	vhuḓisa
remedy	dzilafho
remember	humbula
remind	humbudza
reminder	humbula
remote	sumbanḓila
remove	bvisa
render	ṋetshedza
rent	rennde
repair	lugisa
repeat	dovholola
replace	thivha vhudzulo
reply	fhundula
reply	phindulo
report	vhiga
report	muvhigo
represent	imelela
reputation	tshirunzi
request	khumbelo
request	humbela
require	ṱoḓa
required	ṱoḓea
rescue	phulusa
research	ṱhoḓisiso
resemble	fana
resentment	vengo
reservation	mbetshelwathungo
reserve	vhuthivhi
resident	mudzulapo
resign	litsha
resilience	konḓelela
resilient	konḓelela
resist	tila
resistance	hana
resolution	tsheo
resolve	tandulula
resort	rizoto
resources	zwiko
respect	ṱhonifha
respect	ṱhonifho
respond	fhindula
response	fhindula
responsibility	vhuḓifhinduleli
responsible	vhuḓifhinduleli
rest	awela
rest in peace	awela nga mulalo
restaurant	kifi
restore	vhuedzedza
restrict	kaṱudza
result	mvelelo
results	mvelelo
resume	thoma
retail	vhengele
retain	vhea
retention	ṱhuso
retired	notha
retreat	vhukhudo
retrieve	wana hafhu
return	humela
reveal	anḓadza
revealed	dzumbululwa
revenge	lifhedza
revenue	mbuelo
reverse	vhetshela thungo
review	sedzulusa
review	tsedzuluso
revise	sedzulusa
revision	ndovhololo
revolution	mvutshelano
reward	pfufho
rhythm	mutevhetsindo
rib	mbabvu
rice	raisi
rich	pfuma
rid	laṱa
ride	tshiṋamelo
ride	ṋamela
ridiculous	zwi sa pfadzi
right	pfanelo
right	tshauḽa
right now	zwino
rigid	u sa shanduki
ring	rinngi
rinse	ṱukisa
riot	mufhirifhiri
rip	mbanga
rip	kheruwa
ripe	vhibva
rise	aluwa
rise	nyaluwo
risk	khombo
rival	mupikisi
river	mulambo
road	bada
roast	otsha
robust	maanḓa
rock	tombo
rod	ṱhamu
role	tshipiḓa
roll	rolo
roof	ṱhanga
room	lufhera
root	mudzi
rope	thambo
rotten	sina
rough	konḓa
roughly	mugaganyo zwawo
round	tshitendeledzi
route	nḓila
routine	maitele
row	ḽaini
rub	sikiṱedza
rubber	raba
rubbish	mathukhwi
rude	vhutsha
rug	methe
ruin	tshinya
rule	langa
ruler	ruḽa
rules	milayo
run	shavha
running	gidima
rural	mahayani
rush	shishi
rush	ṱavhanyedza
sack	saga
sacred	khethefhalaho
sacrifice	tshiṱhavhelo
safe	tsireledzea
safe flight	vhufhufhi ho tsireledzeaho
safety	tsireledzo
sage	ṱalifha
said	ambiwa
sail	seila
sailing	alavha
sake	halwa ha sake
salary	muholo
sale	sele
salmon	salimono
salt	muṋo
same	fana
Same here	U tou fana na ngeno
sample	sambula
sand	muṱavha
sarcastic	muhoyo
sassy	tsha vhuḓi
sat	dzula
satisfaction	fushea
satisfied	fushea
satisfy	fusha
satisfying	fushaho
Saturday	Mugivhela
sausage	sotshisi
savage	ḽilema
save	vhulunga
saw	vhona
say	amba
scale	tshikalo
scam	vhufhura
scar	ḽivhadzi
scarce	shaeaho
scared	tshuwa
scarf	tshikhafu
scary	tshuwisa
scattered	hasekana
scene	bono
scenery	vhupo
scent	munukhelelo
schedule	vhidzani
schedule	sheduḽu
school	tshikolo
science	Saintsi
scientist	vhaḓivhi vha saintsi
scientists	vhorasaintsi
scissors	tshigero
scold	kaidza
scope	tshikoupu
score	kora
scrap	lutshetshelo
scratch	ṅwaya
scream	huwelela
screen	tshikirini
screw	tshikurufu
script	maṅwalwa
sea	lwanzhe
seal	tshivalo
search	ṱoḓa
season	khalaṅwaha
seat	tshidulo
second	vhuvhili
secret	tshiphiri
section	tshipiḓa
secure	tsireledza
security	tsireledzo
see	vhona
see you	ndi ḓo ni vhona
see you later	ndi ḓo ni vhona hu si kale
see you soon	ndi ḓo ni vhona zwenezwino
see you tomorrow	ndi ḓo ni vhona matshelo
seed	mbeu
seek	ṱoḓa
seem	mbonalelo
seems	vhonala
seen	vhonwa
seize	dzhia
seizure	tshifakhole
seldom	a si kanzhi
select	khetha
self	nṋe
self healing	fhola nga woṱhe
selfish	ḓihumbulela
sell	rengisa
send	rumela
send me your picture	nthumeleni tshifanyiso tshaṋu
senior	muhulwane
sense	pfadza
sensible	pfadza
sensitive	vhupfa
sent	rumela
sentence	muṱala
sentences	mafhungo
separate	fhandekanya
september	khubvumedzi
sequence	mutevhe
series	tsielano
serious	tsha ndeme
seriously	zwa vhukuma
serve	shumela
service	tshumelo
session	sesheni
set	dzudzanya
set	ṅanda
set up	dzudzanya
setting	fhethuvhupo
settle	dzulisea
seven	sumbe
seventeen	fumisumbe
seventy	fusumbe
several	fhambanaho
severe	konḓaho
sew	rungwa
shade	murunzi
shadow	murunzi
shake	dzinginyisa
shall	ḓo
shallow	so ngo tsesaho
shame	shonedzwa
shape	tshivhumbeo
share	kovha
sharp	fhira
she	ene
she has	u na
she is	ndi
shed	laṱa
sheep	nngu
sheet	baphathi
shelf	raka
shell	ganda
shelter	vhudzulo
shield	tshiṱangu
shift	diso
shine	penya
ship	tshikepe
shipping	endedza
shirt	hemmbe
shoes	zwienda
shoot	thuntsha
shop	vhengele
shopping	renga
shore	vhugabelelo
short	pfufhi
shortage	ṱhahelelo
shot	thuntsha
shot	tshiṱhavhane
should	zwinga
shoulder	haḓa
shout	huwelela
show	ṱano
show	ṱana
show me	ntsumbedzeni
shower	shawara
shrink	hwahwamala
shut	vala
shut up	shii
shy	shona
sibling	ṅwana wa mme
siblings	vhana vha musadzi
sick	lwala
side	lurumbu
sigh	femuluwa
sight	luvhonela
sightseeing	u vhona vhupo
sign	luswayo
signature	tsaino
significant	ndeme
silence	tshete
silent	fhumula
silk	siliga
silly	ḓabaḓaba
silver	siḽiva
similar	fana
simp	buphuthe
simple	leluwa
simultaneously	khathihi
since	u bva
sincere	tshonetshone
sincerely	zwavhukuma
sing	bannda
singer	muimbi
single	sa dzea
sink	zinki
sink	ṋuvhela
Sir	Vho
sister	khaladzi
sister in law	muvhuye
sit	dzula
site	tshitentsi
situation	tshiimo
six	rathi
sixteen	fumirathi
sixty	furathi
size	saizi
skill	vhukoni
skills	vhukoni
skin	lukanda
skinny	u onda
skip	pfuka
skirt	tshikete
sky	lutombo
slave	phuli
sleep	lala
sleeping	eḓela
sleepy	u vha na khofhe
sleeve	tshanḓa
slice	swadza
slice	lupepelele
slide	suvha
slightly	nyana
slim	tsekene
slip	tshiḽipi
slope	nzengamo
slot	tshifhinga
slow	ongolowa
slowly	nga u ongolowa
small	zwiṱuku
smart	ṱalifha
smell	munukho
smile	sea
smile	tshiseo
smoke	mutsi
smooth	tswavhelele
snack	zwidyangudyangu
snail	khumba
snake	ṋowa
snap	tshihaḓu
snow	mahaḓa
so	ngauralo
so cute	nakelela
so far	u swika hafha
soak	lovhea
soap	tshisibe
sober	u sa kambiwa
soccer	bola ya milenzhe
social	matshilisano
society	tshitshavha
socks	sogisi
soft	u sa konḓa
software	softhiwee
soil	mavu
sold	rengiswa
sold out	u rengisa zwa fhela zwoṱhe
soldier	swole
sole	swole
solid	tshiomate
solution	thandululo
solve	tandulula
some	zwiṅwe
somebody	muṅwe muthu
somehow	nga iṅwe nḓila
someone	muṅwe
something	tshiṅwe
sometimes	tshinwe tshifhinga
song	luimbo
soon	hu si kale
sophisticated	konḓa
sore	tshilonda
sore	vhavha
sore throat	mukulo u no khou vhavha
sorrow	ṱungufhala
Sorry	Pfarelo
sort	nanguludza
sought	ṱoḓiwa
soul	muya
soulmate	mufunwa wa mbiluni
sound	mubvumo
soup	swobo
sour	vhavha
source	tshiko
south	devhula
space	tshikhala
spam	tshipeme
span	muelo wa tshanḓa
spare	vhetshela thungo
spare	tshipere
speak	amba
special	tsha ndeme
species	lushaka
specific	tiwaho
spectacular	zwa nṱhesa
speech	amba
speechless	u fhelelwa nga maipfi
speed	luvhi
spell	peleṱa
spend	shumisa
spent	shumisa
spicy	vhavhelela
spike	tshibigiri
spin	monisa
spinach	tshipinisi
spirit	muya
spit	pfa
splendid	vhunzhingimi
split	mutwe
split	fhanduwa
spoil	leṅwa
spoiled	leṅwa
spontaneous	sokou bvelela
spoon	lebula
spot	dondo
spouse	munna
spread	anḓadza
spring	luṱavula
square	tshikwea
squeeze	pwanyeledza
squid	squid
squirrel	luṱura
stab	ṱhavha
stable	tshiṱafu
stack	khuvhela
staff	vhashumi
stage	vhugalatenga
stain	dondo
stairs	zwiṱepisi
stake	mukovhe
stalk	mukonyi
stall	vhengele
stamp	tshiṱemmbe
stand	ima
stand	tshitentsi
standard	mutheo
star	ṋaledzi
start	thoma
started	thoma
starving	nḓala
state	muvhuso
state	talutshedza
statement	vhuṱanzi
station	tshiṱitshi
statue	sitetshu
status	tshiimo
stay	dzula
stay	vhudzulo
stay safe	dzula wo tsireledzea
steady	tewa
steak	tshiṱeki
steal	tswa
steam	tshitimu
steel	tsimbi
steep	tshivhanga
stem	ḽivhumbwa
step	ḽiga
stick	thanda
stiff	konḓa
still	dzika
still	tshete
sting	luvholela
stingy	ṅamela
stir	ritha
stock	zwifuwo
stolen	tswiwa
stomach	thumbu
stone	tombo
stood	ima
stool	tshidzulo
stop	litsha
storage	mbulungo
store	vhengele
storm	ḓumbu
story	tshiṱori
stove	tshiṱofu
straight	navha
straightforward	leluwa
strain	sefa
strange	u sa ḓowelea
stranger	mutsinda
strategy	tshiṱirathedzhi
straw	siṱrou
strawberry	sṱrouberi
streak	thambo
stream	mulambo
street	tshibadana
strength	maanḓa
stress	mutsiko
stretch	ṱanḓavhudza
strict	vhutevheli
strike	rwa
string	mutevhe
strip	thambo
strive	edzisa
stroke	rwa
strong	khwaṱha
struck	mbombonya
structure	tshiimiswa
struggle	thambulo
struggle	tambula
struggling	ombana
stubborn	u sa pfa
stuck	patwa
student	mutshudeni
study	ngudo
study	guda
studying	ngudo
stuff	zwithu
stunning	akhamadzaho
stupid	tshiḓahela
style	tshitaili
subject	thero
submission	vhuḓiṋekedzi
submit	rumela
substance	thukhita
substitute	mufareli
subtle	pfesesa
succeed	bvelela
success	bvelela
successful	bvelela
such	izwi
such as	fana na
suck	mama
sudden	nga u ṱavhanya
suddenly	nga khathihi fhedzi
suffer	tambula
suffering	tambula
sufficient	lingana
sugar	swigiri
suggest	dzinginya
suggestion	dzinginya
suit	sutu
suit	fanela
suitable	teaho
suitcase	phuthumennde
sum	ṱhanganyelo
summary	manweledzo
summer	tshilimo
summit	muṱumba
sun	ḓuvha
sunday	swondaha
sunny	ḓuvha
sunset	matotatombo
sunshine	maora
super	zwanṱhesa
superior	re muhulwane
supervisor	muṱoli
supper	tshilalelo
supply	ṋetshedza
supply	nḓisedzo
support	thikhedzo
support	tikedza
suppose	u ngari
supposed	khumbulelo
sure	zwo to ralo
surface	nyalo
surge	ela
surgery	vhuari
surname	tshifani
surprise	mangadza
surprised	mangala
surrender	diṋekedza
surrounding	vhupo
surveillance	ndavheleso
survey	saveyi
survive	ponya
suspect	humbulela
suspect	muhumbulelwa
suspended	imiswa
suspicious	vhilaedza
sustain	tika
sustainability	zwi bvelaho phanḓa
sustainable	fanelaho
swag	xaraḓeni
swallow	mila
swap	tshintsha
swear	ana
sweat	biko
sweater	dzhesi
sweep	swiela
sweet	ḓifha
sweet dreams	miloro yavhuḓi
sweet tooth	u funesa zwi ḓifhelelaho
sweetheart	mufunwa
swell	zwimba
swelling	zwimba
swim	bambela
swimming	bambela
swing	devhu
swing	devhuwa
switch	switshi
switch	funga
swollen	zwimba
sword	pfumo
symbol	tshiga
sympathy	u pfela vhuṱungu
symptoms	tsumbadzwadze
system	sisiṱeme
table	ṱafula
tackle	lwa
tag	thege
tail	mutshila
take	dzhia
take away	ṱusa
take care	ṱhogomela
take off	takuwa
taken	dzhiwa
talk	nyambo
talk	amba
talkative	u ambesa
tall	lapfa
tap	khokhonya
tap	phaiphi
tape	lubannda
target	phimo
target	pima
task	mushumo
taste	thetshela
taste	muḓifho
tasty	ḓifha
taught	funza
tea	tie
teach	funza
teacher	mudededzi
team	thimu
tear	kherula
tears	miṱodzi
tease	tswenya
technology	thekhinoḽodzhi
teeth	maṋo
tell	vhudza
tell me	mmbudzeni
temper	vhuvha
temperature	thempheretsha
temple	thembele
temporary	tshifhinganyana
ten	fumiraru
ten thousand	zwigidi zwa fumi
tenant	muhiri
tend	u ya kha
tendency	ndivhelo
tender	ṱhogomela
tense	ḽikhathi
tension	vhuakhwa
tent	dennde
tentative	anganyelwa
term	kotara
terms	maipfi
terrible	zwi si zwavhuḓi
terrific	zwavhuḓisa
territory	ḓisi
test	ndigo
test	linga
text	ḽiṅwalo
than	u fhira
thank	livhuwa
thank you	ndo livhuwa
Thank you for your patience while we investigate shipment	Ro livhuwa u konḓelela havho musi ri tshi kha ḓi ita ṱhoḓisiso ya zwo rumelwaho
thank you so much	ndo livhuwa nga maanḓa
thank you very much	ndo livhuwa nga maanḓa
thanks	ndo livhuwa
Thanks for using our app	Ri khou livhuwa u shumisa apu yashu
that	itsho
that is	ndi hezwi
that's good	ndi zwavhuḓi
theft	vhuvemu
their	zwavho
them	vhone
theme	thero
themselves	vhone vhaṋe
then	u bva afho
theory	theori
there	fhaḽa
there are	hu na
there is	hu na
therefore	hone ha
these	izwi
they	vho
they are	vho
thick	ndenya
thief	mbava
thigh	tshirumbi
thin	sekene
thing	tshithu
things	zwithu
think	humbula
third	tshararu
thirsty	ḓora
thirteen	fumiraru
thirty	furaru
this	itshi
this is	itshi ndi
thorough	nga
thoroughly	vhuronwane
those	avho
though	kha
thought	muhumbulo
thoughtful	vhuthu
thoughts	mihumbulo
thousand	tshigidi
thread	muḓali
threat	fara
threaten	shushedza
three	tharu
threshold	tshikalo
thrilled	nyanyulea
thrive	bvelela
throat	mukulo
through	nga
throughout	tshifhingatshoṱhe
throw	laṱa
thumb	gunwe
thunder	mibvumo
Thursday	Ḽavhuṋa
thus	nga
tick	tshievhe
tide	ḓalaza
tidy	vhudele
tie	muvhofho
tie	vhofha
tiger	didinngwe
tight	tsinisa
time	tshifhinga
timid	ofha
tiny	ṱhukhu
tip	ṱhodzi
tips	ngeletshedzo
tire	neta
tired	neta
tissue	thishu
title	ṱhoho
to	kha
toast	thositi
today	ṋamusi
toddler	ṅwana
toes	zwikunwe
together	roṱhe
toilet	bunga
told	ambiwa
tolerance	konḓelela
tolerate	konḓelela
tomato	ṱamaṱisi
tomorrow	matshelo
tongue	lulimi
tonight	madekwana
too	vho
took	dzia
tool	tshishumiswa
tools	zwishumiswa
tooth	ḽino
top	nṱha
topic	thero
torn	kheruwa
torture	vhaisa
total	ṱhanganyelo
touch	konḓa
tough	konḓa
tour	lwendo
toward	u ya
towards	u ya kha
towel	thavhula
town	ḓorobo
toxic	phoizeni
trace	oledzela
track	nḓila
trade	vhubindudzi
trade	bindulisa
tradition	sialala
traditional	mvelele
traffic	vhuendi
trail	muzwila
train	pfumbudza
training	pfumbudzo
trait	tshivhumbamvumbo
traits	tshivhumbamvumbo
transfer	pfukisa
transition	muratho
translate	phindulela
transparent	vhonadza
transport	vhuendedzi
transportation	zwa vhuendi
trap	tshimbevha
trash	malaṱwa
trauma	thiroma
travel	dala
tray	ṱhirei
treasure	tsha thengokhulu
treat	fara
treatment	dzilafho
tree	muri
tremendous	takadzaho
trend	tshizwino zwino
trial	ndingo
trick	fhura
tried	lingedzwa
trigger	mathomo
trigger	thoma
trim	linganyisa
trip	lwendo
trouble	khakhathi
trousers	marukhu
truck	ṱiraka
true	NGOHO
trunk	mutumbu
trunk	tsinde
trust	fulufhela
trust	fulufhelo
truth	ngoho
try	edzisa
tube	phaiphi
Tuesday	Ḽavhuvhili
tuition	funziwa
turkey	nkhwe
turmeric	thumeriki
turn	rembulusa
turtle	tshibode
tutor	mudededzi
twelve	fumbili
twenty	fumbili
twenty-one	fumbilithihi
twice	kavhili
twist	somba
two	vhavhili
type	lushaka
typical	lushaka
ugly	vhifha
ultimate	gumani nga nṋe
umbrella	tshisambureni
unable	u sa kona
uncle	malume
unconscious	dzidzivhala
under	fhasi ha
underneath	nga fhasi
underrated	nyadza
understand	pfesesa
understood	pfesesea
unfortunately	mashudumavhi
uniform	yunifomo
unique	zwofhambanaho
unit	tshipiḓa
university	yunivesithi
unknown	u sa ḓivhea
unless	arali
until	u swikela
unusual	u sa ḓowelea
up	nṱha
up to you	zwi kha inwi
update	khwinisani
update	khwiniso
upgrade	khwinisa
upgrade	khwiniso
upon	kha
upset	kwata
urban	dziḓoroboni
urge	ṱuṱuwedza
urge	ṱhuṱhuwedzo
urgent	shishi
us	riṋe
use	tshumiso
use	shumisa
used	shumiswa
useful	i no shumisea
useless	si na mushumo
usual	kanzhi
usually	kanzhi
utility	tsha mushumo
vacation	madalo
vaccination	muhaelo
vaccine	khaelo
vacuum	vakhumu
vague	sa pfadzi
valid	teaho
valley	govha
valuable	tsha thengo khulu
value	ndeme
variety	fhambananaho
various	u fhambana
vary	fhambana
vase	vasi
vast	khulu-khulu
vegetable	muroho
vegetables	miroho
vehicle	goloi
Venda	Tshivenḓa
vendor	muvhambadzazwiṱuku
venom	vhuṱungu
venture	lwendo
venue	fhethu
verify	khwaṱhisedza
versatile	shumiseahunzhi
version	sia
vertical	nzimo
very	nga maanḓa
very good	zwa vhuḓisa
vessel	tshifaredzi
via	kha
vibe	vhuḓipfi
vibes	tshiimo
vicious	levhaho
victim	tshipondwa
video	vidio
view	kuvhonele
village	muḓi
villain	phondi
vinegar	viniga
vintage	tshikale
violence	khakhathi
violent	vhuḓifari huvhi
viral	tshitshili
virgin	sa athu ḓivha munna
virtual	tshi vhonalaho
virtue	mikhwa
vision	bono
visit	dala
visit	madalo
visual	vhonala
vital	ndeme
vivid	vhonala
vocabulary	nḓivho ya maipfi
voice	ipfi
void	tshikhala
volume	volumu
volunteer	maḓilonga
vomit	ṱanza
vomit	maṱanza
vulnerable	u vha khomboni
wage	muholo
wages	miholo
waist	khundu
wait	lindelani
waiter	hweta
waiting	lindela
wake	phaphama
wake up	vuwani
walk	mutshimbilo
walk	tshimbila
walking	tshimbila
wall	luvhondo
wallet	tshipatshi
wander	tendeleka
wanna	ndi khou ṱoḓa
want	ṱoḓa
wanted	ṱoḓwa
war	nndwa
wardrobe	waḓirobo
warehouse	nnḓu ya mbulungelo
warm	fhisa
warn	sevha
warning	tsevho
warrior	mulwi
was	tsho vha
wash	ṱanzwa
waste	maḽatwa
waste	laṱekanya
watch	lavhelesani
water	maḓi
watermelon	bvani
wave	gabelo
way	nḓila
we	riṋe
we are	ri
we can	ri nga
weak	u sa khwaṱha
weakness	vhuṱudzeṱudze
wealth	lupfumo
wealthy	pfuma
wear	ambara
wearing	ambara
weather	mutsho
wedding	munyanya
Wednesday	Ḽavhuraru
weed	tsheṋe
week	vhege
weekend	mafhelo a vhege
weight	lemela
weight	tshileme
weird	tshuwisa
welcome	ṱanganedzwa
welfare	ndondolo
Well	Zwavhuḓi
well done	shuma zwavhuḓi
went	ya
were	ro
west	vhukovhela
wet	thaba
whale	khovhe ya vhimbi
what	zwifhio
what about you	nga ha vhone
what are you doing	ni khou ita mini
what are you doing now	ni khou ita mini zwino
what are you doing right now	ni khou ita mini zwino
what do you do	ni khou ita mini
what do you do for a living	ni shuma mini
what do you mean	ni khou ri mini
what do you want	ni khou ṱoḓa mini
what happened	ho itea mini
what is	ndi mini
what is this	ndi mini itshi
what is your job	ni shuma mini
what is your name	dzina ḽanu ndi nnyi
what's up	hu khou itea mini
what's your name	dzina ḽaṋu ndi nnyi
whatever	tshiṅwe na tshiṅwe
wheat	mufhoho
wheel	vhili
when	lini
whenever	tshifhinga tshiṅwe na tshiṅwe
where	ngafhi
where are you	ni ngafhi
where are you from	ni bva ngafhi
where are you now	ni ngafhi zwino
where do you live	ni dzula ngafhi
where is	i ngafhi
whereas	fhedzi
whether	kana
which	tshifhio
while	musi
whisper	hevhedza
whistle	tshiṱiriri
white	tshena
who	nnyi
who are you	ndi inwi nnyi
who is	ndi nnyi
who is this	ndi nnyi uyu
whole	tshoṱhe
whom	nnyi
whose	tsha nnyi
why	ndi ngani
why not	ndi ngani zwi sa ralo
wicked	mbilummbi
wide	ṱanḓavhuwa
widow	tshilikadzi
width	vhuphara
wife	mufumakadzi
wild	ḓakani
will	wiḽi
will	ḓo
willing	tendela
win	wina
wind	muya
window	fasiṱere
windy	muyani
wine	waini
winter	vhuria
wipe	phumula
wire	ḓiraṱa
wisdom	vhuṱali
wise	ṱalifha
wish	lutamo
wish	tama
wish you all the best	ndi ni tamela zwivhuya
witch	muloi
with	na
withdraw	humisela murahu
withdrawal	muṱuso
within	kha
without	hu si na
witness	ṱanziela
witness	ṱhanzi
witty	u vha na midai
wolf	ṱarelo
woman	mufumakadzi
women	mufumakadzi
won	kunda
wonder	lialia
wonderful	zwavhuḓi
wood	bulannga
wool	uḽu
word	ipfi
words	maipfi
work	shuma
work	mushumo
work out	nyonyoloso
working	shuma
world	ḽifhasi
worm	mbungu
worn	ṱahala
worried	vhilahela
worry	vhilahela
worse	kalulaho
worship	renda
worst	konḓaho
worth	ndeme
worth it	zwo fanela
worthy	zwo fanela
would	ḓo
wound	tshilonda
Wow	Evho wee
wrap	putela
wrath	mbiti
wrist	tshinungo
write	ṅwala
Write here	Ṅwalani hafha
writing	muṅwalo
written	ṅwalwaho
wrong	khakhea
wrote	ṅwala
yard	dzharaṱa
yawn	galamulo
yawn	alamula
year	ṅwaha
years	miṅwaha
yeast	mbiliso
yell	tzhema
yellow	tshitopi
Yes	Ee
yes baby	ee ṅwana
yes dear	ee mufunwa
yes honey	ee mufunwa
yes my love	ee mufunwa wanga
yes of course	ee zwo ralo
yesterday	mulovha
yet	naho zwo ralo
yield	ḓisa
you	inwi
you are	ni pfi nnyi
you are beautiful	no naka
you are so beautiful	no nakesa
you are welcome	vho ṱanganedzwa
you can	ni nga
You know	Ni a zwi ḓivha
you too	na inwi vho
you're welcome	vho ṱanganedzwa
young	muswa
your	zwana
your welcome	vho ṱanganedzwa
yourself	inwi muṋe
youth	muswa
you’re welcome	no ṱanganedzwa
yummy	ḓifha
zero	pumu
