a	na
a	un
a little	un poco
a lot	tanto
a lot	assè
a lot of	un mucio de
abandon	sbandonar
abandoned	sbandonà
abide	convìvar
ability	abilità
able	bon
about	scuasi
about	calche
above	sora
abroad	estero
abroad	foresto
absence	assensa
absent	assente
absolutely	assolutamente
absorb	supar
abstract	astrato
absurd	assurdo
abundance	bondansa
abundance	sósega
abundance	bobana
abundant	gajardo
abundant	bondante
abuse	violensa
accent	assento
accept	assetar
access	acesso
accident	insidente
accommodation	aloso
accomplish	far
accomplished	rivà
accomplished	fato
according	secondo
account	conto
accuracy	pressision
accurate	pressiso
accused	acusà
ache	dolor
achieve	otegner
achievement	conchista
acknowledge	riconossar
acquaintance	conossente
acquire	otegner
acquired	otegnesto
acquisition	acuisission
across	traverso
act	ato
action	assion
active	ativo
activities	atività
activity	atività
actor	ator
actual	reale
actually	in realtà
acute	agudo
adapt	adatar
add	zontar
addicted	dipendente
addition	dipendensa
additional	in zonta
address	indirisso
adequate	adeguà
adjacent	vissin
adjacent	petà
adjective	ajetivo
adjust	regolar
admire	amirar
admit	ametar
adopt	adotar
adorable	còcolo
advance	antìssipo
advanced	avansà
advantage	vantajo
adventure	aventura
adverb	averbio
advertisement	reclan
advertising	publissisàr
advice	consejo
advise	consejar
advocate	sostenidore
aesthetic	estèdego
affair	sunto
affair	roba
affect	considerar
affect	controlar
affect	rivardar
affection	tacamento
afford	parmétarse
affordable	conveniente
afraid	spaventà
after	dopo
afternoon	pomerijo
afternoon	dopo mesodì
afterwards	po'
afterwards	dopo
again	da novo
against	contro
age	età
agency	ajensia
agent	ajente
agent	rapresentante
aggressive	agressivo
agile	svelto
ago	fa
agree	concordar
agreement	acordo
agriculture	agricoltura
ahead	davanti
aid	ajuto
aim	mirar
air	aria
airport	aeroporto
aisle	coridoio
alarm	sveja
alcohol	alcol
alert	avertensa
alert	aviso
alive	vivo
all	tuti
all right	va ben
all the best	mejo auguri
allow	parmétar
allowed	parmesso
almost	scuasi
alone	solo
along	longo
already	zà
Alright	Va ben
also	anca
alternative	alternativa
although	seben
always	senpre
am	son
am	le xe
am	i xe
amazing	incredibile
ambiguous	anbiguo
ambition	anbission
ambitious	anbissioso
amend	modifegar
amid	fra
among	fra
among us	fra de noialtri
amount	inporto
amusing	divertente
an	un
analysis	analisi
ancestors	avi
anchor	oncora
anchor	àncora
ancient	antigo
and	e
and you	e ti
angel	anzolo
anger	furia
anger	rabia
angle	angolo
angry	inrabià
animal	animale
ankle	caìcia
anniversary	aniversario
announcement	anuncio
annoy	fastidiar
annoy	dar fastidio
annoyed	fastidià
annoying	fastidioso
annual	anuale
anonymous	anonimo
another	un altro
answer	risposta
anticipate	intivar
anticipate	antissipar
anxiety	ansia
anxious	afanà
anxious	ansioso
any	cualsiasi
anymore	pi'
anyone	tuti cueli che
anyone	chi che
anything	calcossa
anyway	in ogni caso
anyway	par altro
anyway	parò
anyways	in ogni caso
anyways	par altro
anyways	parò
apart	diviso
apart	separà
apartment	apartamento
apologize	scusa
apparent	aparente
apparently	aparentemente
apparently	pararia
appeal	ricorso
appear	conparir
appear	aparir
appearance	siera
appearance	speto
appeared	conparso
appetite	petito
apple	pomo
application	aplicassion
apply	aplicar
appointment	randevù
appointment	refa
appreciate	apressar
appreciation	riconossensa
approach	abordo
approach	metodo
approach	vissinamento
appropriate	aproprià
approval	aprovassion
approve	aprovar
approved	avprovà
approximately	scuasi
approximately	ben o mal
april	avril
april	april
arbitrary	arbitrario
architect	architeto
architecture	architetura
archive	archiviar
are	son
are	le xe
are	i xe
are you	sie
are you	ti te si
are you	te si
are you busy	te si inpegnà
are you married	sito maridà
are you married or single	sito maridà o no
Are you still there?	Ghe sito oncora?
are you there	sito là
area	area
area	zona
argue	discùtar
argue	dibàtar
argument	discussion
arise	levar
arise	levarse
arm	brasso
army	armada
around	torno
arrange	sistemar
arrangement	sistemassion
arrival	traguardo
arrival	arivo
arrival	rivo
arrive	rivar
arrived	rivà
arrogant	rogante
arrogant	altero
arrow	frecia
art	arte
article	artìgolo
artificial	artifissial
artist	artista
as	come
as long as	purché
as well	anca
as well as	e anca
ash	senare
ashamed	vergognarse
ask	dimandar
asked	dimandà
asleep	indormensà
aspect	siera
aspect	speto
Assamese	Assamese
assault	assalto
assault	ataco
assembly	raduno
assertive	assertivo
assess	valutar
assessment	valutassion
asset	ben
assets	beni
assign	assegnar
assignment	mestiero
assist	assistar
assistant	assistente
associate	colega
associated	associà
association	associassion
assume	metar che
assume	suponer
assumption	assunsion
at	a
at least	almanco
ate	magnà
athlete	atleta
attach	alegar
attached	alegà
attachment	alegà
attack	ataco
attempt	prova
attend	assistar
attendance	presensa
attention	ocio
attention	atension
attitude	senejamento
attitude	sèsto
attitude	inpostadura
attract	tirar
attraction	atrassion
attractive	interessante
attribute	atributo
audience	piòvego
audience	pùblico
august	agosto
aunt	àmia
aunty	amieta
authentic	auténtego
authentic	vero
author	autor
authority	autorità
autumn	otuno
available	disponibile
average	media
avoid	evitar
awake	svejo
award	premio
aware	consapevole
awareness	consapevolessa
away	via
awesome	grandioso
awful	tremendo
awkward	intrigà
awkward	insanpà
Aymara	Aymara
baby	putelo
bachelor	madègo
bachelor	scapolo
back	schena
background	fondo
bad	sbajà
bad	cativo
bag	borsa
bait	esca
bake	cusinar
bakery	panetaria
baking soda	bicarbonà
balance	ecuilìbrio
ball	bala
Bambara	Bambara
banana	banana
band	grupo
band	banda
bang	susta
bang	colpo
bank	banca
bar	ostaria
bar	bar
barely	apena
barely	apena apena
bargain	afare
bark	sbajamento
bark	sbajada
barley	orzo
barrier	bariera
base	base
based	basà
basement	soteràneo
basic	basilare
basically	praticamente
basil	basìlico
basil	basegò
bastard	bastardo
batch	loto
bath	bagno
bathroom	bagno
battery	batarìa
battle	bataja
bay	calanca
be	sipi
be careful	atento
beach	spiaja
beam	rajo
beans	fasoli
bear	sostegner
beard	barba
bearing	portamento
beast	bestia
beat	bàtito
beautiful	belo
beauty	belessa
became	deventà
because	parché
become	deventar
bed	leto
bedroom	camara da leto
bee	ava
beef	manzo
been	xe stà
beer	bira
before	prima
began	scomissià
begin	scomissiar
beginning	prinsìpio
behalf	al posto de
behalf	par
behave	conportarse
behavior	conportamento
behaviour	conportamento
behind	drio
being	esendo
belief	credensa
believe	crédar
belly	pansa
belong	spetar
belong	apartegner
beloved	amà
below	soto
belt	sintura
belt	sengia
bench	panchina
bend	piegar
beneath	soto
benefit	vantajo
benefits	vantaji
beside	infinamente
beside	inazonta
beside	in pi'
besides	infinamente
besides	inazonta
besides	in pi'
best	mejo
best of luck	bona fortuna
best regards	cordiali saludi
better	mejo
between	fra
beverage	bevanda
beyond	oltre
Bhojpuri	Bhojpuri
bias	propension
biased	parsiale
bicycle	bicecreta
bid	ofrir
big	grando
bike	bici
bill	banconota
bind	ligar
bird	oselo
birthday	conpleano
bit	tocheto
bite	morsegon
bitter	amaro
black	nero
blade	lama
blame	colpa
blank	vodo
blanket	coverta
blast	sciopada
blast	sciopo
bleach	candejina
blend	smissiar
bless	benedission
blessed	benedìo
blind	cioro
bliss	zoja
block	bloco
blood	sangue
bloom	fiore
blow	supion
blue	celeste
blue	blu
blunt	spontà
blunt	sgussà
board	asse
boat	barca
body	corpo
boil	bojar
bold	temerario
bold	francon
bold	sbrenà
bond	ligame
bond	ligamento
bone	osso
book	libro
boost	urton
booster	amplifegador
boot	stivale
boots	stivali
border	confin
bore	stufar
bore	insustar
bore	smonar
bored	stufà
bored	insustà
bored	smonà
boring	noioso
born	nassesto
borrow	tore in prèstio
boss	cao
boss	testa
both	tuti do
bother	fastidiar
bottle	butilia
bottom	fondo
bought	cronpà
bounce	rinbalsar
bound	direto
boundaries	limiti
bow	repeton
bow	prostinò
bowl	scuela
bowl	scòfina
box	scatola
boy	toso
boyfriend	moroso
boyfriend	conpagno
boyfriend	stesso
bracelet	brassaleto
brain	servelo
branch	rama
brand	marca
brave	corajoso
breach	sbrego
breach	vèrta
bread	pan
break	pausa
breakfast	colassion
breast	sen
breath	respiro
breath	fià
breathe	respiro
breathe	fià
breed	rassa
brick	maton
bride	sposa
bridge	ponte
brief	curto
bright	slusente
brilliant	fenomenale
brilliant	fantàstego
bring	portar
bro	frà
broad	largo
broadcast	trasmétar
broke	roto
broke	spacà
broken	roto
broken	spacà
broom	scoa
brother	fradelo
brother in law	cognà
brought	portà
brown	maron
brush	spàssola
bucket	secia
buddy	moroso
buddy	conpagno
buddy	stesso
budget	stansiamento
budget	fabisogno
budget	pian finansiario
bug	bao
build	costruir
building	stabile
built	costruìo
bulk	sfuso
bull	toro
bully	bulo
bump	goba
bunch	grupo
bundle	pacheto
burden	fardelo
buried	interà
buried	sepelìo
burn	brusada
burn	scotada
burst	sciopar
bury	interar
bury	sepelir
bus	coriera
bush	javascaro
bush	savàsco
business	afari
bust	busto
busy	ocupà
but	ma
butter	butiro
butterfly	pavejo
butterfly	paveja
butterfly	pavela
button	boton
buy	cronpar
by	da
by the way	par via
by the way	a proposito
bye	ciao
cabbage	cavolo
cabinet	armareto
cage	gabia
cake	torta
calf	pupola
call	ciamada
call me	ciamame
called	ciamà
calm	calma
came	vegnesto
campaign	canpagna
can	pol
can't	no te poi
can't	no poder
can't	no podì
can't	no i poe
can't	no el poe
can't	no poso
can't	no la poe
can't	no podemo
Cancel	Anula
cancer	cancaro
capable	bon
capacity	capassità
capital	capitale
caption	didascalia
capture	caturar
car	machina
career	cariera
careful	atento
carefully	co atension
careless	sensa cura
caring	premuroso
carpenter	scuérariolo
carpenter	muraro
carpet	tapeo
carrot	carota
carry	trasportar
carry on	continua
carry out	far
case	custodia
cash	contanti
cast	cast
castle	castelo
casual	informale
cat	gato
catch	tor
catch	ciapar
category	categoria
cattle	bestian
caught	tolesto
caught	ciapà
cause	causa
caution	ocio
caution	atension
cautious	retegnesto
cautious	retenùdo
cave	covolo
cave	grota
cease	finir
ceiling	sofito
celebrate	selebrar
cell	sélula
center	sentro
century	secolo
cereal	sereale
ceremony	serimònia
certain	serto
certainly	serto
certificate	sertiffegà
chain	cadena
chair	carega
challenge	sfida
chance	possibilità
change	modifegar
chaos	caos
chaos	casin
character	personajo
characteristics	caraterìsteghe
charge	carga
charity	beneficensa
charming	un incanto
charming	fassinante
chart	gràfego
chase	ndar drio
chase	corar drio
chat	conversassion
cheap	econòmego
cheat	tradir
cheating	inbrojar
check	controlo
cheek	massela
cheer	tifar
cheerful	soridente
cheers	grassie
cheese	formajo
chemistry	chìmega
cherish	apressar
chess	scachi
chest	peto
chew	mastegar
chicken	polastro
chief	cao
chief	testa
child	putelo
childhood	infànsia
children	puteli
chill	fredo
chimneys	camini
chin	sbèssola
chocolate	ciocolata
choice	sielta
choose	sérnir
choose	dessidar
chop	tajar
chores	mestieri
chubby	paciocoto
church	cesa
cinnamon	canela
circle	sercio
circumstances	circostanse
citizen	sitadin
city	sità
claim	afermassion
clarify	ciarir
class	classe
clay	creda
clean	neto
clear	ciaro
clerk	comesso
clever	furbo
client	cliente
cliff	scojera
climate	clima
climb	ranpegar
climb	rovegar
clingy	aderente
clock	relojo
close	sarà
closet	armaro
cloth	mantelo
clothes	vestidi
cloud	nuvola
cloudy	nuvoloso
clown	pajasso
clue	indissio
clumsy	pantalon
clumsy	magogo
clumsy	gofo
cluster	recin
coach	carossa
coal	carbon
coast	costa
coat	paltò
coat	jubeto
coffee	cafè
cognitive	cognitivo
coincidence	coincidensa
cold	fredo
collapse	colassar
collar	coleto
colleague	colega
colleagues	coleghi
collect	colessionar
collection	colession
college	università
color	color
colorless green ideas slept furiously	idee ecolojiche sensa color dorme furiosamente
colour	color
column	colona
comb	pètane
combination	conbinassion
combine	conbinà
come	vegner
come here	vien qua
come on	dai
come on	dè
comfort	comodità
comfortable	còmodo
comfortable	confortevole
coming	rivar
coming soon	drio rivar
command	comando
comment	comento
commercial	reclan
commission	comission
commit	inpegnarse
commitment	inpegno
committed	inpegnà
commodity	marcansìa
common	comun
communicate	comunegar
communication	comunicassion
community	comunità
commute	far el pendolare
companion	moroso
companion	conpagno
companion	stesso
company	asienda
compare	confrontar
comparison	confronto
compassion	conpassion
compassionate	conpassionevole
compatible	conpatibile
compete	conpètar
competent	conpetente
competition	conpetission
competitive	conpetitivo
complain	reclamar
complaint	lamento
complement	conpletamento
complete	conpletar
complete	finir
completely	conpletamente
complex	banda
complex	difissile
complex	elaborà
compliance	rispeto
complicated	conplicà
compliment	conplimento
comply	otenperar
composition	conposission
compound	conposto
comprehension	conprension
comprehensive	finìo
compromise	conpromesso
compulsory	obligatorio
computer	computer
concentrate	consentrar
concept	idea
concern	preocupassion
concerned	preocupà
concert	banda
conclusion	conclusion
conclusion	fine
concrete	semento
condition	condission
conditions	condission
conduct	portar
conference	conferensa
confess	confessar
confidence	fiducia
confident	seguro
confirm	confermar
conflict	scontro
conflict	conflito
confused	inocà
confused	inturbià
confused	stranìo
confusion	confusion
congrats	congratulassion
congratulation	congratulassion
congratulations	congratulassion
conjunction	conjunsion
connect	conétar
conquer	conchistar
conscious	cossiente
consciousness	cossiensa
consent	parmesso
consequences	conseguense
conservation	conservassion
conservative	conservativo
consider	consìdera
consider	càlcola
considered	calcolà
considered	considerà
consist	èssar fato
consistency	coerensa
consistent	coerente
constant	costante
constantly	sensa fermarse
constipation	costipassion
construction	costrussion
consume	consumar
consumption	consumo
contact	contato
contagious	contajoso
contain	contegner
contains	contien
contains	ga drento
contemporary	contenporaneo
contempt	dispresso
content	contegnesto
contest	concorso
context	contesto
continent	continente
continue	ndar vanti
continue	continuar
contract	contratto
contrast	contrasto
contribute	contribuir
contribution	contributo
control	controlo
controversial	controverso
convenience	comodità
convenient	comodo
conversation	conversassion
convert	convertìo
convey	comunegar
convince	convìnsar
convinced	convinto
cook	cogo
cooking	cusinar
cool	fresco
cooperation	coperassion
cope	superar
copper	rame
core	sentro
corn	formenton
corner	angolo
correct	coreto
cost	costo
costume	costumansa
costume	costume
cottage	caseta
cotton	bombaso
couch	divan
cough	tossir
could	mi podarìa
could	te podaressi
could	la podarìa
could	noialtri podaressimo
could	lori podarìa
could	el podarìa
could	voialtri podaressi
council	consejo
count	contejo
counter	bancon
country	Stado
countryside	canpagna
couple	copia
courage	corajo
course	rota
course	spacà
court	tribunale
courtesy	cortesìa
courtesy	zentilessa
cousin	zerman
cover	covertura
cow	vaca
coward	potifon
coward	vacon
cozy	piassevole
cozy	comodo
cozy	ospitale
crab	granso
crack	crepa
craft	mestiero
craft	lavoro
crap	caca
crash	tonada
crash	scioco
craving	bramar
crawl	gatonar
crazy	mato
create	crear
creative	creativo
credit	credito
creep	slipegoso
creepy	oribile
crew	ecuipajo
crime	crimine
cringe	ingropante
cringe	intrapelante
cringe	inbarassante
crisis	crisi
criteria	criterio
critical	fondamentale
criticism	crìdega
crop	racolto
crop	sunà
crops	coltivassion
cross	crose
crow	corvo
crowd	zente
crowded	pien
crowded	folà
crown	corona
crucial	sentrale
cruel	crudele
cruise	crosara
crush	calca
cry	piànzar
cucumber	cocómaro
cuddle	còcola
culture	cultura
cunning	subdolo
cunning	infame
cup	copa
cupboard	credensa
curb	còrdolo
cure	cura
curfew	sarada
curiosity	curiosità
curious	curioso
curly	risso
currency	valuta
current	atuale
currently	al momento
currently	atualmente
curse	maledission
curtain	tenda
cushion	cussin
custom	personalisà
customer	cliente
customs	abitudini
customs	usi
customs	costumanse
cut	tajo
cute	còcolo
cycle	siclo
cycling	bissecreta
cycling	siclismo
dad	popà
daddy	popà
daily	zornaliero
dairy	latesini
dam	diga
damage	dano
damn	danà
damp	ùmedo
dance	balo
danger	pericolo
dangerous	pericoloso
dark	scuro
darling	caro
dash	còrar
data	dati
data	dài
date	dà
date	data
daughter	fiola
day	dì
day	zorno
dead	morto
deadline	scadensa
deaf	sordo
deal	afare
dear	caro
Dear All	Cari tuti
Dear Customer	Stimado cliente
Dear Parents	Cari pari
Dear Sir	Stimado sior
Dear students	Cari studenti
Dear Team	Cara scuadra
Dear Team	Cari coleghi
death	morte
debate	discùtar
debate	dibàtar
debit	adebito
debris	tochi
debt	debito
decade	dessènio
decay	deconposission
deceased	morto
deceive	busarar
deceive	zavajar
deceive	gabanar
december	dissenbre
decent	dessente
decide	dessidar
decided	dessiso
decision	dessision
deck	ponte
decline	refudar
decrease	calar
dedicated	dedicà
dedication	dedission
deed	ato
deep	fondo
deer	servo
default	predefinìo
defeat	sconfita
defend	difendar
define	dessìdar
define	definir
definitely	seguro
definition	definission
degree	làurea
delay	ritardo
delayed	ritardà
delete	canselar
deliberate	delibarar
delicate	delicà
delicious	delissioso
delight	piassere
delighted	contentìssimo
deliver	consegnar
delivered	consegnà
delivery	consegna
demand	dimanda
demanding	fadigoso
democracy	democrassia
demon	demònio
demonstrate	dimostrar
denied	negà
density	densità
dentist	dentista
deny	refudar
department	departamento
departure	partensa
depend	dipéndar
deploy	scerar
deposit	magasin
deposit	deposito
depressed	depresso
depression	depression
depth	profondità
describe	descrìvar
description	descrission
desert	deserto
deserve	meritar
design	projeto
designation	designassion
desire	desiderio
desire	voja
desk	tola
despair	desperassion
desperate	desperà
despite	paraltro
despite	anpò
dessert	dolse
destination	destinassion
destiny	destin
destroy	desfar
destruction	distrussion
detail	detajo
details	detaji
detect	individuar
determination	determinassion
determine	determinar
determined	determinà
devastated	devastà
develop	svilupar
developed	svilupà
development	svilupo
device	dispositivo
devil	demònio
devoted	pio
Dhivehi	Divehi
diabetes	diabete
diarrhea	diarea
diary	diario
dictionary	dissionario
dictionary	galepin
did	el ga fato
did	i ga fato
did	gavì fato
did	te ghè fato
did	la ga fato
did	gavemo fato
did	go fato
die	colorar
died	morto
diet	dieta
difference	difarensa
different	difarente
difficult	difissile
dig	scavar
dignity	dignità
diligent	bravo
diligent	coreto
diligent	dilijente
dinner	sena
dip	vale
direct	direto
direction	diression
director	rejista
dirt	tera
dirty	onto
disable	disativar
disabled	disabile
disappear	sparir
disappointed	deluso
disaster	desastro
discard	scartar
discharge	descargar
discipline	dissiplina
discount	sconto
discover	descovèrzar
discover	scuajar
discrimination	discriminassion
discuss	discùtar
discussion	discussion
disease	malano
disease	malatia
diseases	malani
diseases	malatie
disguise	travestirse
disgusting	desgustante
dish	piato
dishes	piati
dismiss	licensiar
dispatch	inviar
display	schermo
disposal	eliminassion
disposal	canselassion
dispute	bega
dispute	barufa
distance	distansa
distinct	diferensià
distinct	difarente
distinguish	sernir
distinguish	diferensiar
distress	pericolo
distribution	distribussion
district	distreto
disturb	disturbar
ditch	fosso
dive	tufo
diverse	difarente
diversity	diversità
divide	divìdar
divine	divin
divorce	divòrsio
dizzy	stordìo
do	far
do	te fè
do	femo
do	fasso
do	fasì
do	i fa
do you	ti te fè
do you love me	te me ami
do you love me	te me voli ben
doctor	dotor
document	documento
does	el fa
does	la fa
doesn't	no la fa
doesn't	no el fa
dog	can
Dogri	Dogri
doing	far
doll	banbola
doll	piàvola
domain	domìnio
domestic	doméstego
dominant	dominante
don't	non
don't	no
Don't worry	No sta preocuparte
donate	donar
done	fato
donkey	musso
dope	figo
double	dopio
doubt	dubio
dough	inpasto
down	zo
download	descargar
draft	bossa
drag	strassinar
drain	descarga
drain	susto
drain	descargo
drama	drama
draw	pata
draw	parejo
drawer	casseto
drawing	disegnar
dread	timore
dream	insònio
dress	àbito
dress	vestido
drill	tràpano
drink	bevanda
drive	guida
drop	jossa
dropped	lassà cascar
drought	arsura
drought	secura
drunk	inbriago
drunk	ciuco
dry	seco
duck	arna
dude	tipo
due	dovesto
due to	dovesto a
due to	par via de
dull	monòtono
dumb	mona
dumb	semo
dumb	bauco
dump	descargar
duration	durada
during	durante
dust	polvare
duty	aver da
duty	dovere
dwell	ripensar
dying	morir
each	ogni
each other	uno co chelaltro
eager	inpassiente
eagle	àgola
ear	recia
earlier	prima
early	presto
early	bonora
earn	guadagnar
ears	recie
earth	tera
earthquake	teremoto
ease	senplissità
ease	fassilità
easily	fàssile
east	levante
east	est
easy	fàssile
eat	magnar
eating	magnar
economic	econòmego
economy	economia
edge	bordo
edit	modìfega
education	educassion
effect	efeto
effective	eficasse
efficiency	eficensa
efficient	eficente
effort	sforso
egg	vovo
eggplant	melansana
ego	ego
eight	oto
eighteen	disdoto
eighty	otanta
either	gnanca
elaborate	elaborar
elbow	gòmio
elder	pi' vecio
elderly	ansiani
elderly	vecioti
elegant	elegante
elegant	stilè
elegant	fin
element	elemento
elephant	liofante
eleven	ùndese
eligible	bon
eligible	adato
eliminate	canselar
eliminate	eliminar
else	altro
embarrassed	intrapelà
embarrassed	ingropà
embarrassed	inbarassà
embarrassing	ingropante
embarrassing	intrapelante
embarrassing	inbarassante
embrace	inbrassar
embrace	strucar
emerge	vegner su
emerge	vegner fora
emergency	emerjensa
emotional	emotivo
empathy	enpatia
emphasis	ènfasi
emphasize	enfatisar
employee	dipendente
employees	dipendenti
employer	paron
employment	lavoro
employment	inpiego
empty	vodo
enable	abilitare
encounter	incontro
encourage	incorajar
end	fin
end	fine
endangered	in via de estinsion
endeavor	inpresa
endurance	resistensa
endure	soportar
enemy	nemigo
energy	enerjia
engage	interessar
engaged	moroso
engagement	trasporto
engine	motore
engineer	ingegnero
English	inglese
enhance	mejorar
enjoy	divèrtate
enormous	enorme
enough	assè
ensure	segurarse
enter	entrar
enter	ndar drento
entertainment	intratenimento
enthusiasm	entusiasmo
enthusiastic	entusiasta
entire	intiero
entitled	co dirito
entity	entità
entrance	entrada
entrance	entrà
entrepreneur	inprenditore
envelope	busta
environment	anbiente
envy	àstio
envy	invidia
epic	èpico
epidemic	epidemia
equal	conpagno
equipment	atressadura
equity	capitale
equivalent	ecuivalente
eraser	goma
error	eror
escape	scanpar
especially	spessialmente
essay	savio
essence	sostansa
essential	essensiale
establish	dessìdar
establish	stabilir
established	consolidà
estate	canpagnona
estate	tegnesta
estimate	stima
estimated	stimà
etc	ec.
eternal	eterno
ethics	etica
evaluate	valutar
evaluation	valutassion
even	pari
even though	anca se
evening	sera
event	evento
eventually	par ultimo
eventually	ala fine
ever	mai
every	ogni
everybody	tuti
everyone	tuti
everything	tuto
evidence	prova
evil	cativo
evil	diabolico
evolution	evolussion
evolve	evòlvar
Ewe	Ewe
ex	ex
ex	passà
ex	vecio
exact	justo
exact	esato
exactly	justo
exactly	esato
exam	esame
examine	esaminar
example	esenpio
exceed	esajerar
excellent	esselente
excellent	speciale
except	fora che
except	via
except	via che
exception	ecession
excess	esajerassion
excessive	esajerà
exchange	scanbio
excited	emossionà
excitement	ajitassion
exciting	emossionante
exclusive	esclusivo
excuse	scusa
excuse me	la me scusa
excuse me	el me scusa
execute	far
execution	esecussion
executive	dirijente
exercise	esercissio
exhaust	marmita
exhausted	stratolto
exhibit	opera
exhibition	mostra
exist	esìstar
existence	esistensa
existing	esistente
exit	svodo
exit	ussida
expand	slargar
expect	spetarse
expected	spetà
expenses	spese
expensive	caro
experience	esperiensa
experiment	esperimento
experiment	prova
expert	esperto
expired	scadesto
explain	spiegar
explanation	spiegassion
exploit	sfrutar
explore	esplorar
export	esportar
expose	mostrar
exposed	mostrà
exposure	esposission
express	esprìmar
expression	espression
extend	slongar
extended	largo
extension	estension
extent	entità
external	esterno
external	fora
extinct	estinto
extra	extra
extract	estrato
extraordinary	maravejoso
extraordinary	fenomenale
extreme	estremo
extremely	estremamente
eye	ocio
eyes	oci
fabric	tesùo
fabric	felpa
fabulous	favoloso
fabulous	fantàstego
fabulous	fenomenale
face	muso
face	facia
facilitate	fassilitar
facilities	struture
facilities	stabili
facility	stabile
facility	strutura
fact	fato
factor	fator
factory	fàbrica
facts	fati
fade	sbiavir
fail	falimento
failed	falìo
failure	falimento
faint	svegner
fair	justo
fairly	ecuamente
fairy	fada
faith	fede
faithful	fedele
fake	finto
fall	rabalton
fall	tónbola
fall	calo
false	falso
fame	fama
familiar	famejar
family	fameja
famine	fame
famous	famoso
fan	tifoso
fancy	elegante
fancy	stilè
fancy	fin
fantastic	fenomenale
fantastic	fantàstego
far	lontan
farewell	licensiamento
farm	fatoria
farmer	contadin
farmer	agricoltor
fascinating	un incanto
fascinating	fassinante
fashion	moda
fast	rapido
fast	sèlere
fat	grasso
fatal	mortale
fate	destin
father	pare
fatigue	fadiga
fault	colpa
favorite	preferìo
favour	piasser
favourite	preferìo
fear	paura
feast	bancheto
feather	piuma
feature	caraterìstega
features	funsionalità
february	febraro
fed up	esasperà
fee	tarifa
feed	nudrir
feed	nudrigar
feed	varnar
feedback	opinion
feel	sentir
feeling	sensassion
feet	pie
fell	tirar xo
fell	desmoralisar
fellow	moroso
fellow	conpagno
fellow	stesso
felt	feltro
female	fémena
fence	sarajo
fertile	fèrtile
festival	festival
fetch	tor
fetch	ciapar
fever	fevre
few	pochi
fewer	manco
fiance	moroso
fiction	finsion
field	canpo
fierce	fiero
fierce	cativo
fierce	dessisa
fierce	cativa
fierce	fiera
fierce	dessiso
fifteen	cuìndase
fifty	sincuanta
fight	conbatimento
fighting	conbatar
figure	sifra
figure out	capir
file	àlbun
fill	inpienar
filled	inpienà
film	pelicola
filthy	lurido
finally	par ultimo
finally	ala fine
finance	finansa
financial	finansiario
find	catar
find out	descovèrzar
find out	scuajar
fine	fin
fine	sotile
finger	deo
finish	finir
finished	finìo
fire	fogo
firm	dita
first	primo
first name	nome
fish	pesse
fit	in forma
five	sincue
fix	solussionar
fix	risolvar
fixed	fissà
flag	bandiera
flag	gonfalon
flash	sciantiso
flat	apartamento
flaw	difeto
flawless	inpecabile
flee	scanpar
flesh	carne
flew	baligoto
flew	rede
flew	còcia
flex	flètar
flexible	flessibile
flight	volo
flip	roversar
flirt	farghe amor
flirting	farghe amor
float	galesar
float	galejar
flood	aluvion
floor	pavimento
flour	farina
flow	flusso
flower	fiore
flu	fevre
fluent	fluente
fluently	fluentemente
fluffy	delicà
fluffy	mòrbio
fluffy	molesin
fluid	lisso
fluid	fluido
fly	volar
focus	fulcro
focus	sentro
fog	nebia
fog	burana
fog	caligo
foggy	caligoso
fold	piega
folks	zente
follow	ndar drio
follow	sevitar
follow up	visita de controlo
following	ndar drio
following	sevitar
food	magnar
fool	mona
fool	semo
fool	bauco
foolish	pandolo
foolish	senpio
foolish	bauco
foot	pie
football	balon
football	scarpà
for	par
For example	Par esenpio
for instance	par esenpio
for you	par ti
forbidden	proibìo
force	forsa
forecast	prevision
forehead	fronte
foreign	foresto
forest	foresta
forest	bosco
forever	par senpre
forget	desmentegar
forgive	perdonar
forgot	desmentegà
fork	piron
form	modulo
formal	formale
former	ex
former	passà
former	vecio
fortunately	fortunadamente
fortune	fortuna
forty	cuaranta
forty-two	cuaranta do
forward	vanti
foster	adotivo
fought	conbatesto
fought	conbatù
found	catà
foundation	fondassion
four	cuatro
fourteen	cuatòrdese
fox	volpe
fragile	tènaro
fragile	sfràsolo
frame	cornisa
framework	stabile
framework	strutura
fraud	ladrada
freak	mato
free	lìbaro
freedom	libartà
freeze	conjelar
freeze	injelar
frequency	frecuensa
frequent	frecuente
frequently	spesso
fresh	fresco
friday	venare
fridge	frigo
friend	amigo
friendly	benvojente
friendly	amigo
friends	amighi
friendship	amistà
frightened	spaventà
frightening	spaventoso
frog	rana
from	da
front	fronte
frozen	conjelà
frozen	injelà
fruit	fruta
frustrated	frustrà
fuel	carburante
Fulfulde	Fulah
full	pien
fun	divertente
function	funsion
fundamental	fondamentale
funeral	funerale
funny	divertente
fur	pelissa
furious	furioso
furniture	mobili
further	pi' lontan
furthermore	infinamente
furthermore	inazonta
furthermore	in pi'
future	futuro
gain	crèssita
game	zogo
gap	spàssio
garage	garaje
garbage	refudi
garbage	vansaure
garden	zardin
garlic	ajo
gate	cancelo
gather	tor su
gather	tirar su
gather	rancurar
gathering	raduno
gauge	calibro
gave	dato
gave	dà
gear	atressadura
gender	zénare
general	zenerale
generally	in zenerale
generate	zenerar
generation	zenerassion
generous	zeneroso
genius	jenio
genre	zénare
gentle	zentile
genuine	vero
gesture	sesto
get	tor
get	ciapar
get dressed	vestirse
get up	alsarse
get well soon	riciàpate presto
get well soon	stame ben
getting	tor
getting	ciapar
ghost	fantasma
ghosting	imàjine fantasma
ghosting	mirajo
giant	enorme
gift	regalo
gift	pensiero
ginger	zenzaro
ginger	tàmaro
girl	tosa
girlfriend	conpagna
girlfriend	stessa
girlfriend	morosa
give	dar
give up	réndarse
give up	molar
given	dato
given	dà
glad	contento
glance	ociada
glass	vero
glasses	ociali
glimpse	penonbra
glimpse	luse
global	globale
gloomy	biso
gloomy	piovoso
gloomy	fastidioso
gloves	guanti
glow	lusor
glow up	rilùser
glue	cola
go	va'
go ahead	va vanti
go away	va via
go to bed	va in leto
goal	obietivo
goals	obietivi
goat	càvara
god	dio
god bless you	dio te benediga
goes	va
going	ndar
going to	ndar
gold	oro
gone	assente
gonna	sta par
goo	sostansa slìpega
good	ben
good afternoon	bona jornada
good bye	ciao
good day	bona jornada
good day	bon dì
good evening	bonasera
good job	bel lavoro
good looking	belo
good luck	bona fortuna
good morning	bondì
good morning	bonjorno
good morning my love	bondì amor mio
good night	bona note
goodbye	sani
goodbye	ciao
goodnight	bonanote
goods	beni
Google	Google
Google Translate	Google tradutor
goose	oca
gorgeous	spetacolar
gossip	ciàcole
got	i ga avesto
got	la ga avesto
got	go avesto
got	gavemo avesto
got	te ghè avesto
got	gavì avesto
got	el ga avesto
got it	capìo
got it	finisso
government	governo
grab	brincar
grab	guantar
grade	grado
gradually	gradualmente
graduate	laureà
grain	granela
grant	consédar
granted	serto
grapes	ua
grasp	brincar
grasp	guantar
grass	erba
grateful	otenudo
gratitude	gratitudine
grave	tonba
gray	biso
great	fenomenale
great	fantàstego
greed	peociaria
greed	tegnaria
greedy	peòcio
green	verde
greet	saludar
greeting	saludar
greetings	saludi
grey	biso
grid	grela
grief	luto
grind	polverisar
grip	presa
grip	guantada
grip	pìssego
grocery	alimentari
groom	sposo
gross	lordo
ground	teren
group	grupo
grow	cressar
growth	créssita
grumpy	iritabile
Guarani	Guaranì
guarantee	garantir
guard	vàrdia
guard	vardian
guess	indovinar
guest	ospite
guidance	guida
guide	guida
guilty	colpevole
guy	tipo
guys	tosi
gym	palestra
habit	costumansa
habit	uso
habit	abitudine
habitat	anbiente
habitat	habitat
had	avesto
hail	tenpesta
hail	brisa
hair	caveji
half	mesa
half	metà
hall	coridoio
hand	man
handle	manisa
handle	maneta
handsome	belo
hang	picar
hang out	passar del tenpo insieme
happen	capitar
happen	nàssar
happen	sucédar
happened	fortuna
happened	vitòria
happened	resultado
happiness	felissità
happiness	contentessa
happy	contento
happy birthday	bon conpleano
happy birthday to you	tanti auguri a ti
happy new year	bon ano
hard	difissile
hardly	difissilmente
hardly ever	scuasi mai
harm	dano
harmful	danoso
harmony	armonia
harsh	duro
harvest	racolto
harvest	sunà
has	ga
hate	odio
have	ver
have a good day	bona jornada
have a good day	bon dì
have a nice day	bona jornada
have a nice day	bon dì
have breakfast	far colassion
have fun	divertirse
have you eaten	gheto magnà
having	ver
hazard	pericolo
haze	foschia
he	elo
he has	elo el ga
he has	el ga
he is	elo el xe
he is	el xe
head	testa
headache	mal de testa
heal	guarir
healing	guarir
health	sanacapàna
health	salute
health	sanità
healthy	saludar
hear	sentir
heard	sentì
heart	core
heat	calor
heaven	paradiso
heavy	pesante
hectic	farnèdego
height	altessa
heir	erede
heist	ladrada
held	tegner
hell	inferno
Hello	Ciao
hello dear	ciao, caro
hello how are you	ciao come steto
hello how are you doing	ciao, come steto
helmet	casco
help	ajuto
helpful	utile
hence	cuindi
her	ela
herd	ciapo
here	cuà
heritage	eredità
hesitate	esitar
hesitate	spetar
Hey	Ou
Hi	Ciao
hi how are you	ciao, come steto
Hi there	Ou
hidden	sconto
hide	scondar
hierarchy	jerarchia
high	alto
highlight	evidensiar
hike	escursion
hiking	escursionismo
hilarious	spassoso
hill	cole
him	elo
hint	consejo
hip	anca
hips	anca
hire	assumar
hiring	assumar
his	so
his	soo
history	storia
hit	susta
hit	colpo
Hmm	Mmm
hobby	passatenpo
hold	tegner
hold on	spetar
hole	buso
holiday	vacansa
hollow	vodo
home	casa
homework	mestieri
honest	galantomo
honest	onesto
honestly	a dirla tuta
Honey	miele
honor	onore
hood	capusso
hook	ganso
hop	saltelar
hop	saltussar
hope	speransa
hopefully	se tuto va ben
hopeless	sensa speransa
horizontal	orisontale
horn	corno
horrible	oribile
horror	orore
horse	cavalo
hospital	ospedale
hospitality	ospitalità
host	condutor
hostile	ostile
hot	caldo
hotel	albergo
hour	ora
hours	ore
house	casa
household	fameja
how	come
how about you	e ti
how are you	come steto
how are you doing	come xela
how are you doing	come vala
how are you doing today	come steto ancuo
how are you today	come steto ancuo
how do you do	come feto
how is	come xe
how many	cuanti
how much	cuanto
how often	ogni cuanto
how old are you	cuanti ani gheto
how was your day	come xela ndà la to jornada
how was your night	come xela ndà la to serada
however	parò
hub	sentro
hubby	maridin
hug	strucon
huge	enorme
human	uman
humble	umile
humid	ùmedo
humidity	umidità
hundred	sento
hungry	famà
hunt	cassar
hurricane	uragan
hurry	pressa
hurry up	mòvate
hurt	far mal
husband	marido
hustle	trufa
hut	salvanela
hut	resseto
hygiene	ijene
I	Mi
I am	mi son
I am fine	sto ben
I can	mi posso
I can't	no posso
I do	Mi vojo
I do not know	no lo so
I do not understand	no capisso
I don't	mi no
I don't know	no so
I don't understand	no capisso
I don't understand what you mean	no capisso cossa che te intendi
I don't understand you	no te capisso
I don’t know	no lo so
I don’t understand	no capisso
i guess	credo
I had	mi gavevo
I have	mi go
I have been	mi son stà
I hope so	lo spero
I know	lo so
I like	me piase
I like you	te me piasi
I love	mi amo
I love my big brother	mi ghe vojo ben a me fradelo grando
I love my big sister	mi ghe vojo ben a me sorela granda
I love my father	mi ghe vojo ben a me pare
I love my little brother	mi ghe vojo ben a me fradelo picolo
I love my little sister	mi ghe vojo ben a me sorela picola
I love my mother	mi ghe vojo ben a me mama
I love you	Te vojo ben
I love you so much	te vojo tanto ben
I love you so much	te amo tanto
I love you too	te vojo ben anca mi
I love you too	te amo anca mi
I mean	capisso
I mean	vojo dir
I miss you	te me manchi
I miss you so much	te me manchi assè
I see	capisso
I think	penso
I understand	capisso
I want	vojo
I want to see you	vojo védarte
I want you	te vojo
I was	mi jero
I will	lo farò
I would be	mi saria
I'm	mi son
I'm fine	sto ben
I'm good	sto ben
I'm here	son cuà
I'm sorry	me despiase
ice	jasso
ice cream	jelato
ice cream	injelà
idea	idea
ideal	parfeto
identical	conpagno
identify	identifegar
identity	identità
idiot	bauco
idle	scansafadighe
idle	piajon
idle	pegro
if	se
ignore	ignorar
ill	malà
illegal	ilegale
illness	malano
illness	malatia
Ilocano	Ilocano
image	imàjine
imagine	imajinar
immediate	midiato
immediately	de boto
immediately	midiatamente
immense	imenso
immense	enorme
impact	urto
impact	paca
impact	bota
impatient	inpassiente
implement	inplementar
import	inportassion
important	inportante
impose	inponer
impose	obligar
impossible	inpossibile
impress	inpressionar
impression	inpression
impressive	notevole
improve	mejorar
improvement	mejoramento
in	in
in	inte
in addition	infinamente
in addition	inazonta
in addition	in pi'
In fact	efetivamente
in front of	davanti
in order to	par
in order to	al fin de
inappropriate	inaproprià
incentive	insentivo
incident	insidente
include	zontar
including	zontar
income	redito
inconvenience	inconveniente
increase	crèssita
increased	cressesto
incredible	incredibile
indeed	difati
independent	indipendente
India	India
indicate	indicar
indicate	mostrar
indigenous	indìjeno
indigenous	locale
individual	individuale
industry	setor
inevitable	inevitabile
infant	putelo
infection	infession
infinity	infinio
inflammation	infiamassion
inflation	inflassion
influence	influensa
inform	informar
information	informassion
ingredients	ingredienti
inheritance	eredità
initial	inissiale
initiative	inissiativa
injured	infortunà
injury	infortunio
innocent	inossente
innovation	inovassion
inquiry	sondajo
insane	mato
insect	bao
insecure	inseguro
insert	inpirar
inside	drento
inside	rento
insight	conossensa
insist	tintonar
insist	sevitar
insomnia	svejarola
inspiration	ispirassion
inspire	ispirà
install	instalar
instance	cason
instant	momento
instant	atimo
instead	invesse
instead of	invesse de
instructions	istrussion
instrument	meso
instrument	strumento
insult	insolensa
insult	azenada
insurance	seguransa
intact	intiero
integrity	integrità
intellectual	inteletuale
intelligence	intelijensa
intelligent	intelijente
intend	voler dir
intend	capir
intended	pianifegà
intense	intenso
intention	intension
interact	interajir
interaction	interassion
interest	interesse
interested	interessà
interesting	interessante
interfere	interferir
intermediate	intermeso
internal	interno
international	internassionale
internship	prova
internship	esperiensa
interpret	interpretar
interpreter	intèrprete
interrupt	interonpar
interview	intervista
intimate	intimo
into	in
into	inte
introduce	presentar
introduction	presentassion
introvert	sarà
introvert	introverso
intuition	intuission
invalid	no xe valido
invent	inventar
inventory	conta
inventory	inventario
invest	investir
investigate	investigar
invitation	invito
invite	invito
invoice	fatura
involve	interessar
involved	involto
iron	fero
is	xe
island	isola
isolated	isolà
issue	problema
issues	problemi
it	elo
it is	xe
it was	jera
it's	xe
it's ok	va ben
It's okay	va ben
item	strafanto
item	afare
item	roba
items	strafanti
items	robe
items	afari
its	so
its	soo
I’m	Mi son
jacket	jaca
jail	camaroto
jail	galera
jail	preson
January	zenaro
jar	baràtolo
jaw	massela
jealous	zeloso
jerk	bauco
jewelry	zojeria
job	lavoro
jogging	còrar
join	unir
join	unifegar
joint	artigolassion
joke	scherso
journalist	zornalista
journey	viajo
joy	zoja
judge	zùdese
juice	sugo
july	lujo
jump	salto
june	zugno
junk	scarto
just	pena
just do it	falo e basta
justice	justissia
justify	justifegar
Kalaallisut	Groenlandese
keen	bravo
keen	coreto
keen	dilijente
keep	tegner
keep it up	continua cossì
kept	tegnesto
kettle	bojador
key	ciave
kick	balon
kick	scarpà
kid	putelo
kidding	schersar
kidney	rene
kids	puteli
kill	copar
kind	zénare
kinda	ben o male
kindly	zentilmente
kindness	zentilessa
king	re
kiss	baso
kitchen	cusina
kite	svolanda
kite	bandiera
kitten	gatelo
knee	zanocio
knew	saveva
knife	cortelo
knight	cavaliero
know	saver
knowledge	conossensa
known	savesto
Konkani	Konkani
Krio	Krio
label	eticheta
label	adesivo
label	bon ton
labor	lavoro
labour	fadiga
lack	mancansa
ladder	scala
lady	siora
laid	stesso
lake	lago
lamb	gnelo
lame	debole
lame	lasco
lamp	lanpada
land	teren
landscape	panorama
language	léngua
lap	ghèa
large	grando
last	ultimo
last but not least	ultimo ma no par inportansa
last name	cognome
late	tardi
lately	ultimamente
later	pi' tardi
latest	pi' novo
latter	ultimo
laugh	rìdar
laughing	rìdar
laughter	sganassada
laughter	ridada
launch	slanso
launch	tiro
laundry	lìssia
laundry	sbusà
law	lese
lawn	prà
lawyer	avogador
lay	butarse
lay	colegarse
layer	strato
layer	capa
layout	disposission
lazy	scansafadighe
lazy	piajon
lazy	pegro
lead	portar
leader	cao
leader	testa
leaf	foja
leak	perdita
lean	magro
leap	salto
learn	inparar
learning	inparar
lease	fito
least	manco
leather	pele
leave	foja
leaves	foje
led	portà
led	tubo
left	sanca
leg	ganba
legacy	eredità
legacy	lasso
legal	legale
legend	lesenda
legit	legale
leisure	divertimento
lend	prestar
length	longhessa
less	manco
lesson	lession
let	lassar
letter	létara
lettuce	latuga
level	livelo
leverage	leva
liability	responsabilità
library	bibioteca
lick	lecar
lie	busia
lies	busie
life	vita
lift	assensor
light	luse
lightning	saeta
lightning	sciantiso
like	piassere
likely	probabile
likewise	lo stesso
line	linea
Lingala	Lingala
link	colegamento
lion	leon
liquid	lìcuido
list	elenco
listen	scoltar
listening	scoltar
literally	leteralmente
literature	letaradura
litter	refudi
litter	vansaure
little	picolo
live	vivar
liver	fegato
lives	visela
living	vivar
living room	saloto
living room	sojorno
lizard	risàrdola
lizard	borétola
lizard	lusèrtola
load	cargo
loaf	ciopa
loan	prèstio
local	locale
location	posission
lock	saradura
lockdown	confinamento
lockdown	lasareto
log	tronco
lol	rìdar
lol	fa da rìdar
lol	fa sganassare
lonely	solo
long	longo
long time no see	xe tanto che no se vedemo
look	ociada
loop	anelo
loop	sciona
loop	sciara
loose	desfà
loose	smolà
lord	sior
lose	pèrdar
loss	perdita
lost	perso
lot	loto
loud	bacanoso
loud	ciassoso
loud	rumoroso
lounge	saloto
love	amor
love you	te vojo ben
love you	te amo
lovely	amorevole
lovely	benvojente
low	basso
lower	inferior
loyal	fedele
loyalty	lealtà
luck	fortuna
lucky	fortunà
Luganda	Luganda
luggage	valisa
luggage	bagajo
lump	grumo
lunch	pranso
lungs	polmoni
luxury	lusso
lying	mentir
machine	màchina
mad	mato
madam	siora
made	fato
magazine	revista
magnificent	fenomenale
magnificent	fantàstego
maid	doméstega
main	prinsipale
maintain	mantegner
maintenance	manutension
Maithili	Maithili
major	pì che
major	pi' grando
majority	majoransa
make	far
make up	truco
male	mascio
mall	sentro comersiale
man	omo
manage	zestir
management	zestion
manager	diretor
mandatory	obligatorio
manifest	manifesto
manipulate	manipolar
manner	maniere
manual	manuale
many	tanti
many many happy returns of the day	tante restitussion ndà ben de la jornada
march	marcia
margin	bordo
margin	possibilità
market	marcà
marriage	sposalissio
married	maridà
mask	màscara
mass	messa
massive	enorme
master	patronisar
match	fuminante
mate	moroso
mate	conpagno
mate	stesso
material	materiale
math	matemàdega
matter	materia
maturity	maduressa
may	bronbiolar
may	farinela
maybe	forse
me	mi
me too	anca mi
meal	pasto
mean	vol dir
meaning	senso
means	vol dir
meant	voleva dir
meanwhile	intanto
measure	mesurar
measures	mesure
meat	carne
medical	dotore
medical	mèdego
medicine	medisìna
meditation	meditassion
medium	medio
medium	meso
meet	incontrar
meeting	incontro
Meiteilon	Manipuri
melt	smolar
melt	desfar
memories	ricordi
memory	memoria
mental	mato
mention	mension
mentioned	cità
mentor	mentore
merchant	negossiante
mercy	pietà
merely	solamente
merry christmas	bon Nadale
mess	caos
mess	casin
message	messajo
messy	disordenà
metal	metalo
method	maniera
mice	sorzi
middle	medio
middle	meso
midnight	mesanote
might	mi podarìa
might	te podaressi
might	la podarìa
might	poder
might	noialtri podaressimo
might	lori podarìa
might	el podarìa
might	voialtri podaressi
mild	lisiero
milestone	piera miliare
military	militare
milk	late
million	milion
mind	mente
mindset	mentalità
mine	mio
mingle	sossialisar
minor	minorene
minute	menudo
minutes	menudi
miracle	miracolo
mirror	specio
miscellaneous	vario
mischievous	malissioso
miserable	tristo
miserable	trista
misery	tristessa
miss	mancar
miss you	te me manchi
missing	mancante
mission	mission
mist	caligheto
mistake	sgaro
mistake	falansa
mistake	svarion
Mizo	Mizo
mobile	mobile
mock	rìdar drio
model	modelo
moderate	moderà
modern	moderno
modest	sàvio
moist	ùmedo
moisture	umidità
mold	mufa
mole	rùmola
mole	ciopinara
mole	topinara
mom	mama
moment	momento
moment	atimo
monday	luni
money	schei
monitor	schermo
monkey	simia
month	mese
mood	umor
moody	lunàdego
moon	luna
moral	morale
more	pi'
moreover	infinamente
moreover	inazonta
moreover	in pi'
morning	matina
mortgage	mutuo
most	pì che
most	pi' grando
mostly	soratuto
mother	mare
motion	mossion
motivation	motivassion
mountain	montagna
mouse	sorze
mouth	boca
move	mossa
movement	movimento
movie	cinema
mrs	s.ra
much	tanto
much	assè
mud	fango
mug	cìcara
mug	scoela
muscle	muscolo
museum	museo
mushroom	fungo
music	mùsica
must	bisogno
must	necessità
mute	muto
mutual	ressìproco
my	mio
My dear	Caro
my friend	amigo mio
My hovercraft is full of eels	El me aeroscafo xe pien de bisati
my love	amor mio
my name is	me ciamo
my pleasure	piassere mio
myself	mi stesso
mysterious	misterioso
mystery	mistero
myth	mito
nail	onja
naive	panin
naive	fassiloto
name	nome
narrative	conto
narrow	streto
nasty	odioso
national	nassionale
nationality	nassionalità
native	indìjeno
native	locale
natural	naturale
nature	natura
nausea	stomegada
nausea	afano
nausea	fracore
near	vissin
near	rente
nearby	vissin
nearby	rente
nearly	scuasi
neat	ordenà
neat	comandà
necessary	necessario
neck	colo
necklace	colana
need	bisogno
negative	negativo
neglect	sbandonar
negotiate	negossiar
neighbor	vissin
neighbor	rente
neighborhood	contrà
neither	nissun
nephew	nevodo
nerd	sfigà
nervous	nervoso
nest	gnaro
net	rede
net	làsara
network	rede
network	làsara
neutral	neutrale
never	mai
never give up	mai molar
never mind	lassa perdar
never mind	lassa star
nevermind	lassa stare
nevermind	no inporta
nevertheless	parò
nevertheless	epur
new	novo
news	notissie
next	prossimo
next to	rente de
next to	vissin de
nice	còcolo
nice to meet you	piassere de conossarte
niece	nevodo
night	note
nightmare	incubo
nine	nove
nineteen	disnove
ninety	novanta
No	No
no problem	nissun problema
no way	inpossibile
nobody	nissun
noise	rumore
noisy	bacanoso
noisy	ciassoso
noisy	rumoroso
none	nissun
noon	mesodì
nope	no
nor	né
normal	normale
north	nord
nose	naso
nostalgic	smarà
not	non
not	no
not at all	par gnente
not bad	gnanca male
Not now	No desso
not yet	no gnancora
note	aponto
noted	famoso
nothing	gnente
notice	avertensa
notice	aviso
noticed	notà
noun	nome
nouns	nomi
novel	romanso
november	novenbre
now	desso
nowadays	al dì de ancuo
nuisance	fastidio
null	nulo
numb	insensibile
number	nùmaro
nurse	infermiero
nut	nosa
nutmeg	nosa moscà
nutrition	nutrission
oath	juramento
obesity	obesità
obey	obedir
object	strafanto
object	afare
object	roba
objective	obietivo
obligation	obligo
obscure	scuro
observation	osservassion
observe	osservar
obsessed	ossessionà
obsession	ossession
obsolete	obsoleto
obstacle	ostacolo
obtain	otegner
obtained	otegnesto
obvious	ovio
obviously	oviamente
occasionally	ogni tanto
occasionally	ocasionalmente
occupation	mestier
occupied	ocupà
occur	capitar
occur	nassar
occurred	fortuna
occurred	vitòria
occurred	resultado
occurs	nasse
occurs	sucede
occurs	càpita
ocean	mar grando
ocean	ossèano
october	otobre
odd	strano
odds	dispari
of	de
of course	serto
off	stuà
offensive	ofensivo
offer	oferta
office	ofìssio
official	ofissiale
often	spesso
Oh	Oh
oh really	an davero
oil	petrojo
ok	va ben
ok	bon
ok dear	va ben, caro
ok honey	va ben, caro
ok my love	va ben amor mio
okay	va ben
okay	bon
okay baby	va ben, caro
okay dear	va ben caro
okay honey	va ben, caro
okay my love	va ben, amor mio
old	vecio
on	so
once	na volta
one	uno
one	un
one language is never enough	na lengua sola no basta mai
onion	ségola
online	in linea
only	solo
open	verto
operation	operassion
opinion	opinion
opportunities	oportunità
opportunity	oportunità
opposite	oposto
optimistic	otimista
option	opsion
optional	facoltativo
or	opur
orange	naransa
order	ordene
order	comanda
ordinary	ordenario
organization	organisassion
orientation	orientamento
origin	orìsene
original	orisenale
Oromo	Oromo
orphan	orfano
other	altro
otherwise	senò
ought	aver da
ought	dovere
our	nostro
Our mission: to enable everyone, everywhere to understand the world and express themselves across languages.	La nostra mission: permétarghe a chi che sia, ndove che el sia, de capir el mondo e esprìmarse co le lengue.
Our mission: to organize the world's information and make it universally accessible and useful.	La nostra mission: organisar l'informassion mondiale e réndarla utile e acessibile a tutti.
out	fora
outcome	resultado
outfit	canpagnona
outfit	tegnesta
outgoing	estroverso
outlet	presa
outlet	guantada
outlet	pìssego
outline	contorno
outside	fora
outstanding	sorprendente
oven	forno
over	pi'
over there	là
overall	conplessivamente
overcome	superar
overthinking	ripensar
overwhelmed	sorafato
overwhelming	inarestabile
overwhelming	iresistibile
overwhelming	prepotente
owe	aver da
owe	dovere
owl	aloco
owl	soleta
own	proprio
owner	proprietario
ox	bove
pace	ritmo
pack	paco
package	pacheto
paid	pagà
pain	dolor
paint	pitura
painting	piturà
pair	copia
pale	palido
pale	biso
pale	sbasio
palm	palmo
pan	padela
pandemic	pandemia
panic	panico
pants	braghe
paper	carta
paradise	paradiso
parallel	paralelo
parcel	pacheto
pardon	scusa
parents	zenitori
park	parco
parrot	papagà
parsley	parsimolo
part	parte
participate	partissipar
particular	particolare
particularly	particolarmente
partner	conpagno
party	festa
pass	passar
passage	passajo
passed	superà
passion	passion
passionate	passionà
passive	passivo
password	parola d'ordene
past	passà
patch	tacon
path	percorso
pathetic	patetico
patience	passiensa
patient	passiente
pattern	motivo
pause	pausa
pavement	strada
pay	paga
payment	pagamento
peace	pase
peaceful	calmo
peach	pèrsego
peach	pesca
peak	pico
pear	pera
peas	bisi
peculiar	particolare
pee	pissin
peel	scorsa
peer	pari
peers	pari
pen	pena
pencil	làpis
pending	drio spetar
people	persone
pepper	pévaro
perceive	sentir
perceive	percepir
perception	percession
perfect	parfeto
perform	ressitar
performance	prestassion
perhaps	forse
period	ponto
permanent	permanente
permission	autorisassion
permit	licensa
perseverance	perseveransa
persistent	insistente
person	persona
personal	personale
personality	personalità
perspective	prospetiva
persuade	convìnsar
pervert	pervertìo
pet	animale domèstego
phase	fase
phenomenon	fenòmeno
philosophy	filosofia
phone	telefono
photo	someja
phrase	frase
physical	fìsico
pick	sielta
pick up	solevar
pick up	alsar
pick up	tirar su
picture	imàjine
piece	toco
pieces	tochi
pig	mascio
pig	porselo
pigeon	colonbo
pigeon	toresan
pile	mucio
pile	pigna
pile	scafa
pillow	cussin
pilot	pilota
pin	singanela
pin	gucin
pin	pomolin
pineapple	ànanas
pink	rosa
pit	posso
pitch	canpo
pity	pena
place	posto
places	posti
plague	peste
plain	pian
plan	pian
plane	aereo
plant	pianta
plants	piante
plate	piato
platform	piataforma
play	opera
playing	zugar
pleasant	piasevole
please	par piassere
pleased	contento
pleasure	piassere
pledge	inpegno
plenty	tanto
plenty	assè
plot	trama
plug	spina
plum	bronba
plum	àmolo
plumber	fontanaro
plural	plurale
podcast	podcast
poem	poesia
poetry	poesia
point	ponto
poison	velen
police	polissia
policy	polìdega
polite	educà
pollution	incuinamento
pond	stagno
pool	pissina
poop	caca
poor	poareto
pop	sciopar
popular	popolare
population	popolassion
pork	mascio
pork	porselo
porridge	porridge
port	porto
position	posission
positive	positivo
possess	gaver
possession	possession
possessive	possessivo
possible	possibile
post	palo
postpone	rinviar
potato	patata
potential	potensiale
pound	libra
poverty	ristretésa
poverty	povertà
power	podere
powerful	potente
practical	pratico
practice	pratica
praise	lodar
prank	scherso
pray	pregar
precious	pressioso
precise	pressiso
precisely	pressisamente
predict	antivédar
predict	prevédar
prefer	preferir
preference	preferensa
pregnant	insinta
pregnant	gràvia
pregnant	in stato
prejudice	prejudissio
premises	premesse
premium	premio
preparation	preparassion
prepare	pareciar
prepared	parecià
preposition	preposission
presence	presensa
present	presente
presentation	presentassion
preserve	preservar
president	presidente
press	pressa
pressure	pression
pretend	far finta
pretty	còcolo
prevent	prevegner
previous	pressedente
prey	preda
price	presso
pride	orgojo
priest	prete
primary	prinsipale
prime	prima
princess	prinsipessa
principal	prinsipale
prior	pressedente
priority	priorità
prison	camaroto
prison	galera
prison	preson
privacy	vita privà
privacy	intimità
private	privà
privilege	privilejo
prize	premio
probably	probabilmente
problem	problema
procedure	procedura
proceed	ndar vanti
process	processo
produce	produr
product	prodoto
production	produssion
profession	profession
professional	professionista
profile	profilo
profit	profito
profound	fondo
progress	progresso
project	projeto
prominent	noto
promise	promessa
promote	promovar
promotion	promossion
prompt	midiato
prone	favorevole
prone	propenso
pronouns	pronomi
pronunciation	pronùnsia
proof	prova
proper	aproprià
properly	coretamente
properties	proprietà
property	proprietà
proposal	proposta
prospect	prospeto
prosperity	prosperità
prosperous	sior
protect	protèsare
proud	orgojoso
prove	provar
provide	fornissi
provided	fornìo
province	provìnsia
provision	fornidura
puberty	pubertà
puberty	adolessensa
public	piòvego
public	pùblico
pull	tirar
pumpkin	suca
punctual	puntuale
pupil	arlevo
pupil	studiante
purchase	conpra
pure	puro
purple	viola
purpose	fin
purpose	fine
purse	borsa
pursue	ndar drio
pursue	corar drio
pursuit	cassa
push	spénzar
push	urtar
put	metar
qualification	cualificassion
quality	cualità
quantity	cuantità
quarantine	cuarantena
quarrel	bega
quarrel	barufa
quarter	cuarto
Quechua	Quechua
queen	resina
queer	queer
query	dimanda
query	dùbio
question	dimanda
queue	coa
quick	rapido
quick	sèlere
quickly	rapidamente
quiet	trancuilo
quilt	piumin
quilt	colsara
quit	molar
quite	tanto
quite	assè
quiz	zogo a premi
quiz	prova
quotation	citassion
quote	preventivo
quotes	citassion
rabbit	conejo
rabbit	conicio
race	gara
rage	fumana
rage	còlara
rain	piova
raise	crèssita
raised	cressesto
ran	coresto
ran	corso
random	casuale
range	gama
rapid	rapido
rapidly	rapidamente
rare	raro
rarely	raramente
rash	sfogo
rat	sorze
rate	tasso
rather	pitosto
ratio	raporto
rational	rassionale
raw	crùo
re	scuasi
re	calche
reach	portada
reached	rivà
reached	fato
reaction	reassion
read	lèsar
reading	lèsar
ready	pronto
real	vero
reality	realtà
realize	realisar
realized	realisà
really	davero
rear	dadrio
rear	posterior
reason	rason
reasonable	rasonevole
recall	riciamar
receipt	scontrin
receive	rissevar
received	rissevesto
recent	ressente
recently	ultimamente
recently	ressentemente
reception	asseto
reception	ospitalità
reception	ziera
recipe	risseta
recipe	rèssipe
reckless	spericolà
recognition	riconossimento
recognize	riconossar
recommend	consejar
recommended	consejà
record	record
recover	recuperar
recovery	guaria
rectangle	retangolo
red	rosso
redeem	riscatar
redemption	redension
reduce	ridure
redundant	ridondante
refer	riferir
reference	riferimento
reflect	riflètar
reflection	riflesso
refrain	astegnerse
refrigerator	frigo
refund	rinborso
refuse	refudar
refused	refudà
regard	considerar
regard	calcolar
regarding	attension
regarding	scrupolo
regarding	rispeto
regardless	indipendentemente
regards	scrupoli
regards	attension
regards	rispeti
region	rejon
register	rejistrar
regret	rinpianto
regular	regolar
regularly	regolarmente
reject	refudar
relate	capir
related	colegà
relationship	relassion
relative	parente
relatives	parenti
relax	rilassar
release	liberatoria
released	rilassà
relevant	inportante
relevant	rilevante
reliable	afidabile
relief	sgravada
relief	solevo
relieve	aliviar
relieved	tirà su
relieved	alsà
relieved	solevà
religion	relijon
religious	relijoso
reluctant	contrario
reluctant	resistente
rely	fidarse
remain	restar
remaining	che resta
remarkable	notevole
remedy	rimedio
remember	ricordar
remind	ricordar
reminder	promemoria
remote	distante
remote	remoto
remove	cavar
render	ritornar
render	réndar
rent	fitar
repair	justar
repair	consar
repair	reparar
repeat	ripètar
replace	sostituir
replace	canbiar
reply	risposta
report	raporto
represent	rapresentar
reputation	reputassion
request	dimanda
require	dimandar
required	obligatorio
rescue	salvar
research	risserca
resemble	parer
resentment	risentimento
reservation	prenotassion
reserve	prenotar
resident	residente
resign	dimétarse
resilience	resiliensa
resilient	resiliente
resist	resìstar
resistance	resistensa
resolution	proposito
resolve	solussionar
resolve	risolvar
resort	vilajo turìstego
resources	risorse
respect	rispeto
respond	rispondar
response	risposta
responsibility	responsabilità
responsible	responsabile
rest	resto
rest in peace	riposa in pase
restaurant	ristorante
restore	justar
restore	consar
restore	reparar
restrict	limitar
result	resultado
results	resultadi
resume	curriculum
retail	al detajo
retain	tegner
retention	mantenimento
retired	in pension
retreat	retirada
retrieve	riportar
return	ritornar
return	restituir
reveal	pàndar
reveal	revelar
revealed	pandesto
revealed	revelà
revenge	vendeta
revenue	vegnì drento
revenue	entrà
revenue	entrade
reverse	contrario
review	recension
revise	rivédar
revision	revision
revolution	revolussion
reward	riconpensa
rhythm	ritmo
rib	costola
rice	riso
rice	rìdar
rich	sior
rid	libarar
ride	passajo
ridiculous	ridicolo
right	coreto
right now	desso
rigid	trincà
rigid	inbachetà
rigid	duro
ring	anelo
ring	sciona
ring	sciara
rinse	rasentar
riot	revolta
rip	sbrego
ripe	maduro
rise	crèssar
risk	riscio
rival	rivale
river	fiume
river	rio
road	strada
roast	rosto
robust	forte
robust	stagno
robust	taruso
rock	piera
rod	bara
role	parte
roll	rodolar
roof	teto
room	stansa
root	raìsa
rope	corda
rope	sartìa
rotten	marso
rough	rùspio
roughly	scuasi
roughly	calche
round	tondo
route	itinerario
routine	dindin
routine	cotidianità
row	fila
rub	fregar
rub	russar
rubber	goma
rubbish	scoasse
rubbish	spassadura
rude	maleducà
rug	tapeo
ruin	ruina
ruin	malora
rule	regola
ruler	righelo
rules	regole
run	còrar
running	còrar
rural	rurale
rush	pressa
sack	saco
sacred	sacro
sacrifice	sacrifìssio
safe	seguro
safe flight	bon volo
safety	sicuressa
sage	salvia
said	dito
sail	vela
sailing	navegar
sake	amor
salary	stipendio
sale	vendita
salmon	salmon
salt	sale
same	stesso
Same here	Lo stesso cuà
sample	canpion
sand	sabia
sand	rena
Sanskrit	Sanscrito
sarcastic	sarcàstego
sassy	spiritoso
sat	se ga sentà
satisfaction	sodisfassion
satisfied	sodisfà
satisfied	incontentà
satisfy	incontentar
satisfy	sodisfar
satisfying	sodisfante
Saturday	sabo
sausage	lugànega
savage	selvàdego
save	salvar
saw	vedesto
saw	visto
say	dir
scale	balansa
scam	inbrojada
scam	inbrojesso
scam	incantonada
scar	secatrisse
scarce	scarso
scared	spaventà
scarf	sierpa
scary	spaventoso
scattered	destirà
scattered	sparpagnà
scene	sena
scene	palco
scenery	panorama
scent	fragransa
schedule	programa
school	scola
science	siensa
scientist	siensa
scientists	siensadi
scissors	fòrbese
scold	sigar drio
scold	criar drio
scope	scoo
scope	fin
scope	vista
score	puntejo
scrap	toco
scrap	scesa
scratch	sgrafon
scream	sigar
screen	schermo
screw	visela
script	copion
sea	mar
seal	bolo
seal	sijilo
search	sercar
season	stajon
seat	sentare
second	secondo
secret	segreto
section	session
secure	proteto
security	sicuressa
see	vedar
see you	se vedemo
see you later	a dopo
see you soon	sani
see you soon	ciao
see you tomorrow	se vedemo doman
seed	samensa
seek	sercar
seem	parer
seems	pare
seen	vedesto
seen	visto
seize	brincar
seize	guantar
seizure	crisi epiletica
seldom	raramente
select	sernir
select	selessionar
self	sì
self healing	guarisse da solo
selfish	egoista
sell	vendar
send	spedir
send	inviar
send me your picture	invìame na to someja
senior	vecioto
senior	ansian
sense	senso
sensible	rasonevole
sensitive	sensibile
sent	invià
sentence	frase
sentences	frase
separate	divìdar
separate	separar
Sepedi	Sotho del nord
september	setenbre
sequence	secuensa
series	serie
serious	serio
seriously	seriamente
serve	servir
service	servissio
session	session
set	insieme
set up	assenblà
setting	senografia
settle	solussionar
settle	risolvar
seven	sete
seventeen	dissete
seventy	setanta
several	racuanti
severe	duro
severe	aspro
severe	rigoroso
sew	cusir
shade	onbra
shadow	onbra
shake	scorlar
shake	sachetar
shake	sburatar
shall	gavaria da
shallow	superfissiale
shame	vergogna
shape	forma
share	condivìdar
sharp	gussà
sharp	usà
she	ela
she has	ela ga
she is	ela xe
shed	cason
sheep	piégora
sheet	fojo
shelf	scafale
shell	sgusso
shell	capa
shelter	salvanela
shelter	resseto
shield	scudo
shift	turno
shine	rilùser
ship	nave
shipping	spedission
shirt	majeta
shoes	scarpe
shoot	sparar
shop	negossio
shopping	provédar
shopping	cronpar
shopping	far cronpe
shore	riva
short	curto
shortage	carensa
shortage	mancansa
shot	sparo
should	mi gavarìa da
should	voialtri gavaressi da
should	lori gavarìa da
should	el gavarìa da
should	la gavarìa da
should	te gavaressi da
should	noialtri gavaressimo da
shoulder	spala
shout	sigo
show	spetacolo
show me	fame vedar
shower	docia
shrimp	braschijo
shrimp	gànbaro
shrink	strénzar
shut	sarà
shut up	tasi
shy	spàvio
shy	vergognin
sibling	jemelo
sibling	jemela
siblings	zemeli
sick	malà
side	lato
sigh	sospiro
sight	vedesta
sight	vista
sightseeing	visitar
sign	cartelo
signature	firma
significant	inportante
silence	silensio
silent	silensioso
silk	seda
silly	mona
silly	inseminìo
silly	baluco
silver	arzento
similar	simile
similar	somejante
simp	persa
simp	inpegolà
simp	perso
simple	sénplise
simple	fàssile
simple	sìnpio
simultaneously	intanto
simultaneously	al stesso tenpo
simultaneously	contenporaneamente
since	da
sincere	sceto
sincere	sinsero
sincere	franco
sincerely	francamente
sincerely	sinceramente
sing	cantar
singer	cantante
single	singolo
single	ugnolo
sink	lavandin
Sir	Sior
sister	sorela
sister in law	cognà
sit	dadrio
sit	sentar
site	sito
situation	situassion
six	sie
six	ti te si
six	te si
sixteen	sédase
sixty	sessanta
size	dimension
skill	abilità
skill	capassità
skill	conossensa (one)
skills	conossense (more than one)
skills	abilità
skills	capassità
skin	pele
skinny	magro
skip	saltar
skirt	còtola
sky	sielo
slave	sciavo
sleep	dormir
sleeping	dormir
sleepy	indormensà
sleeve	mànega
slice	feta
slide	slisarola
slide	scalo
slide	snolo
slightly	lisieramente
slim	magro
slip	sbrissar
slope	calada
slot	fessura
slow	lento
slowly	lentamente
small	picolo
smart	intelijente
smell	odore
smile	soriso
smoke	fumo
smooth	lisso
snack	marendin
snack	rebechin
snail	bóvolo
snake	bissa
snake	serpente
snap	scavessar
snow	neve
so	alora
so	cuindi
so cute	cussì còcolo
so far	fin cuà
soak	tociar
soak	negar
soap	saon
sober	sensier
soccer	balon
soccer	scarpà
social	sossiale
society	sossietà
socks	calse
soft	tènaro
soft	molesin
software	aplicativo
software	software
soil	tera
soil	teren
sold	vendesto
sold out	esaurìo
soldier	soldà
sole	sola
solid	duro
solid	solido
solution	solussion
solve	solussionar
solve	risolvar
some	serti
somebody	calchedun
somehow	calche maniera
someone	calchedun
something	calcossa
sometimes	serte volte
sometimes	a volte
song	canson
soon	presto
sophisticated	sofistegà
Sorani	Curdo sorani
sore	dolente
sore throat	mal de gola
sorrow	tristessa
Sorry	Scusa
sort	ordenar
sort	comandar
sought	sercà
soul	ànema
soulmate	ànema zemela
sound	son
soup	supa
sour	rùspio
sour	agro
source	fonte
south	sud
space	spàssio
spam	spam
spam	posta indesiderà
span	arco
Spanish	Spagnolo
spare	lesinar
speak	parlar
special	spessiale
species	rassa
species	spèssie
species	sorte
specific	spessìfego
spectacular	spetacolare
speech	discorso
speechless	sensa parole
speed	selerità
speed	rapidità
spell	injarmadura
spell	incantesimo
spend	spendar
spent	speso
spicy	pissighin
spike	ponta
spin	jirar
spinach	spinassi
spirit	spirito
spit	spuar
splendid	spetacolare
splendid	maravejoso
split	diviso
split	separà
spoil	sassinar
spoil	marsipar
spoil	ruinar
spoiled	vissià
spontaneous	spontàneo
spoon	cuciaro
spoon	sculiero
spot	màcia
spouse	sposo
spread	spalmar
spring	verta
square	piassa
squeeze	strucar
squeeze	torciar
squid	calamaro
squirrel	schirato
st	San
stab	incortelar
stab	cortelar
stable	stabile
stack	catasta
staff	personale
stage	palco
stain	màcia
stairs	scale
stake	palo
stalk	ganbo
stall	banco
stamp	bolo
stand	posission
standard	standard
star	stela
start	scomissiar
started	scomissià
starving	famà
state	stà
statement	dichiarassion
station	stassion
statue	statua
status	stà
stay	saloto
stay	sojorno
stay safe	stà tento
steady	stabile
steak	bisteca
steal	robar
steam	vapore
steel	asale
steep	erto
stem	ganbo
step	passo
stick	bacheto
stiff	trincà
stiff	inbachetà
stiff	duro
still	oncora
still	àncora
sting	basavejo
stingy	cagnin
stingy	tirà
stir	smissiar
stock	assion
stolen	robà
stomach	stomego
stone	piera
stood	alsà
stool	scagnelo
stop	fermar
storage	magasin
storage	deposito
store	negossio
storm	tenpesta
story	storia
stove	fornelo
straight	drito
straightforward	galantomo
straightforward	onesto
strain	tension
strange	strano
stranger	sconossesto
strategy	stratejia
straw	piva
strawberry	fragola
streak	strissa
stream	rio
street	strada
strength	forsa
stress	stress
stretch	slongar
strict	duro
strict	aspro
strict	rigoroso
strike	bàtar
strike	ciapar
string	corda
string	sartìa
strip	strissa
strive	inpegnarse
stroke	ictus
strong	forte
struck	ciapà
struck	batù
structure	stabile
structure	strutura
struggle	sforso
struggling	in dificoltà
stubborn	teston
stuck	blocà
student	studente
study	studio
studying	studiar
stuff	cossa
stunning	spetacolare
stunning	maravejoso
stupid	mona
stupid	inseminìo
stupid	baluco
style	stile
subject	sojeto
submission	sotomission
submit	inviar
substance	sostansa
substitute	sostituto
substitute	canbio
subtle	fin
subtle	sotile
succeed	essar boni
succeed	essar bon
success	fortuna
success	vitòria
success	resultado
successful	de sucesso
such	cussì
such as	come
suck	ciuciar
sudden	de boto
suddenly	de boto
suffer	sofrir
suffering	soferensa
sufficient	bastante
sufficient	che basta
sugar	sùcaro
suggest	inboconar
suggest	sujerir
suggestion	sujerimento
suggestion	consejo
suit	àbito
suit	vestido
suitable	bon
suitable	adato
suitcase	valisa
sum	somar
sum	zontar
summary	riassunto
summer	istà
summit	sima
sun	sole
sunday	doménega
sunny	belivo
sunny	solejà
sunset	tramonto
sunshine	sole
super	otimo
superior	superiore
supervisor	supervisor
supper	sena
supply	scorta
support	assistensa
support	ajuto
suppose	metar che
suppose	suponer
supposed	ipotèdego
sure	seguro
surface	area
surface	superfissie
surge	inpenada
surgery	chirurjia
surname	cognome
surprise	sorpresa
surprised	sorprendesto
surrender	réndarse
surrender	molar
surrounding	torno
surveillance	sorvejansa
survey	sondajo
survive	soraviver
suspect	sospeto
suspended	sospeso
suspicious	sospeto
sustain	sostegner
sustainability	sostenibilità
sustainable	sostenibile
swag	fagoto
swallow	parar basso
swallow	parar zo
swap	scanbio
swear	zurar
sweat	sudore
sweater	majon
sweep	spassar
sweet	dolse
sweet dreams	dormi pulito
sweet tooth	goloso de dolsi
sweetheart	tesoro
swell	gonfiarse
swelling	gonfior
swim	noada
swimming	noar
swing	brìscolo
switch	interutore
switch	boton
swollen	gonfio
sword	spada
symbol	sinbolo
sympathy	conpassion
symptoms	sìntomi
system	sistema
table	tola
tackle	frotejar
tag	eticheta
tag	adesivo
tag	bon ton
tail	coa
take	ciapa
take away	portar via
take care	stame ben
take off	decolo
taken	tolesto
taken	ciapà
talk	conferensa
talkative	ciacolon
tall	alto
tap	spina
tap	rubin
tape	nastro
target	obietivo
task	atività
taste	gusto
tasty	gustoso
taught	insegnà
tea	tè
tea	ti
teach	insegnar
teacher	mestro
team	scuadra
tear	làgrema
tears	làgreme
tease	rìdar drio
technology	tecnolojia
teeth	denti
tell	dir
tell me	dime
temper	caràtere
temper	natura
temperature	tenperadura
temple	tenpio
temporary	tenporaneo
ten	diese
ten thousand	diesemila
tenant	incuilin
tend	téndar
tendency	tendensa
tender	tènaro
tense	teso
tension	tension
tent	tenda
tentative	prova
term	fine
term	condission
terms	condission
terrible	teribile
terrific	incredibile
territory	teritorio
test	prova
text	teston
than	rispeto
thank	grassie
thank you	grassie
Thank you for your patience while we investigate shipment	Grassie par la to passiensa fin che serchemo la spedission
thank you so much	tante grassie
thank you very much	tante grassie
thanks	grassie
Thanks for using our app	Grassie par aver doparà la nostra aplicassion
that	che
that is	che xe
that's good	va ben
the	el
theft	furto
theft	ladrada
their	lori
them	suo
them	lore
them	lori
theme	tema
themselves	lori stessi
then	po'
then	dopo
theory	teoria
there	là
there are	ghe son
there is	ghe xe
therefore	cuindi
these	sti
they	so'
they	lori
they are	i xe
they are	lori i xe
thick	assè
thick	spesso
thief	ladro
thigh	pecosso
thigh	cossa
thin	fin
thin	sotile
thing	cossa
things	robe
think	pensar
third	terso
thirsty	arsurà
thirsty	sidià
thirteen	trèdese
thirty	trenta
this	sto
this is	sta roba xe
thorough	acurà
thoroughly	scrupolosamente
those	cueli
though	difisile
thought	pensiero
thoughtful	premuroso
thoughts	pensieri
thousand	mile
thread	filo
threat	menassa
threaten	menassar
three	tre
threshold	erta
threshold	soja
thrilled	emossionà
thrive	prosperar
throat	gola
through	traverso
throughout	traverso
throw	trar
throw	lansar
thumb	deolon
thumb	deon
thumb	deo grosso
thunder	tonesa
Thursday	zoba
thus	cuindi
tick	sponta
tide	marea
tidy	ordenar
tidy	comandar
tie	matonela
tiger	tigre
tight	aderente
Tigrinya	Tigrina
time	tenpo
timid	timido
tiny	picolo
tip	mància
tips	conseji
tire	stufar
tired	stufo
tissue	fassoleto
tissue	nissioleto
title	titolo
to	a
to be	èssar
toast	prìndese
today	ancuo
toddler	fantolin
toes	dei dei pie
together	insieme
toilet	bagno
told	dito
tolerance	toleransa
tolerate	tolerar
tomato	pomodoro
tomorrow	doman
tongue	léngua
tonight	stassera
too	anca
took	tolesto
took	ciapà
tool	meso
tool	strumento
tools	strumenti
tools	mesi
tooth	dente
top	superar
topic	argomento
torn	sbregà
torture	tortura
total	totale
touch	toco
tough	duro
tour	jiro
toward	verso
towards	verso
towel	sugaman
town	sità
toxic	tòssego
trace	trassa
track	trassar
trade	comercio
tradition	tradission
traditional	tradissionale
traffic	tràfego
trail	sia
train	tren
training	alenamento
trait	trato
traits	trati
transfer	trasferir
transition	transission
translate	tradure
transparent	trasparente
transport	trasporto
transportation	trasporto
trap	trapola
trash	scoasse
trash	spassadura
trauma	tràuma
travel	viajar
tray	vantiera
treasure	tesoro
treat	sorpresa
treatment	tratamento
tree	albaro
tremendous	tremendo
trend	tendensa
trial	processo
trick	truco
tried	provà
trigger	grileto
trigger	passarin
trim	spontar
trip	viajo
trouble	dificoltà
trousers	braghe
truck	camio
true	vero
trunk	baule
trust	fidarse
truth	verità
try	provar
Tsonga	Tsonga
tube	tubo
Tuesday	marti
tuition	reta
turkey	pito
turkey	dìndio
turkey	pai
turmeric	curcuma
turn	svolta
turn	canbio
turtle	galana
turtle	bissascuela
turtle	gajandra
tutor	tutore
twelve	dodese
twenty	vinti
twenty-one	vintiun
Twi	Ci
twice	do volte
twist	inpegolar
twist	intorcolar
twist	rovigolar
two	do
type	tipo
typical	tipico
ugly	bruto
ultimate	definitivo
umbrella	onbrela
unable	bon da gnente
uncle	barba
unconscious	svegnesto
under	soto
underneath	soto
underrated	sotovalutà
understand	capir
understood	capìo
unfortunately	desgrassiadamente
unfortunately	desfortunadamente
uniform	uniforme
unique	unico
unit	unità
university	università
unknown	sconossesto
unless	via che
until	fin
unusual	insolito
up	so
up to you	te toca ti
update	ajornamento
upgrade	ajornamento
upon	so
upset	sconvolto
urban	urban
urge	urjensa
urgent	urjente
us	noialtri
use	scoo
use	fin
use	vista
used	doparà
useful	utile
useless	inutile
usual	solito
usually	de solito
utility	utensa
vacation	vacansa
vaccination	vassinassion
vaccine	vassin
vacuum	spirapólvare
vague	vago
valid	bon
valid	vàlido
valley	vale
valuable	pressioso
value	valor
variety	varietà
various	varie
vary	variar
vase	vaso
vast	vasto
vegetable	verdura
vegetables	verdure
vehicle	veicolo
vendor	fornidore
Venetian	Veneto
venom	velen
venture	venturarse
venue	sede
verify	verifegar
versatile	versatile
version	version
vertical	verticale
very	tanto
very	assè
very good	benìssimo
very good	tanto ben
vessel	vasselo
via	traverso
via	grassie a
vibe	atmosfera
vibes	atmosfera
vicious	vissioso
vicious	cativo
vicious	vissiosa
vicious	cativa
victim	vitima
video	video
view	vedesta
view	vista
village	paese
villain	vilana
villain	cativo
villain	vilan
villain	cativa
vinegar	aséo
vintage	vintage
violence	violensa
violent	violento
viral	virale
virgin	vèrsene
virtual	virtuale
virtue	virtù
vision	vision
visit	visita
visual	visuale
vital	vitale
vivid	vivido
vocabulary	vocabolario
voice	vose
void	nulo
volume	volume
volunteer	volontario
vomit	gòmito
vulnerable	vulnerabile
wage	salario
wage	paga
wages	salari
wages	paghe
waist	vita
wait	speta
waiter	camariero
waiting	spetar
wake	svejarse
wake up	svéjate
walk	caminada
walking	caminar
wall	parete
wall	muro
wallet	portafojo
wander	passejar
wanna	vuto
want	voler
wanted	rissercà
war	guera
wardrobe	camarin
wardrobe	vardaroba
warehouse	magasin
warm	caldo
warn	avertir
warning	avertensa
warning	aviso
warrior	gueriero
was	jera
wash	lavar
waste	refudo
waste	vansaura
watch	vardar
water	acua
watermelon	ingùria
wave	onda
way	maniera
we	noialtri
we are	noialtri semo
we can	noialtri podemo
weak	debole
weak	lasco
weakness	debolessa
wealth	richessa
wealthy	sior
wear	indossar
wearing	indossar
weather	clima
wedding	sposalissio
Wednesday	mèrcore
weed	erbassa
week	setimana
weekend	fine setimana
weight	peso
weird	strano
welcome	benvegnesto
welfare	benèssar
Well	Ben
well done	fato ben
went	ndà
were	jera
west	ponente
west	ovest
wet	mojo
whale	balena
what	cossa
what about you	e ti
what are you doing	cossa sito drio far
what are you doing now	cossa sito drio far desso
what are you doing right now	cossa sito drio far desso
what do you do	cossa feto
what do you do for a living	che lavoro feto
what do you mean	cossa vuto dir
what do you want	cossa vuto
what happened	cossa xe sucesso
what happened	cossa xe nato
what is	cossa xe
what is this	cossa xe sta roba
what is your job	che lavoro feto
what is your name	come te ciamito
what's up	come xela
what's up	come vala
what's your name	come te ciamito
whatever	cualsiasi roba
wheat	formento
wheat	gran
wheel	roda
when	co'
whenever	co che sia
where	ndove
where are you	ndove sito
where are you from	da ndove viento
where are you now	ndove sito desso
where do you live	ndove stèto
where is	ndove xe
whereas	fin che
whether	se
which	che
while	fin che
whisper	sussuro
whistle	fiscio
white	bianco
who	chi
who are you	chi sito ti
who is	chi xelo
who is	chi xela
who is this	chi xelo
who is this	chi xela
whole	intiero
whom	chi
whose	al cual
why	parché
why not	parché no
wicked	cativo
wicked	cativa
wicked	strano
wicked	sonà
wicked	strana
wide	largo
widow	vedova
width	larghessa
wife	mojere
wild	selvàdego
will	voler
willing	che vole
win	vìnsar
wind	vento
window	fenestra
windy	ventoso
wine	vin
winter	inverno
wipe	fregar
wipe	russar
wire	filo
wisdom	saviessa
wise	savio
wish	desiderio
wish	voja
wish you all the best	te auguro el mejo
witch	striga
with	co
withdraw	retirar
withdrawal	prelievo
within	drento
within	rento
without	sensa
witness	testimone
witty	agudo
wolf	lovo
woman	dona
women	done
won	vinto
won't	ela no (future conjugated verb 3ps feminine)
won't	elo no (future conjugated verb 3ps masculine)
won't	lore no (future conjugated verb 3pp feminine)
won't	voilatri no (future conjugated verb 3pp)
won't	ti no (future conjugated verb 2ps)
won't	noialtri no (future conjugated verb 1pp)
won't	lori no (future conjugated verb 3pp masculine)
won't	mi no (future conjugated verb 1ps)
wonder	maraveja
wonderful	spetacolare
wonderful	maravejoso
wonderful	fantàstego
wood	legna
wood	legno
wool	lana
word	parola
words	parole
work	lavoro
work out	alenamento
working	lavorar
world	mondo
worm	verme
worn	consumà
worried	preocupà
worry	preocupassion
worse	peso
worship	venerar
worst	peso
worth	valor
worth it	valeva la pena
worthy	bon
worthy	vàlido
would	te voressi
would	la vorìa
would	voialtri voressi
would	noialtri voressimo
would	mi vorìa
would	lori vorìa
would	el vorìa
wound	ferida
Wow	Ostia
wrap	incartar
wrath	fumana
wrath	còlara
wrist	polso
write	scrivar
Write here	Scrivi cuà
writing	scrivar
written	scrito
wrong	sbalià
wrong	falà
wrote	scrivesto
yard	corte
yawn	sbadajo
Yeah	Sì
year	ano
years	ani
yeast	levà
yell	sigar
yellow	zalo
Yes	Sì
yes baby	sì, caro
yes dear	sì, caro
yes honey	sì caro
yes my love	sì, amor
yes of course	eh ciò
yes of course	par forsa
yesterday	jeri
yet	oncora
yet	àncora
yield	molar
you	ti
you are	ti te sì
you are beautiful	te si bela
you are so beautiful	te si proprio belo
you are welcome	prego
you can	ti te poli
You know	Te lo sè
you too	anca ti
you're welcome	prego
young	zovane
your	to
your welcome	prego
yourself	ti
youth	zoventù
you’re welcome	prego
yummy	gustoso
zero	zero
