a little	tenê
a lot	kerematêk
a lot of	xeylê
abandon	teriknayene
abandoned	teriknaye
abide	mendene
ability	eşkayîş
able	eşkayox
about	derheq de
above	cor
abroad	teberê welatî
absence	çinbîyayîş
absent	çin
absolutely	eynî wina
absorb	zere girewtene
absorb	antene zere
abstract	razber
abstract	xulasa
absurd	bêmana
abundance	bereket
abundant	bol
abuse	îstismar
abuse	îstismar kerdene
accent	aksan
accept	qebul kerdene
access	ciresayîş
access	cireştene
accident	qeza
accommodation	cayê mendişî
accomplish	besekerdene
accomplished	resna peynî
according	goreyê
account	hesab
accuracy	bêkêmanîye
accurate	raşt
accused	suckerde
ache	dej
achieve	ser kewtene
achievement	serkewtiş
acknowledge	qebul kerdene
acquaintance	nas
acquire	dest girewtene
acquired	girewte
acquisition	destgirewtiş
across	ser ra
act	kerdene
action	aksîyon
active	aktîf
activities	aktîvîteyî
activity	aktîvîte
actor	kaybaz
actual	raştikên
actually	esasen
acute	giran
adapt	yê xo kerdene
adapt	dest dayene
add	îlawe kerdene
addicted	tîryakî
addition	îlawe
additional	îlawe
address	xitab kerdene
address	adrese
adequate	cade
adjacent	pêranîyaye
adjective	sifet
adjust	eyar kerdene
admire	ecibnayene
admit	qebul kerdene
adopt	yê xo kerdene
adopt	qebul kerdene
adorable	zaf şîrin
advance	aver şîyene
advance	averşîyayîş
advanced	averşîyaye
advantage	avantaj
adventure	macera
adverb	zerfe
advertisement	reklam
advertising	reklam kerdene
advice	şîret kerdene
advise	şîret
advocate	avûkat
advocate	pawitene
aesthetic	estetîk
affair	têkilî
affect	tesîr dayene
affection	sînayîş
afford	pê besekerdene
affordable	hêrînbar
afraid	tersaye
after	dima
afternoon	peyê perojî
afterwards	dima
again	reyna
against	duşt de
age	serrî
agency	ajans
agent	ajan
aggressive	hêrişkar
agile	vît
ago	ra ver
agree	hemfikr bîyene
agreement	pêkerdiş
agriculture	zîret
ahead	raver
aid	hetkarîye
aim	amanc
air	hewa
airport	teyarageh
aisle	vîyar
alarm	alarm
alcohol	alkol
alert	baldarî
alive	weş
all	heme kes
all right	temam
all the best	qewet bo
allow	verdayene
allowed	bidestûr
almost	hema-hema
alone	tena
along	bi … ya
already	xora
Alright	Temam
also	zî
alternative	alternatîf
although	herçiqas ke
always	hertim
am	a
amazing	fewqelade
ambiguous	nedîyar
ambition	hewes
ambitious	hewesdar
amend	raşt kerdene
amid	mîyan de
among	mîyan de
among us	mabênê ma de
amount	mîqdar
amusing	komîk
analysis	analîz
ancestors	bav û kal
anchor	asinê keştîye
ancient	qedîm
and	û
and you	ma ti
angel	melek
anger	hêrs
angle	hoke
angry	hêrsin
animal	heywan
ankle	savoke
anniversary	serrgêre
announcement	vilaweke
annoy	hêrs kerdene
annoyed	hêrsbîyaye
annoying	tacizker
annual	serrane
anonymous	anonîm
another	yewna
answer	cewab dayene
answer	cewab
anticipate	hêvî kerdene
anxiety	qisawete
anxious	biqisawet
any	teba
anymore	êdî
anyone	kes
anything	çîyêk
anyway	welhasil
anyways	welhasil
apart	ra ber
apartment	qateban
apologize	ozrê xo waştene
apparent	eşkera
apparently	merdim vano qey
appeal	muracad kerdene
appeal	îtîraz kerdene
appear	asayene
appearance	asayîş
appeared	asaye
appetite	made
apple	saye
application	muracat
apply	muracat kerdene
appointment	randevu
appreciate	qedrê ci zanayene
appreciation	sipasdarî
approach	nêzdî bîyene
approach	helwêst
appropriate	munasîb
approval	tesdîq
approve	tesdîq kerdene
approved	tesdîqbîyaye
approximately	kêm-zêde
april	nîsane
arbitrary	keyfî
architect	mîmar
architecture	mîmarîye
archive	arşîv
are	ê
are you	ti ya
are you busy	meşgul î
are you married	ti zewicîyayî ya
are you married or single	ti zewicîyaya ya yan azeb a
Are you still there?	Ti hîna uca yî?
are you there	ti uca der a
area	herême
argue	munaqeşe kerdene
argument	arguman
arise	weriştene
arm	harme
army	artêşe
around	fekafek
arrange	eyar kerdene
arrangement	eyarkerdiş
arrival	resayîş
arrive	resayene
arrived	resaye
arrogant	qure
arrow	tîre
art	huner
article	meqale
artificial	viraşte
artist	hunermend
as	sey
as long as	heta ke
as well	zî
as well as	hem zî
ash	wele
ashamed	şermezar
ask	persayene
asked	perskerde
asleep	hewn de
aspect	het
Assamese	Asameskî
assault	hêriş kerdene
assembly	meclîs
assertive	xobawer
assess	erjnayene
assessment	erjnayîş
asset	mal û milk
assets	mal û milk
assign	wezîfe dayene
assignment	tayîn
assist	hetkarîye kerdene
assistant	hetkar
associate	hemkar
associated	eleqedar
association	yew kerdene
assume	ferz kerdene
assumption	ferzkerdiş
at	de
at least	tewr tay
ate	werd
athlete	atlet
attach	îlawe kerdene
attached	pirakerde
attachment	îlawe
attack	hêriş kerdene
attempt	teşebus kerdene
attempt	teşebus
attend	beşdar bîyene
attendance	beşdarîye
attention	dîqet
attitude	şêle
attract	celb kerdene
attraction	atraksîyon
attractive	cazîbedar
attribute	sifet
audience	temaşewan û goşdarî
august	tebaxe
aunt	eme
aunty	xalike
authentic	otantîk
author	nuştox
authority	otorîte
autumn	payîz
available	mewcûd
average	averaj
avoid	ci ra dûrî vindetene
awake	hişyar bîyene
award	xelate
aware	hayîdar
awareness	hişyarîye
away	dûrî
awesome	harîka
awful	berbad
awkward	bêeleqe
Aymara	Aymara
baby	pit
bachelor	xorto azeb
back	peyser
background	peyzemîn
bad	xirabin
bag	çente
bait	alef
bake	pewtene
bakery	firine
baking soda	sodyum karbonat
balance	hemsencîye viraştene
balance	hemsencîye
ball	gude
Bambara	Bambara
banana	muze
band	kome
bang	reqayene
bang	req û teq
bank	banka
bar	bar
barely	bi zehmetî
bargain	bazar kerdene
bark	qafik
bark	lawayene
barley	cew
barrier	sînor
base	bingeh
based	temelî
basement	qatê erdî
basic	bingeyên
basically	eslê xo de
basil	rihan
bastard	pinc
batch	pêserîye
bath	awke
bathroom	awke
battery	baterya
battle	ceng
bay	kendawe
be	bîyene
be careful	baldar be
beach	plaj
beam	tîrêje
beans	lobîkî
bear	tebitîyayene
bear	heş
beard	erdîşe
bearing	tewir
beast	cinawir
beat	piro dayene
beat	pirodayîş
beautiful	rindek
beauty	rindekîye
became	bî
because	çike
become	bîyene
bed	cile
bedroom	odaya rakewtişî
bee	hinge
beef	goştê naxirî
been	bî
beer	bîra
before	verê
began	dest pêkerd
begin	dest pêkerdene
beginning	destpêk
behalf	bi nameyê
behave	hedê xo zanayene
behavior	roniştiş weriştiş
behaviour	hal û hereket
behind	pey de
being	bîyayîş
belief	bawerî
believe	bawer kerdene
belly	vêre
belong	aîd bîyene
beloved	heskerde
below	cêrên
belt	qayîş
bench	kursîya derge
bend	fetiloke
beneath	bin de
benefit	feyde dayene
benefit	feyde
benefits	faydeyî
beside	kîşte de
besides	yew zî
best	tewr rind
best of luck	bixeyr bo
best regards	zaf selamî
better	rindêr
between	mabên de
beverage	çîyê şimitişî
beyond	ra dot
Bhojpuri	Bhojpurî
bias	verhukm
biased	verhukmdar
bicycle	bîsîklete
bid	pêşnîyaze
big	girs
bike	bîsîklet
bill	fatura
bind	girê dayene
bird	mîlçike
birthday	rojbîyayîş
bit	vîçek
bite	gaj
bite	gaj kerdene
bitter	tal
black	sîya
blade	fekê kardî
blame	sucdar kerdene
blame	suc
blank	tal
blanket	betanîya
blast	zewq
blast	teqayîş
bleach	awa çamaşirî
bleach	sipî kerdene
blend	pêşanayîş
bless	şukur kerdene
bless	pîroz kerdene
blessed	bimbarek
blind	kor
bliss	bextîyarî
block	asteng kerdene
blood	gonî
bloom	akerdene
blow	puf kerdene
blue	kewe
blunt	kon
board	heyetê îdareyî
boat	keştîye
body	leşe
boil	girênayene
bold	qalind
bond	girê dayene
bone	este
book	ca abirnayene
book	kitab
boost	averberdiş
boost	aver berdene
booster	destek
boot	verbarkerdiş
boot	bot
boots	botî
border	sînor
bore	qule kerdene
bored	bêhêdîr
boring	acizker
born	bîya
borrow	deyn kerdene
boss	patron
both	her di
bother	nerehet kerdene
bottle	şuşe
bottom	bin
bought	hêrînaye
bounce	xil dayene
bound	girêdaye
boundaries	sînorî
bow	kemane
bowl	tase
box	qutîye
boy	lajek
boyfriend	dost
bracelet	bazin
brain	mezg
branch	şax
brand	marka
brave	çêr
breach	şikitene
bread	nan
break	şikitene
break	mabên
breakfast	arayîye
breast	çiçik
breath	nefes girewtene
breathe	nefes girewtene
breed	weyî kerdene
brick	tuxla
bride	veyveke
bridge	pird
brief	kilm
bright	roşt
brilliant	jîr
bring	ardene
bro	bira
broad	hîra
broadcast	weşan kerdene
broke	şikit
broke	îflas
broken	şikite
broom	gezî
brother	bira
brother in law	vistewre
brought	ard
brown	qeweyî
brush	firçe kerdene
bucket	beroş
buddy	dosto
budget	butçe
bug	lulik
build	awan kerdene
building	ban
building	awanî
built	awanîye
bulk	govde
bull	boxe
bully	zorbazîye kerdene
bump	pêro ginayene
bunch	deste
bundle	qevde
burden	barpişt
burden	barpişt kerdene
buried	wedarit
burn	veşnayene
burst	peqayîş
bury	wedardene
bus	otobuse
bush	leme
business	kar
bust	heykel
busy	meşgul
but	la
butter	rûno kele
butterfly	perperike
button	gocege
buy	hêrînayene
by	bi
by the way	na esna de
bye	oxir bo
cabbage	kelem
cabinet	dolabe
cabinet	hukmat
cage	qefes
cake	kek
calf	guk
call	vengdayîş
call	telefon kerdene
call me	mi rê telefon bike
called	bi nameyê
calm	aram
came	ame
campaign	kampanya
can	qutî
can	eşkayene
Cancel	Betal kerdene
cancer	kanser
capable	hêgin
capacity	kapasîta
capital	paytext
caption	manşet
capture	girewtene
car	erebe
career	karîyer
careful	baldar
carefully	bi baldarî
careless	bêxem
caring	zerrîvêşaye
carpenter	necar
carpet	xalî
carrot	gizêr
carry	kiriştene
carry on	dewam kerdene
carry out	ardene ca
case	rewşe
cash	pêşîn
cast	eştene
castle	qesir
casual	rojane
cat	pisînge
catch	tepiştene
category	kategorî
cattle	naxir
caught	tepişt
cause	sebeb
cause	sebeb bîyene
caution	îxtar
cautious	baldar
cave	eşkefte
cease	vindetene
ceiling	serke
celebrate	pîroz kerdene
cell	hucre
center	merkez
century	seserre
cereal	heb
ceremony	merasîm
certain	tayê
certainly	eynen
certificate	sertîfîka
chain	zincîre
chair	kursîye
challenge	duşt de vejîyayene
challenge	zehmetîye
chance	şans
change	vurîyayene
chaos	kaos
character	karakter
characteristics	taybetî
charge	şarj kerdene
charge	sucdar kerdene
charity	xeyrkarî
charming	efsûnên
chart	plan
chart	tablo
chase	fetilnayene
chat	xpşebere
chat	terraqnayene
cheap	erjan
cheat	xapitene
cheating	hîle kerdene
check	kontrol kerdene
check	kontrol
cheek	alişke
cheer	şênî
cheerful	şên
cheers	noş
cheese	pênîr
chemistry	kîmya
cherish	ser o hêc bîyene
chess	kişike
chest	sêne
chew	cutene
chicken	kerge
chief	serek
child	doman
childhood	domanîye
children	domanî
chill	qers … kewtene
chill	qers
chill	honik
chimneys	lojinî
chin	çene
chocolate	çîkolata
choice	tercîh
choose	weçînitene
chop	qesnayene
chores	kar û bar
chubby	goştin
church	dêr
cinnamon	darçîn
circle	dayîre
circumstances	şert û mercî
citizen	hemwelatî
city	şaristan
claim	îdîa kerdene
claim	îdîa
clarify	zelal kerdene
class	sinife
clay	kîle
clean	pak kerdene
clear	zelal
clear	zelal kerdene
clerk	nuştox
clerk	rotox
clever	jîr
client	muşterî
cliff	tirr
climate	îklîm
climb	ro vejîyayene
clingy	zeliqok
clock	saete
close	girewtene
closet	dolabe
cloth	kinc
clothes	kincî
cloud	hewr
cloudy	hewra
clown	palyaço
clue	îma
clumsy	xam
cluster	kome
coach	antrenor
coach	antrenorî kerdene
coal	komir
coast	qerax
coat	çakêt
coffee	qewe
cognitive	hişkî
coincidence	tesaduf
cold	serd
collapse	rijîyayene
collar	pêsîr
colleague	hemkar
colleagues	hemkarî
collect	arê dayene
collection	koleksyon
college	unîversîte
color	reng
colorless green ideas slept furiously	fikrê keskê bêrengî hêrsin kewenê ra
colour	reng
column	kuncik
comb	şane kerdene
combination	pêardiş
combine	pîya kerdene
come	ameyene
come here	bê tîya
come on	hayde
comfort	rehet kerdene
comfortable	rehet
coming	yeno
coming soon	demo nêzdî de
command	ferman dayene
comment	şîrove
commercial	bazirganî
commission	komîsyon
commit	kerdene
commitment	wad
committed	kerde
commodity	mal
common	vilabîyaye
communicate	komunîkasyon
communication	komunîkasyon
community	komel
commute	şîyene kar
companion	heval
company	şîrkete
compare	pêver şanayene
comparison	pêveronayîş
compassion	zerrîvêşayîyîye
compassionate	zerrîveşayîye
compatible	ahengdar
compete	têver ro nayene
competent	ciraameye
competition	musabeqa
competitive	hemberîker
complain	gerre kerdene
complaint	gerre
complement	temam kerdene
complement	pesn
complete	temam kerdene
completely	temamen
complex	aloz
compliance	îtaet
complicated	têmîyankewte
compliment	pesn
comply	îtaet kerdene
composition	pêardiş
compound	pêrabeste
comprehension	fehm
comprehensive	şumûldar
compromise	werêameyîş
compromise	werê ameyene
compulsory	mecburî
computer	komputure
concentrate	konsantre bîyene
concept	konsept
concern	eleqedar bîyene
concern	eleqe
concerned	endîşenak
concerned	eleqedar
concert	konser
conclusion	peynîye
concrete	şênber
concrete	beton
concrete	şênber kerdene
condition	şert
conditions	şertî
conduct	ca ardeene
conference	kombîyayîş
confess	ro xo nayene
confidence	xobawerîye
confident	xobawer
confirm	e kerdene
conflict	têkewtiş
confused	şaşbîyaye
confusion	şaşmendiş
congrats	pîroz bo
congratulation	pîrozkerdiş
congratulations	çimê to roştî bê
conjunction	bestox
connect	girê dayene
conquer	îşxal kerdene
conscious	hişyar
consciousness	hişyarîye
consent	destûr
consent	razî bîyene
consequences	netîceyî
conservation	muhafezekerdiş
conservative	muhafezakar
consider	çiman ver girewtene
considered	fikrkerde
consist	pêra ameyene
consistency	pêgirewtiş
consistent	pêgirewte
constant	berdewam
constantly	timûtim
constipation	qebz
construction	awanîye
consume	serf kerdene
consumption	serf
contact	têkilî
contact	kewtene têkilîye
contagious	serî
contain	tede bîyene
contains	tede
contemporary	hemçax
contempt	razî
content	tedeyî
contest	musabeqe
context	kontekst
continent	qita
continue	dewam kerdene
contract	kontrat
contract	kontrat kerdene
contrast	têver nayene
contrast	zid
contribute	beşdarîye
contribution	beşdarîye
control	kontrol
controversial	nîqaşbar
convenience	musaîdîye
convenient	musaîd
conversation	xoşebere
convert	çarnayîş
convert	çarnayene
convey	resnayene
convince	îqna kerdene
convinced	îqnakerde
cook	werdpewj
cook	pewtene
cooking	pewtiş
cool	weş
cool	honik
cooperation	hemkarîye
cope	hal kerdene
copper	paxir
core	dendik
corn	lazut
corner	kuncik
correct	raşt
cost	mesref
cost	mal bîyene
costume	kisvet
cottage	holike
cotton	peme
couch	meqet
cough	kuxike
council	konseye
count	hûmaritene
counter	muqabele kerdene
country	welat
countryside	dewan de
couple	cite
courage	cesaret
course	kurs
court	dadgeh
courtesy	kibarîye
cousin	dereza
cover	nimitene
cow	manga
coward	tersonek
cozy	rehet
crab	kerkince
crack	qilaşîyayene
crack	qilaş
craft	huner
crap	gî
crash	qeza
crash	qeza kerdene
craving	vîyar kerdene
crawl	kaş bîyene
crazy	xêx
create	afirnayene
creative	viraştox
credit	kredî
creep	kaş bîyene
creepy	tersnak
crew	muretebat
crime	suc
cringe	rokewtene
cringe	şermdar
crisis	krîz
criteria	krîterî
critical	krîtîk
criticism	rexnegerî
crop	ber
crops	mehsul
cross	visîyayene bover
cross	xaç
crow	qijike
crowd	qelebalix
crowded	qelebalix
crown	tac
crucial	girîng
cruel	zorbaz
cruise	raywanîya deryayî
crush	pelçiqnayîş
crush	pelçiqnayene
cry	bermayene
cucumber	xîyar
cuddle	xo verare kerdene
culture	kultur
cunning	qurnaz
cup	fîncane
cupboard	dolabe
curb	sînor kerdene
curb	kemerê peyerayîrî
cure	weş kerdene
cure	weşkerdiş
curfew	qedexeyê vejîyayîşê teberî
curiosity	meraq
curious	meraqdar
curly	gijikin
currency	dovîz
current	nikayin
currently	nika
curse	milqî dayene
curtain	perde
cushion	mînder
custom	adet
customer	muşterî
customs	urf û adetî
customs	gumrik
cut	birnayene
cut	birnaye
cute	şîrin
cycle	dewr
cycling	bîsîklet raimtene
dad	bakil
daddy	bawo
daily	rojane
dairy	qatix
dam	awbend
damage	zerar dayene
damage	zerar
damn	lanet kerdene
damp	tênin
dance	reqisîyayene
danger	tehluke
dangerous	tehlukeyin
dark	tarî
darling	waştî
dash	tîre
dash	pirodayîş
data	data
date	tarîx
date	randevu
daughter	kêna
day	roje
dead	merde
deadline	tarîxo peyên
deaf	kerr
deal	pê ameyene
deal	pêameyîş
dear	sînaye
Dear All	hevalê delalî
Dear Customer	Muşterîyo Erjaye
Dear Parents	May û pîyê erjayeyî
Dear Sir	Efendîyo erjaye
Dear students	Wendekarê erjayeyî
Dear Team	Ekîpa erjayîye
death	merdene
debate	nîqaş
debit	deyndar
debit	debî
debris	enkaz
debt	deyn
decade	desserre
decay	xeripîyayene
decay	rijîyayene
deceased	dinya xo vurna
deceive	xapênayene
december	kanûne
decent	cade
decide	qerar dayene
decided	qerar da
decision	qerar
deck	deste
decline	red kerdene
decrease	kêm bîyene
dedicated	ser o hêc
dedication	îthaf
deed	çalakî
deed	tapû
deep	xorîn
deer	gakovî
default	standard
defeat	mexlub kerdene
defeat	mexlubîye
defend	seveknayene
define	terîf kerdene
definitely	qetîyen
definition	pênas
degree	derece
delay	peyde eştene
delay	peydeeştiş
delayed	taloq bî
delete	estiritene
deliberate	bi zanayîş
delicate	nazik
delicious	tehmweş
delight	keyf
delighted	keyfweş
deliver	teslîm kerdene
deliver	verdayene
delivered	reşte
delivery	ciresnayîş
demand	waştiş
demand	waştene
demanding	israrker
demanding	çetin
democracy	demokrasî
demon	cîn
demonstrate	numayîş kerdene
denied	betalkerde
density	sixletîye
dentist	didansaz
deny	înkar kerdene
department	beş
departure	rayemendiş
depend	girêdaye bîyene
deploy	dayene hereketkerdene
deposit	depozîto dayene
deposit	depozîto
depressed	depresîf
depression	depresyon
depth	xorînîye
describe	pênas kerdene
description	pênas
desert	çol
deserve	heq kerdene
design	dîzayn kerdene
design	dîzayn
designation	tayîn
desire	waştiş
desire	waştene
desk	masa
despair	hêvîya xo ra bîyene
desperate	bêhêvî
despite	herçiqas ke
dessert	şîranîye
destination	hedef
destiny	çarenus
destroy	çin kerdene
destruction	xeripnayîş
detail	teferuat
details	detayî
detect	kifş kerdene
determination	qerardarîye
determine	belî kerdene
determined	qerardar
devastated	xirabe
devastated	mafbîyaye
develop	aver kerdene
developed	averşîyaye
development	averşîyayîş
device	hacete
devil	şeytan
devoted	merbut
Dhivehi	Dhîvehî
diabetes	dîyabet
diarrhea	emel
diary	rojnuşte
dictionary	ferheng
did	kerd
die	merdene
died	merd
diet	parêz
difference	cîyayîye
different	cîya
difficult	zehmet
dig	kinitene
dignity	şeref
diligent	xeyretkêş
dinner	şamîye
dip	tirokerdiş
dip	tiroşîyayîş
direct	raşteraşt
direction	het
director	rejîsor
dirt	lêm
dirty	qilêrin
disable	astengdar
disabled	astengdar
disappear	çiman ver vîndî bîyene
disappointed	zerrîşikite
disaster	afate
discard	eştene
discard	vetene
discharge	tal kerdene
discipline	dîsîplîn
discount	kêmîkerdiş
discover	keşf kerdene
discrimination	dîskrîmînasyon
discuss	munaqeşe kerdene
discussion	werênayîş
disease	nêweşîye
diseases	nêweşî
disguise	kinctebdil bîyene
disgusting	pîs
dish	werd
dishes	firaqî
dismiss	kar ra eştene
dispatch	ruşnayene
display	musnayene
disposal	îdare
disposal	rotiş
disposal	wedaritiş
dispute	nîqaş
distance	mesafe
distinct	cîya
distinguish	cêra vetene
distress	tenge
distribution	vilakerdiş
district	taxe
disturb	nerehet kerdene
ditch	xendeq
dive	kewtene awe
diverse	zafrengin
diversity	bêjbibêjîye
divide	pare kerdene
divine	homayî
divorce	cîyabîyayîş
divorce	cîya bîyene
dizzy	sewsî
do	kerdene
do you love me	ti mi ra hes kenî
doctor	doktor
document	dokuman
does	keno
dog	kutik
Dogri	Dogrî
doing	kerdiş
doll	veyveke
domain	bare
domain	war
domestic	kedî
dominant	serdest
Don't worry	Meraq meke
donate	bexiş kerdene
done	temam
donkey	her
dope	esrar
double	di qat kerdene
double	çut
doubt	guman
doubt	guman kerdene
dough	mîr
down	devacêr
download	war ardene
draft	verkar
draft	verkar viraştene
drag	kaş kerdene
drain	der kerdene
drama	drama
draw	xêz kerdene
drawer	çekmece
drawing	resim
dread	xewf
dream	hewn dîyene
dream	hewn
dress	fîstan
drill	lane kerdene
drink	şimitene
drink	çîyê şimitişî
drive	ramitene
drop	dilope
drop	dilope kerdene
dropped	veradaye
drought	xela
drunk	serxoş
dry	huşk
duck	ordege
dude	mêrik
due	goreyê
due to	semedê
dull	acizker
dumb	ehmeq
dump	rişnayene
duration	mudet
during	wextê … de
dust	tozê ci pak kerdene
duty	wezîfe
dwell	ser o vindetene
dying	mireno
each	her
each other	yewbînan
eager	zerrîwaz
eagle	hêlî
ear	goş
earlier	hîna rew
early	rew
earn	qezenc kerdene
ears	goşî
earth	dinya
earthquake	erdlerz
ease	rehetîye
easily	asan
east	rojhelat
easy	asan
eat	werdene
eating	werdiş
economic	ekonomîk
economy	ekonomî
edge	kobe
edit	sereraşt kerdene
education	perwerde
effect	tesîr
effective	bitesîr
efficiency	tesîrdarîye
efficient	bitesîr
effort	lebate
egg	hak
eggplant	balcane
ego	ego
eight	heşt
eighteen	heştês
eighty	heştay
either	yan
elaborate	bidetay
elbow	henezik
elder	pîl
elderly	kokim
elegant	tîtikin
element	element
elephant	fîl
eleven	yewendes
eligible	munasib
eliminate	vetene
else	sewbîna
embarrassed	şermokin
embarrassing	şermezarker
embrace	qebul kerdene
emerge	vejîyayene
emergency	rewşa lezabezîye
emotional	hîssî
empathy	empatî
emphasis	giranî dayene ser
emphasize	giranî dayene ser
employee	karker
employees	karkerî
employer	kardayox
employment	karkerdiş
empty	veng
enable	aktîf kerdene
encounter	raşt ameyene
encourage	zerrî dayene
end	qedênayene
endangered	tehluke de
endeavor	çalakî
endeavor	teşebus
endurance	tehemul
endure	tebitîyayene
enemy	dişmen
energy	enerjî
engage	meşgul
engaged	meşxul
engagement	nîşan
engine	motor
engineer	muhendis
English	Îngilizkî
enhance	girs kerdene
enjoy	ecibnayene
enormous	zaf girs
enough	bes
ensure	garantî dayene
enter	dekewtene
entertainment	keyf û kelebut
enthusiasm	hewesdarîye
enthusiastic	hewesdar
entire	heme
entitled	selahîyetdar
entity	estîye
entrance	cikewtiş
entrepreneur	muteşebis
envelope	zerfe
environment	dorûver
envy	celudîyayene
epic	destane
epidemic	epîdemî
equal	têduşt
equipment	ekîpman
equity	sermaye
equivalent	muqabil
eraser	pakker
error	xeta
escape	remayene
especially	bitaybetî
essay	meqale
essence	esl
essential	lazim
establish	pê şanayene
established	ronaye
estate	emlak
estimate	texmîn kerdene
estimated	texmînî ser
etc	ûêb
eternal	bêpeynî
ethics	etîk
evaluate	erjnayene
evaluation	erjnayîş
even	hetta
even though	herçend ke
evening	şan
event	çalakîye
eventually	peynîye de
ever	qet
every	her
everybody	her kes
everyone	heme kes
everything	her çî
evidence	delîl
evil	xirabin
evolution	evolusyon
evolve	aver şîyene
Ewe	Ewe
ex	verên
exact	tam
exactly	aynen
exam	ezmûn
examine	muayene kerdene
example	nimûne
exceed	hed ra vîyartene
excellent	zaf weş
except	xeyrja
exception	îstîsna
excess	hed ra vîyartene
excess	zêde
excessive	bêhed
exchange	borsa
exchange	ravurnayîş
excited	heyecandar
excitement	heyecan
exciting	heyecandar
exclusive	taybet
excuse	mazeret
excuse me	bibexşne
execute	bi kar ardene
execution	dardekerdiş
executive	caardox
exercise	temrîn kerdene
exercise	temrîn
exhaust	egzoz
exhaust	qefilnayene
exhausted	rincan
exhibit	nawneyene
exhibition	temaşegeh
exist	est bîyene
existence	estbîyayîş
existing	estbîyaye
exit	vejîyayene
expand	hîra kerdene
expect	pawitene
expected	pawîyaye
expenses	şîyayeyî
expensive	vay
experience	dîyene
experience	tecrube
experiment	cerib
expert	pispor
expired	mudetê ci vîyarte
explain	areze kerdene
explanation	îzah
exploit	îstîsmar kerdene
explore	keşf kerdene
export	îhracad
expose	maruz kerdene
exposed	maruz
exposure	maruz bîyene
express	îfade kerdene
expression	îfade
extend	hîra kerdene
extended	hîrakerde
extension	hîrakerdiş
extent	derece
external	yê teberî
extinct	çinbîyaye
extra	zêde ra
extract	vetene
extraordinary	mustesna
extreme	ekstrem
extremely	xeylê zaf
eye	çim
eyes	çimî
fabric	qumaş
fabulous	mikemel
face	rî
face	têrî ameyene
facilitate	asan kerdene
facilities	tesîsî
facility	tesîs
fact	raştîye
factor	faktor
factory	karxane
facts	raştî
fade	permelîyayene
fail	bin kewtene
fail	binkewtiş
failed	sernêkewte
failure	ser nêkewtene
faint	xeriqîyayene
fair	heq
fair	sivik
fairly	xeylê
fairy	perî
faith	bawerî
faithful	wefadar
fake	zurayin
fall	payîz
fall	war o ginayene
false	XELET
fame	namdarîye
familiar	şinasî
family	keye
famine	vêşanîye
famous	namdar
fan	heyran
fan	perwane
fancy	hewes kerdene
fantastic	fantastîk
far	dûrî
farewell	xatirwaştiş
farm	çewlîg
farmer	rencber
fascinating	balkêş
fashion	moda
fast	lez
fat	qelew
fatal	ê mergî
fate	çarenus
father	pî
fatigue	qefilîyayene
fault	xeta
favorite	favorî
favour	tehm
favourite	favorî
fear	ters
fear	tersayene
feast	şayîye
feather	purt
feature	tede est bîyene
feature	taybetmendîye
features	taybetmendî
february	gucige
fed up	heridan
fee	heq
feed	nan dayene
feedback	apeyhayî
feel	hîs kerdene
feeling	hîs
feet	lingî
fell	kewt
fellow	heval
felt	hîs kerd
female	makî
fence	percîn
fertile	berhemdar
festival	festîvale
fetch	ardene
fever	tewe
few	tayê
fewer	kêmêr
fiance	waştî
fiction	fîkşin
field	war
fierce	xurt
fifteen	pancês
fifty	pancas
fight	lej kerdene
fight	lej
fighting	pêrodayîş
figure	fîgure
figure	teswîr kerdene
figure out	tede vetene
file	dosya
fill	pirr kerdene
filled	pirrkerde
film	fîlm
filthy	qilêrin
finally	axirî
finance	fînansman
financial	ekonomîk
find	dîyene
find out	tey vetene
fine	hol
fine	ceza
finger	engişte
finish	temam kerdene
finished	qedîya
fire	adir
firm	fîrma
firm	pêt
first	verên
first name	name
fish	mase
fit	destdayî
five	panc
fix	tamîr kerdene
fixed	sabît
fixed	bellî
flag	ala
flash	flaş
flash	bilusk
flat	dayîre
flat	pan
flaw	kêmasî
flawless	bêqusur
flee	remayene
flesh	goşt
flew	pera
flex	kablo
flex	deardene
flexible	nerm
flight	raywanîya teyara
flip	raçarnayene
flip	dêm dayene
flirt	flort kerdene
flirting	flort kerdene
float	awe ser o
flood	laser
floor	qat
flour	ardî
flow	herikîyayene
flow	herik
flower	vîlike
flu	harîge
fluent	herikbar
fluently	herikbar
fluffy	nerm
fluid	awî
fly	fir dayene
focus	fokus
focus	fokusê xo dayene ser
fog	mij
foggy	mijin
fold	qat kerdene
folks	şar
follow	taqîb kerdene
follow up	dewamê ci
following	ke dime ra yeno
food	werd
fool	xapitene
fool	ehmeq
foolish	xêxkî
foot	linge
football	futbol
for	seba
For example	Sey nimûne
for instance	mesela
for you	seba to
forbidden	qedexe
force	hêz
forecast	texmîn
forehead	çare
foreign	xerîb
forest	daristan
forever	heta ebedî
forget	xo vîr ra kerdene
forgive	ef kerdene
forgot	xovîrrakerde
fork	çetale
form	form
form	pêardene
formal	resmî
former	verên
fortunately	şans o ke
fortune	şans
forty	çewres
forty-two	çewres û di
forward	aber
foster	xurt kerdene
fought	pêrodaye
found	dozkerde
foundation	sazgeh
four	çar
fourteen	çarês
fox	luye
fragile	nazik
frame	çarçewa
framework	çarçewa
fraud	sextekarîye
freak	gêj
free	azad
free	bêpere
freedom	azadîye
freeze	cemidîyayene
frequency	frekans
frequent	rey-rey
frequently	rew-rew
fresh	teze
friday	îne
fridge	dolaba cemedî
friend	embaz
friendly	gonîgerm
friends	embazî
friendship	embazîye
frightened	tersaye
frightening	tersnak
frog	beq
from	ra
front	vernî
frozen	cemidîyaye
fruit	meywe
frustrated	bêzar
fuel	sotemenî
Fulfulde	Fulfulde
full	pirr
fun	keyf û kelebut
function	fonksîyon
fundamental	bingeyên
funeral	merasimê cenaza
funny	komîk
fur	kurke
furious	hêrsin
furniture	mobîlya
further	zêdêr
furthermore	ey ra kî dot
future	ameyox
gain	qezenç kerdene
gain	destkewt
game	kay
gap	vengane
garage	garaj
garbage	çop
garden	baxçe
garlic	sîr
gate	ber
gather	kom bîyene
gathering	kombîyayîş
gauge	peymitene
gave	da
gear	vitês
gender	cinsîyet
general	pêroyî
generally	pêroyî
generate	viraştene
generation	ber
generous	comerd
genius	dahî
genre	tewirê edebîyatî
gentle	nazik
genuine	raştkên
gesture	jest
get	girewtene
get dressed	kincanê xo pira bigîrê
get up	rawuştene
get well soon	berzînê xeyrî bo
getting	gêno
ghost	xeyalet
ghosting	cewabnêdayîş
giant	dêvane
gift	xelate
ginger	zencefîl
girl	kêneke
girlfriend	doste
give	dayene
give up	fek ci ra veradayene
given	daye
glad	keyfweş
glance	çim pira çarnayene
glass	bardaxe
glasses	verçimikî
glimpse	çim eştene
global	global
gloomy	tarî
gloomy	teng
gloves	lepikî
glow	beriq
glow up	beriqîyayîş
glue	zeloq
go	şîyene
go ahead	raşt şo
go away	şo
go to bed	rakewe
goal	amanc
goals	hedefî
goat	bize
god	homa
god bless you	hende ke raşt
goes	şono
going	şono
going to	şono bi
gold	zerrn
gone	şîyaye
goo	lincin
good	rindîye
good	rind
good afternoon	peroj bixeyr
good bye	xatir bi to
good day	roje bixeyr
good evening	şan bixeyr
good job	aferîn
good looking	semt
good luck	bextweş be
good morning	şodir bixeyr
good morning my love	şodirê to weş bo, canê mi
good night	şewe bixeyr
goodbye	xatirê şima
goodnight	şewbaş
goods	berî
Google	Google
Google Translate	Google Translate
goose	qaze
gorgeous	muhteşem
gossip	zem
got	girewt
got it	fam kerd
government	hukmat
grab	girewtene
grade	darax
gradually	vera-vera
graduate	mezun bîyene
grain	heb
grant	bexş
granted	biîmtîyaz
grapes	engurî
grasp	tepiştene
grass	vaş
grateful	sipasdar
gratitude	sipasdarîye
grave	gore
gray	gewr
great	hol
greed	çimveşanîye
greedy	çimeveşan
green	kesk
greet	selam dayene
greeting	selamdayîş
greetings	selamdayîşî
grey	gewr
grid	caxike
grief	efkar
grind	tehnayene
grip	pêguretene
grocery	dikan
groom	zama
gross	girs
ground	erd
group	grûbe
grow	pîl bîyene
growth	girsbîyayîş
grumpy	zirt
Guarani	Guarankî
guarantee	garantî
guard	pawitene
guess	texmîn kerdene
guest	mêman
guidance	rayberîye
guide	rayber
guide	rayberîye kerdene
guilty	sucdar
guy	mêrik
guys	mêrikî
gym	salonê sporî
habit	adet
habitat	cugeh
hail	torge
hair	por
half	nême
hall	çardaxe
hand	dest
handle	destik
handsome	semt
hang	darde kerdene
hang out	hedîra xo ardene
happen	bîyene
happened	bî
happiness	şayîye
happy	şa
happy birthday	rojbîyayîşê to pîroz bo
happy birthday to you	rojbîyayîşê to bimbarek bo
happy new year	serrnewe pîroz bo
hard	zehmet
hardly	nadîr
hardly ever	hema-hema qet rey
harm	zerar dayene
harm	zerar
harmful	zerardar
harmony	aheng
harsh	sext
harvest	ber girewtene
hate	nefret kerdene
have a good day	roja to xeyr bo
have a nice day	roja to xeyr bo
have breakfast	arayîya xo bike
have fun	rind bixejilîye
have you eaten	to nan werd
having	mal
hazard	tehluke
haze	mij
he	o
he has	ey de est o
he is	o yo
head	sere
headache	seredej
heal	weş kerdene
healing	weşkerdiş
health	weşîye
healthy	weş
hear	eşnawitene
heard	eşnawit
heart	zerrî
heat	germîye
heat	germ kerdene
heaven	cenet
heavy	giran
hectic	biheyecan
height	berzîye
heir	mîrasdar
heist	dizdîye
held	pêgirewte
hell	cehenem
Hello	Ma bixeyr dî
hello dear	selam delalo
hello how are you	ma bixeyr dî, ti senîn a
hello how are you doing	ma bixeyr dî, ti se kena?
helmet	kask
help	hetkarî kerdene
helpful	destegêr
hence	coka
her	aye
herd	pes
here	tîya
heritage	mîras
hesitate	didil mendene
Hey	Hey
Hi	Merheba
hi how are you	selam, senîn î
Hi there	Selam
hidden	nimitik
hide	nimitene
hierarchy	hîyerarşî
high	berz
highlight	beşo muhîm
hike	fetilîyayene
hiking	fetilîyayîş
hilarious	zaf komîk
hill	pul
him	ey
hint	îma kerdene
hip	qineste
hips	qorrik
hire	kîra kerdene
hiring	kar rê girewtiş
his	yê ey
history	tarîx
hit	piro dayene
Hmm	Hmm
hobby	hobî
hold	pê girewtene
hold on	pîtene
hold on	pê girewtene
hole	lane
holiday	tehtîl
hollow	kinitene
home	keye
homework	wezîfeyê keyeyî
honest	rastvaj
honestly	bi raştî
Honey	Cano
Honey	Hingimên
honor	şeref
hood	kapuşone
hook	çengal
hop	çing dayene
hope	hêvî
hope	hêvî kerdene
hopefully	boka
hopeless	bêhêvî
hopeless	bêîmkan
horizontal	verardkî
horn	estrî
horrible	xewfin
horror	ters
horse	estor
hospital	nêweşxane
hospitality	mêmanperwerîye
host	mêmandar
host	mêmandarîye kerdene
hostile	dişmenkî
hot	germ
hotel	otêle
hour	saete
hours	saetî
house	keye
household	keye
how	senî
how about you	ma ti
how are you	ti senîn î
how are you doing	ti se kenî
how are you doing today	ti ewro senîn î
how are you today	ti ewro senîn î
how do you do	ti se kenî
how is	senîn o
how many	çend
how much	çend
how often	çend rey
how old are you	ti çend serrî yî
how was your day	roja to senî bîye
how was your night	şewa to senî bîye
however	labelê
hub	merkez
hubby	caniko
hug	verare
hug	verare kerdene
huge	girs
human	merdim
humble	nefsqij
humid	tênin
humidity	tênî
hundred	se
hungry	vêşan
hunt	seyd kerdene
hurricane	hurîkan
hurry	lez kerdene
hurry up	lerze bike
hurt	dejayene
husband	mêrde
hustle	lebitîyayene
hustle	lebitîyayîş
hut	koxe
hygiene	hîjyen
I	ez
I am	Ez a
I am fine	ez rind a
I can	ez eşkena
I can't	ez nêeşkena
I do	Ez kena
I do not know	ez nêzana
I do not understand	Ez fehm nêkena
I don't	Ez nêkena
I don't know	Ez nêzana
I don't understand	ez fehm nêkena
I don't understand what you mean	ez fehm nêkena ke ti se vanî
I don't understand you	Ez to fehm nêkena
I don’t know	ez nêzana
I don’t understand	Ez fehm nêkena
i guess	ez texmîn kena
I had	mi de est bî
I have	mi de est o
I have been	ez bîya
I hope so	ez hêvî kena
I know	Ez zana
I like	ez ecibnena
I like you	ez to ra hes kena
I love	ez hes kena
I love my big brother	ez birayê xo yê pîlî ra hes kena
I love my big sister	ez waya xo ya pîle ra hes kena
I love my father	ez pîyê xo ra hes kena
I love my little brother	ez birayê xo yê qijî ra hes kena
I love my little sister	ez waya xo ya qije ra hes kena
I love my mother	ez maya xo ra hes kena
I love you	ez to ra hes kena
I love you so much	Ez to ra zaf hes kena
I love you too	ez zî to ra hes kena
I mean	yanî
I miss you	Mi bêrîya to kerda
I miss you so much	mi zaf bêrîya to kerda
I see	Mi fam kerd
I think	goreyê mi
I understand	Ez fehm kena
I want	ez wazena
I want to see you	ez wazena to bivînî
I want you	ez to wazena
I was	Ez bîya
I would be	ez bibîyêne
I'm	Ez a
I'm fine	Ez rind a
I'm good	ez rind a
I'm here	Ez tîya ya
I'm sorry	ez ozrê xo wazena
ice	cemed
ice cream	qeşaşit
idea	fikr
ideal	îdeal
identical	eynî
identify	pênas kerdene
identity	kamîye
idiot	bom
idle	veradaye
if	eke
ignore	peygoş kerdene
ill	nêweş
illegal	îlegal
illness	nêweşîye
Ilocano	Îlocano
image	resim
imagine	xeyal kerdene
immediate	desinde
immediately	desinde
immense	zaf girs
impact	tesîr kerdene
impact	tesîr
impatient	bêsebir
implement	ca ardene
import	îdxal
import	îdxal kerdene
important	muhîm
impose	bar kerdene
impose	zor ra dayene kerdene
impossible	nemumkin
impress	tesîr ro ci kerdene
impression	tesîr
impressive	balkêş
improve	aver berdene
improvement	rindêrkerdiş
in	de
in addition	ser o zî
In fact	raşta ci
in front of	verê … de
in order to	seba ke
inappropriate	bêmunasebet
incentive	teşwîq
incident	hedîse
include	tede bîyene
including	tede
income	ameye
inconvenience	nerehetîye
increase	zêdîyayîş
increase	zêdnayene
increased	zêde
incredible	acêba girane
indeed	xora raşt
independent	xoser
India	Hîndîstan
indicate	nîşan dayene
indigenous	cayî
individual	şexs
industry	endustrî
inevitable	îllamkî
infant	pit
infection	îltîhab
infinity	bêpeynîyîye
inflammation	îltîhab
inflation	enflasyon
influence	tesîr kerdene
influence	tesîr
inform	dayîşzanayîş
information	melumat
ingredients	tedeyî
inheritance	mîras
initial	sifteyên
initiative	înîsîyatîf
injured	birîndar
injury	birîne
innocent	bêguna
innovation	îcad
inquiry	pers
insane	tirrexêx
insect	lulik
insecure	bêasayîş
insert	dekerdene
inside	zere
insight	îzan
insist	israr kerdene
insomnia	bêhewnîye
inspiration	îlham
inspire	îlham dayene
install	saz kerdene
instance	nimûne
instant	desinde
instead	herinda ci de
instead of	herind de
instructions	telîmatî
instrument	enstruman
insult	heqeret kerdene
insurance	sîgorta
intact	tam
integrity	temamîye
intellectual	roşnvîr
intelligence	aqil
intelligent	jîr
intend	nîyet kerdene
intended	nîyetkerde
intense	xurt
intention	nîyet
interact	yewbînan ser tesîr kerdene
interaction	yewbînansertesîrkerdiş
interest	eleqe
interested	eleqedar
interesting	balkêş
interfere	mudaxele kerdene
intermediate	mabênkar
internal	yê zereyî
international	mîyanneteweyî
internship	stajyerîye
interpret	tefsîr kerdene
interpreter	çarnayox
interrupt	birnayene
interview	roportaj
intimate	semîmî
into	bi
introduce	dayene naskerdene
introduction	daşinasnayiş
introvert	şermokin
intuition	hîs
invalid	nevîyartbar
invent	îcad kerdene
inventory	envanter
invest	sermaye kerdene
investigate	tehqîqat
invitation	silayî
invite	silaynayene
invoice	fatura kerdene
invoice	fatura
involve	tewrê . bîyene
involved	tede
iron	asin
iron	utî kerdene
is	o
island	girawe
isolated	îzolekerde
issue	vetene
issue	mesela
issues	problemî
it is	o yo
it was	bî
it's ok	temam o
It's okay	Hol o
item	çî
items	çî
its	yê ey
I’m	Ez a
jacket	çakêt
jail	hepisxane
January	Çele
jar	qawanoz
jaw	çene
jealous	çimesîya
jerk	serserî
jewelry	mucewher
job	meslek
jogging	vaştiş
join	tewr bîyene
joint	pêragirêdaye
joint	muşterek
joke	yaranîye
journalist	rojnameger
journey	raywanîye
joy	keyf
judge	muhakeme kerdene
judge	dadger
juice	awa meyweyan
july	temmuze
jump	xil dayene
june	hezîrane
junk	keş-peş
just	tena
just	heq
just do it	de bike
justice	edalet
justify	heq dayene
justify	pawitene
Kalaallisut	Kalalîsut
keen	hewesdar
keep	dewam kerdene
keep	pê girewtene
keep it up	dewam ke
kept	pêgirewte
kettle	lên
kettle	çaydane
key	kilît
kick	pasqule piro dayene
kid	doman
kidding	yarenî
kidney	velik
kids	domanî
kill	kiştene
kind	tewir
kind	nazik
kinda	seke
kindly	nazîkane
kindness	kibarîye
king	qiral
kiss	lew pira nayene
kitchen	kulinde
kite	firfiroke
kitten	pisînge
knee	zanî
knew	zana
knife	kardî
knight	şovalye
know	zanayene
knowledge	zanayîş
known	zanaye
Konkani	Konkanî
Krio	Krîo
label	etîket
label	etîket kerdene
labor	kar
labour	kar
lack	kêmanîye
ladder	nêrdîwane
lady	xanime
laid	merredîya ra
lake	gole
lamb	vereke
lame	kêmî
lame	kung
lamp	lamba
land	niştene
land	erd
landscape	menzere
language	ziwan
lap	verare
large	girs
last	peyên
last but not least	peynîya peyêne de
last name	peyname
late	erey
lately	demo peyên de
later	dima
latest	tewr peyên
latter	peyên
laugh	huyayene
laughing	huyayîş
laughter	huyayîş
launch	pernayene
laundry	kincşuxane
law	qanûn
lawn	çere
lawyer	avûkat
lay	rameridîyayene
layer	qat
layout	arê dayene
lazy	tembel
lead	qerşune
lead	rayberî kerdene
leader	serek
leaf	pel
leak	dilope kerdene
lean	aznayene
leap	perrayene
learn	musayene
learning	museno
lease	kîra kerdene
least	tewr tay
leather	çerme
leave	teriknayene
leave	teriknayîş
leaves	terikneno
leaves	pelî
led	rayberîkerde
left	çep
leg	pêtik
legacy	mîras
legal	qanûnî
legend	efsane
legit	meşrû
leisure	wexto veng
lend	deyn dayene
length	dergîye
less	kêmî
lesson	derse
let	raverdayene
letter	mektube
lettuce	xas
level	darax
leverage	berzker
liability	berpirsîyarîye
library	kitabxane
lick	lîştene
lie	zure
lie	zurî kerdene
lies	zurî
life	cuye
lift	wedardene
lift	asansor
light	veşnayene
light	sivik
light	roştî
lightning	bilusk
like	hes kerdene
likely	muhtemel
likewise	aynen
line	xêze
Lingala	Lîngala
link	lînk
lion	şêr
liquid	awî
list	lîste
listen	goşdarî kerdene
listening	goşdarî keno
literally	herfîyen
literature	edebîyat
litter	qilêrin kerdene
little	şenik
live	ciwîyayene
live	ganî
liver	cîgere
lives	cuyî
living	ciwîyeno
living room	odaya roniştişî
lizard	marula
load	bar bîyene
loaf	nane
loan	deyn
local	cayî
location	ca
lock	kilît kerdene
lockdown	qedexeyê vejîyayîşê teberî
log	qirm
lol	ez zaf huyaya
lonely	tek û tena
long	derg
long time no see	xeylê wext o ke ma yewbînî nêdîyo
look	awir
look	ewnîyayene
loop	girê dayene
loose	sist
loose	vîndî kerdene
lord	lord
lose	vîndî kerdene
loss	zerar
lost	vîndîbîyaye
lot	keremate
loud	bi vengêko berz
lounge	salone
love	eşq
love	hes kerdene
love you	ez to ra hes kena
lovely	şîrin
low	nizm
lower	nizm kerdene
loyal	wefadar
loyalty	sedaqet
luck	şans
luck	bext
lucky	bişans
Luganda	Luganda
luggage	bagaj
lump	kome
lunch	perojîye
lungs	cîgerî
luxury	luks
lying	zurîkerdiş
machine	makîna
mad	xêx
mad	hêrsin
madam	xanime
made	viraşte
magazine	kovare
magnificent	muhteşem
maid	xizmetkare
main	sereke
maintain	dewam kerdene
maintain	ramitene
maintenance	berdewamîye
Maithili	Maîthîlî
major	sergord
major	pîl
majority	zafêrî
make	viraştene
make up	makyaj kerdene
male	nêr
mall	merkezê axsata
man	merdim
manage	îdare kerdene
management	îdarekarî
manager	îdarekar
mandatory	mecburî
manifest	eşkera kerdene
manifest	manîfesto
manipulate	manîpule kerdene
manner	uslûb
manual	dest a
many	zaf
many many happy returns of the day	xeylê xeylê ameyeyê roje
march	şîyene
march	adare
margin	kenar
market	pîyase
marriage	zewac
married	zewicîyaye
mask	maske
mass	girse
massive	zaf girs
master	westa
match	pêardene
match	duşt
mate	heval
mate	kel werdene
material	materyal
math	matematîk
matter	mesele
matter	muhîm bîyene
maturity	deresayîş
may	eşkayene
may	gulane
maybe	beno ke
me	mi
me too	ez zî
meal	werd
mean	vatene
mean	averaj
meaning	mana
means	îmkan
meant	qesd o bî ke
meanwhile	no mabên de
measure	peymitene
measures	peymî
meat	goşt
medical	tibî
medicine	derman
meditation	medîtasyon
medium	mîyanên
medium	wasita
meet	nas kerdene
meeting	kombîyayîş
Meiteilon	Meîteîlon
melt	rovilêşîyayene
memories	xatîrayî
memory	vîr
mental	aqlî
mention	qalê ci kerdene
mentioned	vate
mentor	şêwirmend
merchant	bazirgan
mercy	merhemet
merely	ancax
merry christmas	Noel pîroz bo
mess	alozî
message	peyame
messy	virtûvila
metal	metal
method	metod
mice	merreyî
middle	mîyanên
midnight	şewlete
might	eşkayene
mild	nermik
milestone	hedef
military	leşkerîye
milk	şit
million	mîlyon
mind	aqil
mind	ehemîyet dayene
mindset	zîhnîyet
mine	yê mi
mine	maden
mingle	werê fîtene
minor	qijkek
minute	deqa
minutes	deqeyî
miracle	keramete
mirror	neynike
miscellaneous	têmîyan
miscellaneous	ê bînî
mischievous	mixenet
miserable	neçar
misery	feqirîye
miss	bêrî kerdene
miss you	mi bêrîya to kerda
missing	vîndîbîyaye
mission	mîsyon
mist	mij
mistake	xeletîye
Mizo	Mîzo
mobile	mobîl
mock	henek
mock	henek kerdene
model	model
moderate	maqul
moderate	îdare kerdene
modern	modern
modest	nefsqij
moist	hît
moisture	hîtî
mold	kufikîyayene
mold	kufike
mole	herremuşk
mom	dayê
moment	game
monday	dişeme
money	pere
monitor	monîtor
monkey	meymune
month	aşme
mood	keyf
moody	eks
moon	aşme
moral	moral
more	hîna zêde
moreover	ey ra zî wet
morning	şodir
mortgage	îpotek
most	zafê ci
mostly	zafane
mother	maye
motion	hereket
motivation	motîvasyon
mountain	ko
mouse	merre
mouth	fek
move	lewîyayene
movement	hereket
movie	fîlm
mrs	xanime
much	zaf
mud	lince
mug	tase
mug	xesp kerdene
muscle	masûlkeyî
museum	muzexane
mushroom	sung
music	muzîk
must	ganî
must	ganîyîye
mute	bêveng
mutual	dihetkî
my	mi
My dear	Delalê mi
my friend	embazê mi
My hovercraft is full of eels	Hovercraftê mi pirrê marmasan o
my love	zerrîya mi
my name is	nameyê mi … o
my pleasure	seran ser
myself	bi xo
mysterious	sirdar
mystery	sirr
myth	mîtos
nail	nenûg
naive	naşî
name	name
narrative	qalkerdiş
narrative	hîkaye
narrow	teng
nasty	qefçil
national	neteweyî
nationality	netewe
native	cayî
natural	xozayî
nature	xoza
nausea	werêkewtişê zereyî
near	nêzdî de
nearby	nêzdî
nearly	hema-hema
neat	biîhtîmam
necessary	hewce
neck	mil
necklace	kolye
need	îhtîyac
need	lazim bîyene
negative	negatîf
neglect	îhmal kerdene
negotiate	muzakerde kerdene
neighbor	cîran
neighborhood	dorûver
neither	ne … ne zî
nephew	biraza
nervous	hêrsin
nest	halîn
net	torre
network	torre
neutral	bêteref
never	caran
never give up	caran metexilîye
never mind	fek ci ra verade
nevermind	wa bo
nevertheless	ancîya
new	newe
news	xeberî
next	verên
next to	hetê … de
nice	weş
nice to meet you	ez memnun bîya
niece	werezaye
night	şewe
nightmare	kapos
nine	new
nineteen	newês
ninety	neway
No	Ney
no problem	problem çin o
no way	mumkin nîyo
nobody	qet kes
noise	hayleme
noisy	hermeleyin
none	çi .
noon	peroj
nope	niç
nor	ne
normal	normal
north	bakûr
nose	pirnike
nostalgic	nostaljîk
not	ney
not at all	çiman ser
not bad	xirab nîyo
Not now	Nika ney
not yet	hîna ney
note	not kerdene
noted	notkerde
nothing	qet çî
notice	pêhesîyayîş
noticed	ferqkerde
noun	name
nouns	nameyî
novel	roman
november	teşrîna peyêne
now	nika
nowadays	nê deman
nuisance	problem
null	sifir
numb	kung
number	hûmare
nurse	hemşîra
nut	findiqe
nutmeg	muskat
nutrition	werdiş
oath	sond
obesity	qelewîye
obey	tede kerdene
object	çî
objective	amanc
obligation	ganîyîye
obscure	nimite
observation	nîyadarîye
observe	qayît kerdene
obsessed	obsesîf
obsession	obsesyon
obsolete	kehen
obstacle	asteng
obtain	girewtene
obtained	destkewte
obvious	eşkera
obviously	bi hawayêde eşkera
occasionally	ge-gane
occupation	meslek
occupied	îşxalkerde
occur	qewimîyayene
occurred	bî
occurs	aseno
ocean	okyanûs
october	teşrîna verêne
odd	temaşe
odds	îhtîmal
of	ra
of course	helbet
off	girewte
offensive	hêrişkar
offer	pêşnîyaze kerdene
offer	pêşnîyaze
office	ofîs
official	fermî
often	zaf rey
Oh	Ah
oh really	xora raşt
oil	rûn
ok	temam
ok dear	temam, cano
ok honey	temam, canê
ok my love	temam delala mi
okay	temam
okay baby	temam cano
okay dear	temam şîrina mi
okay honey	temam cano
okay my love	temam zerrîya mi
old	kan
on	ser o
once	reyêk
one	yew
one language is never enough	yew ziwan caran bes nîyo
onion	pîyaz
online	girêdaye
only	tena
open	akerdene
operation	operasyon
opinion	fikir
opportunities	îmkanî
opportunity	firsend
opposite	duşt
optimistic	weşvîn
option	weçînek
optional	nemecburî
or	yan
orange	narincî
orange	porteqale
order	sîparîş
order	siparîş kerdene
ordinary	sade
organization	organîzasyon
orientation	meyl
origin	esl û fesl
original	eslî
Oromo	Oromo
orphan	sêwî
other	bîn
otherwise	nêke
ought	ganî
our	yê ma
Our mission: to enable everyone, everywhere to understand the world and express themselves across languages.	Mîsyonê ma: her kesî rê mumkin bikerîme ke her ca de dinya fehm bikero û her ziwan de xo îfade bikero
Our mission: to organize the world's information and make it universally accessible and useful.	Mîsyonê ma: zanayîşê dinya organîzekerdiş û her kesî rê akerde û bifaydekerdiş
out	teber
outcome	netîce
outfit	kinc û kol
outgoing	gonîgerm
outlet	rotişgeh
outlet	fîş
outline	xulasa
outside	teber
outstanding	mukemmel
oven	firine
over	ser a
over there	ha uca
overall	pêro pîya
overcome	bin ra rawuştene
overthinking	zêde fikirîyayîş
overwhelmed	şaşmende
overwhelming	şaşkerdox
owe	deyndar bîyene
owl	kund
own	yê xo
own	wayî bîyene
owner	wayîr
ox	ga
pace	game
pack	paket kerdene
package	paket kerdene
paid	daye
pain	dej
paint	boyax kerdene
painting	boyax keno
pair	cite
pale	bêreng
palm	palmîye
palm	lep
pan	tawe
pandemic	pandemîye
panic	panîk
pants	pantolî
paper	kaxide
paradise	cenet
parallel	parelel
parcel	parsel
pardon	pardon
parents	may û pî
park	parke
parrot	tûtî
parsley	maydanoz
part	beş
participate	beşdar bîyene
particular	taybet
particularly	bitaybetî
partner	heval
party	partî
pass	ravîyartene
passage	pasaj
passed	vîyarte
passion	hewes
passionate	hewesdar
passive	pasîf
password	şîfre
past	vîyarte
patch	pîne
path	rêçe
pathetic	perîşan
patience	sebir
patient	bisebr
patient	nêweş
pattern	desen
pause	mabên
pavement	peyerayîr
pay	heq dayene
payment	heqdayîş
peace	aştî
peaceful	aştîwaz
peach	şeftalîye
peak	tîtik
pear	murîye
peas	nuke
peculiar	xas
pee	mîze
pee	mîze kerdene
peel	serde kerdene
peer	duşt
peers	hemendamî
pen	qeleme
pencil	qeleme
pending	paweno
people	merdimî
pepper	îsot
perceive	fehm kerdene
perception	feraset
perfect	bêqusur
perform	ca ardene
performance	performans
perhaps	beno ke
period	serdem
permanent	timkî
permission	destûr
permit	destûr
permit	destûr dayene
perseverance	tebat
persistent	israrker
person	merdim
personal	şexsî
personality	şexsîyet
perspective	hoke
persuade	îqna kerdene
pervert	xirabkar
pet	heywanê keyeyî
phase	cumle
phenomenon	fenomen
philosophy	felsefe
phone	telefon kerdene
phone	telefon
photo	fotograf
phrase	îfade
physical	fîzîkî
pick	weçînitene
pick up	arê dayene
pick up	bi erebe girewtene
picture	resim
piece	parçe
pieces	parçeyî
pig	xoz
pigeon	borane
pile	lode
pillow	balişna
pilot	pîlot
pin	reptîya
pineapple	ananase
pink	pembe
pit	bîr
pitch	war
pity	heyf
place	ca
place	bi ca kerdene
places	cayî
plague	bela
plain	deşte
plan	plan
plan	plan kerdene
plane	teyara
plant	ronayene
plants	nebatî
plate	tebaxe
platform	platform
play	kay
play	kay kerdene
playing	kaykerdiş
pleasant	weş
please	kerem kerdene
please	keremê xo ra
pleased	keyfweş
pleasure	keyfweşîye
pledge	wad kerdene
plenty	keremat
plot	dek û dolab
plug	qapax
plum	alunça
plumber	tesîsatkarê awe
plural	zafhûmar
podcast	podcast
poem	şîîre
poetry	şîîrî
point	nuqte
poison	jehr
police	polîs
policy	polîtîka
polite	kîbar
pollution	gemarinîye
pond	hope
pool	hope
poop	gî kerdene
poor	feqîr
pop	pop
popular	populer
population	nufus
pork	goştê xozî
porridge	lepe
port	lîman
port	port
position	pozîsyon
positive	pozîtîf
possess	wayîr bîyene
possession	mal
possessive	wayîrîye
possible	mumkin
post	erşawitene
post	poste
postpone	peyde eştene
potato	kartole
potential	potansîyel
pound	pound
poverty	xizanîye
power	hêz
powerful	hêzdar
practical	pratîk
practice	pratîk
practice	pratîk kerdene
praise	goynayene
prank	heneke
pray	dua kerdene
precious	qîymetin
precise	tam
precisely	tam
predict	vervînîye kerdene
prefer	tercîh kerdene
preference	tercîh
pregnant	diganî
prejudice	verhukm
premises	warê sazgehî
premium	prim
preparation	amadekarîye
prepare	amade kerdene
prepared	hazir
preposition	veredat
presence	estbîyayîş
present	demo nikayin
present	hazir
present	xelate
presentation	pêşkêş
preserve	pawitene
president	serek
press	çap kerdene
press	çapemenîye
pressure	tezyîq
pretend	rol kay kerdene
pretty	semt
pretty	xeylê
prevent	vernî girewtene
previous	verên
prey	nêçîr
price	vaya
pride	serberzîye
priest	keşîş
primary	verên
prime	serek
princess	prensese
principal	sereke
prior	verên
priority	vernîyîye
prison	hepisxane
privacy	nimiteyîye
private	şexsî
privilege	îmtîyaz
prize	xelate
probably	îhtîmalen
problem	problem
procedure	prosedur
proceed	radayene
process	dewam kerdene
process	proses
produce	afirnayene
product	berhem
production	viraştiş
profession	meslek
professional	profesyonel
profile	profîl
profit	kar
profound	xorîn
progress	aver şîyayene
progress	averşîyayîş
project	proje
prominent	nandar
promise	wad kerdene
promise	wad
promote	teşwîq kerdene
promotion	teşwîq kerdene
prompt	waştiş
prompt	lezabez
prone	meyîldar
pronouns	zamîrî
pronunciation	telafuz
proof	delîl
proper	raşt
properly	raşt û rind
properties	taybetmendî
property	mal û milk
proposal	pêşnîyaze
prospect	hêvî
prospect	ewnîyayîş
prosperity	dewletîye
prosperous	zengîn
protect	seveknayene
proud	sereberz
prove	îsbat kerdene
provide	peyda kerdene
provided	bi şertê
province	qeza
provision	zad
puberty	balixîye
public	pêroyî
pull	antene
pumpkin	kundir
punctual	deqîq
pupil	wendekar
purchase	hêrînayene
pure	zelal
purple	menewşî
purpose	armanc
purse	cizdan
pursue	taqîb kerdene
pursuit	taqîb kerdene
push	tehn dayene
put	ronayene
put	cikerdene
qualification	senînîye
qualification	kalîfîkasyon
quality	senînîye
quantity	mîqdar
quarantine	karantîna
quarrel	werê nayene
quarrel	werênayîş
quarter	çarîge
Quechua	Qeçua
queen	qiralîça
queer	hemcînsger
query	persayene
question	perse
queue	rêze kewtene
queue	rêze
quick	lez
quickly	bilez
quiet	bêveng
quilt	orxan
quit	ca verdayene
quite	xeylê
quiz	ezmûn
quotation	neql
quote	neql kerdene
quote	neql
quotes	neqlî
rabbit	harguşe
race	musabeqa
race	nîjad
rage	hêrs
rain	varan
raise	zêdîyayîş
raise	resnayene
raised	resnaye
ran	vaşt
random	tesadufî
range	silsile
rapid	lez
rapidly	lez
rare	nadîr
rarely	nadîr
rash	germij
rat	merre
rate	nîsbet
rather	hîna zaf
ratio	rêje
rational	bimantiq
raw	kal
re	reyna
reach	reştene
reached	resaye
reaction	reaksîyon
read	wendene
reading	wendiş
ready	amade
real	raştkên
reality	raştîye
realize	pê hesîyayene
realized	temamkerde
really	raştiko
rear	resnayene
reason	sebeb
reasonable	bimantiq
recall	ardene xo vîr
receipt	fîşe
receive	girewtene
received	resa dest
recent	peyên
recently	na peydo
reception	resepsîyon
recipe	terîfê werdî
reckless	bêperwa
recognition	naskerdiş
recognize	nas kerdene
recommend	tewsîye kerdene
recommended	pêşnîyazkerde
record	qeyd kerdene
record	qeyd
recover	weş bîyene
recovery	reyayîş
recovery	weşbîyayîş
rectangle	çargoşe
red	sûr
redeem	raxelişnayene
redeem	dayene
redemption	îtfa
reduce	kêmî kerdene
redundant	bêluzim
refer	etif kerdene
reference	referans
reflect	olan dayene
reflection	refleksîyon
refrain	neqeret
refrain	apey vindetene
refrigerator	dolaba cemedî
refund	heqê ci apey dayene
refuse	red kerdene
refused	betalkerde
regard	rêz û silam
regarding	derheqê
regardless	bê ke
regards	silamî
region	herême
register	qeyd bîyene
regret	poşman bîyene
regular	biserûber
regularly	biserûber
reject	red kerdene
relate	qisey kerdene
related	eleqedar
relationship	têkilîye
relative	nisbî
relative	merdim
relatives	merdimî
relax	boya xo dayene
release	raverdayîş
release	raverdayene
released	azadkerde
relevant	eleqedar
reliable	biîtîbar
relief	rehet kerdene
relieve	rehet bîyene
relieved	rehet
religion	dîn
religious	dînî
reluctant	bêzerrî
rely	bawer bîyene
remain	mendene
remaining	mendene
remarkable	balkêş
remedy	derman
remember	xo vîr ameyene
remind	xo vîr ardene
reminder	vîrardox
remote	dûrî
remove	wedaritene
render	cenayene
render	viraştene
render	çarnayene
rent	kîra kerdene
repair	tamîr kerdene
repeat	tekrar kerdene
replace	avurnayene
reply	cewab dayene
reply	cewab
report	rapor
report	rapor kerdene
represent	temsîl kerdene
reputation	şohret
request	waştiş
request	rica kerdene
require	hewce kerdene
required	hewce
rescue	raxelisnayene
research	cigêrayîş
resemble	ro mendene
resentment	kîn
reservation	caabirnayîş
reserve	abirnayene
resident	roniştox
resign	îstîfa kerdene
resilience	deyax
resilient	pêt
resist	xo ver o dayene
resistance	xoverrodayîş
resolution	çareserîye
resolution	zelalîye
resolve	çareser kerdene
resort	tehtîlgeh
resources	çimeyî
respect	hurmet kerdene
respect	hurmet
respond	cewab dayene
response	cewab
responsibility	berpirsîyarîye
responsible	berpirsîyar
rest	aresîyayene
rest in peace	ruhê ci şad bo
restaurant	restoran
restore	restore kerdene
restrict	sînor kerdene
result	netîce
results	netîceyî
resume	dewam kerdene
retail	perakende
retain	muhafeze kerdene
retain	ramitene
retention	tepîştiş
retired	teqawut
retreat	xo peyser antene
retrieve	peyser girewtene
return	peyser dayene
return	agêrayene
return	ameye
reveal	eşkera kerdene
revealed	eşkera
revenge	heyf
revenue	qezenc
reverse	tînapeykî
review	çimçarnayîş
review	çim çarnayene
revise	çim pira çarnayene
revision	çimçarnayîş
revolution	şoreş
reward	xelat dayene
rhythm	rîtîm
rib	parsû
rice	birinc
rich	dewlemend
rid	qewirnayene
ride	ciniştene
ride	ciniştiş
ridiculous	mesxere
right	raştîye
right	raşt
right now	anika
rigid	terrik
ring	engiştane
rinse	tira çarnayene
riot	serewedaritiş
rip	dirate
rip	dirnayene
ripe	resaye
rise	berz bîyene
rise	berzbîyayîş
risk	rîsk bîyene
risk	rîsk
rival	reqib
river	çem
road	rayîr
roast	sûr kerdene
robust	zixm
rock	kerre
rod	uşîre
role	rol
roll	gindir kerdene
roll	gindir bîyene
roof	serban
room	oda
root	ristim
rope	resen
rotten	poyaye
rough	xirtikin
roughly	qebe
roughly	teqrîben
round	gilover
route	xeta şîyayîşî
routine	rutîn
row	rêze
rub	pira kerdene
rubber	pakker
rubbish	çop
rude	çors
rug	xalîçe
ruin	maf kerdene
rule	qayde
ruler	cetwel
ruler	hukimdar
rules	qeydeyî
run	vazdayene
running	vazdano
rural	neşaristanî
rush	lerze kerdene
rush	lerze
sack	turik
sacred	bimbarek
sacrifice	qurban kerdene
safe	biasayîş
safe flight	firayîşo ewledar
safety	asayîş
sage	budela
said	vat
sail	vaverik
sailing	sporê vaverikî
sake	xatir
salary	meaş
sale	rotiş
salmon	somon
salt	sole
same	eynî
Same here	Tîya zî
sample	nimûne
sand	qum
Sanskrit	Sanskrîtkî
sarcastic	sarkastîk
sassy	kustex
sat	ronişt
satisfaction	tetmîn
satisfied	memnun
satisfy	razî kerdene
satisfying	tetmînkar
Saturday	Şeme
sausage	sosîs
savage	wehşî
save	seveknayene
saw	dî
say	vatene
scale	sentene
scam	dek û dolab
scar	rêçe
scarce	nadîr
scared	tersaye
scarf	milpêşe
scary	tersnak
scattered	vilabîyaye
scene	sehne
scenery	manzara
scent	boye
schedule	program
schedule	plan kerdene
school	mekteb
science	îlm
scientist	zanyar
scientists	zanyarî
scissors	meqes
scold	pede vajîyayene
scope	war
score	gol eştene
scrap	xurde
scratch	kinitene
scream	qîrayene
screen	ekran
screw	vîda
script	destnuşte
sea	derya
seal	mor
search	ro ci gêrayene
season	demserre
seat	qoltuxe
second	dîyin
secret	sirr
section	beş
secure	emîn
security	asayîş
see	dîyene
see you	pê vînenîme
see you later	pê vînenîme
see you soon	pê vînenîme
see you tomorrow	ez to meşe vînena
seed	toxum
seek	ro ci gêrayene
seem	asayene
seems	aseno
seen	dîyaye
seize	îşgal kerdene
seize	dest eştene ser
seizure	felç
seizure	destsernayîş
seldom	zaf kêmî
select	vijnayene
self	xo
self healing	xoweşkerdox
selfish	ezez
sell	rotene
send	erşawitene
send me your picture	resimê xo mi rê birusne
senior	pîl
sense	hîs
sensible	mentiqin
sensitive	hesas
sent	erşawîya
sentence	cumle
sentences	cumleyî
separate	cîya
Sepedi	Sepedî
september	êlule
sequence	rêze
series	rêzefîlm
serious	cidî
seriously	cîdî
serve	îkram kerdene
serve	xizmet kerdene
service	xizmet
session	roniştiş
set	saz kerdene
set	taxim
set up	saz kerdene
setting	eyar
settle	bi ca bîyene
seven	hewt
seventeen	hewtês
seventy	hewtay
several	çend
severe	giran
sew	deştene
shade	sîye
shadow	sîye
shake	raşanayene
shallow	tenik
shame	şerm
shape	şekil
share	pare kerdene
sharp	tuj
she	a
she has	aye de est o
she is	a ya
shed	rişnayene
sheep	mîye
sheet	çarşefe
shelf	ref
shell	qaşik
shelter	sitare
shield	mertal
shift	nobe
shine	beriqîyayene
ship	keştîye
shipping	kargo
shirt	îşlîge
shoes	solî
shoot	pana
shop	dikan
shopping	axsate
shore	qerax
short	kilm
shortage	kêmasîye
shot	panayene
shot	panayîş
shoulder	doşe
shout	zirçayene
show	musnayene
show	şow
show me	mi rê binawne
shower	duş
shrimp	karîdes
shrink	kilm antene
shut	girewtene
shut up	huş
shy	şermokin
sibling	way û bira
siblings	way û birayî
sick	nêweş
side	het
sigh	ax
sight	dîmen
sightseeing	manzara
sign	îşaret
signature	îmza
significant	zaf muhîm
silence	bêvengîye
silent	bêveng
silk	birîsim
silly	gêj
silver	sêm
similar	sey
simp	ehmaq
simple	basît
simultaneously	hemdemkî
since	ra nat
sincere	zerrîpak
sincerely	zerrî ra
sing	kilame vatene
singer	deyîrbaz
single	azeb
sink	binê awe şîyene
sink	binê awe şîyayîş
Sir	Beg
sister	waye
sister in law	veyve
sit	ronîştene
site	sîte
situation	rewşe
six	şeş
sixteen	şîyês
sixty	seştî
size	girsîye
skill	qabîlîyet
skills	qabîlîyetî
skin	çerme
skinny	zar
skip	ravîyartene
skirt	eteg
sky	asmên
slave	kole
sleep	rakewtene
sleeping	rakewtiş
sleepy	bêhewn
sleeve	astî
slice	lete kerdene
slice	lete
slide	şemitene
slightly	sivikek
slim	barî
slip	şemitîyayene
slope	kaş
slot	ca
slot	lane
slow	hêdî
slowly	hêdî-hêdî
small	qijkek
smart	biaqil
smell	boye dayene
smile	beşirîyayene
smile	beşirîyayîş
smoke	dû
smooth	bêxirtik
snack	werdo sivik
snail	şeytanok
snake	mar
snap	cira kerdene
snow	vewre
so	wina
so cute	çiqas şîrin
so far	heta nika
soak	hît kerdene
soap	sabun
sober	hişyar
soccer	gudlinge
social	komelkî
society	komel
socks	puçî
soft	nerm
software	çîynermê komputure
soil	herre
sold	roşîya
sold out	temamen rote
soldier	leşker
sole	binpa
solid	pêt
solution	çareserîye
solve	çareser kerdene
some	tayê
somebody	kes
somehow	bi yew hewa
someone	kesêk
something	çîyêk
sometimes	ge-ge
song	deyîre
soon	demêde nêzdî de
sophisticated	têmîyankewte
Sorani	Sorankî
sore	dej
sore	bidej
sore throat	qirikdej
sorrow	huzn
Sorry	Qusurî ra meewnî
sort	tewir
sought	ro gêra
soul	ruh
soulmate	hemruh
sound	veng
soup	şorbike
sour	tirş
source	çime
south	başûr
space	feza
space	ca
spam	spam
span	dergîye
span	mudet
Spanish	Spankî
spare	bexşnayene
spare	cagir
speak	qisey kerdene
special	taybet
species	tewirî
specific	taybet
spectacular	muhteşem
speech	qiseykerdiş
speechless	bêziwan
speed	lezîye
spell	herf bi herfe vatene
spend	xerc kerd
spent	xerckerde
spicy	tuj
spike	pîj
spin	çarnayene
spinach	îspenax
spirit	ruh
spit	tu kerdene
splendid	harîja
split	parçe
split	parçe kerdene
spoil	herimnayene
spoiled	rîgirewte
spontaneous	spontane
spoon	koçike
spot	nuqta
spouse	mulxit
spread	pişqitene
spring	çime
spring	wisar
square	kare
squeeze	pelixnayene
squid	kalamar
squirrel	simore
st	ç.
stab	kardî kerdene
stable	stabîl
stack	lodike
staff	xebatkarî
stage	sehne
stain	leke
stairs	nêrdîwanî
stake	pîj
stake	rîsk
stalk	taqîb kerdene
stall	axur
stamp	damxe
stamp	pul
stand	pay ra vindetene
stand	stand
standard	standard
star	estare
start	dest pêkerdene
started	dest pêkerd
starving	gestemerde
state	îfade kerdene
state	rewşe
statement	beyan
station	dinge
statue	heykel
status	statu
stay	mendene
stay	mendiş
stay safe	qayîtê xo ke
steady	biîstiqrar
steak	bîftek
steal	tirawitene
steam	bux
steel	polat
steep	tîk
stem	kok
step	game
stick	zeliqnayene
stiff	huşk
still	hîna
still	sakîn
sting	pede dayene
stingy	tamakar
stir	têv dayene
stock	hîse
stolen	tirawite
stomach	pîze
stone	kemere
stood	vindete
stool	tabura
stop	vindetene
storage	embar
store	pêser kerdene
storm	puk
story	çîroke
stove	ocaxe
straight	raşteraşt
straightforward	raşteraşt
strain	tengijîyayene
strange	temaşe
stranger	xerîb
strategy	stratejîye
straw	pîpet
strawberry	çîlege
streak	serî
streak	rêçe
stream	herik
street	kuçe
strength	hêz
stress	stres
stretch	derg kerdene
strict	pêt
strike	piro dayene
string	la
strip	xo rut kerdene
strive	cehd kerdene
stroke	felc
strong	hêzdar
struck	tengekewte
structure	dêsman
struggle	mucadele
struggle	mucadele kerdene
struggling	cehd keno
stubborn	serehuşk
stuck	tenganîyekewte
student	wendekar
study	wendiş
study	wendene
studying	wendiş
stuff	kar û gure
stunning	cazîbedar
stupid	gêj
style	terz
subject	babete
submission	pêşnîyaze, pêşkêş, vileçewtîye
submit	cirusnayene
substance	made
substitute	cagir
subtle	narîn
succeed	ser kewtene
success	serkewtiş
successful	serkewte
such	winasî
such as	sey
suck	lîtene
sudden	xafil de
suddenly	xafil de
suffer	dej antene
suffering	cewr
sufficient	bes
sugar	şeker
suggest	pêşnîyaz kerdene
suggestion	pêşnîyaze
suit	ro ci ameyene
suit	qatlix
suitable	munasib
suitcase	valîze
sum	kome
summary	kilmnus
summer	hamnan
summit	gil
sun	roj
sun	tîje
sunday	yewşeme
sunny	tîje
sunset	koroşîyayîşê tîje
sunshine	tîje
super	super
superior	rindêr
superior	serek
supervisor	teftîşker
supper	şamî
supply	tedarik
supply	tedarik kerdene
support	paştî dayene
support	paştîdayîş
suppose	bawer kerdene
supposed	ferzkerde
sure	emîn
surface	rîverîye
surge	zêdîyayene
surgery	emelîyet
surname	peyname
surprise	surprîz
surprised	surprîzbîyaye
surrender	teslîm bîyene
surrounding	dorme de
surveillance	nezaret
survey	cigêrayîş
survey	cigêrayîş kerdene
survive	weş mendene
suspect	verguman
suspect	guman kerdene
suspended	vindarnaye
suspicious	gumandar
sustain	domnayene
sustainability	dewambarîye
sustainable	dewambar
swag	talan
swallow	raqulotnayene
swap	pêvurîn
swear	sond werdene
sweat	ereq dayene
sweater	fanîla
sweep	derutene
sweet	şîrin
sweet dreams	şewa to sivike bo
sweet tooth	şîranîhes
sweetheart	waştîye
swell	masayene
swelling	masayîş
swim	asnawe kerdene
swimming	ajnekerdiş
swing	hêlaneke
swing	raşanayene
switch	ravurnayene
switch	ravurnayîş
swollen	masaye
sword	şimşêr
symbol	nîşan
sympathy	sempatî
symptoms	nîşaneyî
system	pergale
table	masa
tackle	mucadele kerdene
tag	etîket kerdene
tail	doçik
take	girewtene
take away	berdene
take care	qayîtê xo be
take off	vetene
taken	gêrîya
talk	qisey kerdene
talk	qiseykerdiş
talkative	fekbaz
tall	derg
tap	çirre
tap	tiknayene
tape	qeyd kerdene
tape	qeyd
target	hedef
target	hedef kerdene
task	wezîfe
taste	tehm
taste	tehm kerdene
tasty	tehmweş
taught	ame musnayene
tea	çay
teach	musnayene
teacher	mamosta
team	taxim
tear	hesire
tears	hesirî
tease	pê tinaz kerdene
technology	teknolojî
teeth	didanî
tell	vatene
tell me	mi ra vaje
temper	cigir
temperature	germîye
temple	îbadetxane
temple	qaşik
temporary	demkî
ten	des hezar
ten thousand	des hezar
tenant	kîradar
tend	meyl kerdene
tendency	meyl
tender	pixok
tense	dem
tension	nerehetîye
tent	çadire
tentative	neqetî
term	termîn
terms	termî
terms	şertî
terrible	berbad
terrific	harîka
territory	herême
test	ezmûn kerdene
test	ezmûn
text	metn
than	ra
thank	sipas
thank you	weş be
Thank you for your patience while we investigate shipment	keremê xo ra sebir bike
Thank you for your patience while we investigate shipment	Ma ro kargoyî gêrenîme
thank you so much	zaf sipas
thank you very much	zaf sipas to rê
thanks	sipas
Thanks for using our app	Seba ke appê ma xebitna, weş be
that	o
that is	yanî
that's good	no rind o
theft	tirawitiş
their	yê înan
them	înan
theme	babete
themselves	bi xo
then	o wext
theory	teorî
there	uca
there are	est ê
there is	est o
therefore	coka
these	nê
they	ê
they are	ê yê
thick	qalind
thief	dizd
thigh	çîp
thin	barî
thing	çî
things	çî-mî
think	fikirîyayene
third	hîrêyin
thirsty	têşan
thirteen	hîrês
thirty	hîris
this	no
this is	no yo
thorough	tîtîz
thoroughly	temamen
thoroughly	dergûdila
those	ê
though	herçiqas
thought	fikirîyayene
thought	fikr
thoughtful	fehmdar
thoughts	fikrî
thousand	hezar
thread	tehdîd
thread	la
threat	tehluke
threaten	tehdîd kerdene
three	hîrê
threshold	şêmûge
thrilled	heyecandar
thrive	aver şîyene
throat	qirike
through	pê
throughout	seranser
throw	eştene
thumb	bêçika pîle
thunder	gurrayîşê hewran
Thursday	Pancşeme
thus	coka
tick	nîşan
tick	tiknayene
tide	meddûcezîr
tidy	biserûber
tie	girê dayene
tie	kravate
tiger	piling
tight	teng
Tigrinya	Tîgrînya
time	dem
timid	şermokin
tiny	hurdîkek
tip	sere
tip	îma
tips	îmayî
tips	bexşîşî
tire	goger
tired	qefelîyaye
tissue	qumaş
tissue	destmale
title	sernuşte
to be	bîyene
toast	tost
today	ewro
toddler	tute
toes	bêçikê lingan
together	pîya
toilet	destawxane
told	vat
tolerance	tolerans
tolerate	tehemul kerdene
tomato	tomatêse
tomorrow	meşte
tongue	ziwan
tonight	emşo
too	zî
took	girewt
tool	hacete
tools	hacetî
tooth	didan
top	ser
topic	babete
torn	dirîyaye
torture	îşkence
total	pêro pîya
touch	dest pira nayene
tough	pêt
tough	çetin
tour	tur
toward	ver bi
towards	ver bi
towel	xewlîye
town	bajar
toxic	toksîk
trace	rêçe
track	kamyone
trade	bazirganîye kerdene
trade	bazirganîye
tradition	tradîsyon
traditional	urf û adetî
traffic	trafîk
trail	taqîb kerdene
trail	rêçe
train	trêne
training	temrînkerdiş
trait	taybetî
traits	xususîyetî
transfer	transfer
transition	vîyartiş
transition	vurîyayîş
translate	çarnayene
transparent	transparan
transport	neql kerdene
transportation	neqlîye
trap	dame
trash	qirş
trauma	trawna
travel	raywanîye kerdene
tray	tepsî
treasure	xezîne
treat	muamele kerdene
treatment	muamele
tree	dare
tremendous	zaf girs
trend	moda
trial	ceribnayîş
trick	hîle
tried	ceribnaye
trigger	sebeb bîyene
trigger	linga tifingî
trim	qesnayene
trip	raywanîye
trouble	bela
trousers	pantolî
truck	kamyone
true	raşt
trunk	bagaj
trust	îtîbar ardene
trust	îtîbar
truth	raştîye
try	ceribnayene
Tsonga	Tsonga
tube	lulî
Tuesday	Sêşeme
tuition	xercê mektebî
turkey	kerga şamî
turmeric	zerdeçal
turn	dore
turtle	kesa
tutor	malimo taybetî
twelve	diwês
twenty	vîst
twenty-one	vîst û yew
Twi	Twî
twice	di reyî
twist	deardiş
two	di
type	tewir
typical	tîpîk
ugly	qefçil
ultimate	tewr peyên
umbrella	sîwane
unable	nêşeno
uncle	ap
unconscious	bêhiş
under	bin de
underneath	bin de
underrated	şenikkerde
understand	fehm kerdene
understood	fehm kerd
unfortunately	çi heyf ke
uniform	unîforma
unique	yewek
unit	unîte
university	unîversîte
unknown	nêzanaye
unless	oxro ke
until	heta
unusual	îstîsnayî
up	veracor
up to you	ti zanî
update	aktuelkerdiş
update	aktuel kerdene
upgrade	başêrkerdiş
upgrade	başêr kerdene
upon	ser o
upset	xemgîn
urban	şaristanî
urge	zor dayene
urge	hewes
urgent	lezabez
us	ma
use	xebitnayîş
use	xebitnayene
used	xebitnaye
used	musaye
useful	feydedar
useless	bêfeyde
usual	normal
usually	normal de
utility	havildarîye
vacation	betlane
vaccination	vaksîn
vaccine	derzîne
vacuum	sipitene
vague	nezelal
valid	vîyartbar
valley	newale
valuable	erjaye
value	erje
value	erjnayene
variety	tewir
various	tewir-tewir
vary	vurîyayene
vase	vazo
vast	girs
vegetable	tarrûtur
vegetables	sebzeyî
vehicle	wesyît
vendor	rotox
venom	jehr
venture	teşebus
venue	cayê hedîseyî
verify	tesdîq kerdene
versatile	zafhetin
version	versîyon
vertical	tîkane
very	zaf
very good	zaf weş
vessel	keştîye
via	pê
vibe	enerjî
vibes	enerjî
vicious	zerardar
vicious	nîyetxirab
victim	mexdur
video	vîdeo
view	menzere
village	dewe
villain	xayîn
villain	xirab
vinegar	sîrke
vintage	kan
violence	şîdet
violent	bişîdet
viral	vîral
virgin	bakîre
virtual	vîrtuel
virtue	fezîlet
vision	vîn
visit	şîyene dîyarî
visit	zîyaret
visual	dîyayîşkî
vital	heyatî
vivid	ganî
vocabulary	xezîna çekuyan
voice	veng
void	vengane
volume	hecm
volume	berzîya vengî
volunteer	zerrîwaz
vomit	viritene
vulnerable	hesas
wage	destmiz
wages	meaşî
waist	mîyane
wait	pîtene
waiter	garson
waiting	pîtiş
wake	hişyar
wake up	hişyar bîyene
walk	rayraşîyayîş
walk	raye ra şîyene
walking	şîyayox
wall	dês
wallet	cizdan
wander	fetilîyayene
want	waştene
wanted	waşte
war	ceng
wardrobe	dolaba kincan
warehouse	embar
warm	germ kerdene
warm	germ
warn	baldar kerdene
warning	îxtar
warrior	lejker
was	bî
wash	şutene
waste	îsraf kerdene
waste	îsraf
watch	temaşe kerdene
watch	saete
water	awe
watermelon	zebeşe
wave	pêl
way	rayîr
we	ma
we are	ma yîme
we can	ma eşkenîme
weak	bêhêz
weakness	bêhêzîye
wealth	dewlemendîye
wealthy	dewletî
wear	pira girewtene
wearing	pay keno
weather	hewa
wedding	veyve
Wednesday	Çarşeme
weed	gonce
week	hewte
weekend	peynîya hewteyî
weight	giranîye
weight	bar pira kerdene
weird	terre-turre
welcome	çiman ser
welcome	ti bixeyr ameyî
welfare	bextewarîye
Well	Yanî
well done	aferîn
went	şî
were	bîyî
west	rojawan
wet	hît
whale	balîna
what	çi
what about you	ma ti
what are you doing	ti se kenî
what are you doing now	ti nika se kenî
what are you doing right now	ti nika se kenî
what do you do	ti se kenî
what do you do for a living	ti çi kar kena
what do you mean	qesdê to çi yo
what do you want	ti çi wazenî
what happened	se bî
what is	çi yo
what is this	no çi yo
what is your job	karê to çi yo?
what is your name	nameyê to çi yo
what's up	çi çin o
what's up	çi est o
what's your name	nameyê to çi yo
whatever	çi beno wa bibo
whatever	her çi
wheat	genim
wheel	goger
when	key
whenever	çi wext ke
where	kotî
where are you	ti kotî yî
where are you from	ti kotî ra yî
where are you now	ti nika kotî der a
where do you live	ti kotî de ciwîyena
where is	kotî yo
whereas	ti nêvanê ke
whether	eke
which	kamcîn
while	wexto ke
whisper	pispisnayene
whistle	fîtnayene
white	sipî
who	kam
who are you	ti kam î
who is	kam o
who is this	no kam o
whole	pêro
whom	kamî
whose	yê kamî
why	çira
why not	çira ney
wicked	xirabin
wide	hîra
widow	vîyaye
width	hîrayîye
wife	cinî
wild	kovî
will	waştene
will	îrade
willing	zerrîwaz
win	qezenc kerdene
wind	va
window	pencera
windy	va
wine	şerab
winter	zimistan
wipe	esteritene
wire	têl
wisdom	aqildarîye
wise	aqildar
wish	hêvîye
wish	hêvî kerdene
wish you all the best	her çîyê to bixeyr bo
witch	cazuye
with	bi
withdraw	weancîyayene
withdrawal	peyserantiş
within	zere de
without	bê
witness	şahîd bîyene
witness	şahîd
witty	hazircewab
wolf	verg
woman	cinî
women	cinîkî
won	qezenc kerdene
wonder	meraq kerdene
wonderful	zaf weş
wood	texte
wool	pirç
word	çekuye
words	çekuyî
work	kar kerdene
work	kar
work out	antreman kerdene
working	gureyeno
world	dinya
worm	kerm
worn	werîyaye
worried	biqesawet
worry	efkar kerdene
worse	xirabêr
worship	îbadet kerdene
worst	tewr xirabin
worth	erje
worth it	erjeno
worthy	biqîymet
wound	birîne
Wow	Waw
wrap	pîştene
wrath	xezeb
wrist	zende
write	nuştene
Write here	Tîya binuse
writing	nuşte
writing	nuseno
written	nuşte
wrong	xelet
wrote	nuşt
yard	hewşe
yawn	bawişke
yawn	bawişkanê xo weardene
Yeah	Ya
year	serre
years	serrî
yeast	mîraz
yeast	amên
yell	zirçayene
yellow	zerd
Yes	Heya
yes baby	heya lê
yes dear	heya heyran
yes honey	heya caniko
yes my love	heya delala mi
yes of course	heya tabî
yesterday	vizêr
yet	hema
yield	ber dayene
you	ti
you are	ti ya
you are beautiful	ti rindek a
you are so beautiful	ti zaf rindek a
you are welcome	çiman ser
you can	ti eşkena
You know	Ti zana
you too	ti zî
you're welcome	çiman ser
young	ciwan
your	yê to
your welcome	çiman ser
yourself	bi xo
youth	ciwanî
you’re welcome	çiman ser
yummy	weş
Zaza	Kirmanckî
Zaza	Dimilî
Zaza	Kirdkî
zero	sifir
