wan	a
lɛf	abandon
lɛf	abandoned
fala	abide
we a bin pikin	childhood
ebul	able
bɔt	about
ɔp	above
patrol	abroad
rili	absolutely
bɔku	abundance
bɔku	abundant
gri	accept
fɛn	access
aksidɛnt	accident
du	accomplish
akawnt	account
kɔrɛkt	accuracy
kɔrɛkt	accurate
pen	ache
mitɔp	achieve
no	acknowledge
kɔmpin	acquaintance
gɛt	acquire
gɛt	acquisition
krɔs	across
akt	act
du	action
wok	active
tin	activity
aktɔ	actor
rial	actual
rili	actually
siriɔs	acute
chenj	adapt
ad	add
ad	addition
ad	additional
adrɛs	address
nia	adjacent
gol	adjective
ajɔst	adjust
kɔle	admire
fayn	adorable
bɛnifit	advantage
de advatayz	advertising
dɔn advays	recommended
travul	adventure
advab	adverb
advatayz	advertisement
advays	advice
advays	advise
sɔpɔt	advocate
fayn	aesthetic
biznɛs	affair
afɛkt	affect
lɛk	affection
fred	afraid
gud aftanun	good afternoon
afta	after
aftanun	afternoon
afta	afterwards
igen	again
agens	against
ej	age
ɔfis	agency
maneja	agent
vɛks	aggressive
trade	ago
gri	agree
agrimɛnt	agreement
bifo	ahead
ɛp	aid
plan	aim
briz	air
iapɔt	airport
layn	aisle
dɔn aks	asked
de aks	demanding
bin aks	sought
wɔnin	alarm
ala ala	scream
dɔn alaw	allowed
fɔ alaw	tolerance
rum	alcohol
smɔl	a little
ɔl	all
gri	allow
lɛk	almost
wangren	alone
wit	along
bɔku	a lot
bɔku	a lot of
dɔn	already
gud	Alright
bak	also
ɔda	alternative
aw a luk	appearance
ɔltɛm	always
sɔprayz	amazing
mek am biliv	convince
win am	conquer
kɔrɛkt	amend
insay	amid
pan	among
ɔmɔs	amount
sɛn am	throw
fɔni	amusing
wan	an
chɛk	analysis
ankɔ	anchor
ol	ancient
ɛn	and
enjɛl	angel
vɛks	anger
say	angle
bad angri	famine
vɛks	angry
animal	animal
fut	ankle
anivasri	anniversary
anawns	announcement
mɔna	annoy
mɔna	annoyed
mɔna	annoying
ɔda	another
bɛlɛ an	palm
put an pan	involved
put an pan	participate
pul an pan	withdraw
ansa	answer
jɔyn an togɛda	cooperation
wɔri	anxiety
wɔri	anxious
ɛni	any
igen	anymore
ɛnibɔdi	anyone
ɛnitin	anything
stil	anyway
stil	anyways
pat	apart
ajɔynin	apartment
dɔn apin	happened
dɔn apin	occurred
jɔs apin	random
bin apin	struck
wetin apin	what happened
klia	apparent
bɛg	appeal
sho	appear
apul	apple
aplay	apply
mit	approach
fayn	appropriate
gri	approve
lɛkɛ	approximately
Epril	april
de	are
eria	area
agyu	argue
agyu	argument
kam	arise
an	arm
arawnd	around
arenj	arrange
arenj	arrangement
rich	arrival
rich	arrive
prawd	arrogant
aro	arrow
drɔin	art
atikul	article
as	as
ashis	ash
shem	ashamed
aks	ask
slip	asleep
wans	as long as
tin	aspect
Assamese	Assamese
trɛtin	assault
asɛmbli	assembly
chɛk	assess
chɛk	assessment
wok	assignment
ɛp	assist
ɛn	as well
bak	as well as
pwɛl at	depression
pe atɛnshɔn	absorb
pe atɛnshɔn	alert
put atɛnshɔn pan	concentrate
put atɛnshɔn pan	emphasize
pwɛl at	grief
spɔtman	athlete
lɛk	at least
jɔyn	attached
lɛk	attachment
atak	attack
tray	attempt
kam	attend
go	attendance
atɛnshɔn	attention
lɛk	attract
lɛk	attraction
fayn	attractive
kwaliti	attribute
ɔdiɛns	audience
Ɔgɔst	august
anti	aunt
anti	aunty
rial	authentic
pawa	authority
de	available
lɛk	average
avɔyd	avoid
fɔ avɔyd	resistance
wek	awake
prayz	award
no	aware
go	away
kushɛ, aw di bɔdi	hi how are you
wɔndaful	awesome
bad	awful
we aw pɔsin biev	reaction
we aw tin bi naw	situation
adu-o, aw yu de du	hello how are you
adu-o, aw yu de du	hello how are you doing
Grin aydia dɛn we nɔ gɛt kɔlɔ dɔn rili slip	colorless green ideas slept furiously
Aymara	Aymara
bebi	baby
bak	back
stori	background
bad	bad
gɛt bad abit	addicted
trit bad	abuse
nɔ bad	all right
fil bad bɔt	contempt
bad bad briz	storm
fil bad	disappointed
bad bad	horrible
fil bad	insecure
bad bad	nasty
nɔ bad	not bad
trit bad	savage
bad bad tin	disaster
bad bad tin	offensive
vɛks bad wan	furious
bag	bag
an bag	purse
bet	bait
bek	bake
mek bak	fix
go bak	follow up
mi bak	me too
tink bak	reflect
gi bak	refund
mek bak	repair
tɔk bak	repeat
briŋ bak	restore
stat bak	resume
go bak	retreat
go bak	return
tɔk bak	sassy
si bak	see you later
yu bak	you too
bɔl	ball
Bambara	Bambara
tumara bambay	future
banana	banana
band	band
nak	bang
bank	bank
ba	bar
bunya	bargain
bak	bark
bali	barley
bɔt	base
bay	based
men	basic
men	basically
pasmegi	basil
basta-dɔg	bastard
grup	batch
api batde	happy birthday
api batde to yu	happy birthday to you
was	bath
batrum	bathroom
batri	battery
fɛt	battle
waf	bay
de bay bay	shopping
dɔn bay	bought
mɛn bay insɛf	self healing
de baysikul	cycling
bi	be
bich	beach
shayn	beam
bia	bear
bia-bia	beard
animal	beast
bit	beat
fayn	beauty
oke bebi	okay baby
yɛs bebi	yes baby
bikɔs	because
bed	bed
bedrum	bedroom
bif	beef
bin	been
bia	beer
bifo	before
bigin	begin
bigin	beginning
fɔ	behalf
biev	behave
biev	behavior
biev	behaviour
biɛn	behind
biliv	belief
biliv	believe
bɛlɛ	belly
gɛt	belong
dɔŋ	below
bɛlt	belt
bɛnch	bench
bɛn	bend
ɔnda	beneath
bɛnifit	benefit
nia	beside
bɛst	best
bɛtɛ	better
bitwin	between
drink	beverage
sote	beyond
gɛt bɛlɛ	pregnant
bin bɛr	buried
dɔn bɛt	bit
mek bɛtɛ	enhance
Bhojpuri	Bhojpuri
de bia	bearing
dɔn bi	became
fɔ bi	become
ɔni bi	bee
fɔ bi	being
baysikul	bicycle
de biɛn	loyal
de biɛn	loyalty
de biɛn sɔntin	dedication
dis biɛn tɛm	lately
dis biɛn tɛm	recently
go bifo	advance
go bifo	advanced
go bifo	develop
go bifo	go ahead
go bifo	improvement
go bifo	progress
go bifo	promotion
go bifo	succeed
go bifo	success
go bifo	thrive
go bifo	upgrade
big	big
big big	enormous
big big	giant
big big	impressive
bayk	bike
de bil	building
dɔn bil	built
tay	bind
i bin	it was
a bin	I was
at bin rili pwɛl	depressed
bɔd	bird
batde	birthday
nɔ bisin bɔt	bored
bɛt	bite
bita	bitter
yu bizi	are you busy
bin bizi	occupied
mɔni biznɛs	economic
mɔni biznɛs	economy
skul biznɛs	education
mɔni biznɛs	finance
mɔni biznɛs	financial
padi biznɛs	friendship
du biznɛs	invest
wɛlbɔdi biznɛs	medical
padi biznɛs	relationship
mɔni biznɛs tranga	inflation
blak	black
nɛf	blade
blem	blame
ɛmti	blank
kɔba	blanket
sawnd	blast
blich	bleach
bin blem	accused
miks	blend
blɛs	bless
dɔn blɛs	blessed
Gɔd blɛs yu	god bless you
blayn	blind
ɛnjɔy	bliss
blɔk	block
blɔd	blood
gro	bloom
blo	blow
ays blɔk	hail
blu	blue
bod	board
bot	boat
blak bod	crow
bɔdi	body
bwɛl	boil
nia	bond
bon	bone
buk	book
ɛp	boost
maklɛt	booster
sus	boot
sus	boots
bɔda	border
dɔl	bore
gens	boring
bɔn	born
lɛnt	borrow
bɔs	boss
my bot dɔn ful-ɔp wit fish dɛn	My hovercraft is full of eels
ɔltu	both
ambɔg	bother
bɔtul	bottle
bɔtɔm	bottom
bawns	bounce
tay	bound
butu	bow
bol	bowl
bɔks	box
bɔy	boy
bɔyfrɛn	boyfriend
bɔg bɔg	insect
dɔti bɔks	dump
bɔku bɔku fayn tin dɛn fɔ yu	many many happy returns of the day
nɔ bɔku	fewer
bɔku bɔku pipul	crowd
bɔku bɔku pipul	crowded
tɔk bɔku	talkative
bɔku bɔku tɛnki	thank you very much
bisin bɔt	concerned
tink bɔt	consider
bisin bɔt	courtesy
tɔk bɔt	describe
tɔk bɔt	description
tɔk bɔt	discuss
tɔk bɔt	discussion
tink bɔt	focus
bisin bɔt	interested
fɔgɛt bɔt	neglect
tɔk bɔt	refer
tɔk bɔt	reference
las bɔt stil	last but not least
tink bɔt yusɛf nɔmɔ	selfish
breslɛt	bracelet
bren	brain
branch	branch
mak	brand
prɔblɛm	breach
bred	bread
pwɛl	break
brɛst	breast
blo	breathe
kip	breed
blɔk	brick
yawo	bride
brij	bridge
shɔt	brief
brayt	bright
brayt	brilliant
briŋ	bring
bro	bro
big	broad
TV	broadcast
dɔn brok	broken
brok	broke
brum	broom
brɔda	brother
brɔdaɛnlɔ	brother in law
brawn	brown
brɔsh	brush
bɔkɛt	bucket
padi	buddy
bɔg	bug
bil	build
mɔ	bulk
kaw	bull
buli	bully
bɔmp	bump
grup	bunch
pakɛj	bundle
lod	burden
bɔn	burn
bɔs	burst
bɛri	bury
bɔs	bus
bush	bush
biznɛs	business
arɛst	bust
bizi	busy
bɔt	but
bɔta	butter
bɔtaflay	butterfly
bɔtin	button
bay	buy
baybay	bye
ɛniwe	by the way
kabɛj	cabbage
fɛns	cage
kek	cake
kɔl	call
kolat	calm
kin	can
nɔ	Cancel
kansa	cancer
ebul	capable
kapital	capital
pikchɔ	caption
kech	capture
motoka	car
wok	career
kapɛnta	carpenter
kapɛt	carpet
karɔt	carrot
kɛr	carry
kɔntinyu	carry on
du	carry out
kes	case
kɔpɔ	cash
plasta	cast
kastɛl	castle
rilaks	casual
pus	cat
kech	catch
kayn	category
mek	cause
kɛlɛkɛlɛ	caution
kɛlɛkɛlɛ	cautious
kev	cave
stɔp	cease
silin	ceiling
sɛlibret	celebrate
sɛl	cell
sɛnta	center
pap	cereal
sɛrimɔni	ceremony
shɔ	certain
pepa	certificate
chen	chain
chia	chair
chans	chance
chenj	change
plabah	chaos
karakta	character
karakta	characteristics
chaj	charge
ɛp	charity
bɔks	chart
rɔnata	chase
chat	chat
rog	cheat
chɛk	check
jɔ	cheek
gladi	cheer
gladi	cheerful
chiz	cheese
kɛmistri	chemistry
valyu	cherish
chɛs	chess
chɛst	chest
cham	chew
sɛti chia	couch
fɔl	chicken
chif	chief
pikin	child
kol	chill
chin	chin
chɔklɛt	chocolate
disayd	choice
pik	choose
kɔt	chop
bɔmp	chubby
chɔch	church
sinamum	cinnamon
sakul	circle
sitizin	citizen
siti	city
se	claim
klas	class
kle	clay
klin	clean
klia	clear
wokman	clerk
sɛns	clever
kɔstɔma	client
mawnten	cliff
wɛda	climate
klem	climb
klok	clock
tayt	close
klɔsɛt	closet
klos	cloth
klos	clothes
klawd	cloud
klawd	cloudy
klawn	clown
ɛp	clue
grup	cluster
koch	coach
chakol	coal
kost	coast
kot	coat
kɔfi	coffee
tink	cognitive
chans	coincidence
kol	cold
fɔdɔm	collapse
kɔla	collar
kɔmpin	colleague
gɛda	collect
kɔlɛj	college
kɔlɔ	color
kɔlɔ	colour
pila	column
kom	comb
togɛda	combination
kam	come
ɛnkɔrej	comfort
tɛl	command
kɔmɛnt	comment
biznɛs	commercial
wok	commission
du	commit
tin	commodity
kɔmɔn	common
tɔk	communicate
tɔk	communication
travul	commute
kɔmpin	companion
kɔmni	company
kɔmpia	compare
kɔmpia	comparison
sɔri-at	compassion
sɔri-at	compassionate
gri	compatible
kɔmpitishɔn	compete
kɔmpitishɔn	competition
kɔmpitishɔn	competitive
kɔmplen	complain
kɔmplen	complaint
ɛp	complement
dɔn	complete
kpatakpata	completely
at	complex
obe	compliance
at	complicated
obe	comply
kɔmpawnd	compound
ɔndastand	comprehension
kpatakpata	comprehensive
sɛtul	compromise
pawpa	compulsory
kɔmpyuta	computer
pɔynt	concept
bisin	concern
dɔn	conclusion
simɛnt	concrete
kɔndishɔn	condition
biev	conduct
mitin	conference
kɔnfɛs	confess
kɔnfidɛns	confidence
kɔnfidɛns	confident
fɛt-fɛt	conflict
kɔnfyus	confusion
kɔngrats	congrats
kɔngrats	congratulation
kɔngrats	congratulations
togɛda	conjunction
kɔnɛkt	connect
no	conscious
no	consciousness
gri	consent
kip	conservation
soba	conservative
min	consist
ɔltɛm	consistency
ɔltɛm	consistent
ɔltɛm	constant
ɔltɛm	constantly
banbɛlɛ	constipation
bil	construction
yuz	consume
kɔl	contact
gɛt	contain
gɛt	contains
satisfay	content
kɔmpitishɔn	contest
kɔntinyu	continue
agrimɛnt	contract
difrɛn	contrast
gi	contribute
gi	contribution
kɔntrol	control
agyumɛnt	controversial
izi	convenience
izi	convenient
tɔk	conversation
chenj	convert
ɛksplen	convey
kuk	cook
kol	cool
bia	cope
kɔpa	copper
men	core
kɔn	corn
kɔna	corner
kɔrɛkt	correct
pe	cost
klos	costume
kɔtin	cotton
kɔf	cough
ebul	could
kɔmiti	council
kɔnt	count
kɔntri	country
ɔplayn	countryside
tu	couple
kɔrɛj	courage
kɔz	course
kɔt	court
kɔzin	cousin
kɔba	cover
kaw	cow
ɛnjɔy	cozy
crabs	crab
koken	crack
mek	craft
kapsay	crash
krip	crawl
ful	crazy
mek	create
krɛdit	credit
fulman	creep
strenj	creepy
kraym	crime
shem	cringe
prɔblɛm	crisis
tranga	critical
krɔs	cross
krawn	crown
impɔtant	crucial
wikɛd	cruel
mas	crush
kray	cry
kɔkumba	cucumber
ɔg	cuddle
kɔlchɔ	culture
kɔp	cup
kɔpbɔd	cupboard
gɔta	curb
mɛn	cure
kɔfyu	curfew
bisin	curiosity
kɔli	curly
mɔni	currency
naw	current
tide	currently
kɔs	curse
kɔtin	curtain
pilo	cushion
kɔstɔma	customer
kɔt	cut
fayn	cute
abit	cycle
papa	dad
papa	daddy
ɛnide	daily
kushɛ dalin	hello dear
mi dalin	My dear
oke dalin	okay dear
oke dalin	okay honey
ok dalin	ok dear
ok dalin	ok honey
yɛs dalin	yes dear
yɛs dalin	yes honey
dam	dam
pwɛl	damage
dam	damn
sok	damp
dans	dance
denja	danger
denja	dangerous
dak	dark
dalin	darling
layn	dash
data	data
na dat	certainly
det	date
pantap dat	in addition
bifo dat	instead
bifo dat	rather
de	day
dɔn day	dead
dɔn day	deceased
dɔn day	died
de day	dying
nɔ de	absence
nɔ de	absent
dɛf	deaf
du	deal
valyu	dear
yu de	are you there
day	death
ed de at	headache
trot de at	sore throat
agyu	debate
dɛbit	debit
briz de blo	windy
dɔti	debris
dɛt	debt
rɔtin	decay
Disɛmba	december
gud	decent
disayd	decide
disayd	decision
dɛk	deck
yu de de	Are you still there?
yu de	do you
dip	deep
dia	deer
de de	exist
de de	existence
de de	existing
balans	default
a de fayn	I am fine
a de fayn	I'm fine
win	defeat
protɛkt	defend
shɔ	definitely
minin	definition
nɔ de igen	extinct
westɛm	delay
westɛm	delayed
dilit	delete
wik	delicate
swit	delicious
gladi	delight
gladi	delighted
briŋ	deliver
tɛl	demand
dɛbul	demon
sho	demonstrate
nɔ de na stayl igen	obsolete
tik	density
dinay	deny
a de oke	I'm good
dipatmɛnt	department
lɛf	departure
abop	depend
nɔ de pin pan sɔntin	reasonable
sɛn	deploy
put	deposit
de de	presence
dip	depth
wetin de rawnd	surrounding
dɛzat	desert
san de shayn	sunshine
dizayn	design
taytul	designation
want	desire
dɛks	desk
swit	dessert
mak	destiny
pwɛl	destroy
pwɛl	destruction
notis	detect
nɔ de tɔk	silent
ed de tɔn	dizzy
dɛbul	devil
a de ya	I'm here
tin dɛn	activities
sojaman dɛn	army
binch dɛn	beans
bɛnifit dɛn	benefits
bɔda dɛn	boundaries
kaw dɛn	cattle
pikin dɛn	children
chimni dɛn	chimneys
wok dɛn	chores
tin dɛn	circumstances
kɔmpin dɛn	colleagues
kɔndishɔn dɛn	conditions
rizɔlt dɛn	consequences
lɔ dɛn	criteria
kɔstɔm dɛn	customs
tin dɛn	details
sik dɛn	diseases
pan dɛn	dishes
mek dɛn du sɔntin	persuade
wokman dɛn	employees
biliv dɛn	ethics
trut dɛn	facts
tin dɛn	features
pipul dɛn	folks
padi dɛn	friends
tin dɛn	furniture
pipul dɛn	generation
glɔv dɛn	gloves
gol dɛn	goals
tin dɛn	goods
man dɛn	guys
wesbon dɛn	hips
awa dɛn	hours
tin dɛn	information
advays dɛn	instructions
tin dɛn	issues
tin dɛn	items
pikin dɛn	kids
lif dɛn	leaves
bag dɛn	luggage
tin dɛn	material
tin dɛn	measures
arata dɛn	mice
minit dɛn	minutes
nawn dɛn	nouns
chans dɛn	odds
chans dɛn	opportunities
kɔmpin dɛn	peers
pipul dɛn	people
wɔd dɛn	phrase
tin dɛn	pieces
ples dɛn	places
plant dɛn	plants
pipul dɛn	population
pronawn dɛn	pronouns
prɔpati dɛn	properties
tɔk dɛn	quotes
famili dɛn	relatives
prɔpati dɛn	resources
rizɔlt dɛn	results
lɔ dɛn	rules
sayɛnsman dɛn	scientists
sɛntɛns dɛn	sentences
stori dɛn	series
sista dɛn	siblings
skil dɛn	skills
stɛp dɛn	stairs
sayn dɛn	symptoms
wɔd dɛn	terms
tin dɛn	things
wetin dɛn tink se go apin	forecast
advays dɛn	tips
to dɛn	toes
tul dɛn	tools
abit dɛn	traits
plant dɛn	vegetables
tin dɛn we de insay	ingredients
tin dɛn we fɔ mek wi gladi	welfare
wan dɛn we wok na bot	crew
tin dɛn we yu mɛmba	memories
tin dɛn we yu plant	crops
uman dɛn	women
wɔd dɛn	words
ia dɛn	years
Dhivehi	Dhivehi
shuga	diabetes
nɔ dia	cheap
rɔnbɛlɛ	diarrhea
jɔnal	diary
ɔl di bɛst	all the best
ɔl di bɛst	best of luck
ɔl di bɛst	best regards
aw di bɔdi	how are you
dikshɔnari	dictionary
ɛnjɔy di de	have a good day
day	die
difrɛn	difference
difrɛn	different
difrɛn difrɛn	various
dig	dig
rɛspɛkt	dignity
ɔnda di grɔn	basement
To di kɔstɔma	Dear Customer
dɔn dinay	denied
put	dip
tink dip	meditation
gɛt di rayt	legal
tink di rayt we	balance
dayrɛkt	direct
we	direction
dayrɛktɔ	director
dɔti	dirt
dɔti	dirty
disebul	disable
disebul	disabled
we di san dɔn go dɔŋ	sunset
lɔs	disappear
dɔn disayd	decided
trowe	discard
dischaj	discharge
kɔrɛkt	discipline
ridyus	discount
We dis de bi	meanwhile
sik	disease
ayd	disguise
pan	dish
pul	dismiss
sɛn	dispatch
sho	display
trowe	disposal
cham-mɔt	dispute
fa	distance
spɛshal	distinct
trɔbul	distress
sheb	distribution
distrikt	district
ambɔg	disturb
wetin dis	what is this
gɔta	ditch
tɛl di tru	straightforward
dayv	dive
difrɛn	diverse
difrɛn	diversity
sheb	divide
dayvɔs	divorce
kɔl di wɔd	pronunciation
du	do
dɔktɔ	doctor
pepa	document
du	does
nɔ	doesn't
dɔg	dog
Dogri	Dogri
dɔlbebi	doll
domen	domain
men	dominant
gi	donate
dɔn	done
dɔnki	donkey
nɔ	don't
na do	outside
drɔg	dope
tu	double
dawt	doubt
mɔni	dough
dɔŋ	down
dɔŋlod	download
tit dɔktɔ	dentist
dɔn dɔn di padi biznɛs wantɛm wantɛm	ghosting
wɛl dɔn	excellent
dɔn dɔn	expired
dɔn dɔn	finished
a dɔn	I had
a dɔn	I have been
yu dɔn it	have you eaten
i dɔn te we wi si	long time no see
wɛl dɔn	well done
go dɔŋ	decline
go dɔŋ	decrease
dɔti dɔti	disgusting
dɔti dɔti	gross
trowe dɔti	litter
briz	draft
drɛg	drag
dren	drain
stori	drama
drɔ	draw
drɔwɔ	drawer
drɔin	drawing
fred	dread
drim	dream
drɛs	dress
swit drim dɛn	sweet dreams
bad drim	nightmare
drink	drink
drayv	drive
drɔp	drop
dɔn drɔp	dropped
chak	drunk
dray	dry
dɔn du	accomplished
i du	adequate
jɔs du am	just do it
dɔks	duck
dɔn du	committed
ebul du	competent
bɔbɔ	dude
dɔn du	did
de du	doing
bikɔs	due to
a du	I do
dɔl	dull
bigful	dumb
kin du	potential
fɔ du	required
we	during
dɔst	dust
i du	sufficient
wok	duty
wetin du	why
fɔ du wit	relevant
ste	dwell
ɛni	each
dɛnsɛf	each other
igul	eagle
yes	ear
bin	earlier
ali	early
gɛt	earn
yes	ears
dunya	earth
atkwek	earthquake
izi	ease
izi	easily
ist	east
izi	easy
it	eat
ebi ebi briz	hurricane
ebi ebi ren	flood
nɔ ebul slip	insomnia
nɔ ebul tɔk	mute
nɔ ebul	unable
nɔ ebul wet	impatient
nia	edge
kɔrɛkt	edit
apin	effect
ɔganayz	efficiency
eg	egg
gadineg	eggplant
prawd	ego
et	eight
etin	eighteen
eti	eighty
ɔ	either
ɛksplen	elaborate
ɛlbo	elbow
tin	element
ɛlifant	elephant
ilɛvin	eleven
bak	else
shem	embarrassed
shem	embarrassing
ɔg	embrace
kɔmɔt	emerge
sɔri-at	empathy
wokman	employee
bɔsman	employer
wok	employment
ɛmti	empty
ɛp	enable
mit	encounter
ɛnkɔrej	encourage
dɔn	end
ambɔg	endangered
tray	endeavor
bia	endurance
bia	endure
ɛnimi	enemy
pawa	energy
ɛngej	engagement
injin	engine
injinia	engineer
Inglish	English
ɛnjɔy	enjoy
du	enough
ɛnta	enter
ɛnjɔymɛnt	entertainment
zil	enthusiasm
zil	enthusiastic
ɔl	entire
ɔganayzeshɔn	entity
domɔt	entrance
biznɛsman	entrepreneur
ɛnvilop	envelope
ples	environment
milɛ	envy
spɛshal	epic
ikwal	equal
tul	equipment
sem	equivalent
pul	eraser
mistek	error
kɔmɔt	escape
mɔ	especially
dɔn es	raised
ripɔt	essay
minin	essence
impɔtant	essential
stat	establish
prɔpati	estate
lɛk	estimate
lɛk	estimated
chɛk	evaluate
chɛk	evaluation
ivin	even
ivin	evening
program	event
ɛva	ever
ɛvri	every
ɔlman	everybody
ɔlman	everyone
pruf	evidence
wikɛd	evil
chenj	evolve
Ewe	Ewe
ɛks	ex
sem	exact
ɛgzam	exam
chɛk	examine
ɛgzampul	example
pas	exceed
pas	except
pas	exception
pasmak	excess
pasmak	excessive
gi	exchange
gladi	excited
zil	excitement
gladi	exciting
spɛshal	exclusive
ɛkskyuz	excuse
kil	execute
kil	execution
bigman	executive
ɛksasayz	exercise
taya	exhaust
sho	exhibit
sho	exhibition
kɔmɔt	exit
gro	expand
dia	expensive
ɛkspiriɛns	experience
tɛst	experiment
ɛksplen	explain
sɛn	export
ɛkspiriɛns	exposure
tɔk	express
tɔk	expression
gro	extend
lɔng	extension
lɛvul	extent
mɔ	extra
rili	extreme
rili	extremely
yay	eye
yay	eyes
fɔ ɛgzampul	For example
fɔ ɛgzampul	for instance
fɔ ɛksplen	explanation
bifo ɛn biɛn	horizontal
ɔp ɛn dɔŋ	vertical
mama ɛn papa dɛn	parents
bay ɛn sɛl	trade
fɔ ɛp	helpful
bin ɛp	relieved
de ɛp	useful
nɔ ɛva	never
lɛk ɛvin	divine
fɔ ɛvri fɔ tin dɛn we yu kɔnt na wan lɛf	quarter
klos	fabric
wɔndaful	fabulous
fes	face
ɛp	facilitate
ɔfis	facilities
ples	facility
trut	fact
tin	factor
faktri	factory
fed	fade
fel	fail
fel	failure
fent	faint
fɛri	fairy
fet	faith
fetful	faithful
fɔdɔm	fall
lay	false
sabi	familiar
famili	family
fan	fan
pɔsh	fancy
wɔndaful	fantastic
fa	far
baybay	farewell
fam	farm
fama	farmer
spɛshal	fascinating
stayl	fashion
fas fas	quickly
fas fas	speed
kwik	fast
bɔmp	fat
papa	father
taya	fatigue
fɔlt	fault
bɛst	favorite
aks	favour
bɛst	favourite
kip fayl	archive
rili fayn	beautiful
biev fayn	charming
fil fayn	comfortable
ɔganayz fayn	efficient
rili fayn	gorgeous
nɔ fayn	inappropriate
yu fayn o	you are beautiful
biev fayn	polite
fil fayn	relief
rili fayn	so cute
tes fayn	tasty
du fayn tin	thoughtful
fred	fear
fɛda	feather
tin	feature
Fɛbwari	february
fi	fee
it	feed
ansa	feedback
fil	feel
filin	feeling
fut	feet
dɔn fel	failed
fɔdɔm	fell
kɔmpin	fellow
uman	female
fɛns	fence
fatayl	fertile
fɛstival	festival
briŋ	fetch
fiva	fever
sɔm	few
bin fɛn	found
de fɛt	fighting
bin fɛt	fought
fil	field
wayl	fierce
fiftin	fifteen
fifti	fifty
fɛt	fight
nɔmba	figure
fayl	file
nɔ fil fayn	awkward
dɔn fil	felt
dɔn fil	filled
fil	fill
fim	film
nɔ fil natin	numb
dɔti	filthy
dɔn	finally
fɛn	find
fɛnot	find out
fayn	fine
big finga	thumb
finga	finger
dɔn	finish
faya	fire
kɔmni	firm
fɔs	first
fish	fish
fit	fit
gɛt fit	seizure
fayv	five
flag	flag
flash	flash
laytin flash	lightning
flat	flat
mak	flaw
pafɛkt	flawless
dɔn flay	flew
sef flay	safe flight
rɔnawe	flee
bɔdi	flesh
bɛn	flex
ajɔst	flexible
flay	flight
flɔt	flirt
pantap	float
grɔn	floor
flawa	flour
flo	flow
flawa	flower
flu	flu
saf	fluffy
wata-wata	fluid
flay	fly
fɔg	fog
fɔg	foggy
fol fol	fold
fala	follow
fala	following
it	food
ful	fool
fut	foot
futbɔl	football
fɔ	for
fos	force
fɔed	forehead
ɔda	foreign
bush	forest
fɔgɛt	forget
fɔgiv	forgive
fɔk	fork
fɔm	form
ɔfishal	formal
trade	former
fɔti	forty
fɔti-tu	forty-two
mek	foster
fawndeshɔn	foundation
fɔ	four
fɔtin	fourteen
fɔks	fox
wet fɔ	anticipate
gladi fɔ	appreciate
gladi fɔ	appreciation
gri fɔ	approval
aw fɔ arenj sɔntin	composition
yuz fɔ bad	exploit
ebul fɔ bay	afford
ples fɔ bek	bakery
rɛdi fɔ chenj	versatile
rɛdi fɔ de ɔnda	submit
at fɔ dil wit	moody
gɔvmɛnt fɔ di pipul	democracy
nɔ fɔdɔm	steady
ebul fɔ du	affordable
ebul fɔ du	capacity
nɔ fɔ du	forbidden
nid fɔ du	require
gɛt fɔ du	responsibility
ebul fɔ du	responsible
aw fɔ du sɔntin	procedure
fit fɔ du sɔntin	qualification
sɔntin fɔ du wit	involve
gɛt fɔ du wit	related
fit fɔ	eligible
wet fɔ	expect
kam fɔ ɛp	volunteer
wet fɔ	forward
dɔn fɔgɛt	forgot
fil fɔ it	appetite
plant fɔ it	vegetable
tin fɔ kech	prey
usay fɔ kip	storage
say fɔ kip tin dɛn	cabinet
aw fɔ kuk	recipe
fɛn fɔlt	criticism
aplay fɔm	application
aks fɔ mared	engage
gladi fɔ mit yu	nice to meet you
nɔ fɔ natin	worth it
want fɔ no	curious
tray fɔ no	figure out
tray fɔ no	investigate
kam fɔ no	realize
gri fɔ obe	submission
at fɔ ɔndastand	abstract
tinap fɔ	represent
luk fɔ	search
mek fɔs	invent
sɔri fɔ si	pathetic
at fɔ si	rare
at fɔ si	rarely
at fɔ si	scarce
say fɔ slip	accommodation
fil fɔ slip	sleepy
kɔntinyu fɔ sɔpɔt	sustainability
kɔntinyu fɔ sɔpɔt	sustainable
ɛp fɔ stat	initiative
sɔri fɔ	sympathy
tray fɔ tek kɔntrol	riot
fil fɔ tɛl tɛnki	gratitude
lɛf fɔ wok	retired
ebul fɔ yuz	ability
stat fɔ yuz	implement
wik	fragile
frem	frame
ɛksplen	framework
kruk	fraud
aksidɛnt	freak
fri	free
fridɔm	freedom
friz	freeze
bɔku	frequent
frɛsh	fresh
Frayde	friday
friza	fridge
padi	friend
fred	frightened
fred	frightening
dɔn friz	frozen
frɔg	frog
frɔm	from
bifo	front
apat frɔm dat	besides
kɔmɔt frɔm di eria	indigenous
frut	fruit
gens	frustrated
fyuɛl	fuel
Fulfulde	Fulfulde
ful-ɔp	full
ɛnjɔy	fun
wok	function
impɔtant	fundamental
bɛrin	funeral
fɔni	funny
kanda	fur
mɔ	further
gɛt	gain
gem	game
spes	gap
garaj	garage
dɔti	garbage
gadin	garden
galik	garlic
get	gate
gɛda	gather
mitin	gathering
mɛzhɔ	gauge
gia	gear
kɔmɔn	general
mek	generate
fri-an	generous
kayn	genre
saful	gentle
rili	genuine
gɛt	get
drɛs	get dressed
grap	get up
dɔn gɛt	acquired
dɔn gɛt am	got it
fɔ gɛt	deserve
fɔ gɛt	due
de gɛt	getting
bin gɛt	got
de gɛt	having
i gɛt	he has
a gɛt	I have
dɔn gɛt	obtained
nɔ gɛt pɔsin fɔ ɛp am	vulnerable
bin gɛt	received
nɔ gɛt sɛns	foolish
nɔ gɛt sɛns	naive
i gɛt	she has
nɔ gɛt wan op	hopeless
nɔ gɛt wan valyu	null
nɔ gɛt wan valyu	unless
nɔ gɛt wan valyu	useless
gost	ghost
bin gi	dedicated
dɔn gi	devoted
gift	gift
dɔn gi	gave
dɔn gi	given
jinja	ginger
gini gini	artificial
gini gini	crap
gini gini	fake
bin gi	provided
gal	girl
galfrɛn	girlfriend
gi	give
nɔ giv ɔp	never give up
gladi	glad
a gladi	my pleasure
glas	glass
glasis	glasses
dɔŋ	gloomy
shayn	glow
glu	glue
go	go
gol	goal
wetin go apin	fate
got	goat
kɔmɔt	go away
fɔ go bifo	successful
a go bi	I would be
Gɔd	god
go	goes
sote go	eternal
sote go	forever
bin go fri	released
de go	going
go go	going to
sote go	infinity
a go	I will
gold	gold
dɔn go	left
i go mɔs bi	apparently
dɔn	gone
go	gonna
tin	goo
gud	good
baybay	good bye
baybay	goodbye
adu-o	good day
fayn	good looking
gudnɛt	goodnight
Google	Google
dɔks	goose
dɔn go ɔp	increased
sote go	permanent
wi go si bak	see you soon
wi go si tumara	see you tomorrow
kongosa	gossip
kɛr go	take away
nɔ go te	soon
nɔ go te	temporary
gɔvmɛnt	government
bin go	went
nɔ go	won't
grip	grab
mak	grade
gradyuet	graduate
sid	grain
alaw	grant
gi	granted
greps	grapes
grip	grasp
gras	grass
gladi	grateful
grev	grave
gre	gray
rili	great
grin	green
grit	greet
grit	greeting
gre	grey
dɔn gri	approved
nɔ gri	counter
nɛtwɔk	grid
gren	grind
ol	grip
nɔ gri	refuse
nɔ gri	refused
de grit	greetings
makit	grocery
ɔkɔ	groom
grɔn	ground
grup	group
gro	grow
gro	growth
vɛks	grumpy
Guarani	Guarani
prɔmis	guarantee
gayd	guard
gud gud	effective
i gud	fortunately
tɔk gud gud wan	fluent
sabi gud gud wan	professional
rili gud	very good
gud gud wan	fluently
tink gud wan	insight
gud gud wan	thoroughly
no	guess
strenja	guest
gayd	guidance
gayd	guide
gilti	guilty
man	guy
jim	gym
abit	habit
bin	had
ia	hair
af-af	half
ɔl	hall
an	hand
sɔlv	handle
fayn	handsome
ɛng	hang
apin	happen
gladi	happiness
gladi	happy
at	hard
nɔ	hardly
damɛj	harm
denja	harmful
wanwɔd	harmony
strikt	harsh
avɛst	harvest
dɔn	has
et	hate
gɛt	have
ɛnjɔy	have fun
denja	hazard
i	he
ed	head
mɛn	heal
wɛlbɔdi	health
yɛri	hear
at	heart
ɔt	heat
ɛvin	heaven
ebi	heavy
bizi	hectic
ayt	height
pikin	heir
tif	heist
ɛl	hell
Adu	Hello
ɛlmɛt	helmet
ɛp	help
so	hence
i	her
mɛn	herd
naya	here
westɛm	hesitate
Eh	Hey
kushɛ	Hi
ayd	hidden
ayd	hide
ɔda	hierarchy
ay	high
sho	highlight
waka	hike
waka	hiking
fɔni	hilarious
il	hill
in	him
ɛp	hint
wesbon	hip
in	his
istri	history
bɔks	hit
kushɛ-o	Hi there
Ehh	Hmm
ol	hold
ol	hold on
ol	hole
ɔlide	holiday
ɛmti	hollow
os	home
skulwok	homework
ɔnɛs	honest
Ɔni	Honey
ɔnɔ	honor
bɔnɛt	hood
uk	hook
jɔmp	hop
op	hope
ɔn	horn
fiaful	horror
ɔs	horse
ɔspitul	hospital
fri-an	hospitality
vɛks	hostile
ɔt	hot
ɔtɛl	hotel
awa	hour
os	house
os	household
aw	how
bɔt	however
aw	how is
ɔmɔs	how many
ɔmɔs	how much
sɛnta	hub
man	hubby
ɔg	hug
big	huge
mɔtalman	human
ɔmbul	humble
sok	humid
sok	humidity
ɔndrɛd	hundred
angri	hungry
ɔntin	hunt
ɔri	hurry
wund	hurt
maredman	husband
rɔsh	hustle
bafa	hut
klin	hygiene
a	I
ɛvri ia	annual
tɛn ia	decade
dɔti ia	pollution
ɔmɔs ia yu ol	how old are you
ays	ice
pɔynt	idea
bɛst	ideal
sem	identical
no	identify
udat	identity
fulman	idiot
aydul	idle
if	if
ustɛm i fɔ dɔn	deadline
aw i go bifo	development
usay i kɔmɔt	origin
usay i kɔmɔt	source
sik	ill
sik	illness
Ilocano	Ilocano
aydul	image
imajin	imagine
wetin i min	define
big	immense
afɛkt	impact
impɔtant	important
fos	impose
nɔ impɔtant	redundant
kɔle	impress
shep	impression
bɛtɛ	improve
rizin	incentive
sɔntin	incident
min	include
mɔni	income
mɔ	increase
wɔndaful	incredible
India	India
sho	indicate
pɔsin	individual
fil	industry
infakt	In fact
bebi	infant
swɛl	inflammation
afɛkt	influence
tɛl	inform
bifo	in front of
kiŋ in gal pikin	princess
fɔs	initial
wund	injured
wund	injury
gud	innocent
fɔ	in order to
rɛst in pis	rest in peace
aks	inquiry
kres	insane
travul insay bot	cruise
ad	insert
insay	inside
pin	insist
kɔrɛj	inspiration
push	inspire
dawnlod	install
sɔntɛnde	instance
bifo	instead of
provok	insult
inshɔrans	insurance
sɛns	intelligence
plan	intend
rili	intense
plan	intention
biev	interaction
bisin	interest
fayn	interesting
ambɔg	interfere
af-af	intermediate
insay	internal
intanashɔnal	international
intaprit	interpret
intaprita	interpreter
intavyu	interview
tayt	intimate
to	into
sho	introduce
sho	introduction
shem	introvert
ɔndastand	intuition
fɔ invayt	invitation
rɛkɔd	inventory
invayt	invite
bil	invoice
ayɛn	iron
ayland	island
tin	issue
i	it
dɔn it	ate
mɔnintɛm it	breakfast
ivintɛm it	dinner
de it	eating
tin	item
bɔku it	feast
in	its
ivintɛm it	supper
gud ivnin	good evening
nɔ izi	barely
nɔ izi	inconvenience
nɔ izi	struggle
muv izi wan	agile
jakɛt	jacket
jel	jail
Janwari	January
glas	jar
jɔ	jaw
milɛ	jealous
drɔ	jerk
kam jisnɔ	coming soon
wok	job
jɔyn	join
togɛda	joint
jok	joke
patrol	journey
gladi	joy
de jɔg	jogging
jɔj	judge
jus	juice
Julay	july
jɔmp	jump
Jun	june
dɔti	junk
jɔs	just
Kalaallisut	Kalaallisut
ɔltin kam bay chans	evolution
dɔn kam	came
de kam	coming
dɔn kam fɔ no	realized
briŋ kam	import
wata kam insay	leak
bin kech	caught
rili	keen
kip	keep
kɛtul	kettle
ki	key
de kia	caring
tek kia	take care
kik	kick
jok	kid
jok	kidding
kidni	kidney
kin kil	fatal
kil	kill
nɔ kin	can't
kayn	kind
lɛk	kinda
saful	kindly
saful	kindness
kiŋ	king
nɔ kin	hardly ever
a kin	I can
nɔ kin izi	difficult
i kin te	seldom
nɔ kin want	reluctant
wi kin	we can
yu kin	you can
dɔn kip	kept
dɔn kip kɔmpin	associated
kis	kiss
kichin	kitchen
kayt	kite
fɔ klem	assertive
nɔ klia	ambiguous
mek klia	clarify
nɔ klia	haze
nɔ klia	vague
ni	knee
nɛf	knife
nayt	knight
no	know
no	knowledge
no	known
Konkani	Konkani
bin kɔl	called
wetin kɔmɔn	custom
nɔ kɔmɔt biɛn	commitment
pul kɔmɔt	extract
pul kɔmɔt	remove
kip kɔmpin	associate
kip kɔmpin	association
kip kɔmpin	hang out
frɔm kɔmpyuta	virtual
bin kɔnfyuz	confused
kɔni kɔni	cunning
kɔni kɔni	mischievous
kɔni kɔni	subtle
kɔni kɔni	trick
fɔ kɔntinyu	remain
us kɔntri yu kɔmɔt	nationality
stret kɔt	thin
tɛnda krak	thunder
kraw kraw	rash
ays krim	ice cream
Krio	Krio
api Krismas	merry christmas
de kuk	cooking
nɔ kuk	raw
kam kwik	hurry up
kwik kwik	rapid
kwik kwik	rapidly
luk kwik wan	glance
kɔl	label
wok	labor
wok	labour
nɔ	lack
lada	ladder
uman	lady
de laf	laughing
watasay	lake
kripul	lame
layt	lamp
land	land
land	landscape
langwej	language
wan langwej nɔ go du	one language is never enough
de lan	learning
fut	lap
big	large
las	last
let	late
leta	later
las	latter
laf	laugh
laf	laughter
sɛn	launch
bruk	laundry
lɔ	law
gras	lawn
lɔya	lawyer
le	lay
lay lay dɛn	lies
pat	layer
gɛt layf	alive
de lay	lying
dizayn	layout
lay lay stori	myth
aydul	lazy
lid	lead
lida	leader
lif	leaf
lin	lean
jɔmp	leap
lan	learn
rɛnt	lease
lili	least
lɛda	leather
lɛf	leave
go ledɔm	go to bed
fut	leg
blo	leisure
bin le	laid
trɔs	lend
lɔng	length
nɔ	less
lɛsin	lesson
lɛ	let
lɛta	letter
salad	lettuce
lɛvul	level
pawa	leverage
dɔn lɛf	delivered
go lɛf	delivery
nɔ lɛf	keep it up
de lɛf	remaining
jɔs lɛk	exactly
a lɛk	I like
a lɛk	I love
a lɛk mi big brɔda	I love my big brother
a lɛk mi big sista	I love my big sister
yu lɛk mi	do you love me
a lɛk mi mama	I love my mother
a lɛk mi papa	I love my father
a lɛk mi smɔl brɔda	I love my little brother
a lɛk mi smɔl sista	I love my little sister
nɔ lɛk ɔda pipul dɛn	bias
mek lɛk	pretend
tan lɛk	reflection
tan lɛk	seem
tan lɛk	seems
a lɛk yu bak	I love you too
a lɛk yu	I like you
A lɛk yu	I love you
nɔ lɛt ɛnibɔdi ambɔg	privacy
lod	liability
laybri	library
lik	lick
dɔn lid	led
lay	lie
layf	life
es	lift
layt	light
lɛk	like
semweso	likewise
layn	line
Lingala	Lingala
link	link
layɔn	lion
wata-wata	liquid
de lisin	listening
list	list
lisin	listen
buk	literature
smɔl	little
tap	live
liva	liver
tap	lives
palɔ	living room
fɔ liv	living
kondo	lizard
lod	load
bred	loaf
lon	loan
eria	local
ples	location
lɔk	lock
lɔk	lockdown
bod	log
lol	lol
wangren	lonely
lɔng	long
luk	look
tay	loop
slak	loose
lɔd	lord
lɔs	loss
lɔs	lost
pat	lot
lawd	loud
palɔ	lounge
lɔv	love
fayn	lovely
lo	low
ridyus	lower
gud lɔk	good luck
gɛt lɔk	lucky
di lɔ nɔ de alaw	illegal
dɔn lɔs	lose
mi lɔv	my love
lɔk	luck
Luganda	Luganda
lɔnch	lunch
lɔng	lungs
jɛntri	luxury
mashin	machine
vɛks	mad
uman	madam
magazin	magazine
yala magi	turmeric
wɔndaful	magnificent
savant	maid
men	main
kɔntinyu	maintain
Maithili	Maithili
men	major
mɔ	majority
mek	make
pawda	make up
fut mak	step
man	male
mɔl	mall
Mi mama ɛn papa dɛn	Dear Parents
man	man
manej	manage
maneja	manager
fred man	coward
pawpa	mandatory
fɔ manɛj	management
sho	manifest
kɔntrol	manipulate
we	manner
buk	manual
bɔku	many
mach	march
yu mared	are you married
yu mared ɔ yu nɔ mared	are you married or single
nɔ mared	single
makit	market
mared	marriage
mared	married
maks	mask
bɔku	mass
big	massive
masta	master
nɔ mata	nevermind
mach	match
met	mate
mats	math
tin	matter
machɔ	maturity
sɔntɛm	may
sɔntɛm	maybe
gɛt maynd	bold
gɛt maynd	brave
mi	me
it	meal
min	mean
minin	meaning
min	means
mɛzhɔ	measure
bif	meat
mɛrɛsin	medicine
mit	meet
mitin	meeting
Meiteilon	Meiteilon
dɔn mek biliv	convinced
bin mek	developed
bin mek	fixed
de mek lɛk se yu lɛk am	flirting
bin mek	made
de mek	setting
nɔ mek sɛns	absurd
dat mek	therefore
mɛlt	melt
mɛmba	memory
maynd	mental
tɔk	mention
biznɛsman	merchant
sɔri-at	mercy
jɔs	merely
bad-ɔf	mess
mesɛj	message
skata	messy
ayɛn	metal
we	method
fɔ mɛmba	noted
de mɛn	healing
kɔl mi	call me
midul	middle
midulnɛt	midnight
sɔntɛm	might
gol	milestone
soja	military
milk	milk
milyɔn	million
oke mi lɔv	okay my love
oke mi lɔv	ok my love
yɛs, mi lɔv	yes my love
maynd	mind
miks	mingle
a min	I mean
de min	including
bin min	meant
smɔl	minor
minit	minute
mirɛkul	miracle
lukin-glas	mirror
ɔda	miscellaneous
sɔfa	misery
sho mi	show me
de mis	missing
mis	miss
wok	mission
mistek	mistake
kushɛ mi studɛnt dɛn	Dear students
a mis yu	I miss you
tɛl mi	tell me
wetin mit yu	challenge
sɛn mi yu pikchɔ	send me your picture
Mizo	Mizo
mobayl	mobile
provok	mock
ɛgzampul	model
soba	moderate
naw	modern
ɔmbul	modest
sok	moist
wata	moisture
shep	mold
mol	mole
mama	mom
tɛm	moment
Mɔnde	monday
mɔni	money
wach	monitor
mɔnki	monkey
mɔnt	month
mun	moon
mɔ	more
dɔn	moreover
mɔnin	morning
trɔs	mortgage
bɔku	mostly
mama	mother
muv	motion
mawntɛn	mountain
arata	mouse
mɔt	mouth
muv	move
fim	movie
lan mɔ	explore
pe mɔni	bill
plan mɔni biznɛs	budget
spɛn mɔni	expenses
bɔku mɔni	fortune
gud mɔnin	good morning
gud mɔnin mi lɔv	good morning my love
it mɔnintɛm it	have breakfast
go mɔs apin	inevitable
go mɔs bi	likely
sɛt mɔt	shut up
sɛt mɔt	silence
swit mɔt	sweet tooth
wɛf	mrs
bɔku	much
pɔtɔpɔtɔ	mud
kɔp	mug
mɔsul	muscle
myuziɔm	museum
mɔshrum	mushroom
myuzik	music
mɔs	must
togɛda	mutual
fɔ muv	movement
mi	my
misɛf	myself
sikrit	mysterious
sikrit	mystery
kɔmɔt na di at	sincere
pipul na di eria	community
pɔsin na di eria	resident
wetin na di nyus	what's up
pat na di wɔl	continent
ɔlsay na di wɔl	global
dat na gud	that's good
i na	he is
mi na	I am
nel	nail
mi na	I'm
mi na	I’m
i na	it is
i na	it's
put na kɔna	postpone
nem	name
stori	narrative
tayt	narrow
i na	she is
dat na	that is
de na	there is
dɛn na	they are
dis na	this is
du natin	passive
nashɔnal	national
yon	native
yɛs, na tru	yes of course
kɔmɔn	natural
nechɔ	nature
vɔmit	nausea
wi na	we are
wetin na	what is
udat na	who is
naw naw	instant
nɔto naw	Not now
naw naw	right now
kam na ya	come here
sem na ya	Same here
rayt na ya	Write here
yu na	you are
kɔmɔt na yu at	passionate
wetin na yu nem	what is your name
wetin na yu nem	what's your name
bon na yu sayd	rib
udat na yu	who are you
nia	near
nia	nearby
lɛk	nearly
nit	neat
nid	necessary
nɛk	neck
chen	necklace
nid	need
bad	negative
neba	neighbor
eria	neighborhood
ɔ	neither
fɔs nem	first name
las nem	last name
mi nem na	my name is
las nem	surname
mumu	nerd
fred	nervous
nɛst	nest
nɛt	net
nɛtwɔk	network
nyu	new
nyuz	news
nɛks	next
nia	next to
gud nɛt	good night
dis nɛt	tonight
kam nia	attach
fayn	nice
nɛt	night
nayn	nine
nayntin	nineteen
naynti	ninety
Nɔ	No
fɔ no	awareness
nɔbɔdi	nobody
ɔlman no bɔt am	fame
nɔ no di nem	anonymous
kam no	discover
a no	I know
nɔys	noise
nɔys	noisy
dɔn no	knew
nɔ no natin	unconscious
nɔn	none
nɔ-o	nope
nɔ	nor
nɔmal	normal
nɔt	north
nos	nose
mɛmba	nostalgic
nɔto	not
atɔl	not at all
not	note
natin	nothing
notis	notice
dɔn notis	noticed
nawn	noun
nɔ no	unknown
nyu	novel
Novɛmba	november
naw	now
tide	nowadays
yu no	You know
natin nɔ de fɔ fred	security
bɛtɛ nɔ de	shortage
a nɔ ebul	I can't
a nɔ	I don't
i nɔ impɔtant	never mind
ren nɔ kam	drought
a nɔ no	I do not know
a nɔ no	I don't know
a nɔ no	I don’t know
a nɔ ɔndastand	I do not understand
A nɔ ɔndastand	I don't understand
a nɔ ɔndastand	I don’t understand
a nɔ ɔndastand wetin yu min	I don't understand what you mean
a nɔ ɔndastand yu	I don't understand you
yu nɔ tink	why not
bɔt nɔto dat nɔmɔ	furthermore
if nɔto dat	otherwise
mɔna	nuisance
nɔmba	number
nɔs	nurse
nat	nut
natmeg	nutmeg
api nyu ia	happy new year
du nyu tin	creative
prɔmis	oath
tɔn oba	flip
fat	obesity
obe	obey
tin	object
gol	objective
pawpa	obligation
ayd	obscure
wach	observe
tumɔs	obsession
prɔblɛm	obstacle
gɛt	obtain
klia	obvious
wok	occupation
apin	occur
apin	occurs
si	ocean
Ɔktoba	october
strenj	odd
ɔf	of
ɔf	off
gi	offer
ɔfis	office
bigman	official
O	Oh
ɔyl	oil
ok	ok
ok	okay
i oke	It's okay
i ok	it's ok
12 oklɔk	noon
ol	old
mek ol	drill
dɔn ol	held
nɔ ol wata	invalid
wan ol	whole
pantap	on
wan	one
yabas	onion
Intanɛt	online
nɔmɔ	only
opin	open
ɔpreshɔn	operation
gɛt op	optimistic
chans	opportunity
difrɛn	opposite
a op so	I hope so
pɔsibul	optional
a op yu de go fayn	have a nice day
ɔ	or
ɔrinch	orange
ɔda	order
nɔmal	ordinary
ɔganayzeshɔn	organization
usay	orientation
fɔstɛm	original
Oromo	Oromo
smɔl os	cottage
na os	domestic
ɔda	other
fɔ	ought
wi	our
kɔmɔt	out
rizɔlt	outcome
klos	outfit
jovial	outgoing
ol	outlet
awtlayn	outline
spɛshal	outstanding
ovun	oven
oba	over
ɔl	overall
sɔlv	overcome
tumɔs	overwhelmed
pasmak	overwhelming
awul	owl
yon	own
kaw	ox
ɛn ɔda tin dɛn	etc
bɔy ɔ gal	gender
pan ɔl	although
pan ɔl	despite
pan ɔl	even though
kushɛ ɔlman	Dear All
tɛl ɔlman	expose
mek ɔlman no	exposed
wetin ɔlman sabi	famous
pas ɔl	most
pan ɔl	though
a ɔndastand	I understand
dɔn ɔndastand	understood
wan ɔndrɛd ia	century
shayn ɔn	glow up
bɔk ɔp	cheers
giv ɔp	give up
go ɔp	rise
go ɔp	spike
go ɔp	surge
man ɔ wɛf	spouse
spid	pace
pak	pack
bɔks	package
bi padi	friendly
mi padi	my friend
bɛst padi	soulmate
ol pa	elder
pen	pain
pent	paint
pentin	painting
layt	pale
pan	pan
de pan am	intact
klos pan bot	sail
sik	pandemic
atɛnshɔn pan	emphasis
fred	panic
pat pan	lump
kam pan tɛm	punctual
trɔsis	pants
eng pan yu nɛk	clingy
pepa	paper
paradays	paradise
gri	parallel
bɔks	parcel
fɔgiv	pardon
pak	park
parɔt	parrot
pasli	parsley
pat	part
patikyula	particular
mɔ	particularly
patna	partner
pati	party
zil pasmak	ambition
tink pasmak	obsessed
tink pasmak	overthinking
gladi pasmak	thrilled
bin pas	passed
ay pas	peak
pas	pass
big pas	superior
paswɔd	password
trade	past
rod	path
peshɛnt	patience
peshɛnt	patient
af pat	patch
ɛgzampul	pattern
rod	pavement
pe	pay
pe	payment
pis	peace
pis	peaceful
pich	peach
piz	peas
strenj	peculiar
pis	pee
pil	peel
kɔmpin	peer
pɛn	pen
pɛnsil	pencil
fɔ pe	owe
dɔn pe	paid
pɛpɛ	pepper
si	perceive
pafɛkt	perfect
pafɔm	perform
pafɔm	performance
sɔntɛm	perhaps
tɛm	period
alaw	permission
alaw	permit
kɔntinyu	perseverance
pɔsin	person
pasɔnal	personal
karakta	personality
bɔku pɛpɛ	spicy
tɛm	phase
mirekul	phenomenon
fon	phone
snap	photo
bɔdi	physical
Inglish pia	pear
pik	pick
tot	pick up
pikchɔ	picture
pat	piece
ɔg	pig
pijin	pigeon
kaw pikin	calf
gal pikin	daughter
we pikin dɛn bɔdi chenj	puberty
tek pikin fɔ mɛn	adopt
ship pikin	lamb
brɔda pikin	nephew
sista pikin	niece
bɔku	pile
pilo	pillow
paylɔt	pilot
fasin	pin
paynapul	pineapple
pink	pink
ful pipul	deceive
fɔstɛm pipul dɛn	ancestors
ol	pit
ta	pitch
sɔri	pity
ples	place
klia	plain
plan	plan
nɔ plan am	spontaneous
drɔ plan	architecture
iaplen	plane
dɔn plan	intended
plant	plant
plet	plate
stej	platform
ple	play
fayn	pleasant
duya	please
gladi	pleased
ɛnjɔy	pleasure
prɔmis	pledge
yuz ple myuzik	instrument
plɛnti	plenty
de ple	playing
sidɔm ples	seat
sidɔm ples	stool
plan	plot
plɔg	plug
plɔm	plum
plɔmba	plumber
pɔdkast	podcast
pɔym	poem
pɔym	poetry
pɔynt	point
pɔyzin	poison
polis	police
wɔd	policy
watasay	pond
wata	pool
kaka	poop
pɔ	poor
pɔp	pop
kɔmɔn	popular
ɔg	pork
pap	porridge
waf	port
say	position
gud	positive
gɛt	possess
prɔpati	possession
milɛ	possessive
pɔsibul	possible
post	post
pɛtetɛ	potato
pawn	pound
po	poverty
pawa	power
pawaful	powerful
nɔ pɔsibul	impossible
aw pɔsin de tɔk	accent
ol pɔsin	elderly
tek pɔsin	hire
wetin pɔsin tink	theory
bad pɔsin	villain
flawa pɔt	vase
gud	practical
du	practice
prez	praise
jok	prank
pre	pray
tɔk prays	negotiate
valyu	precious
kɔrɛkt	precise
want	prefer
say	premises
bɛst	premium
pripia	prepare
prɛposishɔn	preposition
gi	present
ɛgzampul	presentation
kip	preserve
prɛsidɛnt	president
prɛs	press
prɛshɔ	pressure
fayn	pretty
stɔp	prevent
bifo	previous
bin prɛd	extended
prays	price
prawd	pride
prist	priest
fɔs	primary
impɔtant	prime
men	principal
bifo	prior
fɔs	priority
fɔ pripia	preparation
dɔn pripia	prepared
jel	prison
sikrit	private
ɔnɔ	privilege
prayz	prize
sɔntɛm	probably
prɔblɛm	problem
kɔntinyu	proceed
we	process
mek	produce
sɔntin	product
wok	profession
profayl	profile
prɔfit	profit
rili	profound
spɛshal program	campaign
kɔmpyuta program	software
prɔjɛkt	project
impɔtant	prominent
prɔmis	promise
sɔpɔt	promote
kwik	prompt
kin	prone
pruf	proof
rayt	proper
kɔrɛkt	properly
land	property
aks	proposal
chans	prospect
prɔpati	prosperity
jɛntri	prosperous
protɛkt	protect
prawd	proud
pruf	prove
gi	provide
distrikt	province
tin	provision
sik prɔblɛm	epidemic
nɔ prɔblɛm	no problem
pɔblik	public
drɔ	pull
pɔnki	pumpkin
studɛnt	pupil
bay	purchase
klin	pure
pɔrpul	purple
plan	purpose
rɔnata	pursue
rɔnata	pursuit
push	push
smɔl pus	kitten
put	put
bin put an pan	engaged
nɔ put an pan	neutral
nɔ put atɛnshɔn pan	ignore
at pwɛl	despair
at pwɛl	devastated
at pwɛl	miserable
dɔn pwɛl	spoiled
kwaliti	quality
ɔmɔs	quantity
kɔrɔnti	quarantine
agyu	quarrel
Quechua	Quechua
kwin	queen
strenj	queer
kwɛstyɔn	query
kwɛstyɔn	question
kyu	queue
kwik	quick
kwayɛt	quiet
kɔba	quilt
lɛf	quit
plɛnti	quite
tɛst	quiz
tɔk	quotation
tɔk	quote
rabit	rabbit
res	race
ren	rain
mɛn	raise
te	range
arata	rat
ɔmɔs	rate
reshio	ratio
kɔrɛkt	rational
tɔn rawnd	spin
gɛt rayt	entitled
gɛt rayt	legit
dɔn rayt	written
dɔn rayt	wrote
bak	re
rich	reach
rid	read
ridin	reading
rɛdi	ready
rial	real
rial	reality
rili	really
mɛn	rear
rizin	reason
mɛmba	recall
pepa	receipt
gɛt	receive
risɛpshɔn	reception
wayl	reckless
no	recognition
no	recognize
advays	recommend
rɛkɔd	record
wɛl	recover
bɔks	rectangle
rɛd	red
sev	redeem
ridyus	reduce
stɔp	refrain
friza	refrigerator
bɔt	regard
bɔt	regarding
ilɛk	regardless
bɔt	regards
eria	region
rɛjista	register
rigrɛt	regret
ɔltɛm	regular
ɔltɛm	regularly
avɔyd	reject
tɔk	relate
fambul	relative
rilaks	relax
fri	release
tru	reliable
sɔlv	relieve
rilijɔn	religion
rilijɔn	religious
abop	rely
wɔndaful	remarkable
sɔlv	remedy
mɛmba	remember
mɛmba	remind
mɛmba	reminder
fa	remote
gi	render
smɔl ren	mist
rɛnt	rent
pul	replace
ansa	reply
ripɔt	report
gudnem	reputation
aks	request
sev	rescue
stɔdi	research
fiba	resemble
tawa	resentment
kip	reserve
lɛf	resign
strɔng	resilience
strɔng	resilient
avɔyd	resist
sɔlv	resolution
sɔlv	resolve
rɛspɛkt	respect
ansa	respond
ansa	response
rɛst	rest
rɛstɔrant	restaurant
stɔp	restrict
rizɔlt	result
sɛl	retail
kip	retain
kip	retention
sev	retrieve
sho	reveal
tɔn-dɛt	revenge
mɔni	revenue
chenj	reverse
rivishɔn	review
rivishɔn	revise
kɔrɛkt	revision
chalenj	revolution
prayz	reward
bit	rhythm
res	rice
jɛntri	rich
dɔn rich	arrived
dɔn rich	reached
trowe	rid
rayd	ride
ful	ridiculous
rayt	right
strikt	rigid
yu rili fayn	you are so beautiful
a rili lɛk yu	I love you so much
a rili mis yu	I miss you so much
o rili	oh really
riŋ	ring
was	rinse
chɛr	rip
rɛdi	ripe
denja	risk
chalenj	rival
riva	river
nɔ rizin	arbitrary
gi rizin	justify
rod	road
ros	roast
strɔng	robust
ston	rock
tik	rod
de rog	cheating
pat	role
rol	roll
ruf	roof
rum	room
rut	root
rop	rope
rɔtin	rotten
at	rough
lɛkɛ	roughly
rawnd	round
rod	route
plan	routine
padul	row
dɔn rɔn	ran
de rɔn	running
rɔb	rub
rɔba	rubber
dɔti	rubbish
rud	rude
kapɛt	rug
pwɛl	ruin
rul	rule
sto rum	warehouse
rɔn	run
ɔplayn	rural
masta sabi bukman	expert
bag	sack
oli	sacred
sakrifays	sacrifice
Kushɛ Sa	Dear Sir
sef	safe
saful saful	carefully
tɔk saful wan	whisper
sek	sake
pe	salary
sɛl	sale
fish	salmon
sɔl	salt
sem	same
ɛgzampul	sample
sansan	sand
Sanskrit	Sanskrit
provok	sarcastic
fɔ satisfay	satisfaction
de satisfay	satisfying
satisfay	satisfied
satisfay	satisfy
Satide	Saturday
bif	sausage
sev	save
se	say
sem say	context
da say de	passage
fa say	isolated
kɔna say	margin
fayn say	scenery
mek say we dɔn pwɛl	maintenance
skel	scale
kruk	scam
mak	scar
fred	scared
edtay	scarf
fred	scary
ples	scene
sɛnt	scent
skul	school
sayɛns	science
sayɛnsman	scientist
sisɔs	scissors
vɛks	scold
ɔmɔs	scope
mak	score
smɔl	scrap
krach	scratch
skrin	screen
nel	screw
raytin	script
watasay	sea
gri se	admit
stamp	seal
sizin	season
sɛkɔn	second
sikrit	secret
pat	section
sef	secure
si	see
sid	seed
luk	seek
fɔ sef	safety
op se	hopefully
kech	seize
pik	select
sɛf	self
sɛl	sell
de sel	sailing
sɛn	send
ol	senior
sɛns	sense
ɔmbul	sensitive
sɛntɛns	sentence
fil se ɔltin dɔn	desperate
pat	separate
Sɛpɛdi	Sepedi
Sɛptɛmba	september
ɔda	sequence
siriɔs	serious
siriɔs	seriously
sav	serve
savis	service
bin se	said
tɔk se sɔntin go bi	predict
tɛm	session
tink se	suspect
sɛt	set
sɛtul	settle
put	set up
sɛvin	seven
sɛvintin	seventeen
sɛvinti	seventy
bɔku	several
siriɔs	severe
fɔ sev	redemption
so	sew
dɔn sɛl am dɔn	sold out
dɔn sɛl	sold
bin sɛn	sent
bɔku sɛns	genius
de sɛn	shipping
gɛt sɛns	intelligent
mɔtalman sɛns	philosophy
gɛt sɛns	sensible
gɛt sɛns	smart
nɔ sɛtul	tentative
sh	sh
kɔba	shade
shed	shadow
shek	shake
fɔ	shall
lo	shallow
shem	shame
shep	shape
shɛb	share
shap	sharp
i	she
bafa	shed
ship	sheep
shit	sheet
shɛf	shelf
shɛl	shell
ayd	shelter
kɔba	shield
chenj	shift
shayn	shine
bot	ship
shat	shirt
dɔn sho	appeared
myuzik sho	concert
sus	shoes
shut	shoot
shɔp	shop
land	shore
dɔn sho	revealed
shɔt	short
fɔ	should
sholda	shoulder
ala	shout
sho	show
shawa	shower
mek shɔ	ensure
shrimps	shrimp
lɔk	shut
dɔn shut	shot
shem	shy
brɔda	sibling
sik	sick
say	side
bin sidɔm	sat
tɔk	sigh
si	sight
visit	sightseeing
sayn	sign
sayn	signature
impɔtant	significant
a si	I see
kɛr sik	viral
silk	silk
fɔni	silly
silva	silver
fiba	similar
fulman	simp
simpul	simple
frɔm	since
siŋ	sing
sink	sink
sa	Sir
bin si	saw
dɔn si	seen
sista	sister
sistaɛnlɔ	sister in law
sidɔm	sit
ples	site
siks	six
sikstin	sixteen
siksti	sixty
sayz	size
reni sizin	autumn
dɔn skata	scattered
skil	skill
kanda	skin
dray	skinny
jɔmp	skip
skat	skirt
skay	sky
slev	slave
slip	sleep
sliv	sleeve
pat	slice
sink	slide
smɔl	slightly
dray	slim
slipul	slip
de slip	sleeping
say	slope
spes	slot
smɔl	small
smɛl	smell
smayl	smile
smok	smoke
fayn	smooth
si smɔl	glimpse
smɔl smɔl	gradually
wet smɔl	pause
tan smɔl	shrink
smɔl smɔl	slowly
smɔl smɔl	tiny
chamcham	snack
snel	snail
snek	snake
snap	snap
sno	snow
so	so
sok	soak
sop	soap
soba	sober
futbɔl	soccer
soshal	social
sosayti	society
sɔks	socks
bekin soda	baking soda
naw	so far
saf	soft
dɔti	soil
sojaman	soldier
nɔmɔ	sole
strɔng	solid
sɔlv	solve
sɔm	some
sɔmbɔdi	somebody
sɔntɛm	somehow
sɔmbɔdi	someone
sɔntin	something
sɔntɛm	sometimes
siŋ	song
wɔndaful	sophisticated
na so	precisely
Sorani	Sorani
bwɛl	sore
trɔbul	sorrow
Sɔri	Sorry
kayn	sort
sol	soul
sawnd	sound
sup	soup
sawa	sour
sawt	south
de sɔfa	suffering
fɔ sɔlv	solution
mek sɔntin	production
dɔn sɔprayz	surprised
tɛl sɔri	apologize
i sɔri fɔ no se	unfortunately
a sɔri	I'm sorry
spes	space
spam	spam
tɛm	span
Spanish	Spanish
sev	spare
tɔk	speak
spɛshal	special
kayn	species
patikyula	specific
spɛshal	spectacular
tɔk	speech
spɛl	spell
spɛn	spend
dɔn spɛn	spent
rili spɛshal	extraordinary
grin	spinach
spirit	spirit
pit	spit
wɔndaful	splendid
pwɛl	spoil
spun	spoon
ples	spot
prɛd	spread
kɔmɔt	spring
skwaya	square
kwis	squeeze
skwid	squid
skwirɛl	squirrel
sɛnt	st
chuk	stab
stɛdi	stable
pak	stack
wokman	staff
stej	stage
sten	stain
bɛt	stake
tres	stalk
westɛm	stall
stamp	stamp
tinap	stand
advays	standard
sta	star
stat	start
dɔn stat	began
stet	state
wɔd	statement
bin stat	established
steshɔn	station
bin stat	started
statyu	statue
pozishɔn	status
ste	stay
fayn stayl	elegant
bif	steak
tif	steal
stim	steam
ayɛn	steel
ay	steep
branch	stem
stik	stick
strikt	stiff
stil	still
Bɔt stil	nevertheless
bɛt	sting
krabit	stingy
miks	stir
bɛlɛ	stomach
ston	stone
lɛf	stop
kip	store
stori stori	fiction
soso stori	legend
stori	story
kuktɔp	stove
de stɔdi	studying
tret	straight
shifta	strain
strenj	strange
strenja	stranger
plan	strategy
gras	straw
strabɛri	strawberry
layn	streak
strim	stream
strit	street
trɛnk	strength
strɛs	stress
strɛch	stretch
strikt	strict
protɛst	strike
rop	string
pul	strip
tray	strive
strok	stroke
strɔng	strong
bildin	structure
trangayɛs	stubborn
fasin	stuck
studɛnt	student
stɔdi	study
tin	stuff
sɔprayz	stunning
ful	stupid
stayl	style
tɔpik	subject
drɔg	substance
pul	substitute
kayn	such
lɛk	such as
sɔk	suck
sɔfa	suffer
suga	sugar
tɔk	suggest
advays	suggestion
klos	suit
fayn	suitable
bɔks	suitcase
nɔmba	sum
ɛksplen	summary
sɔma	summer
mitin	summit
san	sun
Sɔnde	sunday
san	sunny
wɔndaful	super
maneja	supervisor
gi	supply
sɔpɔt	support
fɔ	supposed
shɔ	sure
sho	surface
ɔpreshɔn	surgery
sɔprayz	surprise
sɔrɛnda	surrender
wach	surveillance
ripɔt	survey
sev	survive
stɔp	suspended
dawt	suspicious
sɔpɔt	sustain
stayl	swag
swɛla	swallow
chenj	swap
swɛ	swear
swɛt	sweat
swɛta	sweater
swip	sweep
swit	sweet
switat	sweetheart
swɛl	swell
de swɛl	swelling
swin	swim
chenj	swing
de swin	swimming
chenj	switch
swɛl	swollen
sɔd	sword
sayn	symbol
sistɛm	system
tebul	table
du	tackle
pent	tag
tel	tail
tek	take
pul	take off
tɔk	talk
tɔl	tall
tap	tap
tep	tape
tagɛt	target
wok	task
tes	taste
tɛn tawzin	ten thousand
dɔn taya	exhausted
dɔn taya	fed up
nɔ taya	persistent
ti	tea
tich	teach
ticha	teacher
tim	team
provok	tease
tɛknɔlogi	technology
tit	teeth
de tek pɔsin fɔ wok	hiring
dɔn tek	taken
nɔ tek tɛm	careless
bin tek	took
tɛl	tell
karakta	temper
tɛmprɛchɔ	temperature
tɛmpul	temple
tɛn	ten
abit	tend
abit	tendency
kia	tender
strɛs	tense
prɔblɛm	tension
tɛnt	tent
wɔd	term
bad	terrible
wɔndaful	terrific
tɛritri	territory
tɛst	test
tɛks	text
dɔn tɛl	told
sho tɛm	appointment
tek tɛm	be careful
tek tɛm	careful
da tɛm de	contemporary
as tɛm de go	eventually
ɔmɔs tɛm	duration
ɔmɔs tɛm	frequency
bɔku tɛm	frequently
bɔku tɛm	generally
ɔmɔs tɛm	how often
bɔku tɛm	often
wan tɛm	once
sɛt tɛm	reservation
mek tɛm	schedule
sem tɛm	simultaneously
tek tɛm	slow
tek tɛm	stay safe
tu tɛm	twice
tɛl tɛnki	compliment
plɛnti tɛnki	thank you so much
pas	than
tɛnki	thank
tɛnki	thanks
tɛnki	thank you
dat	that
di	the
tif	theft
dɛn	their
dɛn	them
tim	theme
dɛnsɛf	themselves
dɔn	then
de	there
dɛn	they
tik	thick
tifman	thief
fut	thigh
tin	thing
tink	think
tɔd	third
tɔsti	thirsty
tɔtin	thirteen
tati	thirty
dis	this
kpatakpata	thorough
tink	thought
tink	thoughts
tawzin	thousand
trɛd	thread
trɛtin	threat
trɛtin	threaten
tri	three
domɔt	threshold
trot	throat
pas	through
te	throughout
Tɔsde	Thursday
so	thus
bin tich	taught
tik	tick
tayd	tide
klin	tidy
tay	tie
dɔn tif	stolen
tayga	tiger
tayt	tight
Tigrinya	Tigrinya
kushɛ-o tim	Dear Team
tɛm	time
shem	timid
dɔn tinap	stood
valyu tin	asset
patikyula tin	detail
valyu tin dɛn	assets
valyu tin dɛn	treasure
valyu tin	equity
ɔda tin	external
du tin fɔ yusɛf	independent
nyu tin	innovation
valyu tin	jewelry
fɔ tink	assume
fɔ tink	assumption
bin tink bɔt	considered
a tink	i guess
a tink	I think
ɔda tin	option
bad tin	plague
las tin	resort
du tin tret	fair
ɛp	tip
taya	tire
taya	tired
ɛnkicha	tissue
taytul	title
to	to
tost	toast
bi	to be
tide	today
togɛda	together
miks togɛda	combine
tɔylɛt	toilet
biev to	interact
alaw	tolerate
tamatis	tomato
tumara	tomorrow
tɔng	tongue
sɛf	too
tul	tool
tit	tooth
ɔp	top
tɔpik	topic
chɛr	torn
sɔfa	torture
ɔl	total
sheb to tu	split
tɔch	touch
tranga	tough
visit	tour
to	toward
to	towards
tawɛl	towel
tɔŋ	town
pɔyzin	toxic
lɛf to yu	up to you
dɔn tɔk	mentioned
stɔdi	trace
rod	track
kɔstɔm	tradition
kɔstɔm	traditional
trafik	traffic
rod	trail
tren	train
trenin	training
kwaliti	trait
wok tranga wan	diligent
tray tranga wan	effort
wok tranga wan	struggling
transfa	transfer
chenj	transition
translet	translate
Google Translet	Google Translate
klia	transparent
transpɔt	transport
transpɔt	transportation
trap	trap
dɔti	trash
shɔk	trauma
travul	travel
tre	tray
dɔn tray	tried
trit	treat
tritmɛnt	treatment
tik	tree
wɔndaful	tremendous
abit	trend
tɔk tret	blunt
prɔblɛm	trial
stat	trigger
kɔt	trim
travul	trip
nɔ trit ɔlman di sem	biased
plaba	trouble
trɔsis	trousers
trɔk	truck
tru	true
fɔ tru	indeed
tru tru	literally
trɔnk	trunk
na tru	of course
abop	trust
trut	truth
tray	try
Tsonga	Tsonga
tyub	tube
Tyusde	Tuesday
skulfi	tuition
ilɛktronik tul	device
in tu nɔ de	unique
bay tu	pair
tɔki	turkey
tɔn	turn
trɔki	turtle
nɔ tu te	recent
ticha	tutor
twɛlv	twelve
twɛnti	twenty
twɛnti-wan	twenty-one
Twi	Twi
bɛn-bɛn	twist
tu	two
kayn	type
nɔmal	typical
na udat	who is this
wowo	ugly
kpatakpata	ultimate
lukin-grɔn uman	medium
ɔmbrɛla	umbrella
ɔnkul	uncle
ɔnda	under
ɔnda	underneath
tɛkɛ	underrated
ɔndastand	understand
yunifɔm	uniform
pat	unit
yunivasiti	university
te	until
strenj	unusual
ɔp	up
chenj	update
vɛks	upset
siti	urban
push	urge
wi	us
yuz	use
nɔmal	usual
kin	usually
ɔlide	vacation
maklet	vaccination
maklet	vaccine
swip	vacuum
rayt	valid
vali	valley
valyu	valuable
valyu	value
difrɛn	variety
difrɛn	vary
big	vast
motoka	vehicle
pɔyzin	venom
prɔjɛkt	venture
ples	venue
chɛk	verify
rili	very
bot	vessel
nɔ vɛks kwik	mild
rili vɛks	rage
bay	via
filin	vibe
filin	vibes
wayl	vicious
sɔfa	victim
fim	video
vilɛj	village
ol	vintage
kuskas	violence
fɛt-fɛt	violent
vajin	virgin
kwaliti	virtue
si	vision
visit	visit
si	visual
impɔtant	vital
klia	vivid
vɔys	voice
lɔs	void
ɔmɔs	volume
vɔmit	vomit
fɔ wach	observation
pe	wage
pe	wages
wes	waist
wet	wait
weta	waiter
wet	waiting
de waka	walking
waka waka	wander
wek	wake
wek	wake up
waka	walk
wɔl	wall
wɔlɛt	wallet
dɛn wan dɛn	those
fia wan	fairly
ɔnɛs wan	honestly
want	wanna
klia wan	obviously
tek wan pɔsin bɛtɛ pas ɔda pɔsin	prejudice
tek wan pɔsin impɔtant pas ɔda pɔsin	discrimination
want	want
rili want	eager
wantɛm wantɛm	immediate
wantɛm wantɛm	immediately
wan wan tɛm	occasionally
wantɛm wantɛm	sudden
wantɛm wantɛm	suddenly
a want fɔ si yu	I want to see you
pas wan tin	plural
a want	I want
de want ɔltɛm	craving
bin want	wanted
a want yu	I want you
dis wan	version
dɛn wan ya	these
wɔ	war
wadrob	wardrobe
wam	warm
wɔn	warn
wɔnin	warning
fɛtman	warrior
bin	was
was	wash
west	waste
kray wata	tear
kray wata	tears
wach	watch
wata	water
watamɛlon	watermelon
wev	wave
we	way
wi	we
pɔsin we advays	mentor
wik	weak
wik	weakness
wan we a lɛk	beloved
jɛntri	wealth
jɛntri	wealthy
say we animal de	habitat
wɛr	wear
wɛda	weather
bay we	by
mared	wedding
pɔsin we de bil	architect
pɔsin we de drɔ	artist
pɔsin we de ɛp	assistant
kayn we	degree
sɔntin we de prɛd	contagious
sik we de prɛd	infection
pɔsin we de rayt buk	author
pɔsin we de rayt fɔ nyuspepa	journalist
pɔsin we de rul	ruler
pɔsin we de sɛl	vendor
pɔsin we de siŋ	singer
pɔsin we de trit strenja fayn	host
wok we dɛn nɔ pe yu	internship
tin we dɛn yuz milk mek	dairy
Wɛnsde	Wednesday
gras	weed
wik	week
wikɛnd	weekend
pɔsin we gɛt am	owner
it we gi wɛlbɔdi	nutrition
we	weight
uman we in man dɔn day	widow
strenj	weird
bebi we jɔs bigin waka	toddler
tin we jɔs kɔmɔt	latest
angri we kil	starving
wɛlkɔm	welcome
wɛl	Well
nɔ we nɔ de	no way
pɔsin we nɔ du tin tret	pervert
wan we nɔ ebul tɔk	speechless
pikin we nɔ gɛt mama ɛn papa	orphan
man we nɔ mared	bachelor
bin	were
pɔsin we rɛnt	tenant
sɔntin we sawa	vinegar
plant we sɛnt	sage
wɛst	west
nɔ westɛm	urgent
sɔntin we stɔp yu	barrier
sok	wet
bin wet	expected
frɔm wetin	according
ɔl wetin	everything
du wetin rayt	integrity
du wetin rayt	justice
de wet	pending
tin we wi invɛst pan	stock
briz we yu de blo	breath
tin we yu du	deed
animal we yu gi nem	pet
man we yu go mared	fiance
tin we yu lɛk	hobby
Tɛnki we yu peshɛnt fɔ lɛ wi chɛk di ship in lod	Thank you for your patience while we investigate shipment
tin we yu plant	crop
tɛnki we yu yuz wi ap	Thanks for using our app
kol wɛda	winter
gɛt wɛlbɔdi	healthy
gɛt wɛlbɔdi kwik kwik wan	get well soon
yu wɛlkɔm	you are welcome
yu wɛlkɔm	you're welcome
yu wɛlkɔm	you’re welcome
yu wɛlkɔm	your welcome
fɔ wɛl	recovery
de wɛr	wearing
wel	whale
wetin	what
ilɛk	whatever
wit	wheat
taya	wheel
ustɛm	when
ɛnitɛm	whenever
usay	where
semweso	whereas
usay	where is
ilɛksɛf	whether
us	which
we	while
wistul	whistle
wayt	white
udat	who
udat	whom
udat	whose
pan wi	among us
fala wi at	passion
mek wi biliv	confirm
wikɛd	wicked
big	wide
mek wi difrɛn	distinguish
wayd	width
wɛf	wife
wetin wi gɛt	achievement
wayl	wild
wetin wi lɛk	preference
bay wilful	deliberate
aw wi liv	moral
go	will
rɛdi	willing
win	win
briz	wind
winda	window
wayn	wine
sɔntin wi nid	utility
dɔn win	won
aw wi ɔndastand	perception
wep	wipe
kebul	wire
sɛns	wisdom
sɛns	wise
lɛ wi se	suppose
want	wish
kam wit	brought
wich	witch
dɔnawe wit	eliminate
wit	with
kɔmɔt	withdrawal
insay	within
nɔ	without
aw wi tink	attitude
witnɛs	witness
pɔsin wit sɛns	intellectual
rɔn wit spid	rush
fɔni	witty
fam wok	agriculture
gi wok	assign
Wi wok: fɔ mek ɔlman ɔlsay na di wɔl ebul fɔ ɔndastand dɛnsɛf ɛn tɔk to dɛnsɛf.	Our mission: to enable everyone, everywhere to understand the world and express themselves across languages.
Wi wok: fɔ ɔganayz ɔltin na di wɔl ɛn mek ɔlman ebul fɛn am ɛn yuz am	Our mission: to organize the world's information and make it universally accessible and useful.
gud wok	good job
uskayn wok yu de du	what is your job
wulf	wolf
uman	woman
wanda	wonder
wɔndaful	wonderful
wud	wood
wul	wool
wɔd	word
wok	work
wokin	working
ɛksasayz	work out
wɔl	world
tumbu	worm
pwɛl	worn
wɔri	worry
wɔs	worse
wɔship	worship
wɔs	worst
valyu	worth
fit	worthy
go	would
wund	wound
Eh	Wow
difrɛn wɔd dɛn	vocabulary
kɔt wɔd	interrupt
nɔ wɔri	Don't worry
bin wɔri	worried
rap	wrap
vɛks	wrath
an	wrist
rayt	write
raytin	writing
rɔng	wrong
kam ya	come on
sɔri ya	excuse me
oba yanda	over there
gadin	yard
yawn	yawn
big yay	greed
big yay	greedy
Yɛs	Yeah
ia	year
yist	yeast
ala	yell
yala	yellow
Yɛs	Yes
yɛstide	yesterday
stil	yet
dɔn yɛri	heard
nɔ yɛt	not yet
gri	yield
mi yon	mine
yu	you
yɔŋ	young
yu	your
yusɛf	yourself
yɔŋ	youth
ɛn yu	and you
we yu	are you
wit yu at	sincerely
lɛ yu bɔdi kam dɔŋ	diet
wetin yu de du fɔ wok	what do you do for a living
aw yu de du	how are you doing
aw yu de du	how do you do
wetin yu de du jɔs jɔs naw	what are you doing right now
wetin yu de du naw	what are you doing now
aw yu de du tide	how are you doing today
wetin yu de du	what are you doing
wetin yu de du	what do you do
aw yu de fil	emotional
usay yu de go	destination
usay yu de naw	where are you now
aw yu de tide	how are you today
wetin yu de tink	mindset
usay yu de	where are you
usay yu de	where do you live
wetin yu fambul gɛt	inheritance
aw yu fil	mood
fɔ yu	for you
bɔk yu fut	clumsy
wetin yu gɛda	collection
wetin yu gɛt	heritage
ɔmɔs yu go pe	bid
we yu	how about you
usay yu kɔmɔt	where are you from
wetin yu lɛf fɔ yu pikin	legacy
lɔv yu	love you
mekɔp yu maynd	ambitious
mekɔp yu maynd	determination
mekɔp yu maynd	determine
mekɔp yu maynd	determined
aw yu mek yu an	gesture
wetin yu min	what do you mean
mis yu	miss you
swit	yummy
sɔntin yu nɔ plan	emergency
wish yu ɔl di bɛst	wish you all the best
aw yu pas di nɛt	how was your night
si yu	see you
aw yu si sɔntin	perspective
aw yu spɛn di de	how was your day
wetin yu tink	opinion
wetin yu tink	view
wetin yu want	what do you want
we yu	what about you
ɔmɔs yu yuz	consumption
dɔn yuz	used
ziro	zero
gɛt zil	motivation
