अख	a
अख लोकुट	a little
वार्या	a lot
वार्या	a lot of
तर्क करून	abandon
येल त्रावुन	abandoned
रोजुन	abide
सलाहियत	ability
क़ाबिल	able
अहल	able
मुत्लिक	about
पेठ	above
बैरून मुल्क	abroad
गैरहजअरी	absence
गअर हाजिर	absent
बिलकुल	absolutely
जज़्ब गसून	absorb
खुलासा	abstract
बेतुक	absurd
वार्या	abundance
वाफर	abundant
बदसलूकी	abuse
लहज़ह	accent
मानुन	accept
रसाई	access
एक्सीडेंट	accident
रोज़न जाय	accommodation
पूरह	accomplish
पूरह	accomplished
मुताबिक	according
एकाउंट	account
खातह	account
दृस्तगी	accuracy
बराबर	accurate
मुलजिम	accused
दोद	ache
हासिल करून	achieve
कामयाबी	achievement
तस्लीम करून	acknowledge
वाकफियत	acquaintance
हासिल करून	acquire
हासिल कोर्मुत	acquired
हसूल	acquisition
अमिपत	across
आरपार	across
अमल	act
अमल	action
फआल	active
अम्लह	activities
अमलह	activity
अदाकार	actor
हक़की	actual
असली	actually
शदीद	acute
मुताबिक बनावुन	adapt
शामिल करून	add
आदी	addicted
इजाफः	addition
मजीद	additional
रोजन जाय	address
काफी	adequate
नज़दीक	adjacent
सिफ़अत	adjective
ठीक करून	adjust
तारीफ करयिन	admire
तस्लीम	admit
मंगतह	adopt
दिलकश	adorable
तरकी याफ्तः	advance
पेशगी	advance
तक्कीयाफ्त	advanced
फअयदह	advantage
मुहम ज्वाई	adventure
फअल	adverb
इश्तिहार	advertisement
इश्तिहार दियुन	advertising
मशवर	advice
मश्वरा	advise
वकील	advocate
जमालियाती	aesthetic
मामलह	affair
असर अंदाज़	affect
पियार	affection
बर्दाश्त करून	afford
बाज्याफ्त	affordable
खोचुन	afraid
अमि पत	after
पेशुन	afternoon
पततह	afterwards
दुबारह	again
खिलाफ	against
उम्र	age
एजेंसी	agency
एजेंट	agent
जारिहना	aggressive
तेज़	agile
गोडह	ago
मानून	agree
मंज़ूर	agree
समझौतह	agreement
ज़िमान्दारी	agriculture
ब्रोंठ कुन	ahead
आमद	aid
मकसद	aim
हवा	air
हवाई अड़ड	airport
गलियार	aisle
अलार्म	alarm
शराब	alcohol
खबरदार	alert
ज़िन्दह	alive
सअरी	all
तमाम	all
बिलकुल ठीक	all right
गचस लस	all the best
इजाज़त	allow
इजाज़त	allowed
तकरीबन	almost
कुनन्य	alone
साथ	along
गोड पेठ	already
ठीक छु	Alright
बेयय	also
मुत्बदिल	alternative
अगर चि	although
हमेश्य	always
छुस	am
हारान करन वोल	amazing
मुबहम	ambiguous
मक्सद	ambition
वमेद	ambitious
उम्मीद	ambitious
तरमीम	amend
मंज़	amid
दरमियान	among
एशि मंज़	among us
रकम	amount
दिलकशी	amusing
अख	an
तज्ज़िय्ह	analysis
जद अजदाद	ancestors
एंकर	anchor
कदीम	ancient
बेय	and
बाय तुहुय	and you
फिरिशतः	angel
शरारत	anger
राव्ह	angle
शरारती	angry
जानवर	animal
टखनों	ankle
सालगिरह	anniversary
ऐलान	announcement
जेर	annoy
नाराज़	annoyed
परेशान करनवोल	annoying
सालाना	annual
गुमनाम	anonymous
बियाख	another
जवाब	answer
अंदाज़ लगावुन	anticipate
बेचैनी	anxiety
फिक्र मंद	anxious
कांह ति	any
अब और	anymore
कांह ति	anyone
केंह ति	anything
वैसे तह	anyway
बहरहाल	anyways
अलग	apart
अपार्टमेंट	apartment
माफ़ी मंगइन	apologize
ज़ाहिर	apparent
जाहिरा तौर पान्ठ	apparently
दरखौस्त करून	appeal
अपील	appeal
बअसून	appear
हिस नियुन	appear
ज़ाहिरी	appearance
हाज़िर	appearance
ज़ाहिर गसून	appeared
बोछ	appetite
छोंठ	apple
दरखास्त	application
लागू करून	apply
मुक़र्रर करून	appointment
तारीफ	appreciate
तारीफ	appreciation
सुफरिश	approach
नुक्ता नजर	approach
मुनासिब	appropriate
मंजोरी	approval
मंज़ूरी	approve
मंज़ूर शुद	approved
तकरीबन	approximately
अप्रैल	april
मनमानी	arbitrary
मयाद	architect
कलाकारी	architecture
महफूज़ शुद	archive
आस्य	are
छि	are
छे	are
क्या तुहुय	are you
क्या तुहुय छिवा आवअर	are you busy
क्या तुहुय छिवा खान्दर कोर्मुत	are you married
क्या तुहुय छुवा खान्दर कोर्मुत या अन्हुर छिव	are you married or single
क्या तुहुय छिवा विनी येती	Are you still there?
क्या तुहुय छिवा मौजूद	are you there
रक्भह	area
बहस	argue
दलील	argument
वत्हून	arise
नअर	arm
फौज	army
आस पास	around
दस्तियाब करुन	arrange
इन्तिज़ाम	arrangement
यियुन	arrival
वातुन	arrive
वोतमुत	arrived
घमंडी	arrogant
एरो	arrow
कारीगरी	art
मज़मून	article
नकली	artificial
कलाकार	artist
फनकार	artist
पान्ठ	as
तोत ताम	as long as
बअह	as well
अथ सीत	as well as
सूर	ash
शर्मिंद	ashamed
प्रीछुन	ask
प्रिछुन	asked
संगिथ	asleep
पहलू	aspect
असमिया	Assamese
हम्लह	assault
असेंबली	assembly
मुतमईन वोल	assertive
अंदाज़ लगावुन	assess
ताज्ज़ियः	assessment
असासह	asset
असासह	assets
कअम	assign
सुपुर्दगी	assignment
मदद करून	assist
मददगार	assistant
मुंसलिक	associate
मुंसलिक	associated
तहरीक	association
फ़र्ज़ करून	assume
मानुन	assumption
पेठ	at
कम अज़ कम	at least
खोयुन	ate
खिलअड़	athlete
मुंसलिक	attach
मुंसलिक	attached
लगाव	attachment
हमलह	attack
कोशिश	attempt
शिरकत	attend
हअजारी	attendance
ध्यान	attention
रावयिः	attitude
मुतासिर	attract
खिचाव	attract
कशिश	attraction
दिलकश	attractive
पुरकश	attractive
वस्फ़	attribute
सामईन	audience
अगस्त	august
पेचियन	aunt
पेचिन	aunty
मुस्तद	authentic
मुसअनिफ	author
इक्तिदार	authority
हरुद	autumn
दस्तियाब	available
औसत	average
बचुन	avoid
बेदार	awake
होशियार	awake
पुरस्कार	award
आगा	aware
बाखबरी	awareness
आगाही	awareness
दूर	away
ज़बरदस्त	awesome
खोफ्नाक	awful
अजीब	awkward
आइमारा	Aymara
बच्ह	baby
अन्हुर	bachelor
पतकियन	back
पसिमंजर	background
खराब	bad
बेग	bag
चारा	bait
बुजुन	bake
बेकरी	bakery
बेकिंग सोडा	baking soda
बकायत	balance
बाल	ball
बंबारा	Bambara
केअल	banana
बैंड	band
दमाकः	bang
बोठ	bank
बैंक	bank
बार	bar
मुश्किल सान	barely
सोदा	bargain
छाल	bark
युस	barley
रुकावट	barrier
बुनियाद	base
बुन्यादस पेठ	based
इहातः	basement
बुनयादी	basic
बुनयअदी	basically
तर्सीली	basil
हरामी	bastard
बैच	batch
सरान	bath
सरानकुठ	bathroom
बैटरी	battery
जंग	battle
बेय	bay
गसी	be
ध्यान सान	be careful
साहिल	beach
बीम	beam
हेमबह	beans
हापुत	bear
दाअड	beard
असर	bearing
जानवर	beast
मारून	beat
खूबसूरत	beautiful
खूबसूरती	beauty
बनियोमुत	became
तिक्याज़ी	because
बनियोव	become
बेड	bed
सोंगनुक कमरह	bedroom
तुलअर	bee
गायह हियुन्द माज़	beef
सीत	been
हापुत	beer
गोडह	before
शुरुआत	began
शुरू कर	begin
आगाज़	beginning
तर्फः	behalf
बर्ताव	behave
मिज़ाज	behavior
बर्ताव	behaviour
पअथ कुन	behind
आसून	being
आश	belief
यकीन	believe
येड	belly
तालुक	belong
टोठ	beloved
बोनकेन	below
बेल्ट	belt
बेंच	bench
जुकावुन	bend
मंज़इ	beneath
फाईदह	benefit
फ़ैअदह	benefits
एमि निश	beside
अमि अलावह	besides
बेहतरीन	best
गचस लस	best of luck
नेक तमन्ना सान	best regards
बेहतर	better
मंज़	between
दरमियान	between
खेन चीज़	beverage
पअथ	beyond
भोजपुरी	Bhojpuri
तासुब	bias
मुतअसाब	biased
साइकिल	bicycle
बूलियह	bid
बोड	big
बाइक	bike
बिल	bill
ओन	bind
चअर	bird
ज़ाहदोह	birthday
थोडा सा	bit
छोप	bite
टियोठ	bitter
किहुन	black
ब्लेड	blade
इलज़ाम	blame
खअली	blank
कमल	blanket
दमाकह	blast
ब्लीच	bleach
मिलावुन	blend
बरकत	bless
मुबारक	blessed
किस्मतवोल	blessed
ओन	blind
ब्लिस	bliss
ब्लाक	block
खून	blood
खीलुन	bloom
दचकह	blow
नियूल	blue
कंद	blunt
बोर्ड	board
नाव	boat
जिस्म	body
उबलुन	boil
ग्रख	boil
बोल्ड	bold
चालक	bold
बांड	bond
अडीज	bone
किताब	book
बढ़ावुन	boost
बूस्टर	booster
बूट	boot
बूट	boots
बोर्डेर	border
बोर गसून	bore
बोर	bored
बोअर करन वोल	boring
पादह गसून	born
वज़ुम	borrow
बॉस	boss
दुश्व्य	both
बोय	bother
बोतल	bottle
तलकेन	bottom
चोकिसतल	bottom
हियोतमुत	bought
उछाल	bounce
पाबंद	bound
सीमाएँ	boundaries
जुकुन	bow
कटोरह	bowl
डब्ब	box
लड़कह	boy
यार	boyfriend
कोर	bracelet
दिमाग	brain
शाख़	branch
ब्रांड	brand
बहादुर	brave
न मानून	breach
च्होत	bread
फड़रावुन	break
नाश्तः	breakfast
छाअत	breast
शाह	breath
शाह नियुन	breathe
नस्ल	breed
सीर	brick
महरियिन	bride
कदल	bridge
मुख़्तसर	brief
साफ़	bright
चमकुवुन	bright
शानदार	brilliant
अनुन	bring
बोय	bro
वसी	broad
खोल	broad
चालवुन	broadcast
फुटमुत	broke
फुटून	broken
जाडू	broom
बोय	brother
बेममह	brother in law
हहर	brother in law
अनुन	brought
लकरी रंग	brown
ब्रश	brush
बालटीन	bucket
दोस्त	buddy
बजट	budget
बग	bug
बनावुन	build
इमारत	building
बनावुन	built
ढेर	bulk
वार्या	bulk
साँड़	bull
बदमाश	bully
उभार	bump
गुच्छा	bunch
बंडल	bundle
बोज	burden
दफन करिथ	buried
दजुन	burn
फाटून	burst
दफ़नावुन	bury
बस	bus
दोफ	bush
कारोबार	business
कारबार	business
फुटून	bust
मसरूफ	busy
मगर	but
थअयन	butter
तितली	butterfly
पमपोपूर	butterfly
बटन	button
हियोन	buy
तर्फः	by
वैसे	by the way
बाय	bye
गोबी	cabbage
काबीनह	cabinet
पिन्जरह	cage
केक	cake
वोच्छ	calf
कॉल	call
कॉल कर मअ	call me
आलव	called
वनान	called
खामोश	calm
यियुन	came
मुहिम	campaign
आसि	can
करिथ हेकोव नह	can't
मंसूख	Cancel
कन्सर	cancer
कैंसर	cancer
क़ाबिल	capable
कुवत	capacity
सरमाय	capital
उनवान	caption
कब्जह	capture
कार	car
गाडय	car
करियर	career
होशियार	careful
होशियारी सान	carefully
लापरवाह	careless
देखभाल करन वोल	caring
छान	carpenter
कालीन	carpet
गाजअर	carrot
तुलुन	carry
जारी ताईव	carry on
कअम करयिन	carry out
केस	case
नकद	cash
कास्ट	cast
किलह	castle
पुरसकून	casual
बियआर	cat
रटून	catch
हिससह	category
गुपन	cattle
रटून	caught
वजह	cause
होशियार	caution
होशियार	cautious
गोफ	cave
बंद	cease
छत	ceiling
मनावुन	celebrate
सेल	cell
मर्क़ज़	center
हथ	century
अनाज	cereal
तकरीब	ceremony
यकीनी	certain
यकानी	certainly
असली	certainly
सर्टिफिकेट	certificate
ज़ंजीर	chain
कुर्सी	chair
मुकाबलह	challenge
मौकः	chance
बदलवून	change
अफरातफरी	chaos
किरदार	character
खसुसियात	characteristics
चार्ज	charge
सदका	charity
दिलकश	charming
चार्ट	chart
पीछा	chase
बात करयिन	chat
सस्तह	cheap
दोखह	cheat
बेईमानी करइन	cheating
चेक	check
गाल	cheek
खोश	cheer
हंसमुख	cheerful
खुशआमद	cheers
चामअन	cheese
किमियाई	chemistry
असल लगुन	cherish
शतरंज	chess
सीनह	chest
चआपुन	chew
कोकुर	chicken
सस्त	chief
बच्चह	child
बचपन	childhood
बच्चह	children
ठण्ड	chill
बुखारिअ	chimneys
होंगिन	chin
चॉकलेट	chocolate
पसंद	choice
चुनुन	choose
चअटून	chop
कामकाज	chores
गोलमटोल	chubby
चर्च	church
दालचीन	cinnamon
दआयरह	circle
हालात	circumstances
शेहरी	citizen
शेहर	city
दावा	claim
वाज़ियाह	clarify
क्लास	class
चाटहाल	class
मेचछ	clay
साफ	clean
साफ़	clear
क्लर्क	clerk
चालाक	clever
क्लाइंट	client
थोंग	cliff
आबहवा	climate
खासुन	climb
क्लिंग्य	clingy
गअर	clock
बंद करून	close
अलमअर	closet
कपुर	cloth
पलव	clothes
अबुर	cloud
अबूरदार	cloudy
मसखर	clown
इशारह	clue
अनाडी	clumsy
झुरमठ	cluster
कोच	coach
चिनिह	coal
बोठ	coast
साहिल	coast
कोट	coat
कॉफ़ी	coffee
अमली	cognitive
संयोग	coincidence
सर्द	cold
ख़त्म गोव	collapse
कालर	collar
मुलाअजिम	colleague
साथी	colleagues
जमा	collect
मज्मू	collection
कॉलेज	college
रंग	color
बेरंग सब्ज़ ख्याल शरारत सीत शोंग	colorless green ideas slept furiously
रंग	colour
खम्बह	column
कंगुव	comb
मिलायिथ	combination
येक्जा	combine
वोल	come
वोल योर	come here
पख सा	come on
आराम	comfort
आरामदेह	comfortable
यिवान	coming
यि जल्दी	coming soon
हुक्म	command
राय	comment
तिजारती	commercial
कमीशन	commission
अज़म	commit
वादः	commitment
अजम	committed
अजनास	commodity
आम	common
कथ बाथ	communicate
मुवासिलत	communication
बरादारी	community
यिउन गसुन	commute
सअथी	companion
कंपनी	company
मुवाज़नह	compare
मुकबल्ह करून	comparison
हमदर्दी	compassion
हमदर्दी	compassionate
हम आहंग	compatible
मुकम्मल	compete
क़ाबिल	competent
मुकाबलह	competition
मानमानी	competitive
शिकायत	complain
शिकायत	complaint
तकमील	complement
मुक्कमल	complete
पुरः पान्ठ	completely
पेचीदा	complex
मानून	compliance
पीचीदः	complicated
तअरीफ़	compliment
मानून	comply
मर्तब	composition
मर्काब	compound
फहम	comprehension
वसी	comprehensive
समझौतह	compromise
ज़रूरी	compulsory
कंप्यूटर	computer
तवाजः दियुन	concentrate
तसव्वुर	concept
मुताल्कः	concern
मुतल्लिक	concerned
कॉन्सर्ट	concert
नतीजह	conclusion
पोखतः	concrete
हालत	condition
हालत	conditions
मुनकद करून	conduct
मौसूल	conduct
कांफ्रेंस	conference
अपराध मानून	confess
ऐतमाद	confidence
एतिमाद	confident
ताज्दीक	confirm
तानाजः	conflict
उल्जनि मंज़	confused
उलझाव	confusion
मुबारक	congrats
मुबारक	congratulation
मुबारक	congratulations
जमघट	conjunction
जोडून	connect
ज़ेनुन	conquer
होश	conscious
ज़मीर	consciousness
रजामंदी	consent
इजाज़त	consent
नतीजह	consequences
कथबाथ	conservation
प्रियानेन खयालन हियिंद	conservative
गोर कर्यिव	consider
समझान छि	considered
मुश्तमिल	consist
मुस्तकिली	consistency
लगातार	consistent
लगातार	constant
मुसलसल	constant
मुसलसल	constantly
कब्ज़	constipation
बनावुन	construction
इस्तेमाल करून	consume
खर्च गसन वोल	consumption
राबितः	contact
वबह	contagious
रुकावुन	contain
मुश्तमिल	contains
हम असर	contemporary
तोहीन	contempt
मवाद	content
मुकबल्ह	contest
सबक	context
बरिअज्म	continent
जारी	continue
माहदः	contract
बरअक्स	contrast
दियोत	contribute
शिरकत	contribution
इख्तियार	control
फितनह	controversial
सुहोलिय्त	convenience
आसान	convenient
कथ्बात	conversation
बदलावुन	convert
वानुन	convey
काइल	convince
कईल	convinced
रनुन	cook
रनुन	cooking
ठण्डह	cool
ताआवुन	cooperation
निम्नटा	cope
ट्राम	copper
ख़ास	core
मकाई	corn
कूनह	corner
सही	correct
दरुस्त	correct
लगत	cost
पलव	costume
कॉटेज	cottage
कपास	cotton
गाडय	couch
चास	cough
करिथ हेकोव	could
कौंसिल	council
शुमार	count
काउंटर	counter
मुल्क	country
दिही इलाकह	countryside
जोर	couple
बहादुरी	courage
कोर्स	course
अदालत	court
शुक्रगुज़री	courtesy
पितअर बआय	cousin
कवर	cover
गाव	cow
बुजदिल	coward
आराम देह	cozy
कियोम	crab
फटरावुन	crack
कला	craft
बकवास	crap
ख़त्म गछुन	crash
मजबूत इरादः	craving
यड सीत पकुन	crawl
पागल	crazy
बनावुन	create
तख्लीकी	creative
क्रेडिट	credit
खखरी पकुन	creep
खोचनावुन	creepy
कामिवआल	crew
गोनह	crime
क्रिंज	cringe
बोहरान	crisis
मयाद	criteria
संजीदह	critical
तनकीद	criticism
फसल	crop
लोनुन	crop
फसल	crops
क्रॉस	cross
काव	crow
भीड़	crowd
हजूम	crowded
ताज	crown
नाज़ुक	crucial
ज़अलिम	cruel
समुद्र में यात्रा करना	cruise
कुचलुन	crush
वदुन	cry
लआर	cucumber
नालमोत करून	cuddle
सक़ाफत	culture
चालाक	cunning
पियालह	cup
अलमआर	cupboard
रुकावुन	curb
इलाज	cure
कर्फ्यू	curfew
तजस	curiosity
मुत्जस	curious
कोंकल	curly
करेंसी	currency
मौजूद	current
मौजूद	currently
लानत	curse
परदह	curtain
तअकी	cushion
पन्नय मर्ज़ी मुताबिक	custom
ग्राहक	customer
रिवाज	customs
चटून	cut
खूबसूरत	cute
साइकिल	cycle
साइकिल चालवुन	cycling
मौल	dad
मोल	daddy
दोहय	daily
डेरी	dairy
डैम	dam
नुक्सआन	damage
लानत	damn
नम	damp
डांस	dance
खतरह	danger
खतरनाक	dangerous
अनीगअट	dark
टोठ	darling
यार	darling
दोस्त	darling
डैश	dash
डाटा	data
तारिख	date
कूर	daughter
दोह	day
मोरमुत	dead
मोक्लावुन वख	deadline
जोओर	deaf
सोदा	deal
टोठ	dear
तमाम अज़ीज़	Dear All
टोथ ग्राहक	Dear Customer
टअठ वालिदेन	Dear Parents
टओठ वस्ताद	Dear Sir
टाठियोव शागिरदोव	Dear students
टअठ टीम	Dear Team
मरून	death
बहस	debate
खर्चह	debit
मलबह	debris
क़र्ज़	debt
दशक	decade
क्षय	decay
मुतवाकः	deceased
धोखह	deceive
दिसम्बर	december
मुहज़िब	decent
मौकूल	decent
फआसलह	decide
फैसलह गोमूत	decided
फासलह	decision
डेक	deck
कमी	decline
कमी	decrease
वक्फ	dedicated
खात्र	dedication
कअम	deed
सोन	deep
हिरन	deer
डिफ़ॉल्ट	default
हारून	defeat
हिफाज़त	defend
वज़ाहत	define
यकीनी	definitely
तारीफ	definition
डिग्री	degree
ताखीर	delay
पथ करून	delayed
मंसूख	delete
जान बूज कर	deliberate
नाज़ुक	delicate
मजदार	delicious
मज़	delight
खुश	delighted
वातनावुन	deliver
वातनावुन	delivered
तरसील	delivery
मुताल्बह	demand
मंग	demand
मुताल्बह करून	demanding
जम्हूरियत	democracy
शैतान	demon
मुजाहिरह	demonstrate
इनकार करून	denied
मुकाम	density
दंद डॉक्टर	dentist
इनकार	deny
शोबह	department
रवानगी	departure
बरोसस पेठ	depend
तैनात	deploy
जमा	deposit
परेशानी	depressed
देमागी दबाव	depression
जेहनी	depression
सनेयर	depth
बयान करून	describe
वज़ाहत	description
रेगिस्तान	desert
मुसतहिक	deserve
डिजाईन	design
ओहदह	designation
खाहिश	desire
डेस्क	desk
नाउम्मीद	despair
बेताब	desperate
बावजूद	despite
मायठी	dessert
मुकाम	destination
तकदीर	destiny
तबह	destroy
ख़त्म	destruction
तफसील	detail
तफसील	details
पता करुन	detect
तअयुन	determination
तईन	determine
मज़बूत	determined
तबह ग्सून	devastated
तरकी	develop
तरकी याफ्त	developed
तरकी	development
आलः	device
शैतान	devil
वक्फ	devoted
दिवेही	Dhivehi
मोचर	diabetes
दस्त	diarrhea
मुसिल	diarrhea
डायरी	diary
डिक्शनरी	dictionary
कोर	did
मरून	die
मूद	died
खुराक	diet
खेन	diet
फरक	difference
मुख्तलिफ	different
मुश्किल	difficult
खननुन	dig
वेकार	dignity
नरमी	diligent
शामुक खेन	dinner
डुबावुन	dip
बराईरास्त	direct
हुक्म	direct
सिम्त	direction
डायरेक्टर	director
गर्द	dirt
मुकुर	dirty
नाकाम	disable
माजूर	disabled
गयिब	disappear
मायूस	disappointed
आफत	disaster
खारिज करुन	discard
नेरून	discharge
नज़्मओज़ब्त	discipline
छूट	discount
दरयाफ्त	discover
राय करयिन	discrimination
बहस करून	discuss
बहस	discussion
बेअमाआर	disease
बेमअर	diseases
बयेस	disguise
नागुवार	disgusting
दिश	dish
पकवान	dishes
ख़ारिज	dismiss
सोजुन	dispatch
डिस्प्ले	display
निपटावुन	disposal
फितनह	dispute
दूरी	distance
ख़ास	distinct
अलग करयन	distinguish
तकलीफ	distress
तकसीम	distribution
जिलह	district
परेशान करून	disturb
खाय	ditch
डून्ज	dive
मतनू	diverse
किस्मवार	diversity
अलग करून	divide
इल्हामी	divine
तलाक	divorce
चकरयून	dizzy
कोर	do
क्या तुहुय	do you
चुह छुखा मेअ मोहब्बत करान	do you love me
डॉक्टर	doctor
कागज़	document
करान छु	does
केंह कर नह	doesn't
हून	dog
डोगरी	Dogri
करान	doing
गुड़िया	doll
डोमेन	domain
घरेलू	domestic
ग़ालिब	dominant
मह कर	don't
फ़िक्र मअ कर	Don't worry
अतियः	donate
गोव	done
खर	donkey
नश वोल दवा	dope
दोगनह	double
शक	doubt
मंअडित ओट	dough
बोन	down
डाउनलोड	download
मसौदा	draft
खखरि नियुन	drag
नआयल	drain
ड्रामा	drama
बनावुन	draw
दराज	drawer
ड्राइंग	drawing
खोफ	dread
ख्वाब	dream
पलव	dress
लिबास	dress
गोद करून	drill
चौन	drink
चलावुन	drive
त्रावुन	drop
फियोर	drop
त्रावुन	dropped
खुशक्साली	drought
चेथ	drunk
खोश्क	dry
बतुख	duck
यार	dude
दोस	dude
वाजिब	due
हक़दार छे	due to
सस्त	dull
अहमक़	dumb
ज़ोर	dumb
डंब	dump
मुदत	duration
दोरान	during
गर्द	dust
ड्यूटी	duty
फ़र्ज़	duty
रोजुन	dwell
मरान	dying
प्रेत	each
पान वयेन	each other
बेताब	eager
गांठ	eagle
कन	ear
गोडह	earlier
गोडय	early
जल्द	early
ज़ेनुन	earn
कमावुन	earn
कन	ears
ज़मीन	earth
बुनियुल	earthquake
आसानी	ease
आसानी सान	easily
मशरिक	east
आसान	easy
खियोन	eat
खियोन	eating
इक्त्सअदी	economic
मअशियत	economy
कून्ह	edge
एज	edge
एडिट करून	edit
तालीम	education
असर	effect
असरदार	effective
कारकर्दगी	efficiency
मोवसिर	efficient
क़ाबिल	efficient
कोशिश	effort
ठूल	egg
वांगन	eggplant
घमंड	ego
अआठ	eight
अरदह	eighteen
शीत	eighty
या चि	either
वस्तार सां वनुन	elaborate
खोनवअट	elbow
बुज़र्ग	elder
बुज़ुर्ग	elderly
खूबसूरत	elegant
अनसुर	element
होस	elephant
काह	eleven
अहल	eligible
खत्म	eliminate
बेय	else
शर्मंद	embarrassed
शर्मंद गसून	embarrassing
नाल्मोत करुन	embrace
उबरून	emerge
इमरजेंसी	emergency
जज्बाती	emotional
हमदर्दी	empathy
जोर	emphasis
ख़लीज	emphasize
मुलअजिम	employee
मुलाअज़िम	employees
आजिज़	employer
रोज़गार	employment
खाली	empty
फआल	enable
सामना	encounter
होसला अफजाई	encourage
खत्म	end
खटरस मंज़	endangered
कोशिश	endeavor
कोशिश	endurance
कोशिश	endure
दुश्मन	enemy
तवानाई	energy
कामि पेठ लगुन	engage
मसरूफ	engaged
आवुर	engaged
निशाअन	engagement
मसरूफियत	engagement
इंजन	engine
इंजिनियर	engineer
अंग्रेजी	English
बडावुन	enhance
मज़ कर्यिव	enjoy
वार्या ज्यादह	enormous
हद खोत ज्याद	enough
हद	enough
लअज़मी	ensure
दाखल करून	enter
तफरी	entertainment
जोश	enthusiasm
जोश सान	enthusiastic
पूरह	entire
हक़दार	entitled
इकाई	entity
दअखलह	entrance
बापअयर	entrepreneur
लिफ़ाफ़े	envelope
माहोल	environment
हसद	envy
बोडकलाम	epic
वबाह	epidemic
बराबर	equal
सामान	equipment
मुसावरत	equity
मसावी	equivalent
रबड़	eraser
गलती	error
फरार	escape
ख़ास पान्ठ	especially
मज़मून	essay
जोहर	essence
ज़रूरी	essential
कायिम	establish
बुनियाद	established
एस्टेट	estate
तखमीनह	estimate
अंदाज़न	estimated
वागअर	etc
अबदी	eternal
शऊर	ethics
जान्चुन	evaluate
तशखीस	evaluation
अगर चि	even
चाहे	even though
शाम	evening
वाकः	event
तकरीब	event
आखरकार	eventually
कुनिसात	ever
हर कोई	every
प्रेथ कांह	everybody
प्रेथ कांह	everyone
प्रेथ्ह केंह	everything
सबूत	evidence
गवाह	evidence
बुराई	evil
इर्तिका	evolution
तैयार	evolve
एवै	Ewe
साबिक	ex
असली	exact
बिलकुल	exactly
इम्तिहान	exam
इम्तिहान	examine
मिसाल	example
हद खोत ज्याद	exceed
वार्या असल	excellent
बागआर	except
सिवाय	except
रिआयत	exception
वार्या	excess
वार्या	excessive
अदल-बदल	exchange
बदलावुन	exchange
जोश सन	excited
ख़ुशी	excitement
दिलकश	exciting
ख़सूसी	exclusive
माफ़ कर्यिव	excuse
माफ़ कर्यिव	excuse me
यिकुन बोज़	excuse me
बेय वन	excuse me
फंसी	execute
अमल दरामद	execution
करनवोल	executive
कसरत	exercise
थकुन	exhaust
थकुन	exhausted
खत्म	exhausted
हावुन	exhibit
नुमाइश	exhibition
मौजूद	exist
वजूद	existence
मौजूद	existing
बाहर नेरून	exit
फअलावुन	expand
तव्काह	expect
मुतवकः	expected
अखरजात	expenses
कअमती	expensive
तजरुब	experience
कोशिश	experiment
एक्स्पेरिमंत	experiment
माहिर	expert
मैयाद खत्म	expired
वज़ाहत	explain
वज़ाहत दियिन	explanation
ज़ुल्म करून	exploit
दरयाफ्त करून	explore
बरामद	export
अनावृत करना	expose
बे नकाब	exposed
नेबअर द्राव	exposure
इज़हार	express
इज़हार	expression
बढ़ावुन	extend
बड़ोमुत	extended
तव्सी	extension
हद ताम	extent
नेब्रिम	external
गआब	extinct
मजीद	extra
कडुन	extract
गअरमामूली	extraordinary
हद	extreme
इन्तिहाई	extremely
अच्छ	eye
आच्छ	eyes
कपुड	fabric
शानदार	fabulous
बुथ	face
आसान करुन	facilitate
सहूलियत	facilities
सहूलियत	facility
पजर	fact
अनसुर	factor
कारखान	factory
हकाइक	facts
फीकह	fade
नाकाम	fail
नाकाम	failed
नाकामी	failure
बेहोश	faint
सही	fair
असल पान्ठ	fairly
परी	fairy
ईमान	faith
वफादार	faithful
नकली	fake
वअस्य पियोन	fall
गलत	false
शोहरत	fame
वाकिफ	familiar
अयाल	family
कहत	famine
मशहूर	famous
फेन	fan
पसंद	fancy
लाजवाब	fantastic
दूर	far
अलग गासुन	farewell
फार्म	farm
ज़मीन	farm
किसान	farmer
दिलकश	fascinating
फैशन	fashion
तेज़	fast
चरबी	fat
मोट	fat
मोहलिक	fatal
किस्मत	fate
मोल	father
थकावट	fatigue
गलती	fault
पसंदीदः	favorite
अहसान	favour
पसंदीदः	favourite
खौफ	fear
दावत	feast
पखह	feather
ख़सूसी	feature
खसुसियात	features
फरवरी	february
तंग यून	fed up
फीस	fee
राय	feed
चारह	feed
राय	feedback
तासुर	feedback
महसूस	feel
अहसास	feeling
खोर	feet
पत्थर पियोन	fell
साथी	fellow
महसूस करून	felt
ज़नान	female
फेंस	fence
जरखेज़	fertile
बोडदोह	festival
अनुन	fetch
तफ	fever
केंह	few
कम	fewer
मंगेतर	fiance
अफसान	fiction
मैदान	field
शदीद	fierce
पनदह	fifteen
पनचाह	fifty
लड़आय	fight
लड़ाईय	fighting
एदाद शुमार	figure
पता करून	figure out
फ़ाइल	file
भरून	fill
बरिथ	filled
फिल्म	film
गन्दह	filthy
आखर कार	finally
मअलियत	finance
मअली	financial
छाडून	find
छारून	find out
ठीक	fine
अनगज	finger
खत्म	finish
खत्म	finished
नार	fire
मजबूती सान	firm
गोडनियुक	first
गोडनियुक नाव	first name
गाड	fish
बराबर	fit
फिट	fit
पानचह	five
हल करुन	fix
ते शुद	fixed
झंडह	flag
फ़्लैश	flash
फ्लैट	flat
खामी	flaw
आअब बगअर	flawless
फरार	flee
माज़	flesh
चअलून	flew
फ्लेक्स	flex
लचकदार	flexible
परवाज़	flight
पलटून	flip
थअयन करयिन	flirt
चालू	flirting
छानठ	float
सअलाब	flood
फर्श	floor
ओटह	flour
बहाव	flow
पोश	flower
फ्लू	flu
फर फर दार	fluent
रवानी सान	fluently
तेज़	fluffy
स्याल	fluid
परवाज़	fly
फोकस	focus
वअनर	fog
वअनर	foggy
गोन	fold
लुख	folks
पाबंद रोजुन	follow
पैरवी करयिन	follow
जारी थावुन	follow up
यिम	following
दर्ज जेल	following
खेन	food
बेवक़ूफ़	fool
बेवकूफ	foolish
खोर	foot
फूटबाल	football
खात्र	for
मसलन	For example
मसलन	for instance
तुहुय खात्र	for you
मम्नूह	forbidden
ताक़त	force
पेशनगोई	forecast
डेकह	forehead
बेरुनी	foreign
जंगल	forest
हमेशखात्र	forever
मश्रावुन	forget
काफ करून	forgive
मश्रावुन	forgot
कानटह	fork
फॉर्म	form
रस्मी	formal
साबिक	former
खुश किस्मती	fortunately
खुश किस्मत	fortune
चतजी	forty
दोयतअजी	forty-two
ब्रोंठकुन	forward
रसाई	foster
लडून	fought
लबुन	found
बुनियाद	foundation
चोअर	four
चोहदह	fourteen
शाल	fox
कमज़ोर	fragile
फ्रेम	frame
अक्स	framework
धोखह	fraud
पागल	freak
आज़ाद	free
आज़ादी	freedom
शिशुर	freeze
बेय त बेय	frequency
बार बार	frequent
बार-बार	frequently
ताजः	fresh
जुमाह	friday
फ़्रिज	fridge
दोस्त	friend
दोस्ताना	friendly
दोस	friends
दोस्ती	friendship
खोफनाक	frightened
खौफनाक	frightening
मियिन	frog
सेय	from
ब्रोंठकेनिह	front
शिशुर लोग्मुत	frozen
मेवह	fruit
मायूस	frustrated
तील	fuel
फ़ुलफ़ुल्दे	Fulfulde
बरिथ	full
मज़ह	fun
तकरीब	function
असली	fundamental
जिनाजः	funeral
मसखर	funny
खाल	fur
शरारत	furious
फर्नीचर	furniture
मजीद	further
मज़ीद	furthermore
मुस्तकबिल	future
कमावून	gain
खेल	game
खला	gap
गैरेज	garage
रदी	garbage
बाग़	garden
रुहुन	garlic
गेट	gate
जमा	gather
महफ़िल	gathering
गेज	gauge
आर	gave
गियर	gear
संफ	gender
आम	general
आम तौर पान्ठ	generally
बनावुन	generate
पीढ़	generation
बेलोस	generous
तेज़ दिमाग वोल	genius
स्टाइल	genre
नर्म	gentle
असली	genuine
इशारह	gesture
रटीव	get
तैयार गस	get dressed
वथुन	get up
जल्दी गस ठीक	get well soon
हासिल करून	getting
भूत	ghost
भूत	ghosting
दियोव	giant
तोह्फः	gift
अदरक	ginger
कूर	girl
गर्लफ्रेंड	girlfriend
दियिव	give
हारून	give up
दियिथ	given
ख़ुशी	glad
झलक	glance
शीशह	glass
शीशह	glasses
झलक	glimpse
आलमी	global
उदास	gloomy
अथपंज	gloves
बडून	glow
चमक	glow up
ग्लू	glue
गसिव	go
पख ब्रोंठ	go ahead
नेबर गसुन	go away
गस शोंग	go to bed
इराद	goal
मकसद	goals
छावअज	goat
खुदा	god
खुदाई थयन्य सलामत	god bless you
गोव	goes
गसून	going
गसान छुस	going to
सोन	gold
गोव	gone
करनवोल	gonna
लारवुन	goo
असल	good
सलाम	good afternoon
मंदीयून वख	good afternoon
खुदा हाफिज	good bye
असल दोह	good day
शाम बखैर	good evening
असल आला	good job
खूबसूरत	good looking
असल किस्मत	good luck
सुबह-खैर	good morning
सलाम	good morning
आदाब	good morning
सुबहखैर मियोन टोठ	good morning my love
शबाखैर	good night
खुदा हाफिज	goodbye
शबहखैर	goodnight
सामान	goods
गूगल	Google
गूगल तरजुम	Google Translate
बत्तख	goose
खूबसूरत	gorgeous
गपशप	gossip
मेलुन	got
मिलियोव	got it
हुकूमत	government
झपटून	grab
ग्रेड	grade
वारह वारह	gradually
ग्रेजुएट	graduate
अनाज	grain
अता करून	grant
दियून	granted
दच्छ	grapes
रटून	grasp
गासह	grass
शुक्रगुज़ार	grateful
शुकुर करुन	gratitude
कब्र	grave
सूरय	gray
ज़बर	great
लालच	greed
लालची	greedy
सब्ज़	green
सलाम	greet
आदाब	greet
सलाम	greeting
सलामती	greetings
सुरय	grey
ग्रिड	grid
मुसीबत	grief
पिशुन	grind
पकड़	grip
सोदा	grocery
महराज	groom
मज्मूई	gross
मैदान	ground
जुंड	group
बडून	grow
तरकी	growth
चिड़चिड़ा	grumpy
गुआरानी	Guarani
ज़मानत	guarantee
गार्ड	guard
अंदाज़ लगावुन	guess
मेहमान	guest
रहुन्माई	guidance
गाइड	guide
कसूरवार	guilty
लड़कह	guy
यार	guys
जिम	gym
आदत	habit
आदतन	habitat
ओस	had
डूओंठ	hail
मस	hair
नेसब	half
हाल	hall
अथह	hand
हैंडल	handle
खूबसूरत	handsome
लटकावुन	hang
नेबर	hang out
गसुन	happen
गोव	happened
ख़ुशी	happiness
खोश	happy
ज़ायदोह मुबारक	happy birthday
ज़ायदोह मुबारक तुहुय	happy birthday to you
नोव वरी मुबारक	happy new year
सख्त	hard
मुश्किल सान	hardly
शदीद कुनिसात	hardly ever
नुक्सान	harm
नुक्सानदेह	harmful
हम अहंगी	harmony
सख्त	harsh
फसल	harvest
आसि	has
नफरत	hate
आसि	have
तुहुंद दोह आसिन असल	have a good day
तुहुंद दोह गुज़रीन असल	have a nice day
नाशत कर	have breakfast
मज़ करयिव	have fun
क्या तुहुय खियोवह	have you eaten
आसुन	having
खतरह	hazard
वअनर	haze
हु	he
सु	he
तमिस छु	he has
सु छु	he is
कलह	head
कलदोद	headache
ठीक गासुन	heal
बलुन	healing
सेहत	health
सेहतमंद	healthy
बोजुन	hear
बूज़ुम	heard
दिल	heart
तचर	heat
जानत	heaven
बोड	heavy
गोब	heavy
आवुर	hectic
थज़र	height
वारिस	heir
लूट	heist
मुनकद	held
जह्न्म	hell
हेल्लो	Hello
हेल्लो टाठिया	hello dear
हेल्लो ठीक छिवा	hello how are you
हेलो क्या छिव करान	hello how are you doing
हेलमेट	helmet
मदद	help
मददगार	helpful
इस लिए	hence
तेम सुन्द	her
रेवड़	herd
येतन	here
विरासत	heritage
हिचकिचाहट	hesitate
हेय	Hey
हाई	Hi
ह्य क्या हाल छु	hi how are you
सलाम	Hi there
छुपिथ	hidden
चुपावुन	hide
दर्जबंदी	hierarchy
थोद	high
हावुन	highlight
खटित	hike
पैदल	hiking
मजदार	hilarious
पहाड़	hill
सु	him
इशारः	hint
रोंख	hip
रोंख	hips
किरायस पेठ नियुन	hire
भरती	hiring
तेमसिंज	his
तारिख	history
मारुन	hit
हम्म	Hmm
शोक	hobby
रटून	hold
रुकन	hold on
ज़दह	hole
छुट्टी	holiday
खोखलह	hollow
घरह	home
घरकअम	homework
ईमानदार	honest
ईमानदारी	honestly
माछ	Honey
इज्ज़त	honor
हुड	hood
हुक	hook
हॉप	hop
उम्मीद	hope
उम्मीद छे	hopefully
नाउम्मीद	hopeless
खड़ा	horizontal
हॉर्न	horn
खोफनाक	horrible
वेह्शत	horror
गुर	horse
हस्पताल	hospital
महमान नवाज़ी	hospitality
मेज़बान	host
बंदी	hostile
गर्म	hot
होटल	hotel
गंटह	hour
घंटह	hours
माकन	house
घरेलु	household
क्या	how
तुहुय छिवा ठीक	how about you
तुह्य छिवा ठीक	how are you
क्या सा ठीक छिव	how are you doing
तुहुय क्या छिव करान	how are you doing today
तुहुंद क्या हाल छु अज़	how are you today
तुहुय छिवा ठीक	how do you do
कीथ छिव	how is
कअतिया	how many
कूततः	how much
कआतिहाय लटी	how often
तुहुय काचाह वांस छव	how old are you
तुहुय दोह कियुथ गुजरियोव	how was your day
तुहुन्ज़ राथ किछ आस	how was your night
हालांकि	however
मरकज़	hub
खानदार	hubby
नालमोत	hug
बोड	huge
इन्सान	human
आजिज़	humble
मरतूब	humid
नमी	humidity
हथ	hundred
बोछहोत	hungry
शिकार करुन	hunt
तुफान	hurricane
जल्दी	hurry
जल्दी कर	hurry up
लगुन	hurt
ज़ख़्मी	hurt
खानदार	husband
धक्का-मुक्की करयन	hustle
हट	hut
साफ़ सफाई	hygiene
मेअ	I
बअ	I
बअ छुस	I am
बअ छुस ठीक	I am fine
बअ करह	I can
बअ हेक्ह नह करिथ	I can't
बअ कररह	I do
मेअ छे न पता	I do not know
मअ समझ नह	I do not understand
बअ कर नह	I don't
मेअ छे नह पता	I don't know
मेअ आव नह समझ	I don't understand
मअ आव नह चोन मतलब समझ केंह	I don't understand what you mean
मअ आय नह तुहुन्ज़ कथ समझ	I don't understand you
मेअ छे न पता	I don’t know
मेअ आव नह समझ	I don’t understand
मेअ छु बसान	i guess
मेअ ओस	I had
मेअ निश	I have
बअ छुस रूदमुत	I have been
मअ छे उम्मीद	I hope so
मेअ छा पता	I know
मेअ छु पसंद	I like
मअ छुख पसंद	I like you
मअ छु पसंद	I love
बअ छुस पन्निस बडीस बायीस सीत मोहब्बत करान	I love my big brother
बअ छुस पन्नी बज्जि बेनि सीत मोहब्बत करान	I love my big sister
बअ छुस पन्निस मालिस सीत मोहब्बत करान	I love my father
बअ छुस पन्निस लोकटिस बायीस सीत मोहब्बत करान	I love my little brother
बअ छुस पन्नी लोकचि बेनि सीत मोहब्बत करान	I love my little sister
बअ छुस पन्नी माजि सीत मोहब्बत करान	I love my mother
मेह छु मोहब्बत तुह्यसीत	I love you
मेअ तुहुय सीत वार्याह मोहब्बत	I love you so much
बअ ति छुस तुहुय सीत मोहब्बत करान	I love you too
मियोन मतलब छु	I mean
बअ छुसत छह याद करान	I miss you
बअ छुसथ च्हे याद करान	I miss you so much
अच्छा	I see
मेय्निस खयाल्स मंज़	I think
मेअ आव समझ	I understand
बअ छुस येछान	I want
बअ छुस येचान चेह वुछुन	I want to see you
मेअ छुख पसंद	I want you
बअ ओसुस	I was
बअ करह	I will
बअ आसह	I would be
बअ छुस	I'm
बअ छुस ठीक	I'm fine
बअ छुस ठीक	I'm good
बअ छुस येतन	I'm here
माफ़ी दियिव	I'm sorry
मेअ गय मआफ़ी	I'm sorry
शिशुर	ice
मलाई कुल्फी	ice cream
ख्याल	idea
आदर्श	ideal
हिवुय	identical
पर्जनावुन	identify
शनाख्त	identity
बेवकूफ़	idiot
बेकार	idle
अगर	if
नज़र अंदाज़ करून	ignore
बेमार	ill
गैरकानूनी	illegal
बेमाअरी	illness
इलोकानो	Ilocano
शक्ल	image
खयाली	imagine
फोरी	immediate
जल्दी	immediately
बेपनाह	immense
असर	impact
बे सब्र	impatient
अमलि मंज़ अनुन	implement
दरामद	import
ज़रूरी	important
अहम	important
मुसललत	impose
नामुमकिन	impossible
मुतासिर करून	impress
तासुर	impression
असरदार	impressive
बेहतर बनावुन	improve
बेहतरी	improvement
पेठ	in
एमि अलावः	in addition
असल मंज़	In fact
ब्रोंठ केन	in front of
करन्ह खात्र	in order to
नमुनासिब	inappropriate
तरगीब	incentive
वाका	incident
शामिल	include
ब्शमोल	including
आमदनी	income
तकलीफ	inconvenience
इज़ाफः	increase
इज़ाफ़ी	increased
ज़बरदस्त	incredible
बेशक	indeed
आज़ाद	independent
भारत	India
इशारह करून	indicate
स्वदेशी	indigenous
अकुय	individual
कुन	individual
इंडस्ट्री	industry
नगरीज़	inevitable
शीरखार	infant
इन्फेक्शन	infection
हद रोस्त्य	infinity
सोज़िश	inflammation
द्रोजर	inflation
रसूक	influence
जानकारी	inform
ज़ानकारी	information
अज्जाह	ingredients
वरासत	inheritance
इब्तिदाई	initial
पहल	initiative
ज़ख़्मी	injured
ज़ख्म	injury
मासूम	innocent
ईजाद करून	innovation
तहकीक	inquiry
पागल	insane
कियोम	insect
गैर महफूज़	insecure
त्रावुन	insert
अंदर	inside
बसीरत	insight
इसरार	insist
इनसोम्निया	insomnia
तयार करून	inspiration
होस्ल्ह अफज़ाई	inspire
इनस्टॉल	install
मिसाल	instance
जल्दी	instant
एमी बदलह	instead
एमि बगअर	instead of
हिदायत	instructions
अवजार	instrument
आलः	instrument
बेएज्ज़त करून	insult
इन्शुरन्स	insurance
बरकरार	intact
साल्मियत	integrity
ज़िहेनियत	intellectual
ज़हानत	intelligence
क़ाबिल	intelligence
क़ाबिल	intelligent
होशियार	intelligent
इराद	intend
इरादह	intended
शदीद	intense
इरादा	intention
कथ बात	interact
इंटरैक्शन	interaction
दिलचस्पी	interest
सूद	interest
पसंदीदः	interested
दिलचस्प	interesting
मुदाखलत	interfere
मअयारी	intermediate
अंदरूनी	internal
बैनुल अक्वामी	international
इंटर्नशिप	internship
मतलब कडुन	interpret
मंजिम	interpreter
रुकावट अनयन	interrupt
इंटरव्यू	interview
मुबाश्रत	intimate
मंज़	into
तारुफ़	introduce
तारुफ़	introduction
रूहअनी	introvert
वजदान	intuition
गलत	invalid
इय्जाद	invent
इन्वेंट्री	inventory
सरमाय	invest
जाँच करून	investigate
दावत	invitation
दावत	invite
रसीद	invoice
शामिल	involve
वाबस्तः आसून	involved
शिसतर	iron
छे	is
द्वीप	island
अलग थलग	isolated
मसला	issue
मसलह	issues
यि	it
यि छु	it is
यि ओस	it was
यि छु	it's
ठीक छु	it's ok
कांह मसलह छु नह	It's okay
चीज़	item
सामान	items
एमि सुन्द	its
बअ छुस	I’m
जैकेट	jacket
जेल	jail
जनवरी	January
जार	jar
प्राचह	jaw
हसद	jealous
जटकह	jerk
सौन	jewelry
नौकरी	job
जॉगिंग	jogging
शामिल गसून	join
यिकवट	joint
जोक	joke
चुटकुला	joke
सहाफी	journalist
सफ़र	journey
ख़ुशी	joy
जज	judge
रस	juice
जुलाई	july
वोठ	jump
जून	june
रदी	junk
सिर्फ	just
बस कर्यिव	just do it
इन्साफ	justice
जवाज़ पेश करून	justify
कलाल्लिसुत	Kalaallisut
कॉशुर	Kashmiri
कोठ	keen
थावुन	keep
जारी थायिव	keep it up
थावुन	kept
केटटल	kettle
चाबी	key
लाथ दियिन	kick
बच्चह	kid
मज़ाक	kidding
बोकवट	kidney
बच्चह	kids
मारुन	kill
शरीफ	kind
किन्दा	kinda
मेहरबानी करिथ	kindly
महरबानी	kindness
बादशाह	king
बोसह	kiss
किचन	kitchen
पतंग	kite
ब्रारिबच्चह	kitten
कोठ	knee
जानुन	knew
शारपअज	knife
नाईट	knight
जानुन	know
इल्म	knowledge
जानुन	known
कोंकणी	Konkani
क्रियो	Krio
लेबल	label
मजदूर	labor
मजूररि	labour
कमी	lack
हेयर	ladder
ज़नान	lady
पथर पेथ	laid
झील	lake
छीरह	lamb
लंगड़ा	lame
चिराग	lamp
ज़मीन	land
हमवार	landscape
ज़बान	language
खोनि	lap
बोड	large
आखरी	last
आखरी मगर कम अज कम नह केंह	last but not least
आखरी नाव	last name
चेयेर	late
हाल ही मंज़	lately
पततह	later
नोव	latest
पतपहमथन	latter
असुन	laugh
असुन	laughing
अस्सुन	laughter
लांच	launch
धोबहवान	laundry
कानून	law
घासुक मअदान	lawn
वकील	lawyer
वथरावुन	lay
परत	layer
लेआउट	layout
सुस्त	lazy
लीड	lead
नेता	leader
वथ्र	leaf
नेरून	leak
मोट	lean
छलांग	leap
हेछुन	learn
हेछुन	learning
लीज़	lease
कम अज कम	least
दालह	leather
गसिव	leave
त्रायिव	leave
पनवथ्र	leaves
लेड	led
खोवुर	left
जंग	leg
रेवाज	legacy
कानूनी	legal
ख़ास	legend
कानूनी	legit
तफरी	leisure
क़र्ज़ दियुन	lend
ज़ेछर	length
कम	less
सबक	lesson
चलो	let
ख़त	letter
लेटिष	lettuce
मयार	level
स्तर	level
बेगआनह	leverage
ज़िम्मेदारी	liability
किताब घर	library
चाट	lick
अपुज़	lie
अपुज़	lies
ज़िन्दगी	life
तुलुन	lift
गाश	light
बिजली	lightning
पसंद	like
इमकान	likely
एमि पान्ठ	likewise
लकीर	line
लिंगाला	Lingala
जोडडून	link
सअह	lion
तरल	liquid
शुमार	list
बोजुन	listen
बोजुन	listening
अदबी	literally
अदब	literature
कूडह	litter
थोडा	little
जिंदा	live
जिगर	liver
ज़िन्दगी	lives
ज़िन्दह	living
रोज़न कमरह	living room
क्रेंकलअट	lizard
लोड	load
चोओट	loaf
क़र्ज़	loan
मुकामी	local
मुकाम	location
कुलुफ	lock
हड़ताल	lockdown
लोग	log
लोल	lol
वाई	lol
तनहा	lonely
ज़ियूठ	long
वार्या दोह गय तुहुय विछ्न्स	long time no see
विच्छ	look
लूप	loop
कमज़ोर	loose
खुदा	lord
रब	lord
हारून	lose
नुकसान	loss
रावुन	lost
वार्याह	lot
जोरसान	loud
कमरह	lounge
मुहब्बत	love
च्हे सीत छु मोहब्बत	love you
टोठ	lovely
कम	low
बॉन	low
बनिम	lower
वफादार	loyal
वफादारी	loyalty
किस्मत	luck
खुश किस्मत	lucky
लुगांडा	Luganda
सामान	luggage
लम्प	lump
कोज	lunch
भौजन	lunch
शुष	lungs
ज़बरदस्त	luxury
अपुज़ वनुन	lying
मशीन	machine
पागल	mad
मेडम	madam
बनावुन	made
मगज़ीन	magazine
शानदार	magnificent
नौकरआयन	maid
असली	main
गूज	main
बरक़रार	maintain
बरकार थावुन	maintenance
मैथिली	Maithili
अहम	major
अक्सरियत	majority
बनावुन	make
पूरह करून	make up
मोहनियुव	male
माल	mall
मोहनियुव	man
इन्तिज़ाम	manage
इन्तिज़ाम	management
मेनेजर	manager
ज़रूरी	mandatory
ज़अहिर	manifest
जोडून	manipulate
अंदाज़	manner
दस्ती	manual
वार्याह	many
सालगिरह हच वार्या वार्या मुबारक	many many happy returns of the day
मार्च	march
मार्जिन	margin
बाज़र	market
खान्दर	marriage
खान्दर वोल	married
मास्क	mask
बडिस पैमांस पेठ	mass
बडिस पैमानस पेठ	massive
मास्टर	master
मैच	match
साथी	mate
मवाद	material
हिसाब	math
मुआम्लह	matter
पुख्तगी	maturity
हो सकता	may
शायद	maybe
मेयय	me
बअ ति	me too
खेन	meal
मतलब	mean
मानी	mean
मतलब	meaning
वतह	means
मतलब	meant
अथिमंज़	meanwhile
मेनुन	measure
इकदाम	measures
माज़	meat
तिबी	medical
दावा	medicine
इबादत कर्यन	meditation
दरमियान	medium
मिलुन	meet
मीटिंग	meeting
मैतैलोन	Meiteilon
पिघलवुन	melt
यादेह	memories
याद	memory
दिमागी	mental
ज़िक्र	mention
ज़िक्र आमुत	mentioned
वोस्ताद	mentor
सौदागर	merchant
इन्साफ	mercy
महज़	merely
क्रिसमस मुबारक	merry christmas
जमघट	mess
मेस	mess
पैगाम	message
मुकुर	messy
शिशतर	metal
तरीकह	method
गगर	mice
मंज़बाग़	middle
निस्फ़रात	midnight
शायद	might
मुतअद	mild
संगमील	milestone
मिलिट्री	military
दोद	milk
दह लछ	million
दिमाग	mind
ज़हानत	mindset
मियोन	mine
मिलुन	mingle
कमसिन	minor
मामूली	minor
मिनट	minute
मिनट	minutes
चमत्कार	miracle
शीशह	mirror
मिलायिथ	miscellaneous
शरारती	mischievous
सख्ती मंज़	miserable
मुसीबत	misery
रावुन	miss
मिस	miss
तुहुन्ज़ याद छे यिवान	miss you
रोमुत	missing
मिशन	mission
दोब्द	mist
गलती	mistake
मिज़ो	Mizo
मोबाइल	mobile
मज़ाक	mock
नमूनह	model
दरमियानह	moderate
जदीद	modern
मामूली	modest
अदुर	moist
नमी	moisture
ढालना	mold
तिल	mole
मौज	mom
लमहह	moment
चन्द्रवार	monday
पोंसह	money
मॉनिटर	monitor
पोंज़	monkey
रेथ	month
मूड	mood
मिज़ाज	mood
मजाज़	moody
जून	moon
इखलाकी	moral
मजीद	more
एमि मजीद	moreover
सुबह	morning
जेहन	mortgage
ज्यादह	most
अक्सर	mostly
मौज	mother
गति	motion
होस्लह अफज़ाई	motivation
पहाड़	mountain
गगुर	mouse
चोंठ	mouth
पकुन	move
तहरीक	movement
फिल्म	movie
मोहतरमा	mrs
वार्याह	much
रअब	mud
मग	mug
मसल	muscle
अजायबघर	museum
मशरूम	mushroom
मौसिकी	music
ज़रूरी	must
खामोश	mute
बाहमी	mutual
मियोन	my
मेयन	my
मियोन टोठ	My dear
मियोन दोस	my friend
मियोन होवुरक्राफ्ट ईल्स मंज़ नेबर	My hovercraft is full of eels
मियोन मोहब्बत	my love
मियोन नाव छु	my name is
मिएन खुशकिस्मती	my pleasure
पानह	myself
पुरअसरार	mysterious
इसरार	mystery
मिथक	myth
नम	nail
बोली	naive
नाव	name
वज़ाहती	narrative
तंग	narrow
मुकुर	nasty
कोमी	national
कोमियत	nationality
मकामी	native
कुदरती	natural
कुद्रत	nature
फितरत	nature
मतली	nausea
करीब	near
नज़दीक	near
आस-पास	nearby
लगभग	nearly
साफ़	neat
ज़रूरी	necessary
गर्दन	neck
गरदनि हियुन्द हार	necklace
ज़रूरत	need
मांफी	negative
गफलत	neglect
बराबरी करयिन	negotiate
हमसाय	neighbor
हमसाय	neighborhood
न सा	neither
न ही	neither
बापथर	nephew
पढ़ाकू	nerd
गब्राहत	nervous
ओल	nest
नेट	net
नेटवर्क	network
आम	neutral
नहज़	never
जांह नह हेम्मत हारेन	never give up
कांह मसलह छुनह	never mind
कांह मसलह छुनह	nevermind
एमिबावजूद	nevertheless
नोव	new
खबर	news
बियाख	next
एमि पत	next to
ज़बर	nice
तुहुय मीलिथ गई ख़ुशी	nice to meet you
बावज़ह	niece
रात	night
गलत अहसास	nightmare
नव	nine
कुनवुह	nineteen
नमथ	ninety
नअ	No
कांह मसलह नह	no problem
हरगिज़ नह	no way
कांह नह	nobody
शोअर	noise
शोर वोल	noisy
किहीनह	none
दुहल	noon
न	nope
बेय न	nor
आम	normal
शुमाल	north
नस	nose
प्रियेन यादगार	nostalgic
न	not
बिल्कुल नह	not at all
बुरह छुनह	not bad
वियेन केन नह	Not now
वनि नह केंह	not yet
नोट	note
लेखित	noted
कीहीनः	nothing
इत्लाह	notice
महसूस करून	noticed
नाव	noun
इसम	noun
इसम	nouns
नावल	novel
नवम्बर	november
विन्केन	now
अज़कल	nowadays
परेशानी	nuisance
खअली	null
सुन्न	numb
नंबर	number
नर्स	nurse
डून	nut
ज़ईफल	nutmeg
ग्ज्ज़ियत	nutrition
शपथ	oath
मोचर	obesity
मानून	obey
चीज़	object
मकसद	objective
फ़र्ज़	obligation
गैर वाकः	obscure
तहकीक	observation
निगरअनी	observation
मुशाहिदह करून	observe
पागल	obsessed
डोल्मुत	obsessed
जानून	obsession
न चलन वोल	obsolete
रूकावट	obstacle
हासिल करून	obtain
हासिल करूँ	obtained
लअज़मी	obvious
ज़रूरी	obviously
कभी कुबार	occasionally
पेशह	occupation
कब्ज़ह करून	occupied
वाकः	occur
वाकः गसुन	occurred
गसान छु	occurs
समंदर	ocean
अक्टूबर	october
ताक़	odd
मुश्किलात	odds
कि	of
बिलकुल	of course
बंद	off
जारिहना	offensive
पेशकश	offer
दफ्तर	office
सरकारी	official
अक्सर	often
ओह	Oh
ओह वाकी	oh really
तील	oil
ठीक	ok
ओके टोठ	ok dear
ठीक छु	ok honey
ठीक छु मियोन टोठ	ok my love
ठीक छु	okay
ठीक छु बच्चहअ	okay baby
ठीक छु टाठिया	okay dear
ठीक छु जानू	okay honey
ठीक छु मियोन ज़ुव	okay my love
प्रियोन	old
मंज़	on
अकिलटी	once
अख	one
अख ज़बान छेनह ज़िहय काफ़ी	one language is never enough
गंड	onion
ऑनलाइन	online
सिर्फ	only
खाली	only
येलह	open
ऑपरेशन	operation
राय	opinion
मौकः	opportunities
मौकः	opportunity
बरक्स	opposite
पुरउमेद	optimistic
मुत्बदिल	option
इख्तियारी	optional
बेय	or
संगतर	orange
तरतीब	order
आम	ordinary
तंजीम	organization
वाकफियत	orientation
असल	origin
असली	original
ओरोमो	Oromo
यतीम	orphan
बाकी	other
अमि पत	otherwise
चाहे	ought
पनुन	our
सौन मिशन: हर कांसी रसाई दियिन, प्रेथशाय ज़ि दुनिया समझ्नुक तः इज़हार करनुक प्रेत ज़बनि मंज़	Our mission: to enable everyone, everywhere to understand the world and express themselves across languages.
सौन मिशन: दुनियाहच ज़ानकारी दियेन तरतीब तः अथ आलमी सतह पेठ काबिलि रसाई बनावुन	Our mission: to organize the world's information and make it universally accessible and useful.
नेबर	out
नतीजह	outcome
पोशाक	outfit
नेबर नेरून वोल	outgoing
दुकान	outlet
खाकह	outline
नेबर	outside
शानदार	outstanding
तनदरः	oven
खत्म	over
पेएठ	over
ततेन	over there
कुल मिलायिथ	overall
काबू करुन	overcome
ज्याद सोचुन	overthinking
खुश किस्मत	overwhelmed
मग्लूब	overwhelmed
ज़बरदस्त	overwhelming
वाजिब अदा	owe
रातमंगुल	owl
पनुन	own
मालिक	owner
दांद	ox
रफ़्तार	pace
पैक	pack
पैकेट	package
अदा गोमूत	paid
दोद	pain
रंग	paint
पेंटिंग	painting
जोरह	pair
पेल	pale
मंज़ अथ	palm
पैन	pan
वबह	pandemic
घबड़ाहट	panic
कुउलय	pants
कागज़	paper
जन्नत	paradise
मुत्वाज़ी	parallel
पार्सल	parcel
माफ़ी	pardon
वालिदैन	parents
पार्क	park
तोतह	parrot
अजमोद	parsley
हिसह	part
शमूलियत करयिन	participate
ख़ास पांठ	particular
ख़ास पांठ	particularly
सअथी	partner
साथी	partner
पार्टी	party
पास	pass
वथ	passage
पास	passed
चस्कः	passion
पुरजोश	passionate
बेकार	passive
पासवर्ड	password
पोतकाल	past
पैबंद	patch
पाथ	path
वथ	path
दिलकश	pathetic
सब्र	patience
बर्दाश्त	patience
सब्र	patient
तर्ज़	pattern
पैटर्न	pattern
रुकाव	pause
फर्श	pavement
अदाईगी	pay
भुगतान करून	payment
शांति	peace
सकून	peace
अमन	peace
अमन	peaceful
चनुन	peach
चोटी	peak
जोड़	pear
मटर	peas
अजीब	peculiar
पेशाब	pee
ज़अलुन	peel
कमरह	peer
साथी	peers
कलम	pen
पेंसिल	pencil
पथ कुन	pending
लुख	people
क्रेहेन मरचवांगन	pepper
समझुन	perceive
राय	perception
कामिल	perfect
अंजाम दियुन	perform
कारकरदगी	performance
शायद	perhaps
अवकात	period
मुस्तकिल	permanent
इजाज़त	permission
इजाज़त	permit
मजबूती	perseverance
मुसलसल	persistent
लगातार	persistent
नफ़र	person
शख्स	person
ज़ाती	personal
शखसियत	personality
नुक्तएनजर	perspective
क़ाइल करून	persuade
गुमराह आदमी	pervert
पालतू	pet
मरहल	phase
रुझान	phenomenon
फलसफः	philosophy
फ़ोन	phone
फोटो	photo
कथ	phrase
जिस्मानी	physical
चुनुन	pick
तुलुन	pick up
शक्ल	picture
टुकड़ह	piece
टुकडह	pieces
सुअर	pig
कोतर	pigeon
डेर	pile
शांद	pillow
पायलट	pilot
पिन	pin
अनानास	pineapple
गुलअब	pink
खोड	pit
पिच	pitch
अफ़सोस	pity
जाय	place
मुकामात	places
तोऊन	plague
प्लेन	plain
मन्सूबह	plan
जहाज़	plane
कुल	plant
कुअएल	plants
प्लेट	plate
प्लैटफ़ॉर्म	platform
गिनदुन	play
गिंदान	playing
खुशगवार	pleasant
महरबानी	please
खुश	pleased
ख़ुशी	pleasure
अहद	pledge
काफ़ी	plenty
प्लाट	plot
प्लग	plug
आलूबुखार	plum
फिटर	plumber
जमआ	plural
पॉडकास्ट	podcast
नज़्म	poem
शायरी	poetry
पॉइंट	point
ज़हर	poison
पुलिस	police
पालिसी	policy
नर्म	polite
साइस्तः	polite
आलोदगी	pollution
पोंड	pond
पूल	pool
पूप	poop
गरीब	poor
जल्दी यियुन	pop
मशहूर	popular
आबादी	population
सुअर सुन्द माज़	pork
दल्यः	porridge
पोर्ट	port
पोजीशन	position
मस्बत सोंच	positive
काबू करून	possess
क़ब्जः	possession
हक़दार	possessive
मुमकिन	possible
डाक	post
मुल्तवी	postpone
आलवः	potato
ख़ासपांठ	potential
मुमकिनः	potential
पौंड	pound
गरीबी	poverty
ताक़त	power
ताकतवर	powerful
अमली	practical
मश्क	practice
ताअरीफ	praise
मज़ाक	prank
दुआ	pray
कअमती	precious
एमि मुताबिक	precise
बिलकुल	precisely
पेशगोई	predict
तरजी	prefer
तरजीह	preference
बेज़ुव	pregnant
तासुब	prejudice
इहातः	premises
प्रीमियम	premium
तैयारी	preparation
तैयार	prepare
तैयार	prepared
हर्फ़ रब्त	preposition
मौजूदगी	presence
मौजूद	present
पेशकश	presentation
महफूज़ करून	preserve
सदर	president
प्रेस	press
दबाव	pressure
दिखावह	pretend
खूबसूरत	pretty
रुकावुन	prevent
पतिम	previous
शिकार	prey
कअमत	price
फखर	pride
पादअर	priest
बुनियादी	primary
मुख्य	prime
राजकुमारी	princess
प्रिंसिपल	principal
पतिम	prior
तरजी	priority
कारागार	prison
राज़दारी	privacy
निजी	private
इस्त्काक	privilege
इनाम	prize
शायद	probably
मसलह	problem
तरीकहकार	procedure
पकिव ब्रोंठ	proceed
अमल	process
पैदवार	produce
चीज़	product
पैदावार	production
पेयशह	profession
पेशावारा	professional
प्रोफाइल	profile
नफा	profit
गहरह	profound
तरकी	progress
प्रोजेक्ट	project
मशहूर	prominent
वादह	promise
तरकी	promote
फ़रूग	promotion
तैयार	prompt
लत	prone
ज़मीर	pronouns
वर्ताव	pronunciation
सबूत	proof
असल पंठ	proper
ठीक सान	properly
जायदाद	properties
जाइदाद	property
पेशगी	proposal
इमकान	prospect
खुशहाली	prosperity
तरकीयाफ्त	prosperous
हिफाज़त करअन	protect
फखर	proud
साबित	prove
फरह्म करून	provide
मुहय्या थावुन	provided
सूबाह	province
लाहीअमल	provision
ब्लूगत	puberty
अवाम	public
लम्मुन	pull
लाअर	pumpkin
हाज़िर रोजुन	punctual
चाठ	pupil
मअल हियोन	purchase
खालिस	pure
वांगन रंग	purple
मकसद	purpose
अमल दरामद करून	purse
ताकुब	pursue
काम	pursuit
दक	push
त्रावुन	put
थावुन	put
एहलियत	qualification
मैयाद	quality
म्याद	quantity
क्वारंटाइन	quarantine
झगड़ह	quarrel
सह माही	quarter
कुएचुआ	Quechua
रानी	queen
अजीब	queer
सवाल	query
सवाल	question
कतार मंज़	queue
जल्दी	quick
जल्दी सान	quickly
छोप	quiet
खामोश	quiet
नेरून	quilt
मोकलावुन	quilt
ख़ारिज	quit
छऔप	quite
क्विज	quiz
कोटेशन	quotation
कोट	quote
हवालह जात	quotes
खरगोश	rabbit
दऔव	race
शरारत	rage
रूद	rain
तुलुन	raise
तुलुन	raised
दावुन	ran
बेतरतीब	random
हदूद	range
तेज़	rapid
तेज़ी सान	rapidly
नायाब	rare
ख़ास	rare
खास पान्ठ	rarely
खिश	rash
गगुर	rat
शरह	rate
बल्कि	rather
अनुपात	ratio
अक़ली	rational
खाम	raw
खाम माल	raw
दुबारह	re
वातुन	reach
वोतमुत	reached
रदीअम्ल	reaction
परून	read
परून	reading
तैयार	ready
असली	real
हकीकी	reality
असली	reality
समझुन	realize
अहसास गसुन	realized
पज़ज़ी	really
पथकुन	rear
वजह	reason
माकूल	reasonable
याद करून	recall
रसीद	receipt
हासिल करून	receive
रटून	receive
राटून	received
हालह	recent
ताजः	recently
खुशामद	reception
हिदायत	recipe
लापरवाह	reckless
पहचान	recognition
परजनावुन	recognize
सिफारिश करयिन	recommend
सिफारिश	recommended
रिकॉर्ड	record
वापस अनुन	recover
वसूली	recovery
तिकून	rectangle
वोजुल	red
त्रावुन	redeem
रिहाई	redemption
कम करून	reduce
गैरज़रूरी	redundant
सोजुन	refer
हवालह	reference
अकासी	reflect
अक्स	reflection
रोकावुन	refrain
फ्रिज	refrigerator
रिफंड	refund
मना करून	refuse
इनकार करून	refused
मुतल्लिक	regard
मुतल्लीक	regarding
एमि बगआर	regardless
हवालह	regards
अलाकः	region
रजिस्टर	register
अफ़सोस	regret
लगातार	regular
रोज़ रोज़	regularly
ख़ारिज	reject
तालुक	relate
मुताल्कः	related
रिश्तह	relationship
रिश्तेदार	relative
रिश्तहदार	relatives
आराम सान	relax
येल त्रावुन	release
रिहाई	release
जारी गोव	released
मताबिक	relevant
लग्हार	reliable
मदद	relief
सकून दियुन	relieve
सोजुन	relieved
सकून	relieved
मज़हब	religion
मज़हबी	religious
हडधर्म	reluctant
बरोसह	rely
रोजुन	remain
बाकी	remaining
ज़बरदस्त	remarkable
इलाज	remedy
याद थावुन	remember
याद करून	remind
याददहनी	reminder
दूरदराज़	remote
दूर करून	remove
रेंडर	render
किराय	rent
मरमत	repair
दोहरावुन	repeat
बद्लावुन	replace
जवाब	reply
रिपोर्ट	report
नुमाइन्दगी	represent
शोहरत	reputation
दरखास्त	request
ज़रूरत	require
ज़रूरत	required
बचाव	rescue
ताज्ज़ियाह	research
हिवुय	resemble
नाराज़गी	resentment
रिजर्वेशन	reservation
मह्फोज़ थावुन	reserve
रोज़नवोल	resident
इस्ताफा	resign
खामोश बेय	resilience
लचीला	resilient
मज़मत	resist
मज़हमत	resistance
इरादः	resolution
हल करून	resolve
सहारह	resort
आगुअर	resources
अह्तिराम	respect
जवाब	respond
जवाब	response
ज़िम्मदारी	responsibility
ज़िम्मेदार	responsible
आराम	rest
जंतस मंज़	rest in peace
रेस्टोरेंट	restaurant
जमा करून	restore
काबू करून	restrict
नतीजह	result
नतीज	results
दुबारह शुरू करून	resume
परचून	retail
बरकरार थावुन	retain
बरकरार थावुन	retention
रिटायर्ड	retired
पथ हटून	retreat
येछान	retrieve
वापस करून	return
बयान करून	reveal
वनुन	reveal
हावुन	revealed
इंतिकाम	revenge
आमदनी	revenue
वापिस नियुन	reverse
बेय विछुन	review
वापसी	revise
बेय वुछुन	revision
इन्किलाब	revolution
तहरीक	revolution
इनाम	reward
ताल	rhythm
लरकअयन	rib
तमुल	rice
अमीर	rich
छुटकार	rid
सवआर	ride
लानत	ridiculous
सही	right
दोछुन	right
विन्केन	right now
सख्त	rigid
वआज	ring
कल्ला	rinse
फसाद	riot
अफ़सोस	rip
पोप	ripe
वाथुन	rise
खतरह	risk
हरीफ	rival
दरया	river
सड़क	road
बुजून	roast
मज़बूत	robust
कअएन	rock
रोड	rod
किरदार	role
रोल	roll
तालव	roof
कमरह	room
मूल	root
रज़	rope
खराब	rotten
रफ़	rough
तकरीबन	roughly
गोल	round
वथ	route
रोज़मर्रा	routine
कतार	row
राग्डावुन	rub
रबड़	rubber
कचरह	rubbish
बदतमीज	rude
कालीन	rug
बर्बादी	ruin
कानून	rule
हुकुमरान	ruler
कानून	rules
दवुन	run
दावुन	running
दिहाती	rural
जल्दी	rush
बुहुअर	sack
पाख	sacred
क़ुरबानी	sacrifice
महफूज़	safe
महफूज़ परवाज़	safe flight
हिफाज़त	safety
समझदार	sage
वन्मुत	said
वानून	said
आब वथ	sail
पकुन	sailing
खात्र	sake
तनखाह	salary
कनून	sale
सामन	salmon
नून	salt
हिवुय	same
बराबर येतेन	Same here
नमूनह	sample
सेख	sand
संस्कृत	Sanskrit
तन्ज़ियः	sarcastic
ससिई	sassy
सेट	sat
मुतमइन	satisfaction
मुतमाईन	satisfied
मुतमइन	satisfy
तसली बख्श	satisfying
बटवार	Saturday
सॉसेज	sausage
वैशी	savage
महफूज़ करून	save
विछुन	saw
वन	say
पैमानह	scale
जालई	scam
दाग़	scar
नायाब	scarce
खूचुमुत	scared
स्कार्फ	scarf
खोछवुन	scary
बिखरीथ	scattered
नाज़ार	scene
कुदरती नज़ार	scenery
महक	scent
सकेडूल	schedule
स्कूल	school
चआटहाल	school
साइंस	science
साइंसदान	scientist
साइंसदानी	scientists
कांची	scissors
रोब करून	scold
स्कोप	scope
स्कोर	score
छोठ	scrap
खअश	scratch
क्रेख	scream
स्क्रीन	screen
पेंच	screw
लेखित	script
समंदर	sea
महर	seal
तलाश करून	search
मौसम	season
सीट	seat
दोयिम	second
ख़ुफ़िया	secret
सेक्शन	section
महफूज़	secure
सिक्यूरिटी	security
वअछुन	see
मेलोव	see you
पत मेलोव	see you later
जल्दी मिलेंगे	see you soon
पगह सम्खोव	see you tomorrow
बियोल	seed
चाडून	seek
बासान	seem
बसान	seems
हावुन	seen
क़ब्जः	seize
दोरा	seizure
कभी कभी	seldom
मुकमल तोर पान्ठ	seldom
चुनिव	select
पनुन	self
पानेय बलुन	self healing
खुद गरज	selfish
कुनुन	sell
सोजुन	send
सोज़ मअ तस्वीर	send me your picture
ज़ियोठ	senior
एहसास	sense
समझदार	sensible
हसास	sensitive
सोजुन	sent
जुमला	sentence
जुम्लह	sentences
अलग करुन	separate
सेपेडी	Sepedi
सितम्बर	september
तरतीब	sequence
सीरीज	series
संजीदः	serious
संजीदगी	seriously
खिदमत	serve
खद्मात	service
सेशन	session
सेट	set
काइम कर्यिव	set up
सेटिंग	setting
आबाद	settle
सथ	seven
सददः	seventeen
सत्तथ	seventy
केंह	several
शदीद	severe
टेब दियिन	sew
शह	sh
सायह	shade
छाय	shadow
हिलावुन	shake
कररी	shall
हल्काः	shallow
सतही	shallow
शर्म	shame
शक्ल	shape
बांटून	share
तेज़	sharp
सअ	she
सोउ छे थावान	she has
सोह छे	she is
छपर	shed
तीर	sheep
शीत	sheet
शेल्फ	shelf
शैल	shell
पनाह	shelter
ढाल	shield
शिफ्ट	shift
चमक	shine
जहाज़	ship
शिपिंग	shipping
कमीज	shirt
खोरबान	shoes
गुऊल्य मारियिन	shoot
दुकान	shop
खरीदअरी	shopping
बोठ	shore
किनारा	shore
च्होत	short
किलत	shortage
शॉट	shot
चाहे	should
फ़ियोक	shoulder
क्रेक दियेन	shout
हावुन	show
हाव मअ	show me
शावर	shower
झींगा	shrimp
खरीगसून	shrink
बंद	shut
छोप कर	shut up
मंदछुन	shy
बेनि बोय	sibling
बेनि-बोय	siblings
बेमार	sick
तरफ	side
अह	sigh
नजर	sight
विच्छन वाजेन जायेन हियुन्द सफ़र	sightseeing
दस्तखत	sign
दस्तखत	signature
अहम	significant
ख़ामोशी	silence
खामोश	silent
रेशम	silk
पागल	silly
चाअदय	silver
ह्यूवअय	similar
सादह	simp
सदः	simple
अकिस्य वक्ट्स मंज़	simultaneously
तनपेठ	since
मुखलिस	sincere
मुखलिस	sincerely
गियेव	sing
गेवन वोल	singer
कुन	single
खअरि गसून	sink
सर	Sir
उस्ताद	Sir
बेनिह	sister
साल	sister in law
बियेठ	sit
साइट	site
हालात	situation
छह	six
शुरह	sixteen
शेठ	sixty
बजर	size
महारत	skill
महारत	skills
मुसलह	skin
पतलह	skinny
त्रावुन येल	skip
स्कर्ट	skirt
आस्मन	sky
गुलाम	slave
शौंगुन	sleep
निन्द्र	sleeping
निन्दर	sleepy
आस्तीन	sleeve
टुकड़ह	slice
स्लाइड	slide
थोड़ा	slightly
तोन	slim
खअर	slip
ढलान	slope
स्लॉट	slot
सुस्त	slow
वार वार	slowly
लोकुत	small
होशियार	smart
मुश्क	smell
मुस्कान	smile
दुह	smoke
हमवार	smooth
नाश्तह	snack
कियोम	snail
सरुफ़	snake
छीनुन	snap
शीन	snow
तेली	so
वार्या असल	so cute
वनियुक ताम	so far
डुबावुन	soak
साबुन	soap
पुर सकून	sober
फुटबॉल	soccer
समाजी	social
मुआशरह	society
मोज़ह	socks
नर्म	soft
सॉफ्टवेर	software
मिच्छ	soil
कअनुन	sold
कुन मुत	sold out
सिपाही	soldier
कुनुय	sole
ठोस	solid
हल	solution
हल करुन	solve
केंह	some
कांह	somebody
कुंती पान्ठ	somehow
कान्ह	someone
केंह ति	something
कुनिसात	sometimes
बआथ	song
जल्दी	soon
नफीस	sophisticated
सोरानी	Sorani
ज़ख्म	sore
चोक होट	sore throat
गम	sorrow
माफ़ी	Sorry
तरतीब मंज़	sort
तलाश करून	sought
रूह	soul
साथी	soulmate
आवाज़	sound
साबन	soup
चोक	sour
अगुर	source
जनूब	south
जगह	space
फजूलइक	spam
वख	span
स्पेनिश	Spanish
स्पेयर	spare
बोलुन	speak
वनुन	speak
ख़ास	special
मसालह	species
ख़ास पांठ	specific
शानदार	spectacular
तक़रीर	speech
बे लफ्ज़	speechless
रफ़्तार	speed
जादू	spell
खर्च	spend
खर्च	spent
मसाल वोल	spicy
फअलुन	spike
गुमाव	spin
पालक	spinach
रूह	spirit
थोख	spit
शानदार	splendid
तकसीम	split
खराब	spoil
खराब	spoiled
अचानक	spontaneous
चमचह	spoon
जगह	spot
खंदारीन	spouse
फआलावुन	spread
सौन्त	spring
मरबह	square
निचोड़	squeeze
स्क्विड	squid
क्रेंकलअट	squirrel
एसटी	st
हमलह	stab
मुस्तःक्म	stable
स्टैक	stack
अम्लह	staff
मरहल	stage
दाग़	stain
हेयर	stairs
दावा	stake
डंठल	stalk
स्टाल	stall
सील	stamp
टिकेट	stamp
खड़ा	stand
मअयारी	standard
तारुक	star
शुरू	start
शुरू करून	started
बोछहोत	starving
रियासत	state
हालत	state
बयान	statement
गरज़	statement
स्टेशन	station
बुत	statue
हालत	status
रोजुन	stay
महफूज़ रूजिव	stay safe
मुस्तकम	steady
माजुक कबाब	steak
चोरी	steal
आरख	steam
स्टील	steel
खड़ा	steep
तन	stem
गोड	stem
कदम	step
लूर	stick
अकड़न	stiff
तेलीति	still
ढंग	sting
कंजूस	stingy
हलचल	stir
स्टॉक	stock
चूरि नियुन	stolen
मआदह	stomach
पत्थर	stone
खड़ा गसुन	stood
स्टूल	stool
रुकावुन	stop
ज़खीरह	storage
स्टोर	store
तूफान	storm
दलील	story
स्टोव	stove
सियोद	straight
सियोद	straightforward
छानुन	strain
अजीब	strange
वअपर	strange
अजनबी	stranger
रणनीति	strategy
पराज	straw
स्ट्रॉबेरी	strawberry
लकीर	streak
स्ट्रीम	stream
कोअल	stream
गली	street
ताक़त	strength
तनाव	stress
लामुन	stretch
सख्त	strict
हड़ताल	strike
तार	string
पटी	strip
कोशिश	strive
स्ट्रोक	stroke
मज़बूत	strong
मारा	struck
ढ़ांचह	structure
कशमश	struggle
कशमश मंज़	struggling
हडधर्म	stubborn
जिद्दी	stubborn
बंद	stuck
तल्बीइल्म	student
परून	study
परुन	studying
सामान	stuff
शानदार	stunning
बेवकूफ	stupid
अंदाज़	style
मज़मून	subject
जमा करून	submission
दाखिल	submit
मादः	substance
मुत्बादिल	substitute
ठीक ठाक	subtle
कामयाब गसुन	succeed
कामयाबी	success
कामयाब	successful
यूथ	such
यिथ पान्ठ	such as
चुशुन	suck
अचानक	sudden
अचानक	suddenly
शिकार	suffer
कष्ट	suffering
काफी	sufficient
खनड	sugar
मश्वर दियुन	suggest
तजवीज़ दियेन	suggest
सलाह	suggestion
सूट	suit
मुनासिब	suitable
अहल	suitable
सूटकेस	suitcase
रक़म	sum
खुलासह	summary
गर्मी	summer
इजलास	summit
आफताब	sun
आथवार	sunday
प्रेज़वुन	sunny
अफताब लोसून	sunset
ताफ	sunshine
सुपर	super
आला	superior
निगरानी	supervisor
रातुक खेन	supper
फराह्मी	supply
हिमायत	support
मदद	support
एदाद करून	suppose
फ़र्ज़ करोव	supposed
यकानी	sure
पज़िया	sure
सतह	surface
इज़ाफे	surge
सर्जरी	surgery
ज़ात	surname
हैरत	surprise
हैरानी	surprised
हथियार त्राव्य्न	surrender
इर्दगिर्द	surrounding
निगरानी	surveillance
सर्वे	survey
जिनदह रोजुन	survive
मुशतबह	suspect
मंसूख गसून	suspended
शकावर	suspicious
लगातार थावुन	sustain
पादारी	sustainability
टिकाव	sustainable
लूट	swag
नियेंगलावुन	swallow
ताबदलह	swap
कश्म	swear
आरख	sweat
बनियान	sweater
स्वीप	sweep
मियूठ	sweet
टाठि ख्वाब	sweet dreams
मदुर दंद	sweet tooth
जानू	sweetheart
हुनुन	swell
हुनुन	swelling
छांट	swim
तैरुन	swimming
झूलुन	swing
बदलावुन	switch
सोचून	swollen
तलवार	sword
अलामत	symbol
हमदर्दी	sympathy
अलामत	symptoms
सिस्टम	system
टेबल	table
उलझून	tackle
टैग	tag
दूम	tail
लोट	tail
रटीव	take
नियिव	take away
ख्याल थाव	take care
उतार	take off
रटून	taken
कथ	talk
बातूनी	talkative
थोद	tall
नलकह	tap
टेप	tape
हदफ़	target
कअम	task
जायकाह	taste
मज़्दार	tasty
हेछमुत	taught
चाय	tea
हेछनावुन	teach
वस्ताद	teacher
टीम	team
ओश	tear
ओश	tears
जेर तुलुन	tease
तकनीक	technology
दंद	teeth
वान	tell
वन मेअ	tell me
शरारत	temper
गर्मी	temperature
मंदिर	temple
आरजी	temporary
दह	ten
दह सास	ten thousand
किराएदार	tenant
रिझान	tend
रुझान	tendency
टेंडर	tender
तनाव	tense
तनाव	tension
टेंट	tent
अंदाज़न	tentative
अवकात	term
शर्त	terms
खोफनक	terrible
खोफनक	terrific
इलअकः	territory
टेस्ट	test
लफ्ज़	text
पतत	than
मुकाबलह	than
शुक्रिया	thank
शुक्रिया	thank you
शुक्रिया तुहुन्ज़ी बर्दाशत बापत यीतिस काल्स असय शिपमेंटुक तहकीक करोव	Thank you for your patience while we investigate shipment
तुहुंद वार्याह शुक्रिया	thank you so much
तुहुंद वार्याह शुक्रिया	thank you very much
शुक्रिया	thanks
शुक्रिया सअन्य एप्प इस्तेमाल करन्ह खात्र	Thanks for using our app
ताकि	that
सु छु	that is
यि गोव असल	that's good
सु	the
चूर	theft
तिहुन्द	their
तिमन	them
थीम	theme
पानह	themselves
पतः	then
नज़र्याह	theory
तति	there
कति छि	there are
तति छि	there is
लिहाज़ा	therefore
तिम	these
सु	they
तिम छि	they are
मोट	thick
चूओर	thief
जंग	thigh
तोन	thin
चीज़	thing
चीज़	things
सोंच	think
त्रेयिम	third
ट्रेशहोत	thirsty
त्रह	thirteen
त्रअह	thirty
यि	this
यि छु	this is
असल पान्ठ	thorough
असल पान्ठ	thoroughly
तिम	those
तिमन	those
अगरचि	though
ख्याल	thought
खयालन मंज़	thoughtful
खयालात	thoughts
सास	thousand
पन	thread
दमकी	threat
धमकी	threaten
ट्रे	three
थ्रेशहोल्ड	threshold
पुरजोश	thrilled
मुकाम्स वातुन	thrive
होट	throat
मंअजी	through
तमान	throughout
सरासर	throughout
चालवुन	throw
नेठ	thumb
गग्राय	thunder
ब्रेस्वार	Thursday
यिथपांठ	thus
टिच	tick
लहर	tide
साफ़	tidy
बराबर	tie
सअह	tiger
टाइट	tight
तंग	tight
तिग्रिन्या	Tigrinya
वक़्त	time
डरपोक	timid
लोकुत	tiny
बख्शीश	tip
तजवीज़	tips
टायर	tire
थोकमुत	tired
टिश्यू	tissue
उनवान	title
कुन	to
बनुन	to be
टोस्ट	toast
आज़	today
वार्या लोकुट बच्चह	toddler
खूर	toes
गोर	toes
यिकवट	together
बेतुलखुलाह	toilet
वनिव	told
बर्दाश्त	tolerance
सहन करुन	tolerate
बर्दाश्त	tolerate
रुवांगन	tomato
पगह	tomorrow
ज़ियेव	tongue
आज़ राथ	tonight
ति	too
रटून	took
औजार	tool
अवजार	tools
दंद	tooth
पेठ	top
मौज़ूह	topic
फटून	torn
सख्ती करयिन	torture
अज़ाब करून	torture
कुल	total
टच	touch
मुश्किल	tough
सफ़र	tour
कुन	toward
कुन	towards
तोलिया	towel
शहर	town
ज़हरी	toxic
ट्रेस	trace
वथ	track
ट्रैक	track
तिजारत	trade
रवायत	tradition
रिवाजी	traditional
ट्रैफिक	traffic
कोशिश	trail
ट्रेन	train
तरबियत	training
खासियत	trait
असरात	traits
मुन्तकिल	transfer
मुन्तकली	transition
तरजमह	translate
शफाफ	transparent
ट्रांसपोर्ट	transport
नकलो हमल	transportation
जाल	trap
रदी	trash
सदमह	trauma
सफ़र	travel
ट्रे	tray
खज़ानह	treasure
एलाज़	treat
इलाज	treatment
कुल	tree
ज़बरदस्त	tremendous
रुझान	trend
पीशी	trial
चाल	trick
कोशिश करयिन	tried
मुतहरिक	trigger
चटून	trim
ट्रिप	trip
मुसीबत	trouble
ट्रौजरस	trousers
ट्रक	truck
पोज़	true
ट्रंक	trunk
बरोसह	trust
पोज़	truth
कोशिश	try
त्सोंगा	Tsonga
टयूब	tube
ब्रेसवार	Tuesday
ट्यूशन	tuition
टर्की	turkey
लेदर	turmeric
फिरून	turn
दुबअह	turtle
कांह परनावन वोल	tutor
बाह	twelve
वुह	twenty
अकवुह	twenty-one
तवी	Twi
दुबारह	twice
मोड़	twist
ज़ह	two
किस्म	type
लचक	typical
बदसूरत	ugly
हतमी	ultimate
छातर	umbrella
नकाबिल	unable
पत्रर	uncle
बेहोश	unconscious
तहत	under
मनअज़	underneath
कम दरजह वोल	underrated
समझ	understand
समझदार	understood
बदकस्मती	unfortunately
वर्दी	uniform
हिवुय	uniform
मुनफ़रिद	unique
अलग	unique
यूनिट	unit
यूनिवर्सिटी	university
अनजान	unknown
अगरचि	unless
ताम	until
गैरमामूली	unusual
हियोर	up
तुहुय तामथ	up to you
अपडेट	update
अपग्रेड	upgrade
अमि पेठ	upon
परेशान	upset
शेहरी	urban
ज़ोर दियुन	urge
फोरी	urgent
असय	us
इस्तेमाल	use
इस्तेमाल गोमूत	used
फैदहमंद	useful
बेकार	useless
मअमूल	usual
आम पान्ठ	usually
कामि	utility
छुट्टी	vacation
वैक्सीनेशन	vaccination
वैक्सीन	vaccine
वैक्यूम	vacuum
मुबहम	vague
दरुस्त	valid
घाटी	valley
कीमती	valuable
क़द्र	value
कअमत	value
किस्म्दार	variety
वार्याह	various
मुख्तलिफ	vary
गदान	vase
वसी	vast
सब्जी	vegetable
सब्जी	vegetables
सब्ज़ियाँ	vegetables
गाडीय	vehicle
खर्चावन वोल	vendor
ज़हर	venom
जाय	venture
मकाम	venue
ताज्दीक करून	verify
बअहामी	versatile
वर्शन	version
खड़ा	vertical
वार्या	very
वार्या असल	very good
बानह	vessel
सीत	via
ज़र्याह	via
इल्हाम	vibe
इल्हाम	vibes
वाइब्स	vibes
शएतानी	vicious
मजलूम	victim
वीडियो	video
विछुन	view
गाम	village
डाकू	villain
सिरकह	vinegar
विंटेज	vintage
तशदुद	violence
पुरतशदुद	violent
वायरल	viral
अन्हुर	virgin
मजाज़ी	virtual
सिफ्फत	virtue
मकसद	vision
विच्छनि गासुन	visit
बसीर	visual
ज़रूरी	vital
वशद	vivid
अलफ़ाज़	vocabulary
आवाज़	voice
बातिल	void
हजम	volume
रजाकार	volunteer
दोख	vomit
ख़तरनाक	vulnerable
कमज़ोर	vulnerable
वेतन	wage
मजूउर	wages
कमर	waist
इन्तिज़ार कर	wait
वेटर	waiter
इन्तिज़ार	waiting
वाथुन	wake
हुशियार गस	wake up
पकुन	walk
पकुन	walking
दीवार	wall
देवार	wall
पर्स	wallet
नअचुउन	wander
चाहुन	wanna
खाहिश	want
चाह	want
चाह वोल	wanted
जंग	war
अलमारी	wardrobe
गोदाम	warehouse
गर्मी	warm
खबरदार	warn
खबरदार	warning
लड़ाकू	warrior
आसि	was
छलोव	wash
जायः	waste
गअर	watch
आब	water
खरबुज	watermelon
लहर	wave
वथ	way
असय	we
असय छि	we are
असय करोव	we can
कमज़ोर	weak
कमजोरी	weakness
दौलत	wealth
अमीर	wealthy
दौलत मंज़	wealthy
लागुन	wear
लागिथ	wearing
मौसम	weather
खान्दर	wedding
बोधवार	Wednesday
गासह	weed
हफ्तह	week
हफ्तुक आखर	weekend
वज़न	weight
अजीब	weird
खुशआमद	welcome
फलाह	welfare
बेहतर	Well
असल	Well
शाबाश	well done
गासुन	went
आस्य	were
मगरिब	west
अदुर	wet
वेल	whale
क्या	what
तुहुय मुतल्ल्क क्या	what about you
क्या छिव करान	what are you doing
तुहुय क्या छिव विन्केन करान	what are you doing now
तुहुय क्या छिव विन्केन करान	what are you doing right now
तुहुय क्या छिव करान	what do you do
ज़िन्द रोज़नह खात्र क्या छिव करान	what do you do for a living
चे क्या मतलब छुय	what do you mean
तुहुय क्या छिव येछान	what do you want
क्या गोव	what happened
क्या छु	what is
यि क्या छु	what is this
तुहुय क्या कअम छे	what is your job
तुहुय क्या छु नाव	what is your name
चालान	what's up
च्हे क्या छुय नाव	what's your name
कएँ ति	whatever
कानअक	wheat
टआर	wheel
कअर	when
कुन्तीसात	whenever
कति	where
तुहुय कति छिव	where are you
तुहुय कती पेठ छिव	where are you from
वनियेन कति छिव तुहुय	where are you now
तुहुय कति छिव रोज़ान	where do you live
कति छु	where is
येलकेन	whereas
चाहे	whether
कुम	which
कुस	which
कोम	which
मंजी	while
फुसफुस	whisper
शुरियिन	whistle
सफ़ेद	white
कुस	who
तुहुय कुम छिव	who are you
कुस छु	who is
यि कुस छु	who is this
पूरह	whole
केमिस	whom
कअमी सुन्द	whose
क्याज़ी	why
क्याज़ी नह	why not
शर वोल	wicked
खोल	wide
मोंड	widow
खजर	width
ज़नान	wife
जंगली	wild
करह	will
चाह	will
तयार	willing
ज़ेनुन	win
हवा	wind
दअर	window
तूफ़ानी	windy
शराब	wine
वंदह	winter
साफ़ करून	wipe
तार	wire
हिकमत	wisdom
चालक	wise
खवाइश	wish
तुहुंदी खात्र नेक तमाह	wish you all the best
चुड़ैल	witch
सीत	with
वापिस नियुन	withdraw
वापसी	withdrawal
अथ मंज़	within
अमिबगैर	without
गवाह	witness
विट्टी	witty
शाल	wolf
ज़नान	woman
ज़नान	women
ज़ेनुन	won
गसी नह	won't
ताजुब	wonder
ख़ास	wonder
शानदार	wonderful
जियुन	wood
लकड़	wood
पोट	wool
लफ्ज़	word
लफ्ज़	words
कअम	work
कसरत	work out
मशकत	work out
कअमि मंज़	working
दुनिया	world
कियोम	worm
लागिथ	worn
फिक्र मंद	worried
फिक्र	worry
बदतर	worse
इबादत	worship
बदतरीन	worst
क़ाबिल	worth
येमी काबिल	worth it
लग्हार	worthy
कररह	would
ज़ख्म	wound
ज़बरदस्त	Wow
वोव	Wow
वलून	wrap
शरारत	wrath
होचह	wrist
लेखिव	write
येतन लेखियिव	Write here
लेखान	writing
लेखित	written
गलत	wrong
लेखुन	wrote
सहन	yard
ज़ामन	yawn
आ	Yeah
वरी	year
वरी	years
यीस्ट	yeast
क्रेक दियिन	yell
लियोदूर	yellow
आ	Yes
आ बेबी	yes baby
ओवा अज़ीज़	yes dear
आ जानू	yes honey
ओवा मियोन टोठ	yes my love
आ बिल्कुल	yes of course
पगह	yesterday
वनियुख ताम	yet
पैदवार	yield
तुह्य	you
तुहुय छिव	you are
तुहुय छिव खूबसूरत	you are beautiful
तुहुय छिव वार्याह खूबसूरत	you are so beautiful
तुहुन्द खुशआमद	you are welcome
तुहुय हेकिव	you can
तुहुय छेव पता	You know
तुहुय ति	you too
खुश आमद	you're welcome
जवान	young
तुहुंद	your
तुहुंद खुशआमद	your welcome
पन्निस पानस	yourself
नोजवान	youth
तुहुंद खुशामद	you’re welcome
मज़ दार	yummy
सिफर	zero
जीरो	zero
