hlokomologa	abandon
hlokomologilwe	abandoned
mafelelo a beke	weekend
obamela	abide
bokgoni	ability
kgona	able
ke a bona	I see
hlokega	absent
mona	absorb
naganwago	abstract
makatšago	absurd
bontši	abundance
ntši	abundant
tlaiša	abuse
tobetšo	accent
amogela	accept
fihlelela	access
kotsi	accident
marobalo	accommodation
fihlelela	accomplish
fihleletšego	accomplished
akhaonte	account
nepagetše	accurate
molatofatšwa	accused
bohloko	ache
fihlelela	achieve
phihlelelo	achievement
amogela	acknowledge
motsebalegi	acquaintance
hwetša	acquire
hweditše	acquired
phihlelelo	acquisition
kgabaganya	across
molao	act
kgato	action
mafolofolo	active
mediro	activities
mošomo	activity
moraloki	actor
makgonthe	actual
nnetenete	actually
bogale	acute
amogela	adapt
hlakanya	add
tlaleletšo	addition
tlaleletšo	additional
aterese	address
lekanetšego	adequate
bapela	adjacent
lehlaodi	adjective
beakanya	adjust
kgahlega	admire
amogela	admit
amogela	adopt
hlomphegago	adorable
mohola	advantage
bohlagahlaga	adventure
lehlathi	adverb
papatšo	advertisement
kwalakwatšo	advertising
maele	advice
eletša	advise
mmoleledi	advocate
kamano	affair
amega	affect
lerato	affection
nea	afford
rekega	affordable
tšhogile	afraid
mathapama	afternoon
gape	again
kgahlanong	against
mengwaga	age
lekalatirelo	agency
agente	agent
rumola	aggressive
fetilego	ago
maemo a godimo	spectacular
ke a go rata	I like you
Ke a go rata	I love you
ke a go rata	love you
modimo a go šegofatše	god bless you
dumela	agree
tumelelano	agreement
temo	agriculture
pele	ahead
thušo	aid
maikemišetšo	aim
Ke a	I’m
moya	air
boemafofane	airport
sekgala	aisle
Ke a itlama	I do
go akaretša	including
sa akaretšego	exclusive
go akola	obesity
ke a kwešiša	I understand
alamo	alarm
alkhoholo	alcohol
ke a leboga	thanks
ke a leboga	thank you
matšatšing a lehono	nowadays
temošo	alert
mahlasedi a letšatši	sunshine
gannyane	a little
phela	alive
dumelela	allow
dumeletšwe	allowed
nyakile	almost
noši	alone
kudu	a lot
šetše	already
gape	also
a	am
matswalo a mabotse	happy birthday
makatšago	amazing
belaetšago	ambiguous
phišegelo	ambition
fetoša	amend
magareng	amid
le amogetšwe	welcome
o amogetšwe	you are welcome
o amogetšwe	you're welcome
o amogetšwe	you’re welcome
o amogetšwe	your welcome
magareng	among
palo	amount
makatšago	amusing
tshekatsheko	analysis
bagologolo	ancestors
tshetledi	anchor
kgalekgale	ancient
le	and
lengeloi	angel
pefelo	anger
sekhutlo	angle
befetšwe	angry
phoofolo	animal
kokoilane	ankle
segopotšo	anniversary
tsebišo	announcement
lapiša	annoy
tenegile	annoyed
selekiša	annoying
nngwe	another
karabo	answer
o a nthata naa	do you love me
letela	anticipate
tlalelo	anxiety
fišega	anxious
go apara	wearing
kgaogana	apart
phapoši	apartment
go apea	cooking
bonagalago	apparent
eke	apparently
boipiletšo	appeal
hlaga	appear
ponagalo	appearance
tšweletše	appeared
tumo	appetite
apola	apple
kgopelo	application
diriša	apply
peo	appointment
leboga	appreciate
temogo	appreciation
batamela	approach
maleba	appropriate
tumelelo	approval
dumelela	approve
dumeletšwe	approved
aprele	april
moatšhiteke	architect
thutaboagi	architecture
bokgobadingwalo	archive
tikologo	area
ngangišana	argue
ngangišano	argument
tsoga	arise
letsogo	arm
sešole	army
raretša	around
beakanya	arrange
peakanyo	arrangement
fihla	arrive
fihlile	arrived
boikgantšho	arrogant
lerumo	arrow
bokgabo	art
selo	article
maitirelo	artificial
moraloki	artist
bjalo	as
molora	ash
kgopela	ask
botšišitše	asked
robetše	asleep
ntlha	aspect
Assamese	Assamese
tlaiša	assault
kopano	assembly
lekola	assess
tekolo	assessment
phahlo	asset
dithoto	assets
beela	assign
karolelo	assignment
thuša	assist
mothuši	assistant
amanya	associate
amanago	associated
mokgatlo	association
ga	at
jele	ate
go a thabiša	that's good
ba a	they are
moatlelete	athlete
bonnyane	at least
ke a tseba	I know
O a tseba	You know
kgomaretša	attach
kgomareditšwego	attached
sekgomaretšwa	attachment
hlasela	attack
leka	attempt
tsenela	attend
tlhokomelo	attention
maitshwaro	attitude
maatlakgogedi	attractive
lehlaodi	attribute
batheeletši	audience
agosetose	august
rakgadi	aunt
mofepi	aunty
mongwadi	author
taolo	authority
lehlabula	autumn
hwetšagala	available
magareng	average
efoga	avoid
tsogile	awake
mpho	award
lemoga	aware
temogo	awareness
kgole	away
re a	we are
thabiša	awesome
boifišago	awful
šulafetšego	awkward
Aymara	Aymara
go ba	be
e ba	become
lesea	baby
kgope	bachelor
morago	back
bokamorago	background
mpe	bad
mokotla	bag
go ba gona	exist
go ba gona	existence
go ba gona	presence
segoketšo	bait
Thobela baithuti	Dear students
ka baka la	sake
paka	bake
lepaka	bakery
palantshe	balance
go bala	reading
e ba le ditoro tše botse	sweet dreams
e ba le ditšhegofatšo tše ntšintši tša lethabo letšatšing le	many many happy returns of the day
e ba le letšatši le lebotse	have a good day
e ba le letšatši le lekaone	have a nice day
go ba le matšato	agile
go ba le	possession
kgwele	ball
Bambara	Bambara
panana	banana
lepanta	band
bethiša	bang
panka	bank
go bapela	along
paa	bar
thekofase	bargain
goba	bark
garase	barley
lepheko	barrier
motheo	base
botlaseng	basement
gabotsebotse	basically
peisele	basil
lepastere	bastard
sehlopha	batch
bohlapelo	bathroom
go ba tlalelong	desperate
go ba	to be
Thobela Batswadi	Dear Parents
peteri	battery
tlhabano	battle
khunwana	bay
lebopo	beach
phadima	beam
dinawa	beans
rwala	bear
ditedu	beard
pering	bearing
phoofolo	beast
betha	beat
botse	beautiful
bobotse	beauty
bile	became
hlokomela	be careful
mpete	bed
borobalelo	bedroom
nosi	bee
e be e le	it was
be	been
piri	beer
thomišitše	began
thoma	begin
mathomong	beginning
se be gona	absence
maitshwaro	behavior
maitshwaro	behaviour
sebopiwa	being
ke be ke	I was
tumelo	belief
dumela	believe
mpa	belly
ya	belong
lepanta	belt
panka	bench
koba	bend
kholego	benefit
dikholego	benefits
kaonekaone	best
go betša	shot
kaone	better
magareng	between
dinotagi	beverage
mošola	beyond
Bhojpuri	Bhojpuri
paesekela	bicycle
re	bid
kgolo	big
paesekela	bike
ke bile	I have been
Ke bile le	I had
molaokakanywa	bill
bofa	bind
go bipela	constipation
nonyana	bird
gannyane	bit
loma	bite
galaka	bitter
bontši bja	a lot of
bokgoni bja go itlhamela	creative
e bjang	how is
bošego bjo bobotse	goodnight
bošegong bjo	tonight
ntsho	black
legare	blade
sola	blame
lepai	blanket
thuthupiša	blast
šweufatša	bleach
tswakanya	blend
šegofatša	bless
šegofaditšwe	blessed
foufala	blind
boiketlo	bliss
thibela	block
madi	blood
khukhuša	bloom
butšwetša	blow
talalerata	blue
kubegile	blunt
boto	board
seketswana	boat
ka bobona	themselves
mmele	body
ya bofora	fake
ya bohlokwa	precious
sa boiketlo	comfortable
ka boiketlo	steady
ka boikokobetšo	kindly
bediša	boil
ka boithatelo	arbitrary
hlokago boitshwaro	rude
ke bokae	how much
bokoto	bold
sa bolokegago	insecure
ka bonako	sudden
-a bona	their
kgwerano	bond
lerapo	bone
puku	book
matlafatša	boost
pusetara	booster
putu	boot
diputsu	boots
mollwane	border
bodutu	bore
tenegile	bored
tšwafiša	boring
belegwe	born
adima	borrow
diriša bošaedi	exploit
šomiša bošaedi	manipulate
molaodi	boss
bobedi	both
tshwenya	bother
ka botlalo	completely
ka botlalo	detail
tše botse di go atele	best of luck
o botse kudu	you are so beautiful
o botse	you are beautiful
lebotlelo	bottle
tlase	bottom
rekile	bought
fofa	bounce
tlemilwe	bound
mellwane	boundaries
inama	bow
sekotlelo	bowl
lepokisi	box
mošemane	boy
lesogana	boyfriend
leseka	bracelet
bjoko	brain
lekala	branch
leswao	brand
borotho	bread
thuba	break
difihlolo	breakfast
letswele	breast
mohemo	breath
hema	breathe
lešika	breed
setena	brick
monyadiwa	bride
leporogo	bridge
kopana	brief
phadimago	bright
bohlale	brilliant
tliša	bring
buti	bro
petleke	broad
gaša	broadcast
robegile	broke
robegile	broken
leswielo	broom
buti	brother
mokgonyana	brother in law
rekile	brought
sotho	brown
poraše	brush
pakete	bucket
mogwera	buddy
tekanyetšo	budget
tšhitšhidi	bug
aga	build
moago	building
agilwe	built
mokgobo	bulk
poo	bull
mphenyašilo	bully
thula	bump
ngata	bunch
mokgobo	bundle
morwalo	burden
bolokilwe	buried
fiša	burn
thunya	burst
boloka	bury
pese	bus
sethokgwa	bush
kgwebo	business
sefega	bust
eupša	but
potoro	butter
serurubele	butterfly
kunope	button
reka	buy
ka	by
etse	by the way
khabetšhe	cabbage
kabinete	cabinet
hoko	cage
khekhe	cake
namane	calf
bitša	call
bitšwa	called
mphounele	call me
homola	calm
tlile	came
lesolo	campaign
ka	can
Khansela	Cancel
kankere	cancer
bokgoni	capable
bokgoni	capacity
letlotlo	capital
khepšene	caption
golega	capture
mmotoro	car
boiphedišo	career
hlokomela	careful
mmetli	carpenter
khapete	carpet
borotlelo	carrot
rwala	carry
phethagatša	carry out
molato	case
kheše	cash
lahla	cast
sebo	castle
katse	cat
swara	catch
legoro	category
dikgomo	cattle
swerwe	caught
hlola	cause
temošo	caution
hlokomedišiše	cautious
lewa	cave
emiša	cease
siling	ceiling
keteka	celebrate
sele	cell
bogareng	center
ngwagakgolo	century
serele	cereal
moletlo	ceremony
dingwe	certain
setifikeiti	certificate
tšhaene	chain
setulo	chair
tlhotlo	challenge
sebaka	chance
phetogo	change
tlhakatlhakano	chaos
semelo	character
dipharologantšhi	characteristics
lefiša	charge
lerato	charity
kgahlišago	charming
tšhate	chart
kitimiša	chase
boledišana	chat
rekega	cheap
sehwirihwiri	cheat
lekola	check
lerama	cheek
kgothatsa	cheer
thabilego	cheerful
tšhese	cheese
khemistri	chemistry
rata	cherish
tšhese	chess
kgara	chest
sohla	chew
kgoši	chief
ngwana	child
bobjana	childhood
bana	children
ditšhimele	chimneys
seledu	chin
tšhokolete	chocolate
kgetho	choice
kgetha	choose
rema	chop
mešongwana	chores
senatla	chubby
kereke	church
sinamone	cinnamon
sediko	circle
mabaka	circumstances
modudi	citizen
toropokgolo	city
baka	claim
hlatholla	clarify
phapoši	class
letsopa	clay
hlwekile	clean
tloša	clear
tlelereke	clerk
hlalefile	clever
klaente	client
legaga	cliff
klaemete	climate
namela	climb
nako	clock
tswalela	close
tlelosete	closet
lešela	cloth
diaparo	clothes
leru	cloud
rametlae	clown
sekgomaretši	clue
boatla	clumsy
sehlopha	cluster
mohlahli	coach
malahla	coal
lebopo	coast
baki	coat
kofi	coffee
monagano	cognitive
sewelo	coincidence
tonya	cold
phuhlama	collapse
kholara	collar
mošomimmogo	colleague
bašomimmogo	colleagues
kgoboketša	collect
kgoboketšo	collection
kholetšhe	college
mmala	color
mmala	colour
kholomo	column
kama	comb
kopanyo	combination
kopanya	combine
tla	come
etla	come on
boiketlo	comfort
tlago	coming
laela	command
swayaswaya	comment
khomišene	commission
itlama	commit
boikgafo	commitment
itlamilego	committed
phahlo	commodity
tlwaelega	common
kgokagana	communicate
kgokagano	communication
setšhaba	community
mogwera	companion
khamphani	company
bapetša	compare
papetšo	comparison
kwelobohloko	compassion
swanetšanago	compatible
phadišana	compete
phadišano	competition
phadišanago	competitive
belaela	complain
pelaelo	complaint
tlaleletša	complement
feleletše	complete
raranego	complex
obamela	compliance
hlakahlakane	complicated
obamela	comply
tlhamo	composition
kompo	compound
kwešišo	comprehension
kwešišegago	comprehensive
kwana	compromise
kgapeletšo	compulsory
khomphutha	computer
hlokomedišiša	concentrate
lereo	concept
pelaelo	concern
tshwenyegile	concerned
khonsata	concert
mafetšo	conclusion
khonkriti	concrete
peelano	condition
mabaka	conditions
maitshwaro	conduct
khonferentshe	conference
ipolela	confess
boitshepho	confidence
boitshepho	confident
tiišetša	confirm
thulano	conflict
hlakahlakane	confused
tlhakatlhakano	confusion
ditebogišo	congrats
tebogišo	congratulation
malebo	congratulations
lekopanyi	conjunction
kopanya	connect
thopa	conquer
lemogago	conscious
temogo	consciousness
tumelelo	consent
ditlamorago	consequences
pabalelotlhago	conservation
akanya	consider
akantšwego	considered
phegelelo	consistency
tiilego	constant
kgafetšakgafetša	constantly
kago	construction
šomiša	consume
tšhomišo	consumption
kgokaganyo	contact
fetelago	contagious
lenyatšo	contempt
diteng	content
phadišano	contest
kamano	context
kontinente	continent
kontraka	contract
pharologanyo	contrast
seabe	contribution
laola	control
ngangišanwa	controversial
boiketlo	convenience
loketšego	convenient
poledišano	conversation
fetoša	convert
sepetša	convey
kgodiša	convince
kgotšwe	convinced
apea	cook
tonya	cool
tšhomišano	cooperation
katana	cope
koporo	copper
mooko	core
korong	corn
sekhutlo	corner
nepagetše	correct
tshenyegelo	cost
khosetumo	costume
kotase	cottage
leokodi	cotton
sofa	couch
gohlola	cough
ka	could
lekgotla	council
bala	count
khaontara	counter
naga	country
nageng	countryside
bobedi	couple
mafolofolo	courage
tsela	course
kgorotsheko	court
tlhompho	courtesy
motswala	cousin
šireletša	cover
kgomo	cow
lefšega	coward
letlapakgerere	crab
monga	crack
tiroatla	craft
mongongoregi	crap
thulana	crash
gogoba	crawl
gafago	crazy
hlama	create
khrediti	credit
gagaba	creep
gagabago	creepy
sehlopha	crew
bosenyi	crime
ithapeletša	cringe
tlhakatlhakano	crisis
dinyakwa	criteria
bohlokwa	critical
tsholo	criticism
puno	crop
merogo	crops
sefapano	cross
legokobu	crow
lešaba	crowd
kgobokanetšwego	crowded
korone	crown
bohlokwa	crucial
sehlogo	cruel
šila	crush
lla	cry
khukhampa	cucumber
phaphatha	cuddle
setšo	culture
bohlale	cunning
komiki	cup
khatepote	cupboard
fediša	curb
alafa	cure
kiletšo	curfew
bjale	current
gabjale	currently
rogaka	curse
garateine	curtain
mosamelo	cushion
tlwaelo	custom
modiriši	customer
lekgetho	customs
ripa	cut
botse	cute
sediko	cycle
papa	dad
papa	daddy
maswing	dairy
letamo	dam
tshenyo	damage
rogaka	damn
kolobile	damp
tantsha	dance
kotsi	danger
kotsi	dangerous
leswiswi	dark
moratiwa	darling
teše	dash
datha	data
letšatšikgwedi	date
morwedi	daughter
letšatši	day
hlokofetše	dead
mofoafadi	deaf
šogana	deal
rategago	dear
lehu	death
ngangišano	debate
goga	debit
marope	debris
sekoloto	debt
ngwagasome	decade
bola	decay
mohu	deceased
fora	deceive
disemere	december
lokilego	decent
phetha	decide
sephetho	decision
teka	deck
latola	decline
fokotša	decrease
ikgafilego	dedicated
kabelo	dedication
tiro	deed
tlase	deep
tshepe	deer
hlokomologa	default
fenya	defeat
šireletša	defend
hlaloša	define
tlhalošo	definition
tikrii	degree
diega	delay
diegišitše	delayed
phumola	delete
akanya	deliberate
boleta	delicate
monate	delicious
lethabo	delight
thabile	delighted
romela	deliver
rometšwe	delivered
thomelo	delivery
nyaka	demand
nyakago	demanding
temokrasi	democracy
letimone	demon
laetša	demonstrate
ganeditše	denied
kitlano	density
gana	deny
lefapha	department
holofela	depend
romela	deploy
tipositi	deposit
botebo	depth
hlaloša	describe
tlhalošo	description
leganata	desert
moakanyetšo	design
sešupo	designation
kganyogo	desire
teseke	desk
hloboga	despair
leganata	dessert
boyo	destination
boyo	destiny
senya	destroy
tshenyo	destruction
dintlha	details
lemoga	detect
phegelelo	determination
laetša	determine
tiišitše	determined
sentšwego	devastated
hlabolla	develop
hlabolotšwego	developed
tlhabollo	development
setlabela	device
diabolo	devil
ineetšego	devoted
Dhivehi	Dhivehi
twetšiswikiri	diabetes
letšhollo	diarrhea
maswing	diary
ferola dibete	nuisance
pukuntšu	dictionary
dirile	did
hlokofala	die
hlokofetše	died
dijo	diet
ditsela dife goba dife	anyways
phapano	difference
fapanego	different
bothata	difficult
epa	dig
seriti	dignity
ya dihlare	medical
ka dikgoka	violent
bokgwari	diligent
matena	dinner
ya dinoko	spicy
tipa	dip
o dira eng gabjale	what are you doing now
o dira eng go iphediša	what do you do for a living
o dira eng gonabjale	what are you doing right now
o dira eng	what are you doing
lebiša	direct
taetšo	direction
molaodi	director
go diregile eng	what happened
tšhila	dirt
ditqhila	dirty
ka dirwago	practical
šitiša	disable
šitišitšwe	disabled
nyamelela	disappear
nyamile	disappointed
masetlapelo	disaster
lahla	discard
lokolla	discharge
kgalema	discipline
phokoletšo	discount
utolla	discover
kgethollo	discrimination
ahlaahla	discuss
therišano	discussion
bolwetši	disease
malwetši	diseases
ikgakanya	disguise
šišimiša	disgusting
sebjana	dish
dibjana	dishes
raka	dismiss
romela	dispatch
bontšha	display
phedišo	disposal
kgakgano	dispute
monabo	distance
fapantšha	distinguish
kgakanego	distress
phatlalatšo	distribution
distriki	district
šitiša	disturb
sola	ditch
thinya	dive
fapafapana	diverse
pharologano	diversity
arola	divide
hlala	divorce
dikologa	dizzy
dira	do
ngaka	doctor
tokumente	document
dira	does
mpša	dog
Dogri	Dogri
dira	doing
popi	doll
selete	domain
koketšwa	dominant
neela	donate
phethilwe	done
tonki	donkey
toupu	dope
gabedi	double
doubt	doubt
tege	dough
fase	down
taonelouta	download
sethalwa	draft
goga	drag
gamola	drain
terama	drama
thala	draw
mothadi	drawer
sethalwa	drawing
poifo	dread
toro	dream
seaparo	dress
tirila	drill
nwa	drink
otlela	drive
lerothodi	drop
lahlile	dropped
komelelo	drought
tagilwe	drunk
omile	dry
lepelepele	duck
mothaka	dude
kolotwago	due
o dula kae	where do you live
sethotho	dull
go duma	craving
foafala	dumb
lahla	dump
nako	duration
lerole	dust
mošomo	duty
dula	dwell
phišego	eager
ntšhu	eagle
tsebe	ear
pejana	earlier
pele	early
gola	earn
ditsebe	ears
lefase	earth
bonolo	ease
gabonolo	easily
bohlabela	east
bonolo	easy
ja	eat
katlego e botse	all the best
ekonomi	economy
morumo	edge
rulaganya	edit
thuto	education
seabe	effect
bokgoni	efficiency
maitekelo	effort
ga e gampe	not bad
lee	egg
mohlareselee	eggplant
boithato	ego
seswai	eight
lesomeseswai	eighteen
masomeseswai	eighty
fahlela	elaborate
setšu	elbow
motšofe	elder
batšofe	elderly
bothakga	elegant
mola e le gore	whereas
ntlha	element
tlou	elephant
lesometee	eleven
be e le	was
be e le	were
maswanedi	eligible
fediša	eliminate
sengwe	else
gakanegile	embarrassed
tlontlollago	embarrassing
gokarela	embrace
tšwelela	emerge
tšhoganetšo	emergency
maikutlo	emotional
kelobohloko	empathy
kgatelelo	emphasis
gatelela	emphasize
mošomi	employee
bašomi	employees
mongmošomo	employer
thwalo	employment
kgontšha	enable
gahlana	encounter
hlohleletša	encourage
mafelelo	end
phegelelo	endeavor
kgotlelelo	endurance
kgotlelela	endure
lenaba	enemy
enetši	energy
beeletša	engage
beeleditšwe	engaged
nyalano	engagement
entšine	engine
moentšineere	engineer
Seisimane	English
ke eng se	what is this
ke eng	what is
kaonafatša	enhance
ipshina	enjoy
lekanetše	enough
netefatša	ensure
tsena	enter
boithabišo	entertainment
mafolofolo	enthusiasm
sehlongwa	entity
mojako	entrance
rakgwebopotlana	entrepreneur
omfolopo	envelope
tikologo	environment
duma	envy
hlogo e opago	headache
thetogale	epic
leuba	epidemic
lekana	equal
setlabela	equipment
tekatekano	equity
lekanago	equivalent
rapa	eraser
phošo	error
ngwega	escape
naga e šele	abroad
kudukudu	especially
taodišo	essay
gabotsebotse	essence
bohlokwa	essential
hloma	establish
hlamilwe	established
leruo	estate
akanya	estimate
akanywago	estimated
bjalobjalo	etc
polelo e tee e ka se tsoge e lekanetše	one language is never enough
maitshwaro	ethics
lekola	evaluate
tekolo	evaluation
mantšiboa	evening
tiragalo	event
mafelelong	eventually
bohlatse	evidence
bobe	evil
phetogo	evolution
tšweletša	evolve
Ewe	Ewe
peleng	ex
thwii	exact
thwii	exactly
tlhahlobo	exam
hlahloba	examine
mohlala	example
fetiša	exceed
fapanago	exception
fetago	excess
kgolo	excessive
phetošo	exchange
lebalela	excuse
tshwarelo	excuse me
phethagatša	execute
phethagatšo	execution
phethiši	executive
itšhidulla	exercise
lapiša	exhaust
lapile	exhausted
pontšho	exhibit
pontšho	exhibition
tšwa	exit
katološa	expand
letela	expect
letetšwego	expected
ditshenyegelo	expenses
tura	expensive
maitemogelo	experience
maitekelo	experiment
setsebi	expert
hlaloša	explain
tlhalošo	explanation
utolla	explore
bonagatša	expose
utollotšego	exposed
maitemogelo	exposure
gatelela	express
tlhagišo	expression
katološa	extend
katološitšwe	extended
katološo	extension
katološa	extent
fedilego	extinct
tlaleletšo	extra
kgola	extract
fetišišago	extraordinary
kudukudu	extreme
leihlo	eye
mahlo	eyes
lešela	fabric
makatšago	fabulous
sefahlogo	face
sepetša	facilitate
ditlabela	facilities
senolofatši	facility
ntlha	fact
ntlha	factor
feketheri	factory
dintlha	facts
galoga	fade
palelwa	fail
paletšwe	failed
idibala	faint
lokilego	fair
kanegelo	fairy
tumelo	faith
botega	faithful
wa	fall
maaka	false
tlwaelegilego	familiar
lapa	family
tlala	famine
tumile	famous
mothekgi	fan
kganyoga	fancy
makatšago	fantastic
kgole	far
taelano	farewell
polase	farm
molemi	farmer
ka fase	below
ka fase	beneath
tsene fase	busy
ka fase	under
ka fase	underneath
fešene	fashion
potlako	fast
lekhura	fat
pheletšo	fate
papa	father
phošo	fault
mmamoratwa	favorite
gaugela	favour
mmamoratwa	favourite
tšhoga	fear
monyanya	feast
lefofa	feather
sebopego	feature
dibopego	features
fepreware	february
tenegile	fed up
tšhelete	fee
fepa	feed
dipoelo	feedback
ikwa	feel
maikutlo	feeling
maoto	feet
ge fela e le gore	as long as
sa felego	infinity
sa feleng	eternal
wele	fell
mogagešo	fellow
kwelego	felt
mosadi	female
legora	fence
go fenya	overwhelming
go feroga dibete	nausea
nonnego	fertile
mokete	festival
go feta fao	furthermore
go feta moo	moreover
go feta	more
go feta	than
nyaka	fetch
go fetišiša	extremely
letadi	fever
mmalwa	few
molekane	fiance
nonwane	fiction
tšhemo	field
bogale	fierce
lesomehlano	fifteen
masomehlano	fifty
lwa	fight
seswantšho	figure
akanya	figure out
go fihla	arrival
go fihla mo	so far
go fihla	until
faele	file
tlatša	fill
tladitšwe	filled
filimi	film
ditšhila	filthy
mafelelong	finally
matlotlo	finance
hwetša	find
utolla	find out
tefišo	fine
monwana	finger
fetša	finish
feditše	finished
mollo	fire
tiilego	firm
mathomo	first
leina	first name
hlapi	fish
swanela	fit
hlano	five
lokiša	fix
hlometšwego	fixed
folaga	flag
gadima	flash
folete	flat
monga	flaw
ngwega	flee
nama	flesh
fofile	flew
mena	flex
nolo	flexible
phepheula	flip
kalatša	flirt
phaphama	float
mafula	flood
lebato	floor
folouru	flour
elela	flow
letšoba	flower
mokgohlane	flu
boreledi	fluent
sekafofa	fluffy
seela	fluid
fofa	fly
nepa	focus
go fofa	flight
kgodi	fog
phutha	fold
merafe	folks
latela	follow
latelago	following
tatišišo	follow up
dijo	food
setlaela	fool
botlaela	foolish
leoto	foot
ya	for
lebaletšwe	forbidden
gapeletša	force
akanya	forecast
phatla	forehead
ntle	foreign
lešoka	forest
go-ya-go-ile	forever
Mohlala	For example
lebala	forget
lebalela	forgive
lebetše	forgot
mohlala	for instance
foroko	fork
sebopego	form
semmušo	formal
peleng	former
mahlatse	fortune
masomenne	forty
masomenne-pedi	forty-two
pele	forward
tlwaetša	foster
lwelego	fought
hweditše	found
motheo	foundation
nne	four
lesomenne	fourteen
phukubje	fox
foreime	frame
tlhako	framework
bomenetša	fraud
lokologile	free
tokologo	freedom
tšidifatša	freeze
makga	frequency
gantši	frequent
kgafetšakgafetša	frequently
foreše	fresh
labohlano	friday
setšidifatši	fridge
mogwera	friend
bagwera	friends
segwera	friendship
tšhošitšwe	frightened
tšhošago	frightening
segwagwa	frog
tšidifaditšwe	frozen
seenywa	fruit
hlakahlakane	frustrated
makhura	fuel
Fulfulde	Fulfulde
tletše	full
boipshino	fun
mošomo	function
bohlokwa	fundamental
poloko	funeral
segišago	funny
boya	fur
galefilego	furious
fenišara	furniture
gape	further
bokamoso	future
morago ga	after
pele ga	before
thubega gabonolo	fragile
itshwara gabotse	behave
šala gabotse	bye
šala gabotse	good bye
šala gabotse	goodbye
lebelelega gabotse	good looking
robala gabotse	good night
swara gabotse	treat
godimo ga fao	over there
ya gago	for you
-a gago	your
hwetša	gain
pele ga	in front of
papadi	game
morago ga moo	afterwards
ema gannyane	hold on
sekgoba	gap
pele ga	prior
karatšhe	garage
thogorogo	garbage
serapa	garden
ka gare	inside
ka gare	internal
magareng ga rena	among us
ka gare	within
kaliki	garlic
mojako	gate
le gatee	anymore
le gatee	never
le gatee	not at all
kgoboketša	gather
kopano	gathering
ela	gauge
file	gave
le ge	although
kere	gear
le ge e ba	even though
le ge	even
le ge go le bjalo	however
le ge go le bjalo	instead
le ge go le bjalo	nevertheless
bong	gender
kakaretšo	general
tšweletša	generate
tlhagišo	generation
bohlale	genius
mohuta	genre
botho	gentle
makgonthe	genuine
taetšo	gesture
hwetša	get
apara	get dressed
le ge	though
hwetšago	getting
tsoga	get up
sepoko	ghost
lekgema	giant
mpho	gift
gemere	ginger
mosetsana	girl
lekgarebe	girlfriend
fa	give
filwego	given
thabile	glad
kgerulo	glance
galase	glass
digalase	glasses
kwešišo	glimpse
lefase	global
ditlelafo	gloves
phadima	glow
sekgomaretši	glue
eya	go
nepo	goal
dinepo	goals
pudi	goat
tloga	go away
efe goba efe	any
theilwe go	based
ao go bjalo	oh really
ee go bjalo	yes of course
tla go bona ka moragonyana	see you later
ga go bothata	no problem
modimo	god
ka godimo	above
ka godimo	superior
sepela	goes
thabile go fetišiša	exciting
ya go	going to
ke go goletše	I miss you
ke go gopotše kudu	I miss you so much
ke go gopotše	miss you
ya	going
gore go	in order to
ka go	into
re go lakaletša mahlatse	best regards
re go lakaletša mahlatse	good luck
re go lakaletša matswalo a mabotse	happy birthday to you
ke go lakaletša tše kaone	wish you all the best
gauta	gold
ka go le lengwe	meanwhile
ga go motho	nobody
o gona	are you there
lego gona	existing
ke gona mo	I'm here
Le gona mo	Same here
ka go nanya	slowly
ka gona	so
ka gona	therefore
ka gona	thus
sepetše	gone
tla	gonna
sekgomaretši	goo
gabotse	good
thobela	good afternoon
thobela	good evening
thobela	good morning
diphahlo	goods
Google	Google
leganse	goose
ke go rata kudu	I love you so much
bona gore	assume
ra gore	means
ra gore	seems
ga go selo	none
ga go selo	nothing
hwenahwena	gossip
hweditše	got
ya go	toward
ga go tsela ye nngwe	no way
mmušo	government
kganya go ya pele	glow up
ubula	grab
kereiti	grade
gabotsana	gradually
sealoga	graduate
lebele	grain
mphiwafela	grant
neetšego	granted
diterebe	grapes
kwešiša	grasp
bjang	grass
leboga	grateful
tebogo	gratitude
lebitla	grave
tshehla	gray
kgolo	great
megabaru	greed
talamorogo	green
dumediša	greet
madume	greeting
madume	greetings
sehla	grey
keriti	grid
bohloko	grief
šila	grind
swarelela	grip
krosari	grocery
monyadi	groom
palomoka	gross
lebala	ground
sehlopha	group
gola	grow
kgolo	growth
Guarani	Guarani
tiišetšo	guarantee
leta	guard
akanya	guess
moeng	guest
tlhahlo	guidance
hlahla	guide
mothaka	guy
mathaka	guys
boitšhidullo	gym
setlwaedi	habit
bodulo	habitat
bile	had
go haeka	hiking
sefako	hail
moriri	hair
seripagare	half
holo	hall
seatla	hand
swara	handle
bogegago	handsome
ikgama	hang
direga	happen
hlagile	happened
lethabo	happiness
thabile	happy
bothata	hard
tshenyo	harm
kotsi	harmful
kwano	harmony
bogale	harsh
buna	harvest
hloya	hate
ipshine	have fun
kotsi	hazard
letobe	haze
yena	he
hlogo	head
fodiša	heal
pholo	healing
maphelo	health
phelegile	healthy
kwa	hear
kwele	heard
pelo	heart
phišo	heat
legodimong	heaven
boima	heavy
leemaema	hectic
bogodimo	height
mojalefa	heir
ke	he is
swerwe	held
hele	hell
Thobela	Hello
lekarapa	helmet
thušo	help
gagwe	her
mohlape	herd
mo	here
bohwa	heritage
dikadika	hesitate
Hei	Hey
Thobela	Hi
fihlilwe	hidden
fihla	hide
tatelano	hierarchy
godimo	high
laetša	highlight
haeka	hike
thabilego	hilarious
mmoto	hill
yena	him
lomatsebe	hint
noka	hip
dinoka	hips
thwala	hire
go hiriša	hiring
gagwe	his
histori	history
betha	hit
go hlabela moento	vaccination
go hlapa	bath
go hloka lešata	introvert
sa hlokomelego	careless
Hmm	Hmm
setlošabodutu	hobby
swara	hold
lešoba	hole
maikhutšo	holiday
sekoti	hollow
gae	home
potego	honest
Rato	Honey
hlompha	honor
kefa	hood
kobi	hook
thwethwa	hop
kholofelo	hope
rapamego	horizontal
lenaka	horn
boifišago	horrible
poifo	horror
pere	horse
sepetlele	hospital
kamogelabaeng	hospitality
monggae	host
lwantšhago	hostile
fiša	hot
hotele	hotel
iri	hour
diiri	hours
ntlo	house
lapeng	household
bjang	how
hapo	hub
gokara	hug
kgolokgolo	huge
go hula ka dibetša	heist
botho	human
ikokobetša	humble
bošidi	humid
bošidi	humidity
lekgolo	hundred
tsoma	hunt
ledimo	hurricane
phakiša	hurry
phakiša	hurry up
gobetše	hurt
mokhukhu	hut
go hwa	dying
e hweditše	got it
maphelo	hygiene
nna	I
aese	ice
aesekhirimi	ice cream
kgopolo	idea
kgonthe	ideal
swanago	identical
hlaola	identify
boitsebišo	identity
sethotho	idiot
ebela	idle
ge	if
hlokomologa	ignore
go iketla	cozy
go ikgetha	specific
o ikwa bjang	how do you do
lwala	ill
bolwetši	illness
Ilocano	Ilocano
seswantšho	image
nagana	imagine
kamego	impact
phethagatša	implement
bohlokwa	important
lefiša	impose
gatelela	impress
kgatišo	impression
kgahlišago	impressive
kaonafala	improve
kaonafalo	improvement
ka	in
tšhušumetšo	incentive
tiragalo	incident
akaretša	include
letseno	income
tshwenya	inconvenience
oketša	increase
oketšegile	increased
makatšago	incredible
ikemego	independent
India	India
laetša	indicate
intasteri	industry
Gabotsebotse	In fact
lesea	infant
phetetšo	infection
infoleišene	inflation
khuetšo	influence
tsebiša	inform
tshedimošo	information
ditswaki	ingredients
bohwa	inheritance
tlhakaina	initial
boitlhagišetšo	initiative
gobaditšwe	injured
kgobalo	injury
boitlhagišetšo	innovation
dinyakišišo	inquiry
gafa	insane
khunkhwane	insect
tsenya	insert
tlhaologanyo	insight
gatelela	insist
bogaswi	insomnia
tlhohleletšo	inspiration
hlohleletša	inspire
hloma	install
tiragalo	instance
gatee	instant
ditaelo	instructions
sedirišwa	instrument
maroga	insult
inšorentshe	insurance
titiane	intact
seriti	integrity
-bohlale	intellectual
bohlodi	intelligence
bohlale	intelligent
ikemišetša	intend
nepilego	intended
tseneletše	intense
maikemišetšo	intention
kgokagana	interact
kgokagano	interaction
kgahlego	interest
kgahliša	interesting
mmaditsela	intermediate
boditšhabatšhaba	international
hlatholla	interpret
mofetoledi	interpreter
dipoledišano	interview
sekgotse	intimate
hlagiša	introduce
matseno	introduction
hlama	invent
beeletša	invest
nyakišiša	investigate
taletšo	invitation
laletša	invite
lenanetheko	invoice
ama	involve
amegago	involved
go iphodiša	self healing
sa ipone	unconscious
go ipotsefatša	make up
aene	iron
ke	is
sehlakahlaka	island
hlaotšwego	isolated
tlhagišo	issue
dintlha	issues
sona	it
aetheme	item
diaetheme	items
go ithuta	learning
go ithuta	studying
ke	it is
go itlhaola	distinct
ke	it's
go itshwarelela	clingy
baki	jacket
go ja	eating
kgolego	jail
Janeware	January
jeke	jar
mohlagare	jaw
mona	jealous
ubula	jerk
dibenyabje	jewelry
mošomo	job
kopanya	join
makopano	joint
metlae	joke
mmegaditaba	journalist
leeto	journey
boipshino	joy
moahlodi	judge
tšuse	juice
julae	july
tshela	jump
june	june
tlhakatlhakano	junk
fela	just
toka	justice
lokafatša	justify
e ka ba	either
e ka bago	approximately
e ka ba ka sewelo	hardly ever
e ka ba	nearly
e ka ba	roughly
e ka ba	whether
tsena ka bogare	interfere
tsena ka bogare	interrupt
lefa ka botlalo	settle
sego kae	fewer
le kae	how are you
o kae	where is
sego ka fase ya khuetšo ya bjala	sober
ka kakaretšo	entire
ka kakaretšo	generally
ka kakaretšo	overall
re ka kgona	we can
o ka kgona	you can
robala ka khutšo	rest in peace
Kalaallisut	Kalaallisut
go kalatša	flirting
Thobela Ka Moka	Dear All
dilo ka moka	everything
nako ka moka	throughout
thomelo ka nageng	import
ngwaga ka ngwaga	annual
dula ka polokego	stay safe
ithuša ka	resort
sepela ka sekepe	cruise
sepela ka senamelwa	commute
thomelo ka senamelwa	transportation
bjalo ka	such as
go katana	struggling
ka katlego	prosperous
tsebo ka tlhago	intuition
tšatši ka tšatši	daily
šomago ka tshwanelo	effective
šoma ka tshwanelo	efficient
swarwa ke boroko	sleepy
bopša ke	consist
swanelwa ke	deserve
jewa ke dihlong	ashamed
se ke	don't
mafolofolo	keen
boloka	keep
ga ke go kwešiše	I don't understand you
ga ke	I don't
ga ke kwešiše	I do not understand
Ga ke kwešiše	I don't understand
ga ke kwešiše	I don’t understand
Ga ke kwešiše seo o se bolelago	I don't understand what you mean
felelwa ke maatla	give up
feletšwe ke nako	expired
ga ke na mathata	I am fine
ga ke na molato	I'm fine
ga ke na molato	I'm good
bolokile	kept
se ke	this is
swerwe ke tlala	hungry
bolawa ke tlala	starving
ga ke tsebe	I do not know
ga ke tsebe	I don't know
Ga ke tsebe	I don’t know
ketlele	kettle
khii	key
sa kgetholle	random
sa kgonagalego	impossible
nka kgona	I can
ya kgonthe	profound
ka kgonthe	really
ka kgonthe	sincerely
ka kholofetšo	hopefully
ka khutšo	peaceful
raga	kick
mapimpane	kid
swaswa	kidding
pshio	kidney
bomapimpane	kids
bolaya	kill
mohuta	kind
mohuta	kinda
botho	kindness
kgošikgolo	king
atla	kiss
khitšhing	kitchen
khaete	kite
go kitima	jogging
go kitima	running
katsana	kitten
khuru	knee
tsebile	knew
thipa	knife
mogale	knight
tseba	know
tsebo	knowledge
tsebegago	known
ya kodutlo	sarcastic
go kokomoga	inflammation
Konkani	Konkani
lego kotsing	endangered
ba kotsing	vulnerable
Krio	Krio
ntši kudu	enormous
gabotse kudu	excellent
lapile kudu	fatigue
botse kudu	gorgeous
kgolo kudu	immense
botse kudu	magnificent
mpe kudu	nasty
naganago kudu	obsessed
bogega kudu	so cute
bolela kudu	talkative
mpe kudu	terrible
kgolo kudu	tremendous
gabotse kudu	very good
gampe kudu	worse
mpe kudu	worst
sa kwagalego	vague
lekgoba la	addicted
legatong la	behalf
leibole	label
mošomo	labor
modiro	labour
tlhokego	lack
llere	ladder
lenaneo la diphahlo	inventory
lekgarebe	lady
letšatši la gago le bile bjang	how was your day
leina la gago o mang	what is your name
lethabo la go fetišiša	excitement
se lahlegelwe ke tshepho	never give up
beilwe	laid
legatong la	instead of
letsha	lake
letšatši la matswalo	birthday
kwana	lamb
hlotšago	lame
lebone	lamp
naga	land
polelo	language
difaro	lap
kgolo	large
letsogo la seaparo	sleeve
mafelelo	last
sefane	last name
morago	late
moragonyana	lately
moragonyana	later
moragorago	latest
sega	laugh
lesego	laughter
hloma	launch
lonteri	laundry
molao	law
llone	lawn
ramolao	lawyer
ala	lay
llaga	layer
tlhamego	layout
tšwafa	lazy
mabapi le	about
moetapele	leader
lehlare	leaf
tša leago	social
šwahla	leak
otile	lean
tlola	leap
ithuta	learn
hiriša	lease
gannyanenyane	least
gammogo le	as well
gammogo le	as well as
mokgopa	leather
tloga	leave
tlogela	leaves
ka lebaka la	because
ka lebaka la	due to
ka lebaka la eng go se bjalo	why not
ka lebaka la eng	why
ntle le	beside
Re leboga go se fele pelo ga gago ge re nyakišiša merwalo	Thank you for your patience while we investigate shipment
Re leboga ka go šomiša app ya rena	Thanks for using our app
ke leboga kudu	thank you so much
re leboga kudu	thank you very much
go leboga nna	my pleasure
nago le bokgoni	competent
na le boleng	worth it
kwanago le	consistent
na le	contain
na le	contains
ntle le	despite
efe le efe	anyway
eng le eng	whatever
nngwe le e nngwe	each
ntle le	except
ya lefela	null
nngele	left
leoto	leg
bohwa	legacy
semolao	legal
ema legato	replace
nonwane	legend
makgonthe	legit
e lego	that is
na le	has
na le	have
na le	having
tšea lehlakore	bias
tšea lehlakore	biased
hlolago lehu	fatal
bea leihlo	monitor
boiketlo	leisure
thobela le kae	hello how are you
thobela le kae	hi how are you
nago le kelelo	witty
na le kgahlego	curious
nago le kgahlego	interested
nago le kgaugelo	compassionate
na le kgodi	foggy
nago le kholofelo	optimistic
letšatši le lebotse	good day
nago le leetse	curly
na le letšatši	sunny
ba le maatlakgogedi	attract
nago le maatla	powerful
na le mafolofolo	enthusiastic
nago le mafolofolo	thrilled
mang le mang	anyone
mang le mang	every
mang le mang	everybody
mang le mang	everyone
nago le manyami	gloomy
na le maru	cloudy
nago le maswanedi	entitled
nago le mohola	helpful
nago le mohola	useful
nago le mohola	worthy
na le molato	guilty
mongwe le mongwe	each other
na le mpholo	toxic
adima	lend
neng le neng	whenever
kgauswi le	next to
botelele	length
hlaboša lentšu	loud
na le phefo	windy
bea lepheko	restrict
na le phišego	ambitious
ba le phišego	curiosity
nago le	possess
mabapi le	regarding
ya lešata	noisy
thobela le sa thabile	hello how are you doing
na le seabe	contribute
nago le sebete	brave
ba le šedi	caring
nnyane	less
thutwana	lesson
dumelela	let
na le tatso	tasty
ka lethabo	friendly
ke lethabo go kopana le wena	nice to meet you
na le tiišetšo	assertive
lengwalo	letter
letase	lettuce
ntle le	unless
kelo	level
lekanyetša	leverage
ntle le	without
molato	liability
bokgobapuku	library
latswa	lick
maaka	lie
maaka	lies
bophelo	life
kuka	lift
seetša	light
legadima	lightning
rata	like
kgonagalo	likely
bjalo	likewise
mothaladi	line
Lingala	Lingala
amanya	link
tau	lion
seela	liquid
lenaneo	list
theeletša	listen
ntšukantšu	literally
dingwalo	literature
matlakala	litter
nnyane	little
phela	live
sebete	liver
maphelo	lives
phelago	living
mokgaritswane	lizard
morwalo	load
llofo	loaf
kadimo	loan
lefelo	location
senotlelo	lock
kota	log
go lokile	all right
Go lokile	Alright
go lokile	it's ok
Go lokile	It's okay
go lokile moratiwa	okay dear
go lokile moratiwa	okay my love
go lokile moratiwa	ok my love
go lokile ngwana	okay baby
go lokile	ok
go lokile	okay
go lokile rato	okay honey
go lokile rato	ok dear
go lokile rato	ok honey
lol	lol
bodutu	lonely
telele	long
lebelela	look
segole	loop
hlephilego	loose
morena	lord
lahlegelwa	lose
tahlegelo	loss
lahlegetšwe	lost
kabelo	lot
lontše	lounge
lerato	love
rategago	lovely
fase	low
fasana	lower
botega	loyal
botshepegi	loyalty
mahlatse	luck
mahlatse	lucky
Luganda	Luganda
morwalo	luggage
sekutu	lump
matena	lunch
maswafo	lungs
matsaka	luxury
go lwa	fighting
bolela maaka	lying
dira maano	hustle
yo maatla	resilient
motšhene	machine
gafa	mad
mohumagadi	madam
dirilwe	made
ka madimabe	unfortunately
sa mafelelo pele ke fihla mafelelong	last but not least
ya mafelelo	ultimate
bona mafelo	sightseeing
kgatišobaka	magazine
ka mahlatse	fortunately
gogago mahlo	attraction
gogago mahlo	fascinating
lakaletša mahlogonolo	compliment
kgarebe	maid
kgwathegago maikutlo	sensitive
kgolo	main
hlokomela	maintain
tlhokomelo	maintenance
Maithili	Maithili
kgolo	major
bontši	majority
dira	make
ke makga a makae	how often
ya makgonthe	authentic
eya malaong	go to bed
monna	male
sego maleba	inappropriate
mmolo	mall
monna	man
laola	manage
taolo	management
molaodi	manager
kgapeletšo	mandatory
ke mang	who is
ke mang yo	who is this
bonagatša	manifest
mokgwa	manner
manyuale	manual
ntši	many
matšhe	march
magomo	margin
mmaraka	market
lenyalo	marriage
nyetšwe	married
maseke	mask
boima	mass
boima	massive
nkgwete	master
ke maswabi	I'm sorry
Ke maswabi	Sorry
bapetša	match
thaka	mate
didirišwa	material
mmetse	math
tša matlotlo	financial
taba	matter
matšhurithi	maturity
ka	may
mohlomongwe	maybe
nna	me
dijo	meal
ra	mean
ra	meant
lekanya	measure
ela	measures
nama	meat
sehlare	medicine
kgopolo	meditation
dirišwago	medium
kopana	meet
kopano	meeting
ka mehla	always
ka mehla	ever
ka mehla	regularly
Meiteilon	Meiteilon
tologa	melt
dikgopotšo	memories
kgopolo	memory
laetša	mention
laeditšego	mentioned
mohlahli	mentor
mogwebi	merchant
mogau	mercy
fela	merely
bošaedi	mess
molaetša	message
hlakahlakane	messy
tšhipi	metal
mokgwa	method
magotlo	mice
bogareng	middle
bošegogare	midnight
ka	might
magareng	mild
monabo	milestone
sešole	military
maswi	milk
milione	million
monagano	mind
mogopolo	mindset
moepo	mine
hlakahlakana	mingle
nnyane	minor
motsotso	minute
metsotso	minutes
mohlolo	miracle
seipone	mirror
hlakahlakanego	miscellaneous
selekago	mischievous
mahlomola	miserable
masetlapelo	misery
fetilwe	miss
timetše	missing
ponelopele	mission
mouwane	mist
phošo	mistake
Mizo	Mizo
kodutla	mock
etla mo	come here
mmotlolo	model
magareng	moderate
sebjalebjale	modern
ikokobetšago	modest
sa Modimo	divine
rola modiro	resign
rotšego modiro	retired
Thobela Mohlomphegi	Dear Sir
hlokago mohola	useless
ya mohola	valuable
monola	moist
monola	moisture
ka moka	all
o mo kae gabjale	where are you now
o mo kae	where are you
ka moka	whole
hlokago mokgabišo	plain
lego molaleng	straightforward
sego molaong	illegal
hloka molato	innocent
sebopego	mold
serunya	mole
letša molodi	whistle
mma	mom
nakwana	moment
ya monagano	mental
gateletše monaganong	depressed
mošupologo	monday
tšhelete	money
kgabo	monkey
kgwedi	month
maikutlo	mood
matepe	moody
Dumela moo	Hi there
ngwedi	moon
ka morago	behind
ya morago	latter
šala morago	pursue
boela morago	retreat
bušetša morago	reverse
gogela morago	withdraw
gogela morago	withdrawal
setho	moral
dumela moratiwa	hello dear
thobela moratiwa wa ka	good morning my love
ee moratiwa	yes dear
ee moratiwa	yes honey
ee moratiwa	yes my love
Thobela Moreki	Dear Customer
mesong	morning
adimiša	mortgage
tlhahlo mošomong	internship
bontši	most
kudukudu	mostly
ya motheo	basic
mma	mother
tšhišinyo	motion
tlhohleletšo	motivation
thaba	mountain
legotlo	mouse
molomo	mouth
sepela	move
mosepelo	movement
mmobi	movie
Ngwala mo	Write here
o mpotša eng	what's up
mdi	mrs
kudu	much
leraga	mud
komiki	mug
mošifa	muscle
musiamo	museum
tlokwane	mushroom
mmino	music
swanetše	must
homola	mute
mmogo	mutual
-ka	my
Moratiwa	My dear
nna	myself
makatšago	mysterious
semaka	mystery
nonwane	myth
ke nagana bjalo	i guess
Ke nagana bjalo	I hope so
Ke nagana	I think
go nagana kudu	overthinking
ka nageng	domestic
ka nageng	local
se nago bosodi	flawless
se nago kholofelo	hopeless
se nago mafolofolo	passive
se nago selo	blank
se nago selo	empty
o na	he has
lenala	nail
bokangwana	naive
tla nako e sa fetšego pelo	coming soon
kgotlelelago nako e telele	sustainable
ka nako	punctual
kgotlelela nako ye telele	sustainability
ema nakwana	pause
ke na le	I have
o na le mengwaga e mekae	how old are you
go na le	there are
go na le	there is
leina	name
kanegelo	narrative
sesane	narrow
o na	she has
bosetšhaba	national
mohlobo	nationality
tlhago	natural
tlhago	nature
kgauswi	near
kgauswi	nearby
hlwekile	neat
hlokega	necessary
molala	neck
pheta	necklace
nyaka	need
hlokomologa	neglect
rerišana	negotiate
moagišani	neighbor
boagišani	neighborhood
ka nepagalo	accuracy
motlogolo	nephew
nete	nerd
tšhogile	nervous
sehlaga	nest
nete	net
neteweke	network
magareng	neutral
mpsha	new
ditaba	news
latelago	next
go ngongorega	grumpy
go ngwala	writing
ee ngwana	yes baby
botse	nice
motlogolo	niece
bošego	night
segateledi	nightmare
senyane	nine
lesomesenyane	nineteen
masomesenyane	ninety
ke nna	I am
ke nna	I'm
le nna ke a go rata	I love you too
le nna	me too
ke nna	my name is
ka nnete	absolutely
ka nnete	certainly
ka nnete	definitely
ka nnete	indeed
ka nnete	of course
ye nngwe	alternative
Aowa	No
lešata	noise
mosegare	noon
aowa	nope
goba	nor
tlwaelo	normal
leboa	north
nko	nose
e no se dira	just do it
ka noši	individual
ka noši	self
ka noši	spontaneous
hlologetšego	nostalgic
temošo	note
lemogile	noted
tsebišo	notice
lemogilego	noticed
leina	noun
maina	nouns
kanegelo	novel
nofemere	november
gabjale	now
romela ntle	export
ka ntle	external
ka ntle ga	besides
fega ntle	hang out
ka ntle	outside
bogatšo	numb
nomoro	number
mooki	nurse
koko	nut
mekgahlong	nutmeg
phepo	nutrition
o nyaka eng	what do you want
o nyaka go reng	what do you mean
ke nyaka	I want
ke nyaka wena	I want you
o nyetšwe goba ga se wa nyalwa	are you married or single
naa o	are you
kano	oath
obamela	obey
selo	object
nepo	objective
tlamego	obligation
mogolo o bohloko	sore throat
šira	obscure
temogo	observation
lemoga	observe
onetšego	obsolete
lepheko	obstacle
hwetša	obtain
hweditše	obtained
molaleng	obvious
mošomo	occupation
dutšego	occupied
hlaga	occur
hlagilego	occurred
hlaga	occurs
lewatle	ocean
oktobere	october
makatšago	odd
naa o dira eng	what do you do
naa o	do you
ya	of
tima	off
lehlapa	offensive
mpho	offer
ofisi	office
semmušo	official
gantši	often
Ao	Oh
oli	oil
mohuta o itsego	typical
naa o jele	have you eaten
kgale	old
mošomo o mmotse	good job
monwana o mogolo	thumb
ngwaga o moswa wa lethabo	happy new year
go	on
gatee	once
tee	one
eiye	onion
inthaneteng	online
fela	only
naa o nyetšwe	are you married
bula	open
opareišene	operation
maikutlo	opinion
dibaka	opportunities
sebaka	opportunity
lelatodi	opposite
kgetho	option
boikgethelo	optional
goba	or
namune	orange
tatelano	order
tlwaelo	ordinary
wena o reng	what about you
mokgatlo	organization
tlwaetšo	orientation
setlogo	origin
mathomo	original
Oromo	Oromo
tšhuana	orphan
Naa o sa le gona?	Are you still there?
nngwe	other
wena o tsogile bjang	how about you
swanetše	ought
ntle	out
dipoelo	outcome
seaparo	outfit
tšwago	outgoing
bokantle	outlet
akaretša	outline
šaletšego	outstanding
obene	oven
godimo	over
hlola	overcome
hlotšwe	overwhelmed
kolota	owe
leribiši	owl
rua	own
mong	owner
poo	ox
kgato	pace
phutha	pack
sephuthelo	package
lefetše	paid
bohloko	pain
pente	paint
mopento	painting
phere	pair
galoga	pale
go palelwa	failure
legoswi	palm
pane	pan
leuba	pandemic
letšhogo	panic
marokgwana	pants
pampiri	paper
paradeisi	paradise
bapelana	parallel
phasela	parcel
tshwarelo	pardon
batswadi	parents
phaka	park
lepapagai	parrot
paraseli	parsley
karolo	part
itšego	particular
kudukudu	particularly
molekane	partner
mokgatlo	party
feta	pass
sefero	passage
fetile	passed
phišego	passion
phasewete	password
fetilego	past
segaswa	patch
tsela	path
mahlomola	pathetic
boiketlo	patience
molwetši	patient
phethene	pattern
tselanathoko	pavement
lefa	pay
tefelo	payment
khutšo	peace
perekisi	peach
sehloa	peak
pšere	pear
dinawa	peas
makatšago	peculiar
rota	pee
ebula	peel
thaka	peer
dithaka	peers
ka pela	immediate
ka pela	soon
gatetšego pele	advance
gatetšego pele	advanced
tšwela pele bjalo	keep it up
tšwela pele	carry on
tšwela pele	continue
ka pele	front
eya pele	go ahead
eta pele	lead
etilwe pele	led
tšwela pele	proceed
tšwetša pele	promote
felago pelo	impatient
wa pelo le moya	soulmate
pene	pen
phentshele	pencil
letetšwe	pending
batho	people
go pepeneneng	obviously
pherefere	pepper
lemoga	perceive
temogo	perception
phethegilego	perfect
phethagatša	perform
phethagatšo	performance
mohlomongwe	perhaps
paka	period
ruri	permanent
tumelelo	permission
phemiti	permit
kgotlelelo	perseverance
phegelelago	persistent
motho	person
sephiri	personal
seriti	personality
mmono	perspective
kgodiša	persuade
hlanoša	pervert
seruiwaratwa	pet
legato	phase
diponagalo	phenomenon
ila phetogo	conservative
filosofi	philosophy
ka phišego	passionate
mogala	phone
senepe	photo
sekafoko	phrase
topa	pick
topa	pick up
seswantšho	picture
karolo	piece
dikarolwana	pieces
kolobe	pig
leeba	pigeon
mokgobo	pile
mosamelo	pillow
phini	pin
phaeneapole	pineapple
pinki	pink
molete	pit
segalo	pitch
kwelobohloko	pity
lefelo	place
mafelo	places
matshwenyego	plague
leano	plan
sefofane	plane
semela	plant
dihlare	plants
poleiti	plate
polatefomo	platform
raloka	play
thabišago	pleasant
hle	please
thabile	pleased
boithabišo	pleasure
holofetša	pledge
ntši	plenty
maanomabe	plot
pholaka	plug
polamo	plum
polampara	plumber
bontši	plural
potekhasete	podcast
sereto	poem
theto	poetry
šupa	point
mpholo	poison
go poka	ghosting
hlokago polelo	speechless
maphodisa	police
pholisi	policy
boikokobetšo	polite
tšhilafatšo	pollution
letangwana	pond
bodiba	pool
phupu	poop
diila	poor
tšwelela	pop
tlwaelegilego	popular
setšhaba	population
bogobe	porridge
phote	port
maemo	position
kgotsofatša	positive
ruago	possessive
kgonagalo	possible
poso	post
šuthiša	postpone
letsapane	potato
hloka potegelo	cheating
ka potego	honestly
kgonagalo	potential
ka potlako	immediately
ka potlako	quickly
ka potlako	rapidly
ka potlako	suddenly
ponto	pound
bodiidi	poverty
maatla	power
tlwaetšo	practice
tumiša	praise
metlae	prank
rapela	pray
nepago	precise
thwii	precisely
akanya	predict
rata	prefer
kgetho	preference
imile	pregnant
kgethollo	prejudice
ditikologo	premises
premiamo	premium
boitokišo	preparation
beakanya	prepare
ipeakantše	prepared
letlema	preposition
mpho	present
tlhagišo	presentation
boloka	preserve
mopresitente	president
gatelela	press
kgatelelo	pressure
ikgakantšha	pretend
botse	pretty
šitiša	prevent
peleng	previous
sebolawa	prey
theko	price
boitumelo	pride
moruti	priest
motheo	primary
kgolo	prime
kgošigatšana	princess
motheo	principal
bohlokwa	priority
kgolego	prison
sephiring	privacy
poraebete	private
tokelo	privilege
sefoka	prize
mohlomongwe	probably
bothata	problem
tshepedišo	procedure
tshepedišo	process
tšweletša	produce
setšweletšwa	product
tšweletšo	production
phorofešene	profession
seprofešenale	professional
phorofaele	profile
profiti	profit
kgatelopele	progress
protšeke	project
tumilego	prominent
tshephišo	promise
tlhatlošo	promotion
akgofago	prompt
sekametše	prone
mašalaina	pronouns
kwagatšo	pronunciation
bohlatse	proof
maleba	proper
dithoto	properties
thoto	property
tšhišinyo	proposal
kholofetšo	prospect
kgatelopele	prosperity
šireletša	protect
itumela	proud
bontšha	prove
nea	provide
neetšego	provided
profense	province
peakanyetšo	provision
mahlalagading	puberty
setšhaba	public
goga	pull
lefodi	pumpkin
morutwana	pupil
reka	purchase
hlwekile	pure
phepolo	purple
morero	purpose
sekhwama	purse
kgorometša	push
bea	put
maswanedi	qualification
boleng	quality
bontši	quantity
khwaranthaene	quarantine
kgakgana	quarrel
kotara	quarter
Quechua	Quechua
kgošigadi	queen
makatšago	queer
potšišo	query
potšišo	question
mothaladi	queue
potlako	quick
setu	quiet
khwiliti	quilt
etšwa	quit
kudu	quite
tekatlhaologanyo	quiz
setsopolwa	quotation
setsopolwa	quote
ditsopolwa	quotes
mmutla	rabbit
morafe	race
pefelo	rage
ke ra gore	I mean
go ra gore	meaning
pula	rain
godiša	raise
godišitše	raised
go raloka	playing
kitimile	ran
mehutahuta	range
potlako	rapid
sewelo	rare
sebabo	rash
legotlo	rat
ke rata buti wa ka yo mogolo	I love my big brother
ke rata go go bona	I want to see you
ke rata	I like
ke rata	I love
ke rata mma wa ka	I love my mother
ke rata moratho wa ka wa mošemane	I love my little brother
ke rata papa wa ka	I love my father
ke rata sesi wa ka	I love my little sister
ke rata sesi wa ka yo mogolo	I love my big sister
kelo	rate
a rategago	beloved
eupša	rather
tekanyo	ratio
kgopodišišo	rational
tala	raw
gape	re
fihlelela	reach
fihleletše	reached
phetogo	reaction
bala	read
itokišitše	ready
makgonthe	real
kgonthe	reality
lemoga	realize
lemogilego	realized
kgauswi	rear
lebaka	reason
kwešišegago	reasonable
gomiša	recall
kamogelo	receipt
amogela	receive
amogetše	received
bjale	recent
gabjale	recently
boamogelabaeng	reception
motswako	recipe
temogo	recognition
lemoga	recognize
šišinya	recommend
šišintšwego	recommended
pego	record
kokotlela	recover
kutollo	recovery
khutlonnethwii	rectangle
khubedu	red
phološa	redeem
phološo	redemption
fokotša	reduce
šaletšego	redundant
lebiša	refer
tšhupetšo	reference
bontšha	reflect
sešupo	reflection
tlogela	refrain
setšidifatši	refrigerator
gana	refuse
ganne	refused
hlokomela	regard
hlokomela	regards
selete	region
ingwadiša	register
maswabi	regret
mehleng	regular
gana	reject
go reka	shopping
amana	relate
amanago	related
kamano	relationship
motswalo	relative
metswalo	relatives
iketla	relax
lokolla	release
lokollotše	released
maleba	relevant
botegago	reliable
kimollo	relief
imolla	relieve
thušitše	relieved
tumelo	religion
tshepha	rely
šala	remain
šetšego	remaining
makatšago	remarkable
kalafo	remedy
gopola	remember
gopotša	remind
kgopotšo	reminder
kgole	remote
tloša	remove
-a rena	our
thuša	render
hiriša	rent
lokiša	repair
bušeletša	repeat
fetola	reply
pego	report
emela	represent
seriti	reputation
kgopelo	request
hlokega	require
nyakegago	required
phološa	rescue
dinyakišišo	research
ka re	seem
swanetšana	resemble
sekgopi	resentment
peeletšo	reservation
boloka	reserve
modudi	resident
kgotlelelo	resilience
iphemela	resist
twantšho	resistance
tharollo	resolution
rarolla	resolve
methopo	resources
hlompha	respect
fetola	respond
phetolo	response
maikarabelo	responsibility
maikarabelo	responsible
khutša	rest
restorente	restaurant
tsošološa	restore
poelo	result
dipoelo	results
thomološa	resume
kgwebopotlana	retail
boloka	retain
poloko	retention
bušetša	retrieve
boa	return
utolla	reveal
utollotše	revealed
itefeletša	revenge
letseno	revenue
lekodišiša	review
bušeletša	revise
pušeletšo	revision
borabele	revolution
moputso	reward
morethetho	rhythm
kgopo	rib
raese	rice
humile	rich
tloša	rid
otlela	ride
segišago	ridiculous
nepagetše	right
gonabjale	right now
tiilego	rigid
palamonwana	ring
tsokotša	rinse
mpherefere	riot
gagola	rip
butšwitše	ripe
hlaba	rise
kotsi	risk
lenaba	rival
noka	river
tsela	road
gadika	roast
go robala	sleeping
o robetše bjang bošego	how was your night
tseneletšego	robust
letlapa	rock
kgati	rod
tema	role
kgokologa	roll
go romela	shipping
marulelo	roof
kamora	room
modu	root
thapo	rope
bodile	rotten
makgwakgwa	rough
sediko	round
tsela	route
setlwaedi	routine
mothalo	row
fogohla	rub
rapara	rubber
ditlakala	rubbish
phate	rug
senya	ruin
molao	rule
rula	ruler
melao	rules
kitima	run
metsemagae	rural
go ruruga	swelling
akgofa	rush
go rutha	swimming
raka	sack
tšhogile	sacred
go saekela	cycling
bolokegile	safe
polokego	safety
mohlalefi	sage
boletše	said
sesa	sail
go šala morago	pursuit
mogolo	salary
thekišo	sale
go sa lebelelwa	regardless
salmone	salmon
letswai	salt
swanago	same
sampole	sample
santa	sand
Sanskrit	Sanskrit
setsebi sa saentshe	scientist
sasi	sassy
dutše	sat
kgotsofalo	satisfaction
kgotsofetše	satisfied
kgotsofatša	satisfy
kgotsofatšago	satisfying
Mokibelo	Saturday
sosetše	sausage
sehlogo	savage
boloka	save
bone	saw
bolela	say
sekala	scale
bofora	scam
lebadi	scar
hlokegago	scarce
tšhogile	scared
sekhafo	scarf
tšhoša	scary
phatlaletše	scattered
sefala	scene
tebelelegonaga	scenery
monkgo	scent
beakanya	schedule
sekolo	school
saentshe	science
boramahlale	scientists
sekero	scissors
omanya	scold
morero	scope
ntlha	score
phumola	scrap
ngwapa	scratch
goeletša	scream
sekerini	screen
sekurufu	screw
sengwalwa	script
lewatle	sea
tswalela	seal
nyaka	search
sehla	season
madulo	seat
ke sebaka re sa kopane	long time no see
ka sebele	physical
ka se	can't
motsotswana	second
sephiri	secret
karolo	section
boloka	secure
tšhireletšo	security
hloka šedi	reckless
ga se	doesn't
ya sedumedi	religious
bona	see
peu	seed
ka se efogwego	inevitable
nyaka	seek
bone	seen
eja sefihlolo	have breakfast
go sega	laughing
ga se gantši	hardly
go sego fao	otherwise
E sego gabjale	Not now
e sego gantši	barely
e sego gantši	seldom
e sego	neither
ba sehlabelo	sacrifice
Thobela Sehlopha	Dear Team
nka se	I can't
golega	seize
golega	seizure
kgetha	select
go se lekanele	odds
timana	selfish
rekiša	sell
romela	send
se sengwe le se sengwe	anything
se sengwe	something
mogolo	senior
ga se	not
sekwi	sense
hlalefilego	sensible
rometše	sent
lefoko	sentence
mafoko	sentences
kgaogane	separate
Sepedi	Sepedi
go sepela	walking
tšerwe sephetho	decided
setemere	september
tatelano	sequence
tatelano	series
tiišitše	serious
solela	serve
tirelo	service
go sesa	sailing
sefofane se se bolokegilego	safe flight
selo se se makatšago	freak
tulo	session
nthomele seswantšho sa gago	send me your picture
sehlopha	set
go se timane	generous
sa šetšego selo	obsession
ya setšo	traditional
lefelo	setting
beakanya	set up
šupa	seven
lesomešupa	seventeen
masomešupa	seventy
mmalwa	several
šoro	severe
rokile	sew
ka sewelo	casual
ka sewelo	rarely
ka se	won't
š	sh
moriti	shade
morithi	shadow
šikinya	shake
tla	shall
metša	shallow
mahlabišadihlong	shame
sebopego	shape
abelana	share
bogale	sharp
yena	she
tšholla	shed
nku	sheep
letlakala	sheet
o	she is
šelefo	shelf
legapi	shell
morithi	shelter
kotse	shield
šuthiša	shift
phadima	shine
sekepe	ship
gempe	shirt
dieta	shoes
thuntšha	shoot
lebenkele	shop
lebopo	shore
kopana	short
tlhaelelo	shortage
swanetše	should
legetla	shoulder
goeletša	shout
bontšha	show
šawara	shower
mpontšhe	show me
širimpi	shrimp
šošobanya	shrink
tswalela	shut
homola	shut up
dihlong	shy
ngwanešo	sibling
baratho	siblings
lwala	sick
lehlakore	side
fegelwa	sigh
pono	sight
leswao	sign
mosaeno	signature
bohlokwa	significant
setu	silence
homotšego	silent
siliki	silk
lešilo	silly
silibera	silver
swanago	similar
simpo	simp
bonolo	simple
sammaletee	simultaneously
kgonthe	sincere
opela	sing
moopedi	singer
tee	single
sobelela	sink
Morena	Sir
sesi	sister
ngwetši	sister in law
dula	sit
saete	site
seemo	situation
tshela	six
lesometshela	sixteen
masometshela	sixty
bogolo	size
bokgoni	skill
mabokgoni	skills
letlalo	skin
otilego	skinny
tshela	skip
sekhethe	skirt
lefaufau	sky
lekgoba	slave
robala	sleep
selai	slice
selaete	slide
gannyane	slightly
otile	slim
thelela	slip
motheoga	slope
tsenya	slot
nanya	slow
nnyane	small
botse	smart
nkgelela	smell
myemyela	smile
muši	smoke
boreledi	smooth
seneke	snack
kgopa	snail
noga	snake
kgaola	snap
lehlwa	snow
ena	soak
sešepe	soap
setšhaba	society
masokisi	socks
boleta	soft
softewere	software
mabu	soil
rekišitše	sold
lešole	soldier
rekišitšwe	sold out
sola	sole
tšhipi	solid
tharollo	solution
rarolla	solve
go šoma	working
dingwe	some
o šomile gabotse	well done
koša	song
thantše	sophisticated
Sorani	Sorani
sešo	sore
manyami	sorrow
hlopha	sort
nyakile	sought
moya	soul
modumo	sound
sopo	soup
galaka	sour
mothopo	source
borwa	south
sekgoba	space
sepamo	spam
bogolo	span
Sepeniši	Spanish
boloka	spare
bolela	speak
ikgetha	special
mohuta	species
polelo	speech
lebelo	speed
peleta	spell
šomišitše	spent
sepikiri	spike
dikološa	spin
sepenatšhe	spinach
moya	spirit
tshwa	spit
kganyago	splendid
kgaoganya	split
senya	spoil
senyegilego	spoiled
lelepola	spoon
lefelo	spot
mogatša	spouse
phatlalala	spread
seruthwane	spring
khutlonne	square
pitlela	squeeze
sekwiti	squid
sehlora	squirrel
seterata	st
hlaba	stab
tiilego	stable
hlopha	stack
bašomedi	staff
kgato	stage
sepatso	stain
ditepisi	stairs
katolo	stake
lehlokwa	stalk
setolo	stall
setempe	stamp
ema	stand
motheo	standard
naledi	star
thomiša	start
thomile	started
mmušo	state
setatemente	statement
setiši	station
sehlwaseeme	statue
maemo	status
dula	stay
utswa	steal
phišo	steam
tšhipi	steel
motheoga	steep
kutu	stem
kgato	step
kgomarela	stick
thatafa	stiff
sa	still
loma	sting
hudua	stir
phahlo	stock
utswitšwe	stolen
dimpa	stomach
leswika	stone
eme	stood
mantle	stool
ema	stop
bobolokelo	storage
boloka	store
ledimo	storm
kanegelo	story
setofo	stove
thwii	straight
lapišago	strain
makatša	strange
moeng	stranger
leanophethagatšo	strategy
lehlokwa	straw
seterooperi	strawberry
mothaladi	streak
moela	stream
seterata	street
maatla	strength
kgatelelo	stress
nganga	stretch
tlhoko	strict
thapo	string
moseto	strip
katana	strive
seterouku	stroke
maatla	strong
bethilwe	struck
sebopego	structure
katana	struggle
hlogothata	stubborn
tsentše	stuck
moithuti	student
ithuta	study
kitela	stuff
tumišegago	stunning
setlaela	stupid
mohuta	style
hlogotaba	subject
boikokobetšo	submission
tliša	submit
selo	substance
moemedi	substitute
makatšago	subtle
atlega	succeed
katlego	success
atlegile	successful
bjalo	such
nyanya	suck
tlaišega	suffer
lekanetšego	sufficient
swikiri	sugar
šišinya	suggest
tšhišinyo	suggestion
swanela	suit
maswanedi	suitable
suthukheisi	suitcase
palomoka	sum
kakaretšo	summary
selemo	summer
sehloa	summit
letšatši	sun
sontaga	sunday
phirimatšatši	sunset
kgolo	super
mookamedi	supervisor
difihlolo	supper
kabo	supply
thekga	support
nagana	suppose
swanetše	supposed
kgonthiša	sure
bokagodimo	surface
lephoto	surge
karo	surgery
sefane	surname
makatša	surprise
maketše	surprised
ineela	surrender
tikologo	surrounding
phatišišo	surveillance
diphatišišo	survey
phologa	survive
mogononelwa	suspect
fegilwe	suspended
belaetša	suspicious
kgotlelela	sustain
ikgantšha	swag
metša	swallow
fetoša	swap
ikana	swear
sethitho	sweat
swetha	sweater
swiela	sweep
bose	sweet
moratiwa	sweetheart
ruruga	swell
rutha	swim
hwidinya	swing
fetogela	switch
rurugile	swollen
lerumo	sword
leswao	symbol
kwelobohloko	sympathy
dika	symptoms
tshepedišo	system
tafola	table
lwantšha	tackle
theke	tag
mosela	tail
tšea	take
hlokomela	take care
tšerwe	taken
fofa	take off
bolela	talk
telele	tall
thepe	tap
theipi	tape
tebanyo	target
mošomo	task
tatso	taste
rutile	taught
teye	tea
ruta	teach
morutiši	teacher
sehlopha	team
gagola	tear
megokgo	tears
kwera	tease
theknolotši	technology
meno	teeth
botša	tell
mpotše	tell me
kgatha tema	participate
pefelo	temper
themphereitšha	temperature
tempele	temple
nakwana	temporary
lesome	ten
mohiri	tenant
diša	tend
setlwaedi	tendency
thentara	tender
lebaka	tense
kgohlano	tension
tente	tent
go teraeka	strike
lereo	term
mareo	terms
boifišago	terrific
mollwane	territory
leka	test
sengwalwa	text
go thaba go fetišiša	excited
go thabiša	cheers
sa thabišego	negative
leboga	thank
gore	that
go theeletša	listening
bohodu	theft
ka thelelo	fluently
bona	them
tabataba	theme
gona	then
teori	theory
moo	there
tše	these
go thetha	mobile
bona	they
koto	thick
lehodu	thief
serope	thigh
sese	thin
selo	thing
dilo	things
nagana	think
boraro	third
nyorilwe	thirsty
lesometharo	thirteen
masometharo	thirty
se	this
bao	those
kgopolo	thought
naganišiša	thoughtful
dikgopolo	thoughts
sekete	thousand
go thousta	toast
garane	thread
matšhošetši	threat
tšhošetša	threaten
tharo	three
mogato	threshold
atlega	thrive
mogolo	throat
go	through
foša	throw
ledimo	thunder
Labone	Thursday
swaya	tick
tlema	tide
hlwekile	tidy
bofa	tie
nkwe	tiger
tiišitše	tight
Tigrinya	Tigrinya
ka tiišetšo	seriously
go timana	greedy
go timana	stingy
nako	time
dihlong	timid
lehlokwana	tiny
ntlha	tip
maele	tips
lapa	tire
lapile	tired
tlhalenama	tissue
thaetlele	title
ke tla ba	I would be
re tla bonana gosasa	see you tomorrow
re tla bonana nako ye e sa fetšego pelo	see you soon
re tla bonana	see you
go tlaišega	suffering
ke tla	I will
go tlaleletša	in addition
sa tlhago	indigenous
wa tlhago	native
ka tlhokomelo	carefully
go tloga	departure
go tloga moo	hence
go tloga	since
sa tlwaelegago	unusual
ka tlwaelo	usually
go	to
lehono	today
mapimpane	toddler
mmogo	together
ka toka	fairly
boditše	told
kgotlelelo	tolerance
kgotlelela	tolerate
tamati	tomato
gosasa	tomorrow
leleme	tongue
go tonya	chill
gape	too
tšerwe	took
thulusi	tool
ditlabela	tools
leino	tooth
godimo	top
hlogotaba	topic
gagogile	torn
tlaiša	torture
palomoka	total
kgoma	touch
thata	tough
leeto	tour
toulo	towel
toropo	town
latelela	trace
thereke	track
kgwebo	trade
setšo	tradition
sephethephethe	traffic
goga	trail
hlahla	train
tlhahlo	training
eka	trait
mekgwa	traits
fetišetša	transfer
phetogo	transition
fetolela	translate
Google Translate	Google Translate
pepeneneng	transparent
senamelwa	transport
molaba	trap
ditlakala	trash
tlaišego	trauma
sepela	travel
thereyi	tray
lehumo	treasure
kalafo	treatment
mohlare	tree
therenta	trend
teko	trial
hlalefetša	trick
lekile	tried
šušumetša	trigger
kgabiša	trim
leeto	trip
bothata	trouble
marokgo	trousers
theraka	truck
nnete	true
sebelebele	trunk
tshepha	trust
bonnete	truth
leka	try
dikgopolo tša go hloka mmala tše talalerata di robetše di befetšwe	colorless green ideas slept furiously
dijo tša tseleng	take away
go tšea gore	assumption
sa tsebjego leina	anonymous
sa tsebjego	unknown
nako tše dingwe	sometimes
ke tše kae	how many
ka tsela ya	via
ka tsela ye nngwe	somehow
dikete tše lesome	ten thousand
o tsene fase ka mošomo	are you busy
go tsenela	attendance
go tsenelela	thorough
go tsenelela	thoroughly
ntšha tšhelete	spend
ka tshwanelo	properly
kgopela tshwarelo	apologize
Se tshwenyege	Don't worry
se tshwenyege	never mind
se tshwenyege	nevermind
le tsogile bjang lehono	how are you doing today
le tsogile bjang lehono	how are you today
le tsogile	how are you doing
Tsonga	Tsonga
go tšwafa	reluctant
go tšwa go	from
sa tšwa go	not yet
go tšwa go wena	up to you
o tšwa kae	where are you from
tšhupu	tube
Labobedi	Tuesday
thuto	tuition
go tuma	fame
kalakune	turkey
thumeriki	turmeric
fetoga	turn
pshinyaleraga	turtle
mohlahli	tutor
lesomepedi	twelve
masomepedi	twenty
masomepedi-tee	twenty-one
Twi	Twi
gabedi	twice
sopha	twist
pedi	two
mohuta	type
befile	ugly
amporela	umbrella
palelwa	unable
malome	uncle
nyaditše	underrated
kwešiša	understand
kwešišitše	understood
yunifomo	uniform
moswananoši	unique
yuniti	unit
yunibesithi	university
godimo	up
mpshafatša	update
kaonafatša	upgrade
godimo	upon
nyamile	upset
motsesetoropo	urban
hlohleletša	urge
tšhoganetšo	urgent
rena	us
šomiša	use
šomišitšwego	used
mehleng	usual
thušo	utility
maikhutšo	vacation
moento	vaccine
sebaka	vacuum
makgonthe	valid
molapo	valley
boleng	value
fapafapana	variety
fapafapanego	various
fapafapana	vary
sebjanatsopa	vase
kgolo	vast
morogo	vegetable
merogo	vegetables
senamelwa	vehicle
mogwebi	vendor
mpholo	venom
phonkgelela	venture
lefelo	venue
kgonthiša	verify
fetogago	versatile
bešene	version
tsepamego	vertical
kudu	very
sekepe	vessel
baepe	vibe
dibaepe	vibes
šoro	vicious
motšwasehlabelo	victim
bitio	video
bogela	view
motse	village
lenaba	villain
binika	vinegar
dikgaruru	violence
baerale	viral
kgarebe	virgin
bothakga	virtue
ponelopele	vision
etela	visit
bonegago	visual
bohlokwa	vital
bonagala	vivid
tlotlontšu	vocabulary
lentšu	voice
sekgoba	void
bolumu	volume
moithaopi	volunteer
hlatša	vomit
mošomo wa gae	homework
mošomo wa gago ke eng	what is your job
moputso	wage
meputso	wages
letheka	waist
leta	wait
waitara	waiter
letile	waiting
monna wa ka	hubby
mogwera wa ka	my friend
moratiwa wa ka	my love
tsoga	wake
tsoga	wake up
sepela	walk
leboto	wall
sekhwama	wallet
molekane wa monna	husband
ralala	wander
nyaka	wanna
nyaka	want
nyakegago	wanted
ntwa	war
otoropo	wardrobe
ntlophahlo	warehouse
Morerokgolo wa rena: go kgontšha mang le mang, kae le kae go kwešiša lefase le go itlhagiša go akaretša dipolelo.	Our mission: to enable everyone, everywhere to understand the world and express themselves across languages.
ruthela	warm
lemoša	warn
temošo	warning
mogale	warrior
mofofiši wa sefofane	pilot
hlatswa	wash
ditlakala	waste
bogela	watch
meetse	water
legapu	watermelon
mohuta wa tšhelete	currency
lephoto	wave
tsela	way
rena	we
fokola	weak
bofokodi	weakness
lehumo	wealth
humile	wealthy
apara	wear
boso	weather
monyanya	wedding
Laboraro	Wednesday
ngwang	weed
beke	week
boima	weight
makatšago	weird
bobotlana	welfare
Gabotse	Well
gomme wena	and you
ke wena mang	what's your name
ke wena mang	who are you
le wena	you too
sepetše	went
bodikela	west
thapile	wet
leruarua	whale
eng	what
korong	wheat
leotwana	wheel
neng	when
kae	where
yona	which
mola	while
hwenahwena	whisper
tšhweu	white
mang	who
yoo	whose
bokgopo	wicked
-phara	wide
mohwana	widow
bophara	width
mosadi	wife
hlaga	wild
tla	will
ikemišeditšego	willing
thopa	win
phefo	wind
lefasetere	window
beine	wine
marega	winter
phumola	wipe
lethale	wire
bohlale	wisdom
bohlale	wise
duma	wish
moloi	witch
ka	with
hlatse	witness
phiri	wolf
mosadi	woman
basadi	women
thopile	won
tlabega	wonder
makatšago	wonderful
kota	wood
wulu	wool
lentšu	word
mantšu	words
mošomo	work
hwetša	work out
lefase	world
seboko	worm
onetše	worn
tshwenyega	worried
tshwenyega	worry
tumiša	worship
theko	worth
tla	would
sešo	wound
Ao	Wow
phuthela	wrap
kgalefo	wrath
letheka	wrist
ngwala	write
ngwadilwe	written
phošo	wrong
ngwadile	wrote
paka ya bjale	contemporary
kamora ya bodulo	living room
ntlwana ya boithomelo	toilet
temogišišo ya bokgabo	aesthetic
kganyogo ya dijo tša swikiri	sweet tooth
puno ya diterebe	vintage
nakong ya	during
soda ya go paka	baking soda
go ya go	towards
kgokagano ya inthanete	virtual
go ya ka	according
Houbakerafte ya ka e tletše ka dikgoka	My hovercraft is full of eels
nama ya kgogo	chicken
nama ya kgomo	beef
nama ya kgomo	steak
sego ya kgonthe	tentative
merero ya kgwebo	commercial
nama ya kolobe	pork
tšhišinyego ya lefase	earthquake
nako ya mafelelo	deadline
sego ya makgonthe	invalid
kgwele ya maoto	football
kgwele ya maoto	soccer
menwana ya maoto	toes
ngaka ya meno	dentist
kiletšo ya mesepelo	lockdown
tlolo ya molao	breach
kgatelelo ya monagano	depression
ponagalo ya naga	landscape
takaletšo ya pholo ka pela	get well soon
jarata	yard
Ponelopele ya rena: go beakanya tshedimošo ya lefase le go e dira gore e fihlelelege lefaseng ka bophara le go ba mohola.	Our mission: to organize the world's information and make it universally accessible and useful.
tsheketšo ya tšhelete	economic
pušetšo ya tšhelete	refund
ona	yawn
Ee	Yeah
ngwaga	year
mengwaga	years
komelo	yeast
krisemose ye botse	merry christmas
goeletša	yell
serolane	yellow
go yena	whom
nako ye nngwe	occasionally
Ee	Yes
maabane	yesterday
anthe	yet
tšweletša	yield
motho yo mongwe	somebody
motho yo mongwe	someone
ya yona	its
wena	you
o	you are
nnyane	young
wena	yourself
baswa	youth
tswee	yummy
lefeela	zero
