ၼိူင်ႈဢၼ်	a
ဢိတ်ႉဢိတ်ႉ	a little
ၼမ်တေႉတေႉ	a lot
ၼမ်လၢႆ	a lot of
ၸႂ်ပိဝ်	abandon
ပွၺ်ႈၾႃႈ	abandon
ပၢႆႊယၢၼ်	abandoned
ယိူၼ်ႉၵၼ်ႈ	abide
တၢင်းၵတ်ႉ	ability
မေႃပဵၼ်	able
လွင်ႈတၢင်း	about
တင်းၼိူဝ်	above
မိူင်းၼွၵ်ႈ	abroad
ႁၢမ်း	absence
လုတ်ႈႁၢမ်း	absent
တိုၼ်းဝႃႈတေႉတေႉ	absolutely
ၸုတ်ႉဢဝ်	absorb
ဝူၼ်ႉပဵၼ်ဢဝ်ၵွၺ်း	abstract
ဢမ်ႇၸၢင်ႊပဵၼ်လႆႈ	absurd
မီးလူၼ်ႉ	abundance
ၼမ်လူၼ်ႉပူၼ်ႉ	abundant
ႁဵတ်းလွင်ႈမိူၵ်ႈမႂ်ႈ	abuse
မိူၵ်ႈ	abuse
သဵင်လၢတ်ႈ	accent
ႁပ်ႉလႆႈ	accept
လွင်ႈသုၼ်ႇလၢတ်ႈ၊ ၵပ်းသိုပ်ႇ	access
ႁွတ်ႈလႆႈ	access
ဢမ်ႇသၢၵ်ႇထုၵ်ႇ	accident
ႁွင်ႈလိုဝ်ႈသဝ်း	accommodation
ၺီႉၵၼ်	accommodation
ပၼ်တီႈယူႇတီႈၼင်ႈ	accommodation
ပႃးၸွမ်းၼႂ်းလိူင်ႈ	accomplish
ယဝ်ႉတူဝ်ႈလီ	accomplished
လူၺ်ႈ	according
ႁဵင်းမၢႆသုၼ်ႇတူဝ်	account
မၢၼ်ႇမႅၼ်ႈလီ	accuracy
မၢၼ်ႇမႅၼ်ႈ	accurate
တၢင်ႇတၢင်းၽိတ်း	accused
ၵူၼ်ႈၶိုၼ်ႈ	ache
ၸဵပ်း	ache
ဢွင်ႇမၢၼ်	achieve
လွင်ႈဢွင်ႇမၢင်ႇ	achievement
ပိုၼ်ႉႁူႉၼမ်	acknowledge
ႁူႉမိုတ်ႈဝႆႉ	acquaintance
လႆႈမႃး	acquire
ၵႅင်ႉ	acquired
ႁႃႁွမ်တွမ်ႊ	acquisition
ၶၢမ်ႈ	across
လဵၼ်ႈၸိူင်း	act
ၼႃႈၵၢၼ်	action
ၵႆႉ	active
ၵၢၼ်တူင်ႉၼိုင်	activities
လွင်ႈတူင်ႉၼိုင်	activity
ၸၢႆးၸိူင်း	actor
ဢၼ်တေႉတေႉ	actual
တီႈတႄႉတႄႉမၼ်း	actually
ယႂ်ႇလူင်	acute
ၵဵပ်းလဵင်ႉ	adapt
လေႃး	add
ၸပ်းယႃႈ	addicted
သႂ်ႇထႅင်ႈ	addition
ထႅင်ႈ	additional
မွၵ်ႇလၢတ်ႈၵႂၢမ်း	address
ႁဵင်းတီႈယူႇ	address
ၵုမ်ႇထူၼ်ႈ	adequate
ၸပ်း	adjacent
ၵမ်ႉႁိၵ်ႈ	adjective
မႄးႁႂ်ႈသၢင်ႇတေႃႇ	adjust
ၼပ်ႉယမ်	admire
ႁပ်ႉၶၢမ်ႇ	admit
ၵဵပ်းလဵင်ႉ	adopt
ႁၵ်ႉ	adorable
လွင်ႈၶိုၼ်ႈယႂ်ႇ	advance
ၶိုၼ်ႈတၢင်းၼႃႈ	advance
ၸၼ်ႉသုင်	advanced
ၽွၼ်းလီ	advantage
ႁဵတ်းၸုၼ်ႉ	adventure
ၵမ်ႉသၢၵ်ႈ	adverb
ပိုၼ်ႊၽၢဝ်ႇ	advertisement
ပိုၼ်ႊၽၢဝ်ႇ	advertising
ပၼ်တၢင်းႁၼ််ထိုင်	advice
ပၼ်တၢင်းႁၼ်	advise
တၢင်ႊလၢတ်ႈ	advocate
ၵမ်ႉထႅမ်	advocate
ႁၢင်ႊငၢမ်း	aesthetic
လွင်ႈၵၢၼ်	affair
ႁဵတ်းႁႂ်ႈ တုမ်ႉတိူဝ်ႉ	affect
ထိုင်တီႈ	affection
ၸွၺ်ႈထႅမ်	afford
မီးမိူဝ်ႈႁဵတ်းလႆႈလီ	affordable
ဢၼ်ၵူဝ်	afraid
ဝၢႆးသေ	after
ဝၢႆးဝၼ်း	afternoon
ပေႃးယဝ်ႉၼႆႉ	afterwards
ထႅင်ႈပွၵ်ႈၼိုင်ႈ	again
သၢၼ်ၶတ်း	against
ဢသၢၵ်ႈ	age
ၽူႈတၢင်တူဝ်ၶၢႆ	agency
ၽူႈတၢင်တူဝ်	agent
ပၢၼ်းၽိတ်း	aggressive
ပူၼ်ႉပႅၼ်	aggressive
လွင်ႈတူင်ႉၼိုင်ဝႆး	agile
ပူၼ်ႉမႃး	ago
ၽွမ်ႉၸွမ်း	agree
လိၵ်ႈႁူမ်ႈမၢႆ	agreement
ၽၢႆႇၽုၵ်ႈသွမ်ႈ	agriculture
ဢွၼ်တေး	ahead
ၶူဝ်းၵမ်ႉ	aid
ယိူင်းမၢႆ	aim
လူမ်း	air
ၵႂၢင်းႁိူင်းဝိၼ်	airport
တၢင်းၶုၼ်	aisle
ၾႆးပၼ်ၾၢင်ႉ	alarm
လဝ်ႈ	alcohol
တိုၼ်ႇ	alert
ၶီးၸႂ်	alive
တင်းမူတ်း	all
လီတေႉယဝ်ႉ	all right
ၶႅမ်ႉတင်းမူတ်း	all the best
ၽွမ်ႉၸွမ်း	allow
ၶႂၢင်းပၼ်ႁႂ်ႈႁဵတ်း	allowed
ၸမ်တေ	almost
ၵေႃႉလဵဝ်	alone
ႁိမ်းႁွမ်း	along
ပေႃးယဝ်ႉယဝ်ႈ	already
လႆႈယူႇ	Alright
ၸိူင်ႉၼၼ်ၵွၺ်း	also
ထႅင်ႈတၢင်ႇလၢႆး	alternative
ပႅၵ်ႉသမ်ႉဝႃႈ	although
သေတႃႉၵေႃႈ	although
ၵႆႉၵႆႉ	always
ပဵၼ်	am
လၢၵ်ႇလၢႆးတႄႉယဝ်ႉ	amazing
ပဵၼ်ၸႂ်တုၺ်း	ambiguous
တၢင်းယိူင်းဢၢၼ်း	ambition
တၢင်းယိူင်းဢၢၼ်း	ambitious
ပိုၼ်ႊၽၢဝ်ႇၶေႃႈမႄး	amend
ၽေဢွၵ်ႇမႃး	amid
ၼႂ်းၵႃႊ	among
ၼႂ်းႁဝ်းၼႆႉ	among us
တၢင်းၼမ်	amount
လႆႈၸႂ်	amusing
ဢၼ်ၼိုင်ႈ	an
ၸႅၵ်ႇဝႆႉ	analysis
ပူႇမွၼ်ႇၼၢႆးယႃႊ	ancestors
လဵၵ်းလၢမ်ႊႁိူဝ်း	anchor
ၶူဝ်းၵဝ်ႇၶူဝ်းမွၼ်	ancient
လႄႈ	and
သူလူး	and you
ၼၢင်းၽီ	angel
ၸႂ်လမ်	anger
ၸဵင်ႇ	angle
ၸႂ်လမ်	angry
တူဝ်သတ်း	animal
တႃတိၼ်	ankle
ၶွပ်ႈၶူပ်ႇ	anniversary
ၶေႃႈပိုၼ်ႊၽၢဝ်ႇ	announcement
ၽိတ်းၵၼ်	annoy
ထဵင်ၵၼ်	annoyed
ထဵင်ၵၼ်	annoying
ၼႂ်းၵႃႊၼိူင်ႈပီႊ	annual
မေႃလိၵ်ႈ ဢၼ်ဢမ်ႇႁူႉၸိုဝ်ႈ	anonymous
တၢင်ႇၸိူဝ်း	another
ၶေႃႈတွပ်ႇ	answer
တွပ်ႇပၼ်	answer
လၢမ်းၶၢတ်ႈ	anticipate
လွင်ႈၶီၸႂ်၊ လွင်ႈမႆႈၸႂ်	anxiety
မႆႈၸႂ်	anxious
သေဢၼ်ဢၼ်	any
မီးထႅင်ႈ	anymore
ၽႂ်ၵေႃႈလႆႈ	anyone
ၵူႊလွင်ႈ	anything
ပဵၼ်ႁိုဝ်ၵေႃႈလၢႆး	anyway
ႁဵတ်းႁိုဝ်ၵေႃႈလီ	anyways
ၵႃႇၵၼ်	apart
ႁွင်ႈလိုဝ်ႈ	apartment
ပွၺ်ႇဝၢင်းၶႂၢင်း	apologize
ႁူႉလႆႈလီ	apparent
ႁၼ်ၸႅင်ႈလီ	apparently
တၢင်ႇလိၵ်ႈ	appeal
ပေႃႇဢွၵ်ႇမႃး	appear
ပေႃႇဢွၵ်ႇမႃး	appearance
ပေႃႇဢွၵ်ႇမႃး	appeared
ၸႂ်ၶႂ်ႈၵိၼ်	appetite
မၢၵ်ႇၶႃႊၶုင်ႉ	apple
တၢင်ႇလဝ်ႈၼႃႈၵၢၼ်	application
ႁဵတ်းလႆႈ	apply
တၼ်းႁဵင်း	appointment
ၼႃႈၵၢၼ်	appointment
ၶဵၼ်းၵၼ်	appointment
ႁူမ်ၸူမ်းၸွမ်း	appreciate
ၸႅင်ႈလီလီ	appreciate
ႁူႉႁၼ်ၸႅင်ႈလီ	appreciation
ၶဝ်ႈၸမ်	approach
ဢၼ်သၢင်ႇတေႃႇ	appropriate
ၵမ်ႉႁပ်ႉတေႃႇ	approval
ႁပ်ႉႁွင်း	approve
မၵ်ႉမၼ်ႈပၼ်	approved
တိုၼ်းပဵၼ်ဝႆႉ	approximately
လိူၼ်သီႇ	april
ၵႃႉၶၢႆ	arbitrary
လၢႆးမိုဝ်းၵေႃႇၵၢႆႇ	architect
ႁၢင်ႊၽၢင်ႁူင်းၵေႃႇၵၢႆႇ	architecture
တီႈၵႂၢၼ်းမၢႆမီႈ	archive
ပဵၼ်	are
သူႁႃႉ	are you
ၸွင်ႇသူမၢင်ႉႁိုဝ်	are you busy
သူၵူပ်းၵူႈယဝ်ႉႁႃႉ	are you married
သူမီးၼႃႈႁိူၼ်းယဝ်ႉႁႃႉ ဢမ်ႇၼၼ် လွတ်ႈလႅဝ်း	are you married or single
သူတိုၵ်ႉမီးတီႈၼႆႈယူႇႁႃႉ	Are you still there?
သူမီးၼၼ်ႉႁႃႉ	are you there
လႅၼ်ႊတီႈ	area
ထဵင်ၵၼ်	argue
ထဵင်ၵၼ်	argument
ယုၵ်ႉၶိုၼ်ႈ	arise
ၶႅၼ်	arm
တပ်ႉသိုၵ်း	army
ႁိမ်းႁွမ်း	around
ၶပ်းၶိုင်	arrange
ၵၢၼ်ၸတ်းပွင်	arrangement
ႁွတ်ႈထိုင်	arrival
ထိုင်မႃး	arrive
ႁွတ်ႈထိုင်	arrived
ၸႂ်ၵႂ်ႊ	arrogant
မၢၼ်ႇယႂ်ႇ	arrogant
ပိုၼ်ၵၢင်ႇ	arrow
ပၢႆးတႅမ်ႈႁၢင်ႊ	art
လိၵ်ႈပိုတ်ႇ	article
ပၼ်ႇႁူဝ်	artificial
မေႃပၢၼ်းသီ	artist
ဢမ်ႇၸႂ်ႈသင်	as
ႁိုင်ၵႃႊႁိုင်	as long as
ယဝ်ႉၵေႃႈ	as well
လႄႈတင်း	as well as
တဝ်	ash
လီဢၢႆ	ashamed
ထၢမ်	ask
ထၢမ်	asked
ငဝ်ႈၼွၼ်း	asleep
ႁၢင်ႊၽၢင်	aspect
ၶိူဝ်းဢႃႇသမ်ႇ	Assamese
ပႃးတိၼ်ပႃးမိုဝ်း	assault
ႁူမ်ႈတုမ်	assembly
ဝႃႈတေႉတေႉ	assertive
ၶၢတ်ႈလၢမ်း	assess
ထတ်းတိၼ်	assessment
လမ်ႉၵတ်ႉမီးၶၼ်	asset
ၶေႃႈလႆႈၸႂ်	assets
မႅင်ႇၵၢၼ်	assign
ၵၢၼ်ႁဵၼ်း	assignment
ဢၢပ်ႇပၼ်ပုၼ်ႈၽွၼ်း	assignment
ၵမ်ႉၵူ	assist
ၵူၼ်းၸွၺ်ႈ	assistant
ၼိူင်းတူၺ်း	associate
ႁူမ်ႈႁွမ်း	associated
ဝူၼ်ႉၸၢပ်ႈ	association
ႁပ်ႉႁၼ်	assume
ႁပ်ႉႁၼ်	assumption
တီႈ	at
တီႈဢေႇသုတ်း	at least
ၵိၼ်	ate
လႅၼ်ႈၶႄႉ	athlete
သႂ်ႇၸွမ်း	attach
မတ်ႉၸပ်းဝႆႉ	attached
ၵွင်ႉၵဵဝ်ႇၵၼ်	attachment
ၶဝ်ႈတိုၵ်း	attack
တၢင်းၶတ်းၸႂ်	attempt
ၶတ်းၸႂ်	attempt
ၶိုၼ်ႈႁွတ်ႈ	attend
ၶိုၼ်ႈႁွတ်ႈ	attendance
ၶဝ်ႈၸႂ်	attention
တၢင်းႁပ်ႉႁၼ်	attitude
ၸၼ်ၸႂ်	attract
ၸၼ်ၸႂ်	attraction
ၸၼ်ၸႂ်	attractive
မၢႆတွင်းဢဝ်	attribute
ၵူၼ်းပၼ်ႁႅင်း	audience
လိူၼ်ပႅတ်ႇ	august
ပႃႈ	aunt
ပႃႈ	aunty
ဢၼ်တေႉ	authentic
ၸၢႆးၸိူင်း	author
ႁႅင်းပွင်ႊ	authority
ၶၢဝ်းႁုၼ်ႈ	autumn
ၸၢင်ႊလႆႈ	available
ပၢၼ်ၵၢင်ဢၼ်ၽတ်ႉၽဵင်ႇ	average
ငိူင်ႉဝႄႈ	avoid
တူင်ႉတိုၼ်ႇ	awake
သူးတွၼ်ႈ	award
ဢၼ်ႁူႉ	aware
ၽိုၼ်ႉႁူႉၶိုၼ်း	awareness
ႁူႉပွင်ႇလႆႈလီ	awareness
ၵႆၵႆ	away
ၶႅမ်ႉ	awesome
ႁူၵ်းႁၢႆႉ	awful
ဢၼ်ထုၵ်ႇမႅၼ်ႈၸႂ်	awkward
ၶိူဝ်းဢႅမ်ႇမြႃႇ	Aymara
လုၵ်ႈဢွၼ်ႇ	baby
ၸုမ်ႈၶူး	bachelor
တၢင်းလင်	back
ပွၵ်ႈၶိုၼ်း	back
ပိုၼ်ႉလင်	background
ဢၼ်ဢမ်ႇလီ	bad
ထူင်	bag
ယိူဝ်ႇပႃ	bait
တူမ်ႈၾႆး	bake
ၵူၼ်းႁဵတ်းၶဝ်ႈမုၼ်း	bakery
ၽွင်သူဝ်ႇတႃႇ	baking soda
ၵွၼ်းၵိူင်ႇ	balance
မၢၵ်ႇၼင်လွမ်ႊ	ball
ၶိူဝ်းပႅမ်ႇပြႃႇ	Bambara
ၵူၺ်ႈ	banana
လိဝ်	band
တႅၼ်ႇတိုင်ႉတိုင်ႉ	bang
ယေးငိုၼ်း	bank
ႁၢၼ်ႉလဝ်ႈ	bar
ဢိတ်ႉဢီႈ	barely
သဵတ်ႈငိုၼ်း	bargain
သဵၼ်မႃႁွၼ်	bark
မႃႁွၼ်	bark
ဢိတ်းဢီႈ	barley
လႅၼ်ႊတီႈပၼ်ႁူမ်ႇလူမ်ႈ	barrier
ပိုၼ်ႉတႂ်ႈ	base
ဢိင်ႈ	based
ထၢပ်ႈတႂ်ႈလိၼ်	basement
ပိုၼ်ႉထၢၼ်ႈ	basic
ပိုၼ်ႉထၢၼ်ႈလီ	basically
ၽၵ်းလိူၼ်းၵလႃး	basil
လုၵ်ႈဢၼ်ၵိူတ်ႈမႃး ပႆႇၶဝ်ႈၶႂၢင်ႇတြႃး	bastard
ၸုပ်ႈ	batch
ဢၢပ်ႇၼမ်ႉ	bath
ႁွင်ႈၼွၼ်း	bathroom
မၢၵ်ႇထၢတ်ႈ	battery
ပၢင်တိုၵ်း	battle
မႃႁဝ်ႇ	bay
ပဵၼ်	be
ၾၢင်ႉတူဝ်လီ	be careful
ၾင်ႇပၢင်ႇလၢႆႇ	beach
သၢႆလႅင်း	beam
ထူဝ်ႇ	beans
မီ	bear
မွၺ်ၵၢင်း	beard
လွင်ႈႁဵတ်းသၢင်ႈ	bearing
တူဝ်သီႇတိၼ်	beast
ပေႉပၢင်လွင်း	beat
လွင်ႈလူႉသုမ်း	beat
ႁၢင်ႊလီ	beautiful
ႁၢင်ႊလီ	beauty
ပဵၼ်မႃး	became
ၵွပ်ႈပိူဝ်ႈဝႃႈ	because
ပဵၼ်မႃး	become
ၵူႇ	bed
ႁွင်ႇ	bedroom
ၽိုင်ႈ	bee
ၼိူဝ်ႉဝူဝ်း	beef
ၽႅဝ်ၸူဝ်ႈ	been
လဝ်ႈပူၵ်ႇ	beer
ဢွၼ်တၢင်းၼႆႉ	before
တႄႇႁဵတ်း	began
တႄႇ	begin
ႁူဝ်တႄႇ	beginning
တၢင်တူဝ်	behalf
တၢင်းယၢမ်ႈ	behave
တၢင်းယၢမ်ႈ	behavior
ၽိင်ႈယၢမ်ႈလီ	behaviour
တၢင်းလင်	behind
ပဵၼ်ယူႇ	being
ယုမ်ႇ	belief
ယုမ်ႇ	believe
ဢႅင်ႈ	belly
ၶွင်ၶဝ်	belong
ႁၵ်ႉႁႅင်းၼႃႇ	beloved
တင်းတႂ်ႈ	below
သၢႆၵႅတ်	belt
တင်ႇယၢဝ်း	bench
ၵူင်ႇ	bend
ဢမ်ႇထိူၵ်ႈ	beneath
သၢင်ႈလီ	benefit
ၽွၼ်းလီ	benefit
ၽွၼ်းလီ	benefits
ႁိမ်းၶၢင်ႈ	beside
ၵူၺ်းၵႃႊ	besides
လီထီႈသုတ်း	best
သုၼ်ႇလီႁႅင်း	best of luck
ယွၼ်းသူးပၼ်ယူႇ	best regards
လီလိူဝ်သေ	better
ၼႂ်းၵႄႈၵၢင်	between
လဝ်ႈၶူၼ်း	beverage
ၽၢႆႇပုၼ်ႉ	beyond
ၶိူဝ်းပူဝ်ႉၽူႇဝႃႇရီႇ	Bhojpuri
ၸွမ်းပႃႈၸွမ်းၽၢႆႇ	bias
ၸပ်းၽၢၵ်ႇ	biased
လႅင်	bicycle
ၵၢတ်ႇႁိမ်သိုဝ်ႉ	bid
ယႂ်ႇ	big
လူတ်ႉထိပ်ႇ	bike
ငိုၼ်းၸၢႆႇ	bill
မတ်ႉ	bind
ၼူၵ်ႉ	bird
ဝၼ်းၵိူတ်ႇ	birthday
ဢိတ်းၸႅတ်ႉ	bit
ၵၢပ်ႈ	bite
ၶူမ်	bitter
သီလမ်	black
ၶူမ်းၾႃႉ	blade
ႁႃတၢင်းၽိတ်း	blame
လွင်ႈႁႃတၢင်းၽိတ်း	blame
လွၵ်းပဝ်ႇ	blank
ၽႃႈတၢၼ်း	blanket
တႅၵ်ႇ	blast
ႁဵတ်းႁႂ်ႈၽိူၵ်ႇ	bleach
ၶဝ်ႈၶိုင်	blend
ယွၼ်းသူးပၼ်	bless
ယွၼ်းသူးပၼ်	blessed
တႃမွတ်ႇ	blind
ၸူမ်းသိူဝ်း	bliss
ဢိုတ်းပႅတ်ႈ	block
လိူတ်ႈ	blood
မွၵ်ႇၵီႊ	bloom
ပဝ်ႇလူမ်း	blow
သီသွမ်ႇ	blue
ငိူဝ်ႈ	blunt
ပႅၼ်ႈ	board
ႁိူဝ်း	boat
တူဝ်ၶိင်း	body
ၽူတ်း	boil
ၼႃဝႆႉ	bold
လိၵ်ႈၵိၼ်ၵႅၼ်ႇ	bond
လုပ်ႇ	bone
မၢႆဝႆႉ	book
ပပ်ႉလိၵ်ႈ	book
သၢင်ႈႁႂ်ႈမႂ်ႇသုင်	boost
သွၵ်းတိၼ်ယၢဝ်း	boost
ဢၼ်ႁဵတ်းသၢင်ႈ ၶိုၼ်ႈယႂ်ႇ	booster
ၵဵပ်းမူၵ်ႇ	boot
ၵႅပ်းမူၵ်ႇ	boots
ၵေႃႉသေႈ	border
ၶၢၼ်ႉ	bore
ဢၼ်လီၶၢၼ်ႉ	bored
လွင်ႈၶၢၼ်ႉ	boring
ၵိူတ်ႇ	born
ၸေႇ	borrow
ထႅၼ်ႊ	boss
ပေႃႈလဵင်ႉ	boss
တင်းသွင်ဢၼ်	both
ပၼ်ၸႂ်သုၵ်းသၢၵ်ႉ	bother
တဝ်ႈ	bottle
တီႈတႂ်ႈ	bottom
သိုဝ်ႉ	bought
ၵျွၵ်းဝႅၼ်	bounce
ဢွင်	bound
လႅၼ်ႊလိၼ်	boundaries
ၵၢင်ႇ	bow
ဢၢင်ႇ	bowl
တိူၵ်ႈ	box
ဢွၼ်ႇၸၢႆး	boy
ၵေႃႉႁၵ်ႉ	boyfriend
ဝႅၼ်	bracelet
ဢွၵ်းဢေႃ	brain
ၵိင်ႇၶႃႊ	branch
မိၵ်ႈမၢႆ	brand
ႁတ်းႁၢၼ်	brave
ယႃႉၵႂၢမ်းမၼ်ႈ	breach
ၶဝ်ႈမုၼ်း	bread
လူႉလႅဝ်	break
လွင်ႈတႅၵ်ႇယၢႆႈ	break
ၶဝ်ႈပၼ်ႈ	breakfast
ဢူၵ်း	breast
ထူၺ်ႈၸႂ်	breath
ထူၺ်ႈၸႂ်	breathe
လဵင်ႉလူ	breed
မၢၵ်ႇဢုတ်ႇ	brick
ၸဝ်ႈသၢဝ်	bride
ၶူဝ်	bridge
တီႈပွတ်း	brief
ႁိူင်ႈလႅင်း	bright
လႅတ်းၽၢႆ	brilliant
ဢဝ်မႃး	bring
သြႃႇၵေႃႉ	bro
တဵမ်ထူၼ်ႈ	broad
ႁူင်းပွၺ်ႇသဵင်	broadcast
လူႉလႅဝ်	broke
လူႉလႅဝ်	broken
ၸဝ်ႈမၢဝ်ႇ	broom
ၸၢႆး	brother
ၼွင်ႉၶူၺ်	brother in law
တေႃႉမႃး	brought
သီၶွၼ်ႇ	brown
ယူႈ	brush
ပုင်းၼမ်ႉ	bucket
ၵေႃႉသေႈ	buddy
ငိုၼ်းၸႂ်ႉ	budget
မူင်ႈမႅင်း	bug
ၵေႃႇသၢင်ႈ	build
ႁူင်းၵေႃႇသၢင်ႈ	building
ၵေႃႇသၢင်ႈ	built
ႁူဝ်ၼပ်ႉ	bulk
ၵႂၢၺ်း	bull
ပေႉၵိၼ်	bully
တွင်ႈၸူဝ်ႈ	bump
ပဵၼ်ၶေႃႈ	bunch
ႁဵတ်းပဵၼ်ၸွၵ်းပဵၼ်ၸွၵ်း	bundle
ႁၢပ်ႇ	burden
ၶူဝ်းၼၵ်း	burden
ၽင်	buried
ၸုတ်ႇၾႆး	burn
ယူႈ	burst
ၽင်	bury
လူတ်ႉၸၢင်ႈ	bus
တဝ်ႉ	bush
ပၢႆးမၢၵ်ႈမီး	business
ယႃႉလူႉ	bust
မၢင်ႉ	busy
ၵူၺ်းၵႃႊ	but
ၶႆၼိူၺ်း	butter
ၵၢပ်ႇဝိူဝ်ႈ	butterfly
ပွတ်းတႂ်ႈ	button
သိုဝ်ႉ	buy
ႁိမ်းၶၢင်ႈ	by
ႁေၵေႃႈ	by the way
မွၼ်းမွၼ်း	bye
ၽၵ်းၵၢတ်ႇပီ	cabbage
ၶွင်ႈထွတ်ႇ	cabinet
ၶွၵ်ႈၼူၵ်ႉ	cage
ၶဝ်ႈမုၼ်း	cake
ဢေဝူဝ်း	calf
သိုပ်ႇၾူၼ်း	call
လွင်ႈႁွင်ႉလၢတ်ႈ	call
သိုပ်ႇၾူၼ်းၸူးႁဝ်းလႄႈ	call me
ႁွင်ႉ	called
ယဵၼ်ယဵၼ်	calm
မႃး	came
ပၢင်တိုၵ်း	campaign
မေႃႁဵတ်း	can
ဢမ်ႇမေႃ	can't
ႁူၼ်ၶိုၼ်း	Cancel
တၢင်းပဵၼ်ယင်ႇႁၢၵ်ႈ	cancer
လမ်ႉၵတ်ႉလူင်းမိုဝ်း	capable
လူင်ႉလႅၼ်ႇ	capable
လမ်ႉၵတ်ႉ	capacity
ယႂ်ႇ	capital
လိၵ်ႈၼေ	caption
တီႉ	capture
လူတ်ႉ	car
ၵူၼ်းႁဵတ်းၵၢၼ် ႁူမ်ႈၵၼ်	career
တူၺ်းထိုင်	careful
ၽၢင်ႉလီလီ	carefully
ဢမ်ႇမီးတၢင်းၾၢင်ႉ	careless
တူၺ်းထိုင်ဝႆႉ	caring
မေႃမိုဝ်း	carpenter
ၽႃႈသိူဝ်ႈ	carpet
ႁူဝ်ၽၵ်းပၵ်း	carrot
တေႃႉ	carry
ဢဝ်မႃးလႄႈ	carry on
တေႃႉဢွၵ်ႇ	carry out
လွင်ႈတၢင်း	case
ၸၢႆႇၵႃႊ	cash
ထၢင်ႇ	cast
ႁေႃတမ်ႇတိူင်း	castle
ဢမ်ႇထၢင်ႇသေ ပဵၼ်	casual
မႅဝ်	cat
တီႉ	catch
ဢမ်ႇဝႆႉလၢမ်	category
ဝူဝ်းၵႂၢၺ်း	cattle
ၺွပ်း	caught
တွၼ်း	cause
ပေႃႇပဵၼ်မႃး	cause
ၽၢင်ႉ	caution
မီးၸႂ်ၾၢင်ႉ	cautious
ႁူႈထမ်ႈ	cave
ၵိုတ်း	cease
ၽႃမုင်း	ceiling
ႁဵတ်းပွၺ်း	celebrate
တွမ်ႇတွမ်ႊ	cell
သုၼ်ၵၢင်	center
ႁူဝ်ပၢၵ်ႇပီႊ	century
ၶဝ်ႈမုၼ်းၶွပ်ႈ	cereal
ပၢင်ပွၺ်း	ceremony
ဢၼ်တႄႉ	certain
လပ်းလွင်း	certainly
ၽိုၼ်ယွင်ႈယေႃး	certificate
ၸႅင်ႊလဵၵ်း	chain
တင်ႇ	chair
လွင်ႈၶဵင်ႇတႃႉ	challenge
ၶဵင်ႉတႃႉ	challenge
သုၼ်ႇ	chance
လႅၵ်ႈလၢႆႈ	change
ငဝ်းလၢႆးပႅတ်ႈလၢႆႊ	chaos
တၢင်းယၢမ်ႈ	character
ၽိင်ႈယၢမ်ႈ	characteristics
သႂၢင်း	charge
ၸုမ်းၸွၺ်ႈတူင်ႇၵူၼ်း	charity
ၸၼ်ၸႂ်	charming
ၽိုၼ်လွၵ်းႁၢင်ႊ	chart
ၶႅၵ်ႉႁၢင်ႊ	chase
ဢုပ်ႇၶႆႊ	chat
ၶေႃႈဢုပ်ႇၼိူဝ်ၼႅင်ႊ	chat
ပေႃး	cheap
ပႅတ်းလႅၼ်	cheat
ႁၵ်းလင်	cheat
ႁၵ်းလင်	cheating
လွင်ႈၵူတ်ႇထတ်း	check
ထတ်းသၢင်ႈတူၺ်း	check
ၵႅမ်ႈ	cheek
သူၺ်ႉသူၺ်ႉ	cheer
ၸူမ်းၸွမ်း	cheerful
သူၺ်ႉ	cheers
မၼ်းၼူမ်းၵၢမ်ႈ	cheese
ပၢႆးပိုတ်ႇထၢတ်ႈ	chemistry
ႁၵ်ႉထိုင်ဢူၵ်း	cherish
လွၵ်းၵႆႇ	chess
ဢူၵ်း	chest
ယႅမ်ႉ	chew
ၼိူဝ်ႉၵႆႇ	chicken
ၵူၼ်းလူင်	chief
လုၵ်ႈဢွၼ်ႇ	child
ပၢၼ်လုၵ်ႈဢွၼ်ႇ	childhood
လုၵ်ႈဢွၼ်ႇ	children
ၶူပ်ႉလၢင်ႈ	chill
လွင်ႈၸပ်းၵတ်း	chill
လွၵ်ႇပိူၼ်ႈ	chill
မူၵ်ႇၵွၼ်းၾႆး	chimneys
ၵွင်ႈၵၢင်း	chin
သေႃႉၵလႅၵ်ႉ	chocolate
လိူၵ်ႈ	choice
လိူၵ်ႈ	choose
တႅပ်း	chop
ၵၢၼ်ႁိူၼ်းၵၢၼ်ယေး	chores
ပီးပုၵ်ႉ	chubby
ၵျွင်းၾႃႉၸဝ်ႈ	church
မွတ်ႈ	cinnamon
တူင်ႇမူၼ်း	circle
သၢႆငၢႆ	circumstances
ၵူၼ်းမိူင်း	citizen
ဝဵင်းလူင်	city
ႁပ်ႉႁွင်း	claim
သုၼ်ႇဢၼ်ထိူၵ်ႈလႆႈ	claim
မီးၸႂ်လီ	clarify
ႁွင်ႈႁဵၼ်း	class
လိၼ်	clay
ၵဵင်ႈသႂ်	clean
လၢင်ႉ	clear
တႅမ်ႈလိၵ်ႈ	clerk
လႅတ်းသႅဝ်း	clever
ၶၢဝ်ႊၾႃႉ	client
ႁႃႉႁိုၵ်း	cliff
ၶၢဝ်ႊၾႃႉ	climate
ၶိုၼ်ႈ	climb
ၸပ်း	clingy
ဢွမ်မူင်း	clock
ဢိုတ်း	close
တူႈၶူဝ်း	closet
သိူဝ်ႈၶူဝ်း	cloth
ၶူဝ်းၼုင်ႈ	clothes
မွၵ်ႇၵုမ်ႈ	cloud
မွၵ်ႇၼႃ	cloudy
ၵူၼ်းယူဝ်ႉႁုၼ်ႉၼူဝ်	clown
ငိူၼ်ႈငဝ်ႈ	clue
ဢမ်ႇႁဵတ်းလီလီ	clumsy
တုမ်ၵၼ်	cluster
ၶူးသွၼ်လဵၼ်ႈႁႅင်း	coach
ၸီႉၼေလၢႆး	coach
ထၢၼ်ႇႁိၼ်ငိူၵ်ႈ	coal
ၽၢင်ႇပၢင်ႇလၢႆႇ	coast
ပႄႉ	coat
ၵႃႇၽီႇ	coffee
ႁူႉလီလီ	cognitive
ၼႄႉသၢင်ႉ	coincidence
ဢၼ်ၵတ်း	cold
ၵူၼ်ႇပင်း	collapse
ၶေႃးသိူဝ်ႈ	collar
ၵူၼ်းႁူမ်ႈႁဵတ်းၵၢၼ်	colleague
ၵူၼ်းႁဵတ်းၵၢၼ်ၸွမ်းၵၼ်	colleagues
ၸူႉႁွမ်	collect
ၸူႉႁွမ်တွမ်ႊဝႆႉ	collection
ႁူင်းမူၺ်း	college
သီ	color
ႁၢမ်းသီ၊ သီၶဵဝ်၊ တၢင်းဝူၼ်ႉ၊ ႁၢဝ်ႈႁႅင်း	colorless green ideas slept furiously
သီ	colour
ၶွၵ်းတၢင်းတင်ႈ	column
ဝီႁူဝ်	comb
လေႃးၸၢပ်ႈ	combination
ၶဝ်ႈပႃးၸွမ်း	combine
မႃး	come
မႃးတီႈၼႆႈ	come here
မႃးလႄႈ	come on
ၸႂ်သိူဝ်းသႃႇ	comfort
ယူႇငၢႆႈလူမ်ၸႂ်	comfortable
မႃးယဝ်ႉ	coming
ၸမ်တေမႃးယဝ်ႉ	coming soon
ပၼ်ၶေႃႈပူင်	command
တၢင်းႁၼ်	comment
ၵႃႉၶၢႆ	commercial
ငိုၼ်းသူး	commission
ႁဵတ်းတၢင်းၽိတ်း	commit
ဢဝ်ပုၼ်ႈၽွၼ်း ၶေႃႈႁပ်ႉႁွင်း	commitment
ပူၼ်ႉပႅၼ်မၢႆမီႈ	committed
ၵုၼ်ႇတၢင်းတိုဝ်း	commodity
ဢၼ်လူဝ်ႇ	common
ၵပ်းသိုပ်ႇ	communicate
ၵပ်းသိုပ်ႇတိတ်းတေႃႇ	communication
မုၵ်ႉၸုမ်း	community
ၵႂႃႇၵႂႃႇမႃးမႃး တႃႇၵၢၼ်	commute
တႆးၵေႃႉ	companion
ႁူင်းၵၢၼ်	company
တႅၵ်ႈၼိူင်း	compare
တိူၵ်ႈၼိူင်း	comparison
ဢေးလူ	compassion
ႁဵတ်းႁႂ်ႈဢီးလူ	compassionate
ၵိုင်ႇလႅပ်ႈ	compatible
ထႅမ်ႈသႂ်ႇႁႂ်ႈတဵမ်	compete
တၢင်းၵတ်ႉ	competent
ပၢင်ၶႄႇၶဵင်ႇ	competition
လႆႈၶႄႉတင်းၼမ်	competitive
ႁႃလွင်ႈသုၵ်း	complain
ႁႃလွင်ႈဢူၼ်	complaint
ၵုမ်ႇထူၼ်ႈ	complement
သႂ်ႇပၼ်ႁႂ်ႈၵုမ်ႇ	complement
ႁဵတ်းတဵမ်	complete
တဵမ်တဵမ်ထူၼ်ႈထူၼ်ႈ	completely
သုၵ်ႉသၢၵ်ႉ	complex
ႁဵတ်းၸွမ်းမၢႆမီႈ	compliance
သုၵ်ႉသၢၵ်ႉယၢပ်ႇၸႂ်	complicated
ယွင်ႈယေႃး	compliment
ႁဵတ်းၸွမ်း	comply
လိၵ်ႈပိုတ်ႇ	composition
ႁူမ်ႈလေႃး	compound
ပွင်ႇၸႂ်	comprehension
ၵုမ်ႇထူၼ်ႈ	comprehensive
ႁဵတ်းၶေႃႈလႆႈၸႂ်	compromise
ၶေႃႈလႆႈၸႂ်	compromise
ဢမ်ႇႁဵတ်းဢမ်ႇလႆႈ	compulsory
ၶွမ်း	computer
ပၵ်ႉၸႂ်	concentrate
တၢင်းႁပ်ႉႁၼ်	concept
မႆႈၸႂ်	concern
လွင်ႈၵွင်ႉၵၢႆႇ	concern
ၵပ်းၵၢႆႇ	concerned
ပၢင်မူၼ်ႊသိူဝ်း	concert
ၵမ်းလိုၼ်း	conclusion
သၢႆးပၢၼ်ႇ	concrete
မီးႁၢင်ႊမီးတူဝ်	concrete
လွင်းသၢႆး	concrete
လႆႈပိုင်ႈဢိင်	condition
ငဝ်းလၢႆး	condition
ငဝ်းလၢႆး	conditions
ၸီႉၼေသဵၼ်ႈတၢင်း	conduct
ပၢင်ၵုမ်ႊလူင်	conference
ယွၼ်းႁပ်ႉ	confess
ယုမ်ႇတူဝ်ၵဝ်ႇ	confidence
တၢင်းယုမ်ႇယမ်	confident
ႁပ်ႉႁွင်းတေႉယဝ်ႉ	confirm
တၢင်းႁၼ်ထိုင်ပိူင်ၵၼ်	conflict
ၸႂ်သုၵ်း	confused
ဢမ်ႇလပ်းလွင်း	confusion
ၸူမ်းၸွမ်း	congrats
ႁူမ်ၸူမ်းၸွမ်း	congratulation
ၸူမ်းၸွမ်းယဝ်ႉ	congratulations
ၵပ်း	conjunction
ၵပ်းၸူး	connect
ႁုပ်ႈသိမ်းဢွင်ႇပေႉ	conquer
ၸႂ်ႊႁူႉ	conscious
မီးၸႂ်ၽၢင်ႉ	consciousness
ၶေႃႈယွၼ်းၶႂၢင်ႉ	consent
ယွၼ်းၶႂၢင်ႉ	consent
ၽွၼ်းႁၢႆႉ	consequences
ၶေႃႈဢုပ်ႇၵၼ်	conservation
တူၺ်းထိုင်လုမ်းလႃး	conservative
ဝူၼ်ႉလီလီ	consider
ဝူၼ်ႉသွၼ်ႇ	considered
ၶဝ်ႈပႃးဝႆႉ	consist
ၵိုင်ႇတၢၼ်ႇ	consistency
ဢမ်ႇမီးတၢင်းလႅၵ်ႈလၢႆႊ	consistent
ပိူင်တၢႆ	constant
သိုပ်ႇပဵၼ်ဝႆႉ	constantly
တွင်ႉပိၵ်ႉ	constipation
ၽၢႆႇၵေႃႇသၢင်ႈ	construction
ႁၼ်ထိုင်ဝႃႈ	consume
ႁႂ်ႈၵုမ်ႇထူၼ်ႈ	consumption
ႁဵင်းၵပ်းသိုပ်ႇ	contact
တၢင်းပဵၼ်ၸပ်း	contagious
ပႃးဝႆႉ	contain
ပႃးၸွမ်းဝႆႉ	contains
ၵၢပ်ႈပၢၼ်လဵဝ်	contemporary
သၢင်းၽႅပ်ႉႁႅင်းၼႃႇ	contempt
လမ်းၼႂ်း	content
လၢတ်ႈထဵင်	contest
ႁူဝ်ၼၢမ်း	context
လိုမ်ႈလိၼ်	continent
သိုပ်ႇထႅင်ႈ	continue
လိၵ်ႈၵိၼ်ၵႅၼ်	contract
ႁဵတ်းလိၵ်ႈၵိၼ်ၵႅၼ်ႇ	contract
လိၵ်ႈၵိၼ်ၵႅၼ်ႇ	contrast
ႁဵတ်းလိၵ်ႈၵိၼ်ၵႅၼ်ႇ	contrast
ငိုၼ်းတွင်း	contribute
မူႇပိူင်	contribution
ထိင်း	control
ၵေႃႉမေႃထဵင်	controversial
ၶႅမ်ႉလႅပ်ႈလီ	convenience
ၽိူမ်ႉထႅမ်	convenient
ၶေႃႈဢုပ်ႇဢေႃး	conversation
လႅၵ်ႈပိၼ်ႇ	convert
တေႃႉသူင်ႇ	convey
ၵဵပ်းၶေႃႈမုၼ်း	convey
ယုမ်ႇယမ်ယွမ်းႁပ်ႉ	convince
ယုမ်ႇယမ်ႁပ်ႉၸႂ်ႉ	convinced
ႁုင်	cook
ၸဝ်ႈမိုဝ်ႉ	cook
တူမ်ႈႁုင်	cooking
လႅတ်းတေႉ	cool
ႁူမ်ႈမိုဝ်း	cooperation
ၵေႈၶႆႈ ပၼ်ႁႃ	cope
တွင်းလႅင်	copper
ၵႅၼ်ႊၵၢင်ႊ	core
ၶဝ်ႈၾႃႉ	corn
ၸဵင်ႇ	corner
မၢၼ်ႇမႅၼ်ႈ	correct
ၵႃႊၶၼ်	cost
တူၵ်းမႅၼ်	cost
သိူဝ်ႈၶူဝ်းၸၢဝ်ႈ	costume
ႁိူၼ်းထၢပ်ႈလဵဝ်	cottage
ၵုၺ်	cotton
ၶူးသွၼ်လဵၼ်ႈႁႅင်း	couch
မဵၼ်ဢၢႆႊလူတ်ႉ	cough
ပဵၼ်လႆႈ	could
ၶွင်ႇသီႇ	council
ဢၢၼ်ႇ	count
သၢၼ်ၶတ်း	counter
ဝၢၼ်ႈမိူင်း	country
မၢၼ်ႈၼွၵ်ႈၼႃးပၢင်ႇ	countryside
သွင်	couple
ၵူပ်ႉၵူႈ	couple
ႁတ်းႁၢၼ်	courage
တင်ႈႁဵၼ်း	course
လုမ်းတြႃး	court
ၽိင်ႈငႄႈ	courtesy
ပီႈၼွင်ႉၶႅၼ်ႈတွင်ႉ	cousin
ႁူမ်ႇ	cover
ဝူဝ်းမႄႈ	cow
ၶီႈၵူဝ်	coward
မီးလွင်ႈဢုၼ်ႇၸႂ်	cozy
ပူ	crab
ႁွၺ်းတႅၵ်ႇ	crack
တႅၵ်ႇၵႃႇ	crack
ဢေဝူဝ်း	craft
ၶီႈႁူဝ်	crap
လူႉလႅဝ်	crash
တူၵ်းလႅဝ်	crash
တႂ်းမွင်း	craving
ၵၢၼ်း	crawl
ယွင်ႇ	crazy
ၶူင်ႊသၢင်ႈ	create
ၶူင်ႊသၢင်ႈ	creative
ယုမ်ႇယမ်	credit
ပူပ်ႇၵၢၼ်း	creep
တုမ်ႇၶူၼ်ၼိူဝ်ႉၵီႈ	creepy
ၵူၼ်းထၢမ်းၵၢၼ်	crew
လိူင်ႈ	crime
ဢၼ်ဢၢႆသေလွင်ႈလွင်ႈ	cringe
ႁူၼ်လင်	cringe
ၶၢဝ်းၵိၼ်းႁႅင်း	crisis
ပိူင်တႅၵ်ႈတႃႇ တႅပ်းတတ်း	criteria
လမ်ႇလွင်ႈ	critical
လိၵ်ႈထတ်းသၢင်	criticism
မၢၵ်ႇဝၢၵ်ႈ	crop
ပၢတ်ႇၶဝ်ႈ	crop
မၢၵ်ႇဝၢၵ်ႈၶဝ်ႈၼမ်ႉ	crops
ၶတ်း	cross
သၢၼ်ၶတ်း	cross
ၵႃလမ်	crow
ၵူၼ်းၵိုၼ်း	crowd
ၵူၼ်းၵိုၼ်း	crowded
ႁူင်းသႅင်	crown
လမ်ႇလွင်ႈတႃႇယႃႉပႅတ်ႈ	crucial
မိူၵ်ႈလိူင်း	cruel
ၶၢဝ်းတၢင်းပၢင်ႇလၢႆႇ	cruise
ၵေႃႉထုၵ်ႇၸႂ်	crush
ငိုတ်ႈလႅဝ်၊ ယႃႉတႅၵ်ႇ	crush
ႁႆႈ	cry
တႅင်ၶႃႇ	cucumber
ၼွၼ်းဢီး	cuddle
ၽိင်ႈငႄႈ	culture
လွၵ်းလိင်ႉၼမ်	cunning
ၵွၵ်း	cup
တူႈသႂ်ႇဝၢၼ်ႇ	cupboard
လွင်ႈၵၢၼ်ထိင်းသိမ်း	curb
ယႃႈယႃ	cure
ယူတ်းယႃ	cure
ႁၢမ်ႈဢွၵ်ႇႁိူၼ်း	curfew
ၸႂ်ၶႂ်ႈႁူႉႁႅင်း	curiosity
ၸွပ်ႇႁူႉ	curious
ငေႃး	curly
ယူင်ႉငိုၼ်းတွင်း	currency
မိူဝ်ႈလဵဝ်	current
ယၢမ်းမိူဝ်ႈလဵဝ်	currently
ၵိၼ်ႇ	curse
ၽႃႈၵင်ႈ	curtain
ၵွပ်ႈမွၼ်း	cushion
ၽိင်ႈထုင်း	custom
ပီႈၼွင်ႉသိုဝ်ႉၶၢႆ	customer
ၽိင်ထုင်း	customs
ၵိမ်း	cut
ၵႅတ်း	cut
လီႁၵ်ႉ	cute
ပၼ်ႇၶွပ်ႈ	cycle
ၶီႇလႅင်	cycling
ပေႃႈ	dad
ပေႃႈ	daddy
ၵူႊဝၼ်း	daily
ၵူႊဝၼ်း	dairy
ၾၢႆ	dam
ယႃႉလူႉ	damage
လွင်ႈလူႉသုမ်း	damage
သႄႉၼႄး	damn
ယိုၵ်ႉယမ်း	damp
ၵႃႈ	dance
မီးၽေး	danger
ၽေးၶဵၼ်	dangerous
လပ်းသိင်ႇ	dark
ႁၵ်ႉဢိူၺ်း	darling
ၶၢႆႉၵႃႇ	dash
ၶေႃႈမုၼ်း	data
ဝၼ်းထီႈ	date
ၶဵၼ်းၵၼ်	date
လုၵ်ႈယိင်း	daughter
ဝၼ်း	day
တၢႆ	dead
ၶၢဝ်းမၵ်းၶၢၼ်း	deadline
ႁူလိတ်ႇ	deaf
ဢၼ်ၵႃႊယႂ်ႇ	deal
ၸႅၵ်ႇၽၢႆႉ	deal
ႁၵ်ႉဢိူၺ်း	dear
မႂ်ႇသုင်တင်းသဵင်ႈ	Dear All
ပီႈၼွင်ႉသိုဝ်ႉပၼ်ႁႅင်းၶႃႈ	Dear Customer
မႂ်ႇသုင်ၶႃႈ ပေႃႈမေႈ	Dear Parents
မႂ်ႇသုင်ၶႃႈ သြႃႇ	Dear Sir
မႂ်ႇသုင် လုၵ်ႈႁဵၼ်းၶဝ်	Dear students
မႂ်ႇသုင် ၵေႃႉၸုမ်းႁဝ်း	Dear Team
တၢင်းတၢႆ	death
ပၢင်ထဵင်ၵၼ်	debate
ၼီႈ	debit
လွင်ႈလူႉလႅဝ်	debris
ၼီႈ	debt
ႁူဝ်သိပ်းပီႊ	decade
ၸဝ်ႊ	decay
ယွမ်းလူင်း	deceased
ပႅတ်ႉ	deceive
လိူၼ်သိပ်းသွင်	december
ၶႅမ်ႉ	decent
တႅပ်းတတ်း	decide
တႅပ်းတတ်း	decided
တႅပ်းတတ်း	decision
ၽိူၼ်တႅမ်ႈလိၵ်ႈ	deck
လူတ်ႈယွမ်းၵႃႇ	decline
လူတ်ႈယွမ်း	decrease
ၽင်သႂ်ႇ	dedicated
ၸုၼ်ႉလူႇ	dedication
တၢင်းႁဵတ်းသၢင်ႈ	deed
လိုၵ်ႉ	deep
ၵႂၢင်	deer
လွတ်ႈႁၢမ်း	default
ဢဝ်ပေႉ	defeat
ၸႅတ်ႈထၢမ်	defeat
ၵႅတ်ႇၶႄ	defend
ပိုတ်ႇတီႈပွင်ႇ	define
ပိုတ်ႇတီႈပွင်ႇ	definitely
ၸႅင်ႈလႅင်းလီၼႃႇ	definitely
ပိုတ်ႇတီႈပွင်ႇ	definition
ဢမ်ႇၽွမ်ႉၸွမ်း	degree
ၸိူင်ႉထိူင်း	delay
တၢင်းမႂ်ႉ	delay
ထိူင်းထိူဝ်ႉ	delayed
မွတ်ႇပႅတ်ႈ	delete
တင်ႈၸႂ်ႁဵတ်း	deliberate
ဢူၼ်ႈဢွၼ်ႇ	delicate
ဝၢၼ်ႈမိူင်း	delicious
ပဵဝ်ႇသိူဝ်းမူၼ်ႊ	delight
သိူဝ်းသႃႇ	delighted
ၵူၼ်းသူင်ႇၶူဝ်း	deliver
သူင်ႇၸူး	delivered
တေႃႉသူင်ႇ	delivery
ၶေႃႈတုၵ်းယွၼ်း	demand
တုၵ်းယွၼ်း	demand
တၢင်းလူဝ်ႇ	demanding
တီႇမွၵ်ႉၵရေႇသီႇ	democracy
ၽီႁၢႆႉ	demon
ႁဵတ်းၼေၽၢင်ႁၢင်ႊ	demonstrate
ထဵင်	denied
တၢင်းလႅၼ်ႈ	density
မေႃယႃၶဵဝ်ႈ	dentist
ထဵင်	deny
ႁွင်ႈလိုဝ်ႈ	department
ဢွၵ်ႇၵႂႃႇ	departure
ဢိင်ၼိူဝ်	depend
ၽေႈတပ်ႉဝႆႉ	deploy
တိုၼ်းလၢင်း	deposit
လူင်းတိုၼ်း	deposit
ထိူင်းၵိူင်ႉ	depressed
ၸႂ်တူၵ်း	depression
တၢင်းၼိုၵ်း	depth
တႅမ်ႈၼေ	describe
ၸႅင်ႈၼႄ	description
ၵႂႃႇပႅတ်ႈ	desert
ၵိုင်ႇထိူၵ်ႈ	deserve
ၸၼ်ဝဵပ်ႇယၢင်ႇ	design
ဝဵပ်ႇယၢင်ႇ	design
တႅမ်ႈႁၢင်ႊဝဵပ်ႈယၢင်ႇ	designation
ၵၢင်ၸႂ်	desire
မုင်ႈမွင်း	desire
ၽိူၼ်တႅမ်ႈလိၵ်ႈ	desk
ၸႂ်လဵၵ်ႉ	despair
ႁူၵ်းႁၢႆႉ	desperate
ပိၵ်ႉသမ်ႉဝႃႈ	despite
တၢင်းၵိၼ်ဝၢၼ်	dessert
တႃႈၵႂႃႇ	destination
ၵၢမ်ႇ	destiny
ယႃႉလူႉ	destroy
ယႃႉလႅဝ်	destruction
ႁူဝ်ယွၺ်ႊ	detail
ႁူဝ်ယွၺ်ႊ	details
သွၵ်ႈႁၼ်	detect
ၸႂ်ၵႅၼ်ႇၶႅင်	determination
တႅပ်းတတ်း	determine
တႅပ်းတတ်း	determined
သၢဝ်းလူႉသၢဝ်းလႅဝ်	devastated
ႁုၼ်ႈမုၼ်း	develop
မုၼ်းလႅင်း	developed
ႁုၼ်ႈမုၼ်း	development
ၸၢၵ်ႈ	device
ၽီႁၢႆႉ	devil
မီးသႅတ်ႉၸႃႉ	devoted
ၶိူဝ်းတႄႉႁီႉဝႃႇရီႇ	Dhivehi
ယဵဝ်ႈဝၢၼ်	diabetes
ပဵၼ်တွင်ႉ	diarrhea
မၢႆတွင်းၵူႊဝၼ်းဝၼ်း	diary
ပပ်ႉပိုတ်ႈတႅတ်ႈ	dictionary
ႁဵတ်း	did
တၢႆ	die
တၢႆ	died
တႃႇၶဝ်ႈၸွမ်းလၢႆး	diet
ပႅၵ်ႈပိူင်ႈ	difference
ဢၼ်ပႅၵ်ႇပိူင်ႈ	different
တၢင်းယၢပ်ႇ	difficult
ၶုတ်း	dig
ၵုင်ႇ	dignity
ၸႂ်ဢိုၼ်ႇၶတ်းၸႂ်	diligent
ၶဝ်ႈၶမ်ႈ	dinner
ၸမ်ႈ	dip
ၵမ်းသိုဝ်ႈ	direct
တၢင်းတေၵႂႃႇ	direction
ၽူႈၼၢမ်းၸိူင်း	director
ႁင်ႈ	dirt
ႁင်ႈဝူၺ်ႇ	dirty
ဢမ်ႇၶႅင်ႁႅင်း	disable
တုၵ်ႉၶီႉတႃႉ	disabled
ႁၢႆၵႂႃႇ	disappear
ၸႂ်လမ်မႃး	disappointed
တီႈပဵၼ်လွင်ႈႁၢႆႉ	disaster
ပိုၼ်ႉပႅတ်ႈ	discard
ယွၼ်းဢွၵ်ႇ	discharge
ပၵ်းပိူင်မၢႆမီႈ	discipline
ယွမ်းပၼ်	discount
ၶူၼ်ႉႁႃ	discover
ၸႅၵ်ႇၽေႁူႉႁၼ်လႆႈ	discrimination
ဢုပ်ႇဢေႃး	discuss
ဢုပ်ႇၵုမ်	discussion
တၢင်းပဵၼ်	disease
တၢင်းပဵၼ်	diseases
ဢုပ်ႇ	disguise
လီၸင်း	disgusting
ၽၵ်း	dish
ဢၢင်ႇၽေ	dishes
ဢမ်ႇလမ်ႇလွင်ႈ	dismiss
သူင်ႇၵူၼ်း	dispatch
ၼေဝႆႉ	display
ပၢၵ်ႇပၢႆႊပႅတ်ႈ	disposal
ႁိမ်ၼမ်ႉၵႂၢမ်း	dispute
တၢင်းၵႆ	distance
ပႅၵ်ႇပိူင်	distinct
ႁူႉႁၼ်လႆႈ	distinguish
ႁိူဝ်ႉၸႂ်	distress
ၽေႈၶၢႆ	distribution
ပိုၼ်ႉၼႃႈတီႈ	district
လွင်ႈသုၵ်ႉသၢၵ်ႉ	disturb
ႁွင်ႊၼမ်ႉ	ditch
လမ်ႊၼမ်ႉ	dive
ပႅၵ်ႈပိူင်ၵၼ်	diverse
မဵဝ်းယၢင်ႇ	diversity
ၸႅၵ်ႇၽေ	divide
ၾႃႉၸဝ်ႈ	divine
ပႅတ်ႈ	divorce
မႄႈႁၢင်ႉ	divorce
မဝ်း	dizzy
ႁဵတ်း	do
သူႁႃႉ	do you
ၸွင်ႇသူႁၵ်ႉႁဝ်း	do you love me
မေႃယႃ	doctor
ၽိုၼ်လိၵ်ႈၽိုၼ်မၢႆ	document
ႁဵတ်းသၢင်ႈ	does
ဢမ်ႇလႆႈႁဵတ်း	doesn't
မႃ	dog
ၶိူဝ်းတွၵ်ႉၵရီႇ	Dogri
ႁဵတ်းယူႇ	doing
ႁုၼ်ႇႁၢင်ႊ ဢေၵူၼ်း	doll
လႅၼ်ႊပိူင်ႇငမ်း	domain
ၶူဝ်းၸႂ်ႉၼႂ်းမိူင်း	domestic
ဢဵၼ်ႁႅင်းယႂ်ႇ	dominant
ယႃႇႁဵတ်း	don't
ယႃႇမႆႈၸႂ်	Don't worry
လူႇတၢၼ်း	donate
ယဝ်ႉတူဝ်ႈလီငၢမ်း	done
မႃႉပွၵ်း	donkey
ယႃႈတႃးသွင်ႇ	dope
သွင်ပုၼ်ႈ	double
ၵူမ်ႈၵွမ်း	double
ထၢင်ႇထိူမ်	doubt
လွင်ႈထၢင်ႇထိူမ်	doubt
ၶဝ်ႈမုၼ်ႈတူင်ႇ	dough
တီႈတႂ်ႈ	down
ၸၼ်လူင်း	download
ပိူင်လိူင်း	draft
တႅမ်ႈၸၼ်ဝႆႉ ပိူင်လိူင်း	draft
ၶၢႆႉလွၺ်းလွၺ်း	drag
ႁွင်ႊလၢႆႇၼမ်ႉ	drain
ၸိူင်းတၢင်းႁၵ်ႉ	drama
တႅမ်ႈႁၢင်ႊ	draw
ၶွင်ႈထွတ်ႇ	drawer
တႅမ်ႈႁႃဝႆႉ	drawing
ၵူဝ်ႁေ	dread
တၢင်းၾၼ်	dream
ၼွၼ်းၾၼ်	dream
ၶူဝ်းတုၺ်ႇၼၢင်းယိင်း	dress
ႁွၺ်းထႆ	drill
သူတ်း	drink
ၼမ်ႉသူတ်း	drink
ႁေႃႈ	drive
ယွတ်ႇၼမ်ႉ	drop
ယွတ်ႇတူၵ်း	drop
တူၵ်းၵမ်းယွတ်ႇယွတ်ႇ	dropped
ၾႃႉလႅင်ႉ	drought
သူတ်ႉ	drunk
ႁႅင်ႈ	dry
ပဵတ်း	duck
ၵူၼ်း	dude
ပၢင်ၽိတ်းၵၼ်	due
ယွၼ်ႉဝႃႈ	due to
ၶၢၼ်ႉၼႃႇ	dull
ဢႃႉ	dumb
ၵွင်ယုၵ်းယၢပ်း	dump
ဢသၢၵ်ႈ	duration
ၽွင်းၶၢဝ်းမိူဝ်ႈ	during
ၽုၼ်ႇမုၵ်ႉ	dust
ပုၼ်ႈၽွၼ်း	duty
ယူႇသဝ်း	dwell
တၢႆ	dying
ဢၼ်လႂ်ဢၼ်ၼၼ်ႉ	each
ၵူႊၵေႃႉၵေႃႉ	each other
ၸႂ်လမ်မႃး	eager
ၼူၵ်ႉႁုင်ႉ	eagle
ႁူ	ear
ၸဝ်ႉတိူဝ်း	earlier
ၸဝ်ႉ	early
လႆႈငိုၼ်း	earn
ႁူ	ears
လုမ်ႈၾႃႉ	earth
ဢိင်ႇသၼ်ႇ	earthquake
ငၢႆႈငႅမ်ႈ	ease
ငၢႆႈငႅမ်ႈ	easily
ၽၢႆႇဝၼ်းဢွၵ်ႇ	east
ငၢႆႈ	easy
ၵိၼ်	eat
ၵိၼ်	eating
ပၢႆးမၢၵ်ႈမုၼ်း	economic
ပၢႆးမၢၵ်ႈမုၼ်း	economy
ၶၢႆႉလွၺ်းလွၺ်း	edge
မႄးၶပ်း	edit
ပၢႆးပၺ်ႇၺႃႇ	education
တွမ်ႉယွၼ်ႈ	effect
ထိုင်တီႈ	effective
ၽွၼ်းလီ ၸူဝ်ႊပွတ်းပွတ်း	efficiency
လူင်ႉလႅၼ်ႇ	efficient
တၢင်းၶတ်းၸႂ်	effort
ၶႆႇ	egg
မၢၵ်ႇၶိူဝ်	eggplant
မၢၼ်ႇယႂ်ႇ	ego
ပႅတ်ႈ	eight
သိပ်းပႅတ်ႇ	eighteen
ပႅတ်ႇသိပ်း	eighty
သေဢၼ်ဢၼ်	either
ၶပ်းၶိုင်ပၼ် သပ်းသေး	elaborate
ငွၵ်းသွၵ်ႇ	elbow
ၵေႃႉယႂ်ႇ	elder
ၵူၼ်းထဝ်ႈ	elderly
လဝ်း	elegant
ၶူဝ်းၶွင်	element
ၸၢင်ႉ	elephant
သိပ်းဢဵတ်း	eleven
ၵိုင်ႇထိူၵ်ႈ	eligible
ပၢႆႇဢွၵ်ႇပႅတ်ႈ	eliminate
ထႅင်ႈ	else
ႁဵတ်းႁႂ်ႈဢၢႆ	embarrassed
ၽွင်းၶဵဝ်	embarrassing
ၵွတ်ႇ	embrace
ပေႃႇပဵၼ်မႃး	emerge
ၶၼ်ႊၼႃႉ	emergency
ၸႂ်ၶုၺ်ႉ	emotional
ႁၼ်ထိုင်ၸွမ်းၵၢင်ၸႂ်	empathy
ပၼ်ပူၺ်	emphasis
ပၼ်ပူၺ်	emphasize
ၵူၼ်းႁဵတ်းၵၢၼ်	employee
လုၵ်ႈၸၢၵ်ႈ	employees
လုၵ်ႈၸၢင်ႈႁဵတ်းၵၢၼ်	employer
လုၵ်ႈၸၢင်ႈၵူၼ်းႁဵတ်းၵၢၼ်	employment
ပဝ်ႇ	empty
ႁဵတ်းလႆႈ	enable
ႁူပ်းၺႃး	encounter
ပၼ်ႁႅင်းၵမ်ႉထႅမ်	encourage
သုတ်းယဝ်ႉ	end
ၸမ်တေမူၺ်ႉ	endangered
ၶတ်းၸႂ်	endeavor
ယိူၼ်ႉၵၼ်ႈ	endurance
ယိူၼ်ႉၵၼ်ႈ	endure
ၽူႈၶဵၼ်	enemy
ဢဵၼ်ႁႅင်း	energy
မၼ်ႈ	engage
ၶဝ်ႈထိုင်	engaged
မၼ်ႈၵၼ်	engagement
ပၢင်တိုၵ်း	engagement
ၶဵၼ်းၵၼ်	engagement
ၸၢၵ်ႈ	engine
မေႃပၢႆးၸၢင်ႊ	engineer
ဢိင်းၵလဵတ်ႈ	English
ၶိုၼ်ႈယႂ်ႇ	enhance
ၸူမ်းၸွမ်း	enjoy
ယႂ်ႇၼႃႇ	enormous
ၵုမ်ႇထူၼ်ႈ	enough
ႁႂ်ႈပဵၼ်မႃး	ensure
ၶဝ်ႈမႃး	enter
လဝ်ႇမူၼ်ႊ	entertainment
ၸႂ်ၸိုၼ်ႇ	enthusiasm
ၸႂ်ဢိုၼ်ႇ	enthusiastic
တင်းမူတ်း	entire
သႂ်ႇပၼ်ႁူဝ်ၶေႃႈ	entitled
ႁူင်းၵေႃႇၵၢႆႇ	entity
ၶဝ်ႈၵႂႃႇ	entrance
ၽူႈၶူင်ႊပိုတ်ႇတၢင်း ၼႃႈၵၢၼ်	entrepreneur
ထူင်လိၵ်ႈ	envelope
သိုင်ႇဝႅတ်ႉလွမ်ႉ	environment
သီႈၵေႉ	envy
ထုၵ်ႇယုၵ်ႉယွင်ႈ	epic
တၢင်းပဵၼ်ၸပ်း	epidemic
မိူၼ်ၵၼ်	equal
ၶိူင်ႈၸႂ်ႉ	equipment
ၵႃႊၶၼ် ငိုၼ်းတိုၼ်း	equity
မိူၼ်ၵၼ်	equivalent
ၵွၼ်ႈထူ	eraser
ပဵၼ်လူႉ	error
လွတ်ႈ	escape
ပေႃးတေဝႃႈတေႉမႃး	especially
လိၵ်ႈပွင်	essay
လွၼ်ႉမွၼ်း	essence
ဢၼ်လူဝ်ႇ	essential
ယူႇသၢင်ႈသဝ်း	establish
ၵေႃႇသၢင်ႈ	established
ဝၢင်းႁိူၼ်း	estate
လၢမ်းၶၢတ်ႈ	estimate
ၼပ်ႉယမ်	estimated
ၸႃႉၵႂႃႇ	etc
ဢမ်ႇႁူဝ်ဢမ်ႇႁၢင်	eternal
ၶိူဝ်းၵူၼ်း	ethics
တႅပ်းတတ်းၵႃႊၶၼ်	evaluate
တႅပ်းတတ်းၵႃႊၶၼ်	evaluation
သေတႃႉ	even
ႁဵတ်းႁိုဝ်ဝႃႈၵေႃႈ	even though
တၢမ်းၶမ်ႈ	evening
လွင်ႈပေႃႇပဵၼ်မႃး	event
ၵမ်းလိုၼ်းမႃး	eventually
တႃႇသေႇ	ever
ၵူႊ	every
ၵူႊၵေႃႉ	everybody
ၵူႊၵေႃႉ	everyone
ၵူႊလွင်ႈ	everything
ၶူဝ်းလၵ်းထၢၼ်	evidence
မိူၵ်ႈလိူင်း	evil
ၾိင်ႈပဵၼ်လႅၵ်ႈ	evolution
လႅၵ်ႈလၢႆႊ	evolve
ၶိူဝ်းဢိဝ်း	Ewe
ၵေႃႉၵဝ်ႇ	ex
တႅတ်ႈတေႃး	exact
တီႈတေႉမၼ်း	exactly
ပၢင်ထတ်ႈထိၼ်	exam
ၸႅတ်ႈႁႂ်ႈႁူႉ	examine
တူဝ်ယၢင်ႇ	example
လူၼ်ႉလိူဝ်	exceed
ၶႅမ်ႉတေႉတေႉ	excellent
ႁပ်ႉၶၢမ်ႇ	except
လိူဝ်ၼႆႉ	exception
တိူဝ်းတေႉ	excess
ၼမ်ႉလူၼ်ႉ	excessive
လႅၵ်ႈ	exchange
တိုၼ်ႇတဵၼ်ႈ	excited
ၸႂ်တိုၼ်ႇတဵၼ်ႈ	excitement
ၸႂ်တိုၼ်ႇတဵၼ်ႈ	exciting
ၸႂ်ႉတႃႇႁင်းၶေႃ	exclusive
ၶႅၼ်းတေႃႈ	excuse
ၵမ်းၵွၼ်ႇၶႃႈ	excuse me
ပၼ်တၢမ်ႇတၢႆ	execute
ပၼ်တၢမ်ႇတၢႆ	execution
ၵေႃပွင်ၸတ်းၵၢၼ်	executive
လဵၼ်ႈႁႅင်း	exercise
ၵၼ်ႊၽိုၵ်းလႅၼ်ႇ	exercise
တိုဝ်းၸႂ်ႉမူတ်းမူတ်း	exhaust
ၸႂ်ႉသဵင်ႈသဵင်ႈ	exhausted
ၶူဝ်းၶွင်ၼေႁၢင်ႊ	exhibit
ႁွင်ႈၼေၶူဝ်း	exhibition
တိုၵ်ႉလိပ်း	exist
မီးပဵၼ်ဝႆႉ	existence
မီးဝႆႉ	existing
ဢွၵ်ႇ	exit
ၶႂၢၵ်ႈၵႂၢင်ႈ	expand
မုင်ႈမွင်း	expect
မုင်ႈမွင်း	expected
ၵႃႊၸႂ်ႉၸၢႆႇ	expenses
ၵႃႊယႂ်ႇ	expensive
တူဝ်ထူပ်း	experience
တူဝ်ထူပ်း	experiment
ၽူႈလူင်ႉလႅၼ်ႇ	expert
ဢသၢၵ်ႈမူတ်းယဝ်ႉ	expired
သပ်းလႅင်း	explain
ၶေႃႈသပ်းလႅင်း	explanation
ၸုၼ်ႉ	exploit
ၶူၼ်ႉႁႃ	explore
တေႃႉသူင်ႇ	export
ၼေႁႂ်ႈႁၼ်လီ	expose
ၼေႁႂ်ႈႁၼ်လီ	exposed
ၶူၼ်ႉႁႃၼေ	exposure
ၸႅင်ႈၼႄ	express
ၶေႃႈၸႅင်ႈၼေ	expression
ၶႂၢၵ်ႈ	extend
ၶႂၢၵ်ႉ	extended
ၶႂၢၵ်ႈ	extension
တၢင်းၼမ်	extent
တႅၵ်ႈ	external
မူၺ်ႉယဝ်ႉ	extinct
ဢၼ်ပူဝ်ႇ	extra
ႁႅမ်ဢွၵ်ႇ	extract
တိူဝ်းဢၼ်ၽဵၼ်ႈၽဵၼ်ႈၼၼ်ႉ	extraordinary
ၸပ်းၽၢၵ်ႇႁႅင်း	extreme
ၶိုၵ်ႉၶႅမ်ႉ	extremely
မၢၵ်ႇတႃ	eye
တႃ	eyes
ပွတ်းတွၼ်ႊ ႁူင်းၵေႃႇသၢင်ႈ	fabric
ဢၢမ်းဢေႃး	fabulous
တေႃႇၼႃႈ	face
ၼႃႈတႃ	face
ႁႂ်ႈယဝ်ႉတူဝ်ႈငၢႆႈ	facilitate
ႁဵတ်းႁႂ်ႈယဝ်ႉငၢႆႈ	facilities
လႆႈမႃးငၢႆႈ	facility
လိူင်ႈပဵၼ်	fact
လွင်ႈတၢင်း	factor
ႁူင်းၸၢၵ်ႈ	factory
ၶေႃႈမုၼ်း	facts
သီမွင်ၵႃႇ	fade
လူႉသုမ်း	fail
တူၵ်းသုမ်း	failed
ၵၢၼ်ႉသုမ်း	failure
ႁႅင်းလဵၵ်ႉ	faint
ၽဵင်ႇပဵင်း	fair
ၽဵင်ႇပဵင်း	fairly
ၼၢင်းၽီၼႂ်းဢႃႊပုမ်ႇ	fairy
သႅတ်ႈၸႃႇ	faith
မီးသႅတ်ႉၸႃႇ	faithful
ဢၼ်ပွမ်	fake
ၼႃႈၶၢဝ်းၵတ်း	fall
လူမ်ႉ	fall
ၽိတ်း	false
လိုဝ်းလင်ႊ	fame
မိုတ်ႈၵိုဝ်းဝႆႉ	familiar
မုင်ႉႁေႃႁိူၼ်း	family
ဢိုပ်းႁႅင်ႈဢိုပ်းႁဵဝ်ႇ	famine
ၸိုဝ်းလိုဝ်းလင်ႊ	famous
ၵူၼ်းပၼ်ႁႅင်း	fan
ဝႂ်ႊၽတ်းလူမ်း	fan
တၢင်းဝူၼ်ႉ	fancy
ၶိုၵ်ႉၶႅမ်ႉ	fantastic
ၵႆ	far
သူင်ႇသင်ႇ	farewell
ၼႃး	farm
ၸဝ်ႈၼႃး	farmer
ၸၼ်ၸႂ်	fascinating
ၶူဝ်းၶိုတ်းၵၢပ်ႈ	fashion
ၽႂ်း	fast
ပီး	fat
ထိုင်တၢႆ	fatal
ၵၢမ်ႇႁၢႆႉ	fate
ပေႃႈ	father
ႁိူဝ်ႉဢူၼ်ႈ	fatigue
တၢင်းၽိတ်း	fault
လႆႈၸႂ်ႈသုတ်း	favorite
ၸွၺ်ႈထႅမ်	favour
လႆႈၸႂ်တီႈသုတ်း	favourite
ၵူဝ်ႁႄ	fear
ပၢင်ၵိၼ်မူႇ	feast
ၶူၼ်ၵႆႇ	feather
ႁႂ်ႈပႃး ဢၼ်လမ်ႇလွင်ႈ	feature
ႁၢင်ႊၽၢင်	feature
လၢၵ်ႇလၢႆး	features
ႁၢင်ႊၽၢင်	features
လိူၼ်သွင်	february
လဵင်ႉဝႆႉ	fed up
ၵႃႊၸွင်းၸေး	fee
လဵင်ႉ	feed
ပၼ်တၢင်းႁၼ်ထိုင်	feedback
ငိၼ်းထိုင်ၸႂ်	feel
ၸႂ်ႉၶုၺ်ႉႁူႉ	feeling
တိၼ်	feet
လူမ်ႉ	fell
ၽူႈၶဝ်ႈၸုမ်း	fellow
ၶုၺ်ႉ	felt
မေႊ	female
တႃႇႁူဝ်ႉ	fence
ၽုၼ်ႇမၼ်းလိၼ်လီ	fertile
ပၢင်ပွၺ်း	festival
ၵႂႃႇႁွင်ႉမႃး	fetch
ၼၢဝ်ၼူၵ်ႉ	fever
ဢိတ်းဢီႈ	few
ၵမ်ႉဢေႇ	fewer
ၵေႃႉမၼ်ႈ	fiance
ဝူၼ်ႉပဵၼ်ဢဝ်	fiction
ၵၢင်ပၢင်ႇ	field
မိူၵ်ႈမႂ်ႈ	fierce
သိပ်းႁႃႈ	fifteen
ႁႃႈသိပ်း	fifty
မင်ႈ	fight
ၶႄႉသဵင်ႇ	fight
ၶႄႉၶဵင်ႇ	fighting
မိူၼ်ႁၢင်ႊ	figure
ၶႅပ်းႁၢင်ႊ	figure
သၢင်းလၢင်း	figure out
ၽိုၼ်ၶေႃႈမုၼ်း	file
သႂ်ႇ	fill
ထႅမ်သႂ်ႇ	filled
ၸိူင်း	film
ႁႃႈသိပ်း	filthy
ၵမ်းလိုၼ်း	finally
ၵၢၼ်ငိုၼ်း တွင်း	finance
ၵၢၼ်ငိုၼ်းတွင်း	financial
ႁႃႁၼ်	find
သူၵ်ႈႁႃ	find out
ယူႇလီ	fine
ၼိဝ်ႉမိုဝ်း	finger
ယဝ်ႉတူဝ်ႈ	finish
ယဝ်ႉယဝ်ႉ	finished
ၾႆး	fire
ၵႅၼ်ႇၶႅင်	firm
လွင်ႈၵႅၼ်ႇၶႅင်	firm
ဢွၼ်တၢင်ႇသုတ်း	first
ၸိုဝ်ႈႁူဝ်ၼႃႈ	first name
မဵတ်းပႃ	fish
ပႃ	fish
တေႃႉတႄႉ	fit
ႁႃႈ	five
ၺႃးလီလီ	fix
မႄးႁဵတ်း	fixed
ၸွမ်ပိဝ်	flag
ၾႆႈမႅပ်ႈ	flash
လူမ်းၶိုၼ်ႈ	flat
ဢၼ်ၽႅပ်ႉ	flat
တၢင်းၽိတ်း	flaw
ဢမ်ႇမီးတီႈ ၸုတ်ႈယွမ်း	flawless
လႅၼ်ႈ	flee
သႅၼ်ႈသႂ်	flesh
မိၼ်	flew
သၢႆၾႆး	flex
ၵွတ်းလႆႈ	flexible
တၢင်းမိၼ်	flight
ဢဝ်မိုဝ်းတွၵ်ႈ	flip
လဵၼ်ႈပိူၼ်ႈ	flirt
ၸႂ်တူင်ႉတိုၼ်ႇ	flirting
ၽူး	float
ၼမ်ႉထူမ်ႈ	flood
ၸႂ်ႉတႂ်ႈ	floor
ၽွင်ၶဝ်ႈမုၼ်း	flour
ၼမ်ႉလႆ	flow
လႆလူင်း	flow
မွၵ်ႇယႃႈ	flower
ပဵၼ်ဢၢၼ်	flu
လႅၼ်ႇ	fluent
ႁူမ်ႇငမ်း	fluently
ၶူၼ်ပူင်းပူင်း	fluffy
ပဵၼ်ၼမ်ႉ	fluid
မိၼ်	fly
ပၵ်းၸႂ်	focus
သုၼ်ၵၢင်	focus
မွၵ်ႇဢိူမ်ႈ	fog
မွၵ်ႇဢိူမ်ႈ	foggy
တူပ်း	fold
ၸေႃႉလႅမ်	folks
ၸွမ်းလင်	follow
ၸွမ်းလင်မႃး	follow up
ၸွမ်းလင်	following
တၢင်းၵိၼ်	food
ငိူဝ်ႈ	fool
ၵူၼ်းယွင်ႇ	fool
ယွင်ႇၼႃႇ	foolish
တိၼ်	foot
မၢၵ်ႇၼင်လွမ်ႊ	football
တွၼ်ႈတႃႇ	for
တူဝ််ယၢင်ႇ	For example
ဢၼ်ပဵၼ်မႃး	for instance
တႃႇမႂ်း	for you
ၶေႃႈႁၢမ်ႈ	forbidden
ဢဵၼ်ႁႅင်း	force
လၢမ်းၶၢတ်ႈၶၢဝ်ႊၾႃႉ	forecast
ၼႃႈၽၢၵ်ႇ	forehead
မိူင်းၼွၵ်ႈ	foreign
ထိူၼ်ႇ	forest
တေႃႇၸူဝ်ႊ	forever
လိုမ်း	forget
ယွၼ်းတၢင်းၽိတ်း	forgive
လိုမ်းယဝ်ႉ	forgot
ၸေႃႉငႅမ်ႈ	fork
ပိူင်ၽၢင်	form
ၽိုၼ်တၢင်ႇလဝ်ႈ	form
ပိူင်ၽၢင်	formal
ယၢမ်ႈပဵၼ်	former
သုၼ်ႇလီ	fortunately
သုၼ်ႇ	fortune
သီႇသိပ်း	forty
သီႇသိပ်းသွင်	forty-two
သိုပ်ႇတင်းၼႃႈ	forward
လူလွမ်တူၺ်းထိုင်	foster
မင်ႈ	fought
သွၵ်ႈႁၼ်	found
ငဝ်ႈပိုၼ်ႉ	foundation
သီႇ	four
သိပ်းသီႇ	fourteen
မႃလိၼ်	fox
ၽုၺ်ႈ	fragile
ၶွပ်ႇ	frame
လွၵ်းၶွတ်ႇၽွတ်ႈ	framework
ယွၵ်ႇလႅၼ်	fraud
ၵူၼ်းၶလႅၵ်ႉ	freak
လၢႆလၢႆ	free
လွတ်ႈလႅဝ်း	freedom
လၢင်ႈ	freeze
လၢႆလၢႆၵမ်း	frequency
ပဵၼ်လၢႆလၢႆၵမ်း	frequent
ၵမ်းၵမ်း	frequently
သႅၼ်ႈသႂ်	fresh
ဝၼ်းၽတ်း	friday
တူႈယဵၼ်	fridge
ဢူၺ်းၵေႃႉ	friend
မေႃမိုတ်ႈၵိုဝ်း	friendly
ဢူၺ်းၵေေႃႉ	friends
တႆးၵေႃႉၵၼ်	friendship
တိုၼ်ႇ	frightened
တိုၼ်ႇ	frightening
ၶဵတ်ႇ	frog
မႃးတီႈ	from
တၢင်းၼႃႈ	front
လၢင်ႈၵတ်း	frozen
မၢၵ်ႇမႆႉ	fruit
ႁဵတ်းႁႂ်ႈလႅဝ်	frustrated
ၼမ်ႉမၼ်းယိူဝ်ႇ	fuel
ၶိူဝ်းၽူႇၽူႇတႄႇ	Fulfulde
တဵမ်	full
ႁုၼ်ႉၼူဝ်	fun
ပုၼ်ႈၽွၼ်း	function
ပိုၼ်ႉထၢၼ်ႈ	fundamental
မႃႇသႃႇ	funeral
ႁုၼ်ႉၼူဝ်	funny
ၶူၼ်	fur
ႁႅင်းႁႅင်း	furious
ၶူဝ်းႁိူၼ်းယေး	furniture
ၵႆတိူဝ်း	further
ထႅင်ႈတၢင်းၼိူင်ႈ	furthermore
ၶၢဝ်းၼႃႈ	future
ၼမ်ႉတွၼ်း	gain
မႅတ်ႈ	gain
တၢင်းလဵၼ်ႈ	game
ၵႃႇၵၼ်	gap
သိုင်ႇလူတ်ႉ	garage
ယုၵ်ႉယၢၵ်ႉ	garbage
သူၼ်မွၵ်ႇႁိူၼ်း	garden
ၽၵ်းလူဝ်	garlic
ၽၵ်းတူဝၢင်း	gate
ႁူမ်ႈၵၼ်	gather
ၸူႉတုမ်ၵၼ်	gathering
တီႈတၢင်းတႅၵ်ႈ	gauge
ပၼ်	gave
ၵီႇယႃႇ	gear
ၽွၵ်ႇ	gender
ၽဵၼ်ႈၽဵၼ်ႈ	general
ပေႃးဢဝ်ၽဵၼ်ႈဝႃႈ	generally
ပေႃႇပဵၼ်မႃး	generate
သႅၼ်းႁုၼ်ႈမႂ်ႇ	generation
ၸႂ်လီ	generous
ၺၢၼ်ႇလီ	genius
မဵဝ်းသႅၼ်းပၢႆးမွၼ်း	genre
ၽွၵ်ႇ	gentle
ၸၼ်ႉသုင်	genuine
ၼေတိၼ်ၼေမိုဝ်း	gesture
လႆႈ	get
လၢႆႊၶူဝ်း	get dressed
ၼွၼ်းလုၵ်ႉ	get up
တေလီမႃးယူႇ	get well soon
လႆႈမႃး	getting
ၽီၽဵတ်ႇ	ghost
ၽီမိၵ်ႉသႃႇ	ghosting
လူင်	giant
ၶူဝ်းတွၼ်ႈ	gift
ၶိင်	ginger
ယိင်းဢွၼ်ႇ	girl
ၸူႉ	girlfriend
ပၼ်	give
ယွမ်းသုမ်း	give up
ပၼ်ဝႆႉ	given
ႁူမ်ၸူမ်း	glad
ၵိုင်ႉၵၢင်ႉတူၺ်း	glance
ၵွၵ်းၵႅဝ်ႈ	glass
ၵႅဝ်ႈတႃ	glasses
ႁၼ်ၸငူႉၵဝၢႆႉ	glimpse
တင်းလူၵ်ႈ	global
လပ်းသိင်ႇ	gloomy
ဝႃႇမိုဝ်း	gloves
ၶဝ်ႈၸႂ်	glow
ႁိူဝ်ႈဢွၵ်ႇမႃး	glow
ၵေႃႉယႂ်ႇ	glow up
မုၵ်ၸပ်း	glue
ၵႂႃႇ	go
ၵႂႃႇႁူဝ်တေး	go ahead
ၵႂႃႇၵႆၵႆ	go away
ၵႂႃႇၼွၼ်း	go to bed
တႃႈယိူင်း	goal
ပဝ်ႉမၢႆ	goals
ပႄႉ	goat
ၾႃႉၸဝ်ႈ	god
ၾႃႉၸဝ်ႈယွၼ်းသူးပၼ်သူ	god bless you
ၵႂႃႇ	goes
ၵႂႃႇယူႇ	going
တေၵႂႃႇႁဵတ်း	going to
ၶမ်း	gold
ၵႂႃႇယဝ်ႉ	gone
တေႁဵတ်း	gonna
ႁဵတ်းၼႃႈဢီးလူ	goo
လီဢိူဝ်ႈ	good
မႂ်ႇသုင် ဝၢႆးဝၼ်း	good afternoon
မွၼ်းမွၼ်း	good bye
ဝၼ်းလီ	good day
မႂ်ႇသုင်တၢမ်းၶမ်ႈ	good evening
ႁဵတ်းလႆႈလီတေႉ	good job
ႁၢင်ႊလဝ်း	good looking
သုၼ်ႇလီ	good luck
မႂ်ႇသုင်ၵၢင်ၼႂ်	good morning
မႂ်ႇသုင်ၵၢင်ၼႂ် ၵေႃႉႁၵ်ႉ	good morning my love
မွၼ်းမွၼ်း ၼွၼ်းလပ်းဝၢၼ်ဝၢၼ်ၶႃႈ	good night
မွၼ်းမွၼ်း	goodbye
ၾၼ်လီ	goodnight
ၵုၼ်ႇ	goods
ၵူးၵႄး	Google
ၵူးၵႄး ပိၼ်ႇၾၢၼ်ၵႂၢမ်းလၢတ်ႈ	Google Translate
ႁၢၼ်ႇ	goose
လဝ်း	gorgeous
ၵႂၢမ်းမဝ်ၽၢင်း	gossip
လႆႈ	got
လႆႈယဝ်ႉ	got it
လူင်ပွင်ႊၸိုင်ႈ	government
ၸၵ်ႉဢဝ်	grab
ၸၼ်ႉႁဵၼ်း	grade
လွၺ်းလွၺ်းမႃး	gradually
လႆႈၶူး	graduate
မဵတ်ႉသၢၼ်	grain
ပၼ်ၶႂၢင်ႉ	grant
ပၼ်ၶႂၢင်ႉ	granted
မၢၵ်ႇဢိတ်ႇ	grapes
ဝၵ်ႉဝႆႉ	grasp
ယိူဝ်ႈယႃႈ	grass
ၸူမ်းထိုင်	grateful
ၶွပ်ႈၸႂ်	gratitude
လိုၵ်ႉလမ်ႇ	grave
သီမူၼ်ႇ	gray
ၶိုၵ်ႉၶႅမ်ႉ	great
လမ်ႇမၢၵ်ႈ	greed
ၸႂ်လမ်ႇမၢၵ်ႈ	greedy
သီၶဵဝ်	green
သိုပ်ႇမိုတ်ႈ	greet
သိုပ်ႇမိုတ်ႈ	greeting
သိုပ်ႇမိုတ်ႈ	greetings
သီမူၼ်ႇ	grey
ၶႅင်းၸီႇ	grid
တၢင်းမႆႈၸႂ်	grief
ၵၢပ်ႈ	grind
ဝၵ်းဝႆႉဝိုၼ်းဝိုၼ်း	grip
ၽၵ်းၶဵဝ်	grocery
ၸဝ်ႈမၢဝ်ႇ	groom
ႁၢဝ်ႈ	gross
လိၼ်	ground
ၸုမ်း	group
ႁုၼ်ႈယႂ်ႇမႃး	grow
ႁုၼ်ႈယႂ်ႇ	growth
ဝႆႉၼႃႈဢမ်ႇလီ	grumpy
ၶိူဝ်းၵႂႃႇရႅၼ်ႇၼီႇ	Guarani
ၶေႃႈႁပ်ႉပဝ်ႊ	guarantee
ၽူႈၵႅမ်တူဝ်	guard
လၢမ်းဢဝ်	guess
ၶႅၵ်ႇ	guest
ၼေတၢင်း	guidance
ၵူၼ်းၼေတၢင်း	guide
ၼေပၼ်တၢင်း	guide
ဢမ်ႇလုင်ႇတူဝ်	guilty
ၼေသူ	guy
ၵူၼ်းႁဝ်း	guys
လဵၼ်ႈႁႅင်း	gym
တၢင်းယၢမ်ႈ	habit
ၽိင်ႈယၢမ်ႈ	habitat
မီး	had
မၢၵ်ႇႁဵပ်း	hail
ၶူၼ်ႁူဝ်	hair
ၼိူင်ႈၶိုင်ႈ	half
ႁေႃ	hall
မိုဝ်း	hand
မိုဝ်းယိပ်း	handle
ႁၢင်ႈလဝ်း	handsome
ၽႅၼ်ဝႆႉ	hang
ဢဝ်ဢွၵ်ႇပႅတ်ႈ	hang out
ပဵၼ်မႃး	happen
ပဵၼ်မႃး	happened
တၢင်းသိူဝ်းၸႂ်	happiness
ဢၼ်မူၼ်ႈသိူဝ်း	happy
သူင်သိူဝ်းဝၼ်းၵိူတ်ႇၶႃႈ	happy birthday
မႂ်ႇသုင်ဝၼ်းၵိူတ်ႇ	happy birthday to you
သူင်သိူဝ်းပီႊမႂ်ႇ	happy new year
ဢၼ်ယၢပ်ႇ	hard
ယၢပ်ႇယၢပ်ႇ	hardly
ယၢပ်ႇတႃႇသေႇ	hardly ever
သၢင်ႊၸူဝ်ႈ	harm
တၢင်းသၢင်ႊ	harm
တိူဝ်ႉၸဵပ်း	harmful
လၢတ်ႈၸွမ်းသဵင်	harmony
ၵျၢမ်း	harsh
သိမ်းမၢၵ်ႇၶဝ်ႈတဝ်ႈၼမ်ႉ	harvest
မီး	has
ၸင်း	hate
မီး	have
ၵၢမ်ႇလီၼႃ	have a good day
ႁႂ်ႈပဵၼ်ဝၼ်းလိ	have a nice day
ၵိၼ်ၶဝ်ႈပၼ်ႈ	have breakfast
သိူဝ်းၸႂ်	have fun
သူၵိၼ်ယဝ်ႉႁႃႉ	have you eaten
မီးဝႆႉ	having
ႁတ်းၸုၼ်ႉ	hazard
မဵတ်ႉၼၢႆး	haze
မၼ်းၸၢႆး	he
မၼ်းမီး	he has
မၼ်းပဵၼ်	he is
ႁူဝ်	head
ႁူဝ်ၶႆႈ	headache
ယႃ	heal
ယူတ်းယႃ	healing
ယူႇလီ	health
ယူႇလီ	healthy
ငိၼ်း	hear
လႆႈငိၼ်း	heard
ႁူဝ်ၸႂ်	heart
ပၼ်ၾႆး	heat
မႆႈ	heat
မိူင်းၽီ	heaven
ၼၵ်း	heavy
ၸပ်းၼၢဝ်	hectic
တၢင်းသုင်	height
ၵေႃႉပုတ်ႈၶူဝ်းပုတ်ႈ	heir
ၸူၼ်	heist
ယိပ်းဝႆႉ	held
ငရၢႆး	hell
မႂ်ႇသုင်ၶႃႈ	Hello
မႂ်ႇသုင် ၵေႃႉႁၵ်ႉ	hello dear
မႂ်ႇသုင်။ ယူႇလီယူႇႁႃႉ။	hello how are you
မႂ်ႇသုင် ၸွင်ႇသူယူႇလီ	hello how are you doing
မၢၵ်ႇႁူဝ်ၵႅၼ်ႇ	helmet
ၸွၺ်ႈထႅမ်	help
ၶဝ်ႈတၢင်းၸွၺ်ႈထႅမ်	helpful
တႄႇၼႆႉၵႂႃႇ	hence
ၶူဝ်းမၼ်းၼၢင်း	her
ၽုင်ဝူဝ်းၵႂၢၺ်း	herd
တီႈၼႆႈ	here
ၶူဝ်းပုတ်ႈ	heritage
တူၼ်ႉႁူၼ်	hesitate
ႁိူၺ်ႉ	Hey
မႂ်ႇသုင်	Hi
မႂ်ႇသုင် ယူႇလီယူႇႁႃႉ	hi how are you
မႂ်ႇသုင်	Hi there
သိူင်ႇ	hidden
သိူင်ႇသိမ်း	hide
ၶပ်ႉလဵၵ်ႉတေႃႇယႂ်ႇ	hierarchy
ဢၼ်သုင်	high
ပၼ်ႁွၺ်း	highlight
ၶိုၼ်ႈလွၺ်	hike
ၶိုၼ်ႈလွၺ်	hiking
လီၶႂ်ႈၶူဝ်	hilarious
ၵုင်းလွၺ်	hill
မၼ်း	him
ၼေငိူၼ်ႈ	hint
ၵူၼ်ႈ	hip
ၵူၼ်ႈ	hips
ၸၢင်ႈ	hire
ႁပ်ႉႁဵတ်းၵၢၼ်	hiring
ၶွင်မၼ်း	his
ပိုၼ်း	history
ပၢႆးလႅင်ႊပိုၼ်း	history
တွၺ်ႇ	hit
ဢိုမ်း	Hmm
တၢင်းသူင်	hobby
ယိပ်းဝႆႉ	hold
ၵမ်ဝႆႉ	hold on
ႁူး	hole
ဝၼ်းလိုဝ်ႈ	holiday
ႁူႉလူမ်ႇ	hollow
ႁိူၼ်း	home
လိၵ်ႈၵၢၼ်ႁိူၼ်း	homework
သိုဝ်ႈယူဝ်း	honest
ဝႃႈသိုဝ်ႈသိုဝ်ႈ	honestly
ႁၵ်ႉဢိူၺ်း	Honey
ၽုင်း	honor
မုင်း	hood
မဵတ်း	hook
ယွပ်ႇ	hop
မုင်ႈမွင်း	hope
မီးတၢင်းမုင်ႈမွင်း	hopefully
ႁၢမ်းတၢင်းမုင်ႈမွင်း	hopeless
သိုဝ်ႈသိုဝ်ႈ	horizontal
ၶဝ်	horn
ႁၢၵ်းႁၢႆႉၼႃႇ	horrible
ၼႃႈလီၵူဝ်	horror
မႃႉ	horse
ႁူင်းယႃ	hospital
ႁပ်ႉၶႅၵ်ႇလႆႈလီ	hospitality
ၽူႈၵႂၼ်းထိင်း	host
ၵႂၢၼ်းထိင်း	host
ပၢၼ်းၽိတ်း	hostile
ဢၼ်မႆႈ	hot
ႁူင်းႁႅမ်း	hotel
ၸူဝ်ႊမူင်း	hour
ၸူဝ်ႊမူင်း	hours
ႁိူၼ်း	house
ၵၢၼ်ႁိူၼ်း	household
ၸိူင်ႉႁိုဝ်	how
သူလူး	how about you
ယူႇလီယူႇႁႃႉ	how are you
ၸွင်ႇယူႇလီ	how are you doing
မိူဝ်ႈၼႆႉမိူၼ်ၸိူင်ႉႁိုဝ်ဝႆႉ ယူႇလီယူႁႃႉ	how are you doing today
မိူဝ်ႈၼႆႉ ပဵၼ်ႁိုဝ်	how are you today
သူယူႇလီယူႇႁႃႉ	how do you do
ပဵၼ်ႁိုဝ်	how is
မီးၵႃႊႁိုဝ်	how many
ၵႃႊႁိုဝ်	how much
ၵႆႉၵႆႉပဵၼ်ႁိုဝ်	how often
ဢသၢၵ်ႈသူလႆႈၵႃႈႁိုဝ်	how old are you
သူပဵၼ်ႁိုဝ်ဝႆႉ	how was your day
ၶမ်ႈၼႆႉ ပဵၼ်ႁိုဝ်ၽွင်ႈ	how was your night
ၸိူင်ႉႁိုဝ်ၵေႃႈယဝ်ႉ	however
ငဝ်းလၢႆးလီ	hub
ၽူဝ်	hubby
လွင်ႈၵွတ်ႇ	hug
ၵွတ်ႇ	hug
ယႂ်ႇၵႂၢင်ႈ	huge
ၵူၼ်း	human
ယွမ်းတူဝ်	humble
ယမ်း	humid
ယိုၵ်းယမ်း	humidity
ၼိူင်ႈပၢၵ်ႇ	hundred
တွင်ႉမႆႈ	hungry
သုမ်ႉ	hunt
လူမ်းလႅင်ႉ ႁႃႇရီႇၵဵင်း	hurricane
ဝႆး	hurry
ဝႆးဝႆးလႄႈ	hurry up
ၸဵပ်းၸႂ်	hurt
ၽူဝ်	husband
မႄႈမွၵ်ႇယႃႈ	hustle
လိုပ်ႈဢွၵ်ႇ	hustle
သုမ်ႉ	hut
ၵဵင်ႈသႂ်တူဝ်ၶိင်း	hygiene
ၵဝ်	I
ႁဝ်းပဵၼ်	I am
ႁဝ်းယူႇလီယူႇ	I am fine
ႁဝ်းမေႃ	I can
ၵဝ်ဢမ်ႇမေႃ	I can't
ၵဝ်ဢိူဝ်ႈ	I do
ၵဝ်ဢမ်ႇႁူႉ	I do not know
ၵဝ်ဢမ်ႇပွင်ႇၸႂ်	I do not understand
ႁဝ်းဢမ်ႇလႆႈႁဵတ်း	I don't
ႁဝ်းဢမ်ႇႁူႉ	I don't know
ႁဝ်းဢမ်ႇပွင်ႇၸႂ်	I don't understand
ႁဝ်းဢမ်ႇပွင်ႇၸႂ် သူၶႂ်ႈမၢႆထိုင်သင်	I don't understand what you mean
ႁဝ်းဢမ်ႇပွင်ႇၸႂ်သူ	I don't understand you
ၵဝ်ဢမ်ႇႁူႉ	I don’t know
ႁဝ်းဢမ်ႇပွင်ႇၸႂ်	I don’t understand
ၵဝ်လၢမ်းတူၺ်း	i guess
ၵဝ်မီး	I had
ႁဝ်းမီး	I have
ႁဝ်းလႆႈပဵၼ်	I have been
ႁဝ်းၵေႃႈဝႃႈၼၼ်	I hope so
ႁဝ်းႁူႉဢိူဝ်ႈ	I know
ႁဝ်းလႆႈၸႂ်	I like
ႁဝ်းလႆႈၸႂ်သူ	I like you
ႁဝ်းႁၵ်ႉ	I love
ႁဝ်းႁၵ်ႉ ၸၢႆးႁဝ်း	I love my big brother
ႁဝ်းႁၵ်ႉပီႈသၢဝ်ႁဝ်း	I love my big sister
ႁဝ်းႁၵ်ႉပေႃႈႁဝ်း	I love my father
ႁဝ်းႁၵ်ႉၼွင်ႉၸၢႆးႁဝ်း	I love my little brother
ႁဝ်းႁၵ်ႉၼွင်ႉယိင်းႁဝ်း	I love my little sister
ႁဝ်းႁၵ်ႉမႄႈႁဝ်း	I love my mother
ႁဝ်းႁၵ်ႉသူ	I love you
ႁဝ်းႁၵ်ႉသူ တေႉတေႉ	I love you so much
ႁဝ်းၵေႃႈ ႁၵ်ႉသူ	I love you too
ၵဝ်ၶႂ်ႈဝႃႈၼႆႉ	I mean
ႁဝ်းၸႂ်ထိုင်သူ	I miss you
ႁဝ်းၸႂ်ထိုင်သူတေႉယဝ်ႉ	I miss you so much
ႁဝ်းပွင်ႇၸႂ်ယဝ်ႉ	I see
ၵဝ်ဝူၼ်ႉဝႃႈ	I think
ႁဝ်းႁူႉပွင်ႇ	I understand
ၵဝ်ၶႂ်ႈလႆႈ	I want
ႁဝ်းၶႂ်ႈထူပ်းသူ	I want to see you
ႁဝ်းၶႂ်ႈလႆႈ	I want you
ႁဝ်းပဵၼ်မႃး	I was
ႁဝ်းတေ	I will
ႁဝ်းၶႂ်ႈပဵၼ်	I would be
ႁဝ်းပဵၼ်	I'm
ႁဝ်းယူႇလီယူႇ	I'm fine
ႁဝ်းယူႇလီယူႇ	I'm good
ႁဝ်းမီးၼႆႈ	I'm here
ၶႂၢင်းပၼ်ႁဝ်းသေၵမ်း	I'm sorry
ၼမ်ႉၶႅင်	ice
ၼမ်ႉမူၺ်	ice cream
တၢင်းဝူၼ်ႉ	idea
တၢင်းဝူၼ်ႉ	ideal
ဢမ်ႇၸႂ်ႈတၢင်ႇဢၼ်	identical
မၵ်းမၼ်ႈ	identify
ၼေလၵ်းထၢၼ်	identity
ၵူၼ်းၵႅၵ်း	idiot
ဢမ်ႇလႆႈလွင်ႈ	idle
သင်ဝႃႈ	if
ပိုၼ်ႉပႅတ်ႈ	ignore
ၼၢဝ်	ill
သၢၼ်ၶတ်းလၵ်းမိူင်း	illegal
ၼၢဝ်	illness
ၶိူဝ်းဢီႇလူဝ်ႇၶႃႇလူဝ်ႇ	Ilocano
ပုင်ႇႁၢင်ႊ	image
ဝူၼ်ႉႁၼ်	imagine
ၵမ်းသိုဝ်ႈ	immediate
ၵမ်းလဵဝ်	immediately
ယႂ်ႇလူင်	immense
တဵၵ်းသႂ်ႇ	impact
တိူဝ်ႉသႂ်ႇႁႅင်း	impact
ၸႂ်ပွတ်း	impatient
ႁဵတ်းႁႂ်ႈယဝ်ႉ	implement
ၵုၼ်ႇသႂၢင်း	import
လၢၵ်ႇလၢႆး	import
လမ်ႇလွင်ႈ	important
မၵ်ႉမၼ်ႈတၢင်းၽိတ်း	impose
ဢမ်ႇပဵၼ်လႆႈ	impossible
လႆႈၸႂ်	impress
တၢင်းႁၼ်ထိုင်	impression
လီထၢင်ႇယႂ်ႇ	impressive
တိူဝ်းတွၼ်းၶိုၼ်ႈယႂ်ႇမႃး	improve
ႁုၼ်ႈမုၼ်း	improvement
တၢင်းၼႂ်း	in
သႂ်ႇထႅင်ႈ	in addition
ဝႃႈမႃးတေႉၵေႃႈ	In fact
တၢင်းၼႃႈ	in front of
ၶပ်ႉထၢမ်း	in order to
ဢမ်ႇလႅၵ်ႈသၢၵ်ႈ	inappropriate
ပၼ်ႁႅင်း	incentive
လၢႆးပဵၼ်	incident
ၶဝ်ႈပႃးဝႆႉ	include
ၶဝ်ႈပႃးဝႆႉ	including
ငိုၼ်းၶဝ်ႈ	income
သၢႆငၢႆဢမ်ႇၶႅမ်ႉ	inconvenience
တိူဝ်းၼမ်မႃး	increase
ၼမ်ၶိုၼ်ႈမႃး	increased
ၶိုၵ်ႉၶႅမ်ႉ	incredible
တီႈတႄႉမၼ်း	indeed
လွင်ႈလွတ်ႈလႅဝ်း	independent
မိူင်းဢိၼ်းယႂ်း	India
ယိူင်းၸူး	indicate
ပဵၼ်ၸၢဝ်းၶိူဝ်း	indigenous
လၢႆးၵေႃႉ	individual
ႁူင်းၸၢၵ်ႈ	industry
ဢၼ်ယၢမ်ႈပဵၼ်	inevitable
ဢေလႅင်	infant
ၸပ်းတၢင်းပဵၼ်	infection
မိုၼ်ႇမုင်ႊ	infinity
ၵႂ်ႊ	inflammation
ငိုၼ်းၵႂ်ႊ	inflation
ႁႅင်းပွင်ႊ	influence
ႁူမ်ႇမုင်း	influence
ပွင်ႇလႅင်း	inform
ၶေႃႈမုၼ်း	information
ၶဝ်ႈၶိုင်	ingredients
ပုတ်ႈၶူဝ်းပုတ်ႈ	inheritance
ဢၼ်တႄႇ	initial
ဢွၼ်ၼႃႈ	initiative
မၢတ်ႇၸဵပ်း	injured
သမ်းၶဵမ်	injury
ဢမ်ႇမီးတၢင်းၽိတ်း	innocent
လႅၵ်ႈလၢႆႊလၢႆးမႂ်ႇ	innovation
ၸွပ်ႇထၢမ်	inquiry
ၸႂ်ဢမ်ႇလီ	insane
မူင်ႈမႅင်း	insect
ႁၢမ်းလွင်ႈၵႅတ်ႈၵင်ႈ	insecure
မူင်ႈမႅင်း	insert
တၢင်းၼႂ်း	inside
ၺၢၼ်ႇႁၼ်ထိုင်လွၼ်ႉ	insight
တိုၵ်းသူၼ်းတေႉဝႃႈ	insist
တၢင်းပဵၼ် ၼွၼ်းဢမ်ႇလႆႈ	insomnia
ၶူင်ႉထူၺ်ႈၸႂ်	inspiration
ယူင်းသေႃႇ	inspire
သႂၢင်းသႂ်ႇ	install
ပိူင်ပဵၼ်	instance
တႃႉဢဝ် ၼႆႉတႅၼ်း	instant
ၽိူဝ်ႇတႃႉ	instead
တႃႉတိုဝ်း	instead of
ၶေႃႈပၼ်ဝႆႉ	instructions
ၶိူင်ႈႁႆႇတိုင်ႈ	instrument
လႃႇ	insult
ႁပ်ႉပဝ်ႊ	insurance
တိုၵ်ႉလီယူႇ	intact
သိုဝ်ႈယူဝ်း	integrity
ၺၢၼ်ႇပၺ်ႇၺႃႇ	intellectual
လႅတ်းၾၢႆ	intelligence
လႅတ်းၽၢႆ	intelligent
ယိူင်းဢၢၼ်း	intend
ယိူင်းၸူး	intended
ယႂ်ႇႁႅင်းၼႃႇ	intense
ပၵ်းၸႂ်	intention
သူၼ်ၸႂ်	interact
တုမ်ႉတွပ်ႇ	interaction
ၶဝ်ႈၸႂ်	interest
ၶဝ်ႈၸႂ်	interested
လွင်ႈလီသူၼ်ၸႂ်	interesting
ၶဝ်ႈၵၢင်	interfere
ၸၼ်ႉၵၢင်	intermediate
ၽၢႆႇတၢင်းၼႂ်း	internal
ၵဵဝ်ႇတင်းၵူႊမိူင်းမိူင်း	international
ၶၢဝ်းတၢင်းထိင်းသိမ်း	internship
ၵဵပ်းတီႈပွင်ႇ	interpret
ၵူၼ်းပိၼ်ႇၾၢၼ်ႊ	interpreter
ၶၢတ်ႇၵႃႇ	interrupt
သွပ်ႇၸၢမ်း	interview
ၸမ်ၸႂ်	intimate
ၶဝ်ႈၵႂႃႇ	into
သိုပ်ႇမိုတ်ႈ	introduce
ၶေႃႈၼၢမ်း	introduction
ယူႇပိၼ်ႉယူႇပႅတ်ႈ	introvert
ႁူႉဝႆႉႁင်းၵွၺ်း	intuition
ဢမ်ႇၶဝ်ႈၶႂၢင်ႇတြႃး	invalid
ၶူင်ႊသၢင်ႈ	invent
ၸလၢင်းၵုၼ်ႇ	inventory
ၽင်တိုၼ်းလၢင်း	invest
ၸွပ်ႇထၢမ်	investigate
ၽိတ်ႈႁပ်ႉဢဝ်	invitation
ၽိတ်ႈမွၵ်ႇ	invite
သဵၼ်ႈၶူဝ်းၵုၼ်ႇ	invoice
ႁဵတ်းသဵၼ်ႈ	invoice
ၶဝ်ႈပႃးၸွမ်း	involve
ၶဝ်ႈပႃးၸွမ်း	involved
တဵင်ႇသိူဝ်ႈၶူဝ်း	iron
လဵၵ်းၶၢင်	iron
ပဵၼ်	is
ၵုၼ်	island
ၸႅၵ်ႇဝႆႉ	isolated
ပိုၼ်ႊၽၢဝ်ႇ	issue
ပၼ်ႁႃ	issue
လွင်ႈတၢင်း	issues
ဢၼ်ၼၼ်ႉ	it
ၼၼ်ႉပဵၼ်	it is
ၼၼ်ႉပဵၼ်မႃး	it was
ၼၼ်ႉပဵၼ်	it's
ၶႅမ်ႉတေႉ	it's ok
ၶႅမ်ႉလႅပ်ႈလီ	It's okay
ၶူဝ်းၸႂ်ႉ	item
ၶူဝ်းၶွင်	items
ၶွင်မၼ်း	its
ၵဝ်ပဵၼ်	I’m
သိူဝ်ႈသွၼ်ႉ	jacket
ၶွၵ်ႈ	jail
လိူၼ်ၼိူင်ႈ	January
ၵွၵ်းၵႅဝ်ႈလူင်	jar
ၵွင်ႉၵၢင်း	jaw
သူၺ်ႈ	jealous
ၸၵ်ႉယုပ်း	jerk
ၶိူင်ႈႁွၺ်ႈၶိူင်ႈတိုဝ်း	jewelry
ၼႃႈၵၢၼ်	job
ဢွင်ၸွၵ်း	jogging
ၶဝ်ႈၸွမ်း	join
ၼိူဝ်ႉလုပ်ႇ	joint
ၵိူဝ်ႉလဵၼ်ႈ	joke
ၽူႈတႅမ်ႈလိၵ်ႈ ၸျႃႇၼႄႇ	journalist
ၶၢဝ်းတၢင်းယၢဝ်း	journey
ႁုၼ်ႉၼူဝ်	joy
ၽူႈထတ်းသိၼ်	judge
ထတ်းသိၼ်	judge
ၼမ်ႉဝၢၼ်	juice
လိူၼ်ၸဵတ်း	july
ဝႅၼ်	jump
လိူၼ်ႁူၵ်း	june
ၸေႈသႃ	junk
ၵူၺ်း	just
ႁဵတ်းၼႆႉၵွၺ်ႈလႃႈ	just do it
လွင်ႈၽဵင်ႇပဵင်း	justice
မၢၼ်ႇမႅၼ်ႈ	justify
ၶိူဝ်းၵူႃႇလႃႇလီႉသုတ်ႉ	Kalaallisut
ပႃးၸႂ်ပႃးၶေႃး	keen
ၵဵပ်းသိမ်း	keep
သိမ်းမၼ်းဝႆႉ	keep it up
ထိင်းဝႆႉ	kept
ငွၺ်း	kettle
ၵၢၵ်ႇသေႃး	key
ပိတ်ႉ	kick
လုၵ်ႈဢွၼ်ႇ	kid
ယဝ်ႉလဵၼ်ႈ	kidding
တပ်း	kidney
လုၵ်ႈဢွၼ်ႇ	kids
ႁႅမ်	kill
ၸႂ်လီ	kind
ၸိူဝ်ႉၶိူဝ်း	kind
တၢၼ်ႇတၢၼ်ႇ	kinda
ၸႂ်လီ	kindly
ၸႂ်လီ	kindness
ၶုၼ်ႁေႃၶမ်း	king
ၸုပ်ႇ	kiss
သိုင်ႇၾႆး	kitchen
လၢင်းယၢၼ်း	kite
ဢေမႅဝ်	kitten
ၶုပ်ႉၶဝ်ႇ	knee
ႁူဝ်ၶဝ်ႇ	knee
ႁူႉယဝ်ႉ	knew
မိတ်ႈ	knife
ၽူႈႁတ်းႁၢၼ်	knight
ႁူႉ	know
တၢင်းႁူႉ	knowledge
ႁူႉယဝ်ႉ	known
ၶူဝ်းၶွၼ်ႇၶႃႇၼီႇ	Konkani
ၶိူဝ်းၶရီႇဢူဝ်	Krio
မိၵ်ႈယႃႈယႃ	label
ၼေၸိုဝ်ႈတွၼ်ႊ	label
ႁွင်ႈပၢႆးသၢႆႊ	labor
ၵၢၼ်ၵႅမ်း	labour
ႁၢမ်း	lack
ၶူဝ်လႆ	ladder
သၢဝ်	lady
သိူဝ်ႇ	laid
ၼွင်	lake
ဢေၸဵၼ်ႊ	lamb
ၶႃႁၵ်း	lame
ဢေတူဝ်း	lamp
ၼိူဝ်လိၼ်	land
လိၼ်	land
လႅၼ်ႊမုင်ႈတၢင်းၼွၼ်း	landscape
လႅၼ်ႊမုင်ႈ	landscape
လိၵ်ႈလၢႆးၵႂၢမ်းလၢတ်ႈ	language
ၶႃလူင်	lap
လူင်	large
လိုၼ်းသုတ်း	last
ၵမ်းလိုၼ်း ၵူၺ်းၵႃႊ ဢမ်ႇၸႂ်ႈတီႈဢေႇသုတ်း	last but not least
ၸိုဝ်ႈတၢင်းလင်	last name
တူၵ်းလိုၼ်း	late
တူၵ်းလိုၼ်း	lately
ဝၢႆးလိုၼ်း	later
ၵမ်းလိုၼ်း	latest
ဝၢႆးလိုၼ်း	latter
ၶူဝ်	laugh
ၶူဝ်	laughing
ၵူၼ်းၶူဝ်	laughter
တႄႇႁဵတ်းၼႃႈၵၢၼ်	launch
တီႈသၵ်းၶူဝ်း	laundry
ပၵ်းပိူင်	law
ပၢင်ႇယိူဝ်ႈ	lawn
ၽူႈတၢင်လၢတ်ႈ	lawyer
လူမ်ႉ	lay
ထၢပ်ႈ	layer
ထၢပ်ႈ	layout
ၶၢၼ်ႉ	lazy
ဢွၼ်ႁူဝ်	lead
ၽူႈဢွၼ်ႁူဝ်	leader
မႂ်ႊမႆႉ	leaf
ၸိုမ်းဢွၵ်ႇ	leak
ၶွၼ်း	lean
ဢွင်	leap
ႁဵၼ်း	learn
ႁဵၼ်းသွၼ်	learning
လိၵ်ႈၶၢၼ်ႈၼင်လိၼ်	lease
တီႈဢေႇသုတ်း	least
ၼင်	leather
မႂ်ႊမႆႉ	leave
ဢွၵ်ႇၵႂႃႇ	leaves
ဢွၼ်ႁူဝ်	led
ၽၢႆႇသၢႆႉ	left
တိၼ်	leg
ၶူဝ်းပုတ်ႈ	legacy
ၶဝ်ႈၶႂၢင်ႇတြႃး	legal
ဢႃႊသိူၵ်ႈ	legend
ၶဝ်ႈတၢင်းၵၢၼ်	legit
လိုဝ်ႈႁိူဝ်ႉ	leisure
ၵူႈ	lend
တၢင်းယၢဝ်း	length
ဢေႇ	less
ၶၢဝ်းသွၼ်လိၵ်ႈ	lesson
တွၼ်ႊသွၼ်	lesson
ဢွၼ်ၵၼ်	let
လိၵ်ႈထွင်	letter
တူဝ်မႄႈလိၵ်ႈ	letter
ၽၵ်းသလၢပ်ႈ	lettuce
ၸၼ်ႉ	level
ၺိပ်ၶၢႆႉ	leverage
မီးဝႆႉပုၼ်ႈၽွၼ်း	liability
ႁူင်းလၢႆး	library
လေး	lick
ပႅတ်ႉလႅၼ်	lie
လွင်ႈလႅၼ်	lie
ပႅတ်ႉလႅၼ်	lies
ၸၢတ်ႈပၢၼ်	life
ၸၢၵ်ႈတိဝ်ႈၶိုၼ်ႈ	lift
ယွင်ႈ	lift
သၢႆလႅင်း	light
မဝ်ႊ	light
ၸပ်းၾႆး	light
ၾႃႉမႅပ်ႈ	lightning
လႆႈၸႂ်	like
မိူၼ်ႁၢင်ႊ	likely
မိူၼ်ၼႆ	likewise
သၢႆ	line
ၶိူဝ်းလိင်ႇၵႃႇလႃႇ	Lingala
ၵဵဝ်ႇၵွင်ႉ	link
သၢင်ႇသီႈ	lion
ၼမ်ႉလႅဝ်ႊ	liquid
သႅၼ်ႈ	list
ထွမ်ႇ	listen
ထွမ်ႇယူႇ	listening
သိုဝ်ႈသိုဝ်ႈ	literally
ပၢႆးလိၵ်ႈလူင်	literature
ဢိတ်းဢွတ်း	litter
ဢၼ်ဢေႇ	little
ယူႇသဝ်း	live
သၢႆၸႂ်	live
တပ်း	liver
ယူႇ	lives
ယူႇသဝ်း	living
ႁွင်ႈႁပ်ႉၶႅၵ်ႇ	living room
ဢၢင်ႇၶၢင်	lizard
ၶွၼ်ႇ	load
ၶဝ်ႈမုၼ်းမူင်ႊ	loaf
ငိုၼ်းၶီႈ	loan
ပိုၼ်ႉတီႈ	local
တီႈယူႇ	location
ၵၢၵ်ႇသေႃး	lock
ဢိုတ်းတၢင်းၶဝ်ႈဢွၵ်ႇ	lockdown
တုမ်မႆႉ	log
ႁႁႁ	lol
ၵေႃႉလဵဝ်	lonely
ယၢဝ်း	long
ဢမ်ႇလႆႈႁၼ်ၵၼ် ႁိုင်ယဝ်ႉ	long time no see
တူၺ်း	look
တူင်ႇ	loop
လူမ်	loose
ၾႃႉၸဝ်ႈ	lord
သုမ်း	lose
သုမ်း	loss
သုမ်း	lost
ၼမ်	lot
သဵင်ႁႅင်း	loud
ၶၢၼ်ႉဢိူၼ်လိူၼ်	lounge
တၢင်းႁၵ်ႉ	love
ႁၵ်ႉသူ	love you
လီႁၵ်ႉ	lovely
တီႈတႂ်ႈ	low
တႅမ်ႇတိူဝ်း	lower
ၶုၼ်	loyal
ဢၼ်မီးသတ်ႉၸႃႇ	loyalty
သုၼ်ႇ	luck
သုၼ်ႇလီ	lucky
ၶိူဝ်းလူႇၵၢတ်ႇတႃႇ	Luganda
တိူၵ်ႈၶူဝ်း	luggage
ပဵၼ်ၵွၼ်ႈ	lump
ၶဝ်ႈၼႂ်	lunch
ပွတ်ႇ	lungs
ၸေးၸိမ်ႇ	luxury
ပႅတ်ႉလႅၼ်	lying
ၸၢၵ်ႈ	machine
ယွင်ႇ	mad
မႄႈသၢဝ်	madam
ႁဵတ်းဝႆႉ	made
ပပ်ႉမႅၵ်ႉၵၸိၼ်း	magazine
ၶိုၵ်ႉၶႅမ်ႉ	magnificent
လုၵ်ႈၸၢင်ႈ	maid
ပိူင်ယႂ်ႇ	main
ထိင်းသိမ်း	maintain
လူလွမ်ပႂ်ႉပႃး	maintenance
ၶိူဝ်းမၢႆႇတီႇလီႇ	Maithili
ဢၼ်လမ်ႇလွင်ႈ	major
ၵူၼ်းႁဵၼ်းပၢႆးပိူင်လူင်	major
ဢၼ်ၶိုၵ်ႉတွၼ်း	majority
ႁဵတ်းသၢင်ႈ	make
ႁၢင်ႈၶိူင်ႈ	make up
တူဝ်ၽူႈ	male
ၵၢတ်ႇလူင်	mall
ၽူႈၸၢႆး	man
ၸတ်းပွင်	manage
ၸတ်းပွင်	management
ၽူႈပွင်ၵၢၼ်	manager
ၶေႃႈပူင်	mandatory
ၸႅင်ႈလႅင်းလီ	manifest
ၵမ်ၸိူၵ်ႈဝႆႉလႆႈလီ	manipulate
ၽိင်ႈယၢမ်ႈ	manner
လၢႆးမိုဝ်း	manual
လၢႆလၢႆဢၼ်	many
ဝၼ်းသိူဝ်းၸႂ်တေႉတေႉဝႃႈဝႃႈ	many many happy returns of the day
ပၢင်ၶႄႉၶဵင်ႇ	march
မႆႁွၺ်းၶွၵ်း	margin
ၵၢတ်ႇ	market
ႁဵတ်းၶႅၵ်ႇ	marriage
သွၼ်ႉမိင်ႈ	married
ၵၢပ်ႇၼႃႈ	mask
တၢင်းၼၵ်း	mass
ၼၵ်းႁႅင်း	massive
သြႃႇလူင်	master
ပၢင်ၶႄႉသဵင်ႇ	match
ၵိုၵ်းသဵင်ႇ	match
ၽူႈၸွၺ်ႈ	mate
ၵေႃႉၵူႈ	mate
ၶူဝ်းၸႂ်ႉ	material
ပၢႆးၼပ်ႉ	math
လွင်ႈတၢင်း	matter
လမ်ႇလွင်ႈလၢၵ်ႇလၢႆး	matter
ၵေႃႉယႂ်ႇယဝ်ႉ	maturity
တႃႉႁဵတ်းၼႆ	may
ထုၵ်ႇလီ	may
ယူဝ်ၶေး	maybe
ႁဝ်း	me
မိူၼ်ၵၼ်	me too
တႃႇၶဝ်ႈ	meal
ပွင်ႇဝႃႈ	mean
တီႈပွင်ႇ	meaning
ပွင်ႇဝႃႈ	means
ပွင်ႇဝႃႈ	meant
ၼႂ်းဝူင်ႈဝၢင်ႈ	meanwhile
တႅၵ်ႈ	measure
တႅၵ်ႈ	measures
ၼိူဝ်ႉ	meat
ယႃႈယႃ	medical
ယႃႈယႃ	medicine
ၵႅင်ႉၵမ်ႊတြႃး	meditation
ပၢၼ်ၵၢင်	medium
ႁူပ်ႉထူပ်း	meet
ပၢင်ၵုမ်	meeting
ၶိူဝ်းမေႇထေးလွၼ်ႇ	Meiteilon
ၶႃႇ	melt
တီႈမၢႆတွင်း	memories
မၢႆတွင်း	memory
ၵဵဝ်ႇတင်းၸႂ်	mental
ၸီႉၸူး	mention
ႁွင်ႉၸူး	mentioned
ၽူႈထႅမ်တူၺ်း	mentor
ၵူၼ်းၵႃႉ	merchant
ဢဵတ်းလူ	mercy
တေႃႉတႄႉ	merely
ႁူမ်ၸူမ်း ပၢင်ပွၺ်း ၶရိတ်ႉ	merry christmas
ႁၢႆႉၸႃႉ	mess
လိၵ်ႈပွတ်း	message
သုၵ်ႉသၢၵ်ႈ	messy
ၶူဝ်းႁႄႊ	metal
လွၵ်းလၢႆး	method
ၼူ	mice
ၼႂ်းၵၢင်	middle
ၶိုၼ်းတဵင်ႈ	midnight
ထုၵ်ႇလီ	might
ဢူၼ်ႈ	mild
လၵ်းမၢႆ တဵမ်လၵ်း	milestone
တပ်ႉသိုၵ်း	military
ၼမ်ႉၼူမ်း	milk
ၼိူင်ႈလၢၼ်ႉ	million
ၸႂ်	mind
ပၢႆးၸႂ်ႊ	mindset
ႁင်းၵဝ်	mine
မၢၵ်ႇ	mine
ၶူၼ်းလေႃး	mingle
လဵၵ်ႉ	minor
မဵတ်ႉ	minute
မဵတ်ႉ	minutes
ပိူင်ပဵၼ်ဢၢမ်းဢေႃး	miracle
မၢၼ်ႇၸမ်ႈ	mirror
ၵူႊလွင်ႈလွင်ႈ	miscellaneous
ယႃႉၽွၼ်း	mischievous
ၸႂ်တုၵ်ႉ	miserable
ၸႂ်တုၵ်ႉတေႉ	misery
ၸႂ်ထိုင်	miss
တူၵ်းႁၢႆ	miss
ၶုၼ်ယိင်း	miss
ၸႂ်ထိုင်သူ	miss you
ႁၢႆဝႆႉ	missing
တႃႈယိူင်း	mission
သႅင်ၶဝ်ႉ	mist
တၢင်းၽိတ်း	mistake
ၶိူဝ်းမီႇသူဝ်ႇ	Mizo
မိုဝ်းထိုဝ်	mobile
မုၼ်ႈၸဝ်ႈ	mock
ပဵၼ်လၵ်းၸဵင်	model
ထိင်းပၼ်	moderate
ၵၢပ်ႈမႂ်ႇ	modern
မီးတၢၼ်ႇတၢၼ်ႇ	modest
ယိုၵ်းယမ်း	moist
ယိုၵ်း	moisture
တႅမ်ႈပိူင်ႁၢင်ႊ	mold
ထၢင်ႇ	mold
ၾႆ	mole
မႄႈမွၵ်ႇယႃႈ	mom
ၸူဝ်ႊၵႅပ်ႉ	moment
ဝၼ်းၸၼ်	monday
ငိုၼ်း	money
ႁူဝ်ၼႃႈလုၵ်ႈႁဵၼ်း	monitor
လိင်း	monkey
သူပ်း	month
ၼမ်ႉၸႂ်	mood
ၸႂ်လႅၵ်ႈငၢႆႈ	moody
လိူၼ်	moon
တၢင်းၵႅင်ႉၵမ်ႊ	moral
ၼမ်လိူဝ်သေ	more
ထႅင်ႈတၢင်းၼိူင်ႈ	moreover
ႁူဝ်ၼႂ်	morning
လိၵ်ႈၵမ်ႉ	mortgage
ၵမ်ႈၼမ်	most
ၵမ်ႉၼမ်	mostly
မႄႈမႄႈ	mother
ၶၢႆႉတူင်ႉ	motion
ႁႅင်းၸႂ်	motivation
ႁၢဝ်းလွၺ်	mountain
ၼူ	mouse
သူပ်း	mouth
ၶၢႆႉ	move
ၶၢႆႉတူင်ႉ	movement
ၸိူင်း	movie
မႄႈသၢဝ်	mrs
ၼမ်	much
ဢုင်	mud
ၵွၵ်းလူင်	mug
ၾူတ်ႇဢဵၼ်မႃႇ	muscle
ႁွင်ႈၼေၶူဝ်းၶွင်ၵဝ်ႇ	museum
ႁဵပ်း	mushroom
ၽဵင်း	music
လူဝ်ႇ	must
တိုၼ်း	must
ဢိုတ်းသဵင်	mute
တင်းသွင်ပႃႈသွင်ၽၢႆႇ	mutual
ၶွင်ၵဝ်	my
ႁၵ်ႉၵဝ်ဢိူၺ်း	My dear
တႆးၵေႃႉၵဝ်	my friend
ၼႂ်းႁိူဝ်းႁဝ်း တဵမ်ဝႆႉ ပႃႇယဵၼ်ႇဢိူဝ်ႈ	My hovercraft is full of eels
တၢင်းႁၵ်ႉႁဝ်း	my love
ၸိုဝ်ႈႁဝ်းႁွင်ႉ	my name is
ပဵၼ်ၼမ်ႉၸႂ်ၵဝ်ယဝ်ႉ	my pleasure
တူဝ်ၵဝ်ၵွၺ်း	myself
မီးလွင်ႈသိူင်ႇလပ်ႉ	mysterious
လပ်းသိူင်ႇဝႆႉ	mystery
ဢသိူၵ်ႈ	myth
မၢတ်ႇလဵၵ်ႉၼႃး	nail
ႁၢမ်းတူဝ်ထူပ်း	naive
ၸိုဝ်ႈ	name
ၸိူင်း	narrative
ၵႅပ်ႈ	narrow
လိူင်း	nasty
ၸၢဝ်းၶိူဝ်း	national
ၸၢဝ်းၶိူဝ်း	nationality
ၵူၼ်းၵိုၵ်းမိူင်း	native
ၾိင်ႈတိုၼ်း	natural
ၾိင်ႈတိုၼ်း	nature
ဢိုတ်ႇဢၢတ်ႇ	nausea
ၸမ်	near
ၸမ်ၸမ်	nearby
ၸမ်ၸမ်	nearly
သႅၼ်ႈသႂ်	neat
ဢၼ်လူဝ်ႇမီးလူဝ်ႇပဵၼ်	necessary
ၶေႃး	neck
သၢႆၶေႃး	necklace
တၢင်းလူဝ်ႇ	need
လွင်ႈၸႃႉ	negative
ဝႆႉမဝ်မၢင်	neglect
ၺီႉလႆႈ	negotiate
ႁိမ်းႁိူၼ်း	neighbor
ႁိမ်းႁိူၼ်း	neighborhood
ဢမ်ႇၸႂ်ႈသေဢၼ်	neither
လၢၼ်ယိင်း	nephew
ၸလိူဝ်ႈၸလႃႈ	nerd
ၸႂ်သၼ်ႇ	nervous
ႁင်းၼူၵ်ႉ	nest
ယႅင်ႉ	net
ၼႅင်ႊ	network
ၵူၼ်းၶဵဝ်	neutral
ဢမ်ႇမီးသေပွၵ်ႈ	never
ဢမ်ႇတွၼ်ႉယွၼ်းသုမ်း	never give up
ယႃႇဝႆႉၸႂ်	never mind
ဢမ်ႇပဵၼ်သင်	nevermind
ၵေႃႈလၢႆး	nevertheless
မႂ်ႇ	new
ၶၢဝ်ႇ	news
ထႅင်ႈဢၼ်ၼိူင်ႈ	next
ႁိမ်းၼႆႉ	next to
ၶႅမ်ႉ	nice
ငိၼ်းၸူမ်းလႆႈႁူပ်ႉထူပ်းသူၶႃႈ	nice to meet you
လၢၼ်	niece
ၵၢင်ၶမ်ႈ	night
ၶိူဝ်ႈၵိၼ်	nightmare
ၵဝ်ႈ	nine
သိပ်းၵဝ်ႈ	nineteen
ၵဝ်ႈသိပ်း	ninety
ဢမ်ႇ	No
ဢမ်ႇပဵၼ်သင်	no problem
ဢမ်ႇမီးတၢင်း	no way
ဢမ်ႇမီးၽႂ်	nobody
မေႃး	noise
မေႃးပၼ်း	noisy
ဢမ်ႇမီးသင်	none
ဝၼ်းတဵင်ႈ	noon
ဢမ်ႇၸႂ်ႈ	nope
ၼႆႉၵေႃႈဢမ်ႇ	nor
တၢၼ်ႇတၢၼ်ႇ	normal
ၽၢႆႇႁွင်ႇ	north
ၶူႈလင်ႊ	nose
ၸႂ်ထိုင်ဝၼ်းလင်	nostalgic
ဢမ်ႇ	not
ဢမ်ႇၸႂ်ႈတင်းမူတ်း	not at all
ဢမ်ႇႁၢင်ႊႁၢႆႉ	not bad
ဢမ်ႇၸႂ်ႈတေႃႈလဵဝ်	Not now
ဢမ်ႇပႆႇ	not yet
မၢႆတွင်း	note
တီႈတွင်း	noted
ဢမ်ႇမီးသင်	nothing
ၽၢင်ႉမႅၼ်ႈ	notice
မၢႆဝႆႉ	noticed
ႁိၵ်ႈ	noun
ႁိၵ်ႈ	nouns
သၢင်း	novel
လိူၼ်သိပ်းဢဵတ်း	november
မိူဝ်ႈလဵဝ်	now
ၵၢပ်ႈပၢၼ်မိူဝ်ႈလဵဝ်	nowadays
ၸႂ်သုၵ်ႉသၢၵ်ႉ	nuisance
ဢမ်ႇၶဝ်ႈၶႂၢင်ႈတြႃး	null
ၼဵတ်း	numb
တူဝ်ၼပ်ႉ	number
မေႃယႃဢွၼ်ႇ	nurse
မဵတ်ႉထူဝ်ႇ	nut
မၢၵ်ႇတွၺ်ႇ	nutmeg
ထၢတ်ႈလဵင်ႉၸႂ်	nutrition
ၶၢမ်ႇၵိၼ်ႇ	oath
ပီးလူၼ်ႉ	obesity
ၸွမ်းၶေႃႈတီႈသင်ႇ	obey
ၶူဝ်းၶွင်	object
ထင်ႉ	objective
ႁူႉပုၼ်ႈၽွၼ်း	obligation
ဝဝ်းမွင်	obscure
ႁပ်ႉထွမ်ႇတုင်းဢဝ်	observation
လဵပ်ႈႁဵၼ်း	observe
မႆႈၸႂ်	obsessed
ၸႂ်ၸပ်း	obsession
ဢမ်ႇမီးၵၢပ်ႈမၼ်း	obsolete
လွင်ႈႁၢမ်ႈသီး	obstacle
ၶဝ်ႈပႃး	obtain
လႆႈမႃး	obtained
ႁူႉလႆႈငၢႆႈ	obvious
ဢၼ်ႁူႉငၢႆႈ	obviously
မၢင်ႊပွၵ်ႈမၢင်ႊလႂ်	occasionally
ၼႃႈၵၢၼ်	occupation
ႁုပ်ႈသိမ်းဢဝ်	occupation
ၶဝ်ႈယူႇထင်သဝ်း	occupation
ၼႃႈၵၢၼ်	occupied
ပဵၼ်မႃး	occur
ပေႃႇပဵၼ်မႃး	occurred
ပေႃႇပဵၼ်မႃး	occurs
ၼမ်ႉသမ်ႇမုၵ်ႉ	ocean
လိူၼ်သိပ်း	october
ဢၼ်လၢၵ်ႇလၢႆး	odd
ၸိၵ်ႉ	odds
ၶွင်	of
ၸိူင်ႉၼၼ်ယဝ်ႉ	of course
ႁပ်း	off
လူလၢႆ ႁဵတ်းတီႈ	offensive
ၶူဝ်းပၼ်	offer
ယိုၼ်ႈပၼ်	offer
ႁွင်ႈလုမ်း	office
ၸွမ်းတြႃး	official
ၵႆႉၵႆႉ	often
ဢူဝ်ႉႁူဝ်	Oh
ဢူဝ်ႉ ၸႂ်ႈႁႃႉ	oh really
ၼမ်ႉမၼ်း	oil
လႆႈယူႇ	ok
လီယဝ်ႉ ႁၵ်ႉဢိူၺ်း	ok dear
လီယဝ်ႉ ႁၵ်ႉဢိူၺ်း	ok honey
လီယဝ်ႉ ႁၵ်ႉဢိူၺ်း	ok my love
လႆႈယူႇ	okay
လီယဝ်ႉ ဢေႁဝ်း	okay baby
လီယဝ်ႉ ၵေႃႉႁၵ်ႉ	okay dear
လႆႈယူႇ ၵေႃႉႁၵ်ႉ	okay honey
ႁဝ်းလႆႈၸႂ်	okay my love
ဢၼ်ထဝ်ႈ	old
တၢင်းၼိူဝ်	on
ပွၵ်ႈလဵဝ်	once
ဢၼ်ၼိူင်ႈ	one
လိၵ်ႈလၢႆးၵႂၢမ်းလၢတ်ႈ ၼိူင်ႈဢၼ်ၼႆႉ ပႆႇၵုမ်ႇထူၼ်ႈ	one language is never enough
ၽၵ်းမူဝ်ႇ	onion
ၼိူဝ်ၼႅင်ႊ	online
ၼႆႉၵွၺ်း	only
ၽုၺ်ႇ	open
ၽႃႇတတ်း	operation
တၢင်းႁၼ်ထိုင်	opinion
တိုဝ်ႉတၢင်း	opportunities
တိုဝ်ႉတၢင်း	opportunity
တေႃႇၼႃႈ	opposite
ပိၼ်ႈၾူၼ်	opposite
ႁၼ်ၽၢႆႇလီ	optimistic
သုၼ်ႇလိူၵ်ႈတိုဝ်ႉတၢင်း	option
ဢမ်ႇလိူၵ်ႈသင်	optional
ဢမ်ႇၼၼ်	or
မၢၵ်ႇဝၢၼ်	orange
သီလိူင်မၢၵ်ႇၸွၵ်း	orange
သင်ႇ	order
မၢႆၶပ်ႉ	order
လၢႆးၽဵၼ်ႈ	ordinary
မူႇၸုမ်း	organization
ၶူၼ်ႉၶႆႈ	orientation
ငဝ်ႈတိုၼ်း	origin
ငဝ်ႈတိုၼ်း	original
ၶိူဝ်းဢူဝ်ႇရူဝ်ႇမူဝ်ႇ	Oromo
လုၵ်ႈဢွၼ်ႇၽၢၼ်ပေႃႈမႄႈ	orphan
တၢင်ႇဢၼ်	other
ထႅင်ႈတၢင်းၼိူင်ႈ	otherwise
ၶေးပဵၼ်	ought
ၶူဝ်းၶွင်ၸိူဝ်းႁဝ်း	our
ပဝ်ႉမၢႆႁဝ်း - တႃႇႁဵတ်းႁႂ်ႈ ၵူၼ်းၵူႊၵေႃႉ၊ ၵူႊတီႈ ႁူႉႁၼ်သေ မွၵ်ႇၼႆတေႃႇ ၽႃႇသႃႇၼႂ်းလူၵ်ႈ ႁႂ်ႈပွင်ႇၸႂ်။	Our mission: to enable everyone, everywhere to understand the world and express themselves across languages.
ပဝ်ႉမၢႆႁဝ်း - တေၸတ်းပွင်ႊ ႁႂ်ႈၶေႃႈမုၼ်းလုမ်ႈၾႃႉသေ ႁဵတ်းႁႂ်ႈမၼ်း ပၼ်ၽွၼ်းလီ ၶဝ်ႈတၢင်းတိုဝ်းၼၼ်ႉ။	Our mission: to organize the world's information and make it universally accessible and useful.
ဢွၵ်ႇၵႂႃႇ	out
ငိုၼ်းဢွၵ်ႇ	outcome
ၶူဝ်းၶွင်ဢၼ်လူဝ်ႇ	outfit
ပွင်ႇၸႂ်	outgoing
ႁူးဢွၵ်ႇ	outlet
ႁွၺ်းၶွပ်ႇ	outline
ၽၢႆႇၼွၵ်ႈ	outside
ပွင်ႇၸႂ်	outstanding
မေႃႈတင်ႈ	oven
ပူၼ်ႉလိူဝ်	over
မီးၼၼ်ႉၵွၺ်း	over there
ႁုပ်ႈတုမ်	overall
ၶၢမ်ႈပူၼ်ႉ	overcome
ဝူၼ်ႉပူၼ်ႉ	overthinking
ႁူမ်ႇငမ်း	overwhelmed
ႁူမ်ႇငမ်း	overwhelming
ထုၵ်ႇၼီႈ	owe
ၵဝ်ႉ	owl
ပိူင်ႇဝႆႉ	own
ၸဝ်ႈၶွင်	owner
ဝူဝ်းငၢၼ်	ox
ႁိဝ်ႈၸင်ႊ	pace
ႁေႃႇ	pack
တိင်ၶွင်ႉ	package
ၸၢႆႇ	paid
လွင်ႈၸဵပ်းသႅပ်ႇ	pain
ယွမ်ႉ	paint
ယွမ်ႉသီ	painting
ၵူပ်ႉ	pair
ၽိူၵ်ႇသလၢၵ်ႇ	pale
ထၢၼ်	palm
မေႃႈၶူဝ်ႈ	pan
တၢင်းပဵၼ်ႁႃ	pandemic
တိုၼ်ႇသၢၼ်ႈ	panic
ၵူၼ်ၵႁၢတ်ႈ	pants
ၸေႈ	paper
မိူင်းၽီ	paradise
သိုဝ်ႈပဵင်းၵၼ်	parallel
ၸွၵ်း	parcel
ယွၼ်းသၢႆၸႂ်	pardon
ပေႃႈမႄႈ	parents
သူၼ်မွၵ်ႇ	park
ၼူၵ်ႉၶဵဝ်	parrot
ၽၵ်းၵီး	parsley
တွၼ်ႊ	part
ၶဝ်ႈႁူမ်ႈၸွမ်း	participate
လၢႆးၵေႃႉ	particular
ၵမ်ႉၼမ်	particularly
ၵေႃႉသေႈ	partner
ပၢင်ပွၺ်း	party
ပူၼ်ႉ	pass
မူတ်း	passage
လတ်းပူၼ်ႉ	passed
ႁၵ်ႉႁႅင်း	passion
ႁၵ်ႉႁႅင်း	passionate
ဢမ်ႇတူင်ႉဢမ်ႇၼိုင်	passive
မၢႆလပ်ႉ	password
ပူၼ်ႉယဝ်ႉ	past
ဢၼ်ၽုင်	patch
ၽူႈႁႃၼႃႈလိၼ်မႂ်ႇ	path
လီဢီးလူ	pathetic
ၸႂ်ယၢမ်း	patience
ၵူၼ်းပဵၼ်	patient
ႁၢင်ႊၽၢင်	pattern
ၵိုတ်းဝႆႉ	pause
တၢင်းၵူၼ်းပႆ	pavement
ၸၢႆႇ	pay
လၢႆးၸၢႆႇငိုၼ်း	payment
ငမ်းယဵၼ်	peace
ၵတ်းယဵၼ်	peaceful
မၢၵ်ႇမူၼ်ႇ	peach
ႁွတ်ႈၸိၵ်းႁွတ်ႈယွတ်ႈ	peak
မၢၵ်ႇၵေႃႈ	pear
ထူဝ်ႇၶၢမ်း	peas
ဢမ်ႇလႆႈၸႂ်	peculiar
ယဵဝ်ႈ	pee
ပွၵ်ႇပိူၵ်ႇ	peel
ၵေႃႉသေႈ ပဵင်းၵၼ်	peer
ၵေႃႉသေႈ	peers
ၵမ်တႅမ်ႈ	pen
ၵမ်ႈႁႅင်ႈ	pencil
တိုၵ်ႉၵိုတ်းဝႆႉ	pending
ၵူၼ်း	people
မၢၵ်ႇၽိတ်းပွမ်ႈ	pepper
လဵပ်ႈႁဵၼ်းမႅၼ်ႈ	perceive
ႁူႉပွင်ႇႁၼ်လႅင်း	perception
တဵမ်ထူၼ်ႈ	perfect
ႁဵတ်းသၢင်ႈ	perform
လဝ်ႇမူၼ်ႊၸႂ်	performance
ယူဝ်ၶေး	perhaps
ၶၢဝ်းၼႆႉ	period
ဢမ်ႇမၼ်ႈၵိုမ်း	permanent
ၶေႃႈပၼ်ၶႂၢင်ႉ	permission
ယွၼ်းၶႂၢင်ႉ	permit
ၸႂ်ဢိုၼ်ႇ	perseverance
တိုၼ်းမီးဝႆႉ	persistent
သုၼ်ႇၵူၼ်း	person
သုၼ်ႇတူဝ််	personal
သုၼ်ႇတူဝ်	personality
ၸဵင်ႇႁၼ်	perspective
ႁႂ်ႈပိူၼ်ႈယုမ်ႇ	persuade
ႁႂ်ႈထိုင်တၢင်းၽိတ်း	pervert
သတ်းႁိူၼ်း	pet
ႁဵတ်းၵမ်းၶၵ်ႉၶၵ်ႉ	phase
ပွင်ႇဝႃႈ	phenomenon
ပၢႆးဝူၼ်ႉၶပ်ႉ	philosophy
မိုဝ်းထိုဝ်	phone
ၶႅပ်းႁၢင်ႊ	photo
ၶေႃႈၵႂၢမ်း	phrase
တွၼ်ႊတူဝ်ၶိင်း	physical
ၵဵပ်း	pick
ၵဵပ်းၶိုၼ်ႈမႃး	pick up
ၶႅပ်းႁၢင်ႊ	picture
ဢိတ်းဢွတ်း	piece
ပိတ်းပွတ်း	pieces
မူ	pig
ၵႃဢိုဝ်ႈ	pigeon
လွတ်ႇၼမ်ႉ	pile
မွၼ်ႁူဝ်	pillow
ၵူၼ်းႁေႃႈႁိူဝ်းဝိၼ်	pilot
သႂ်ႇၶဵမ်	pin
မၢၵ်ႇႁႃလၢတ်ႈ	pineapple
သီၶွင်	pink
လွတ်ႈဢဝ်ၵုၵ်ႉ	pit
ႁဵတ်းသုမ်ႉ	pitch
ဢီးလူ	pity
ဢွင်ႈတီႈ	place
ဝၢင်း	place
ဢွင်ႈတီႈ	places
တၢင်းပဵၼ်ႁႃႊ	plague
ၽဵၼ်ႈၽဵၼ်ႈ	plain
ၽႅၼ်ၵၢၼ်	plan
ႁိူဝ်းဝိၼ်	plane
တူၼ်ႈ	plant
တူၼ်ႈ	plants
ဢၢင်ႇၽေ	plate
တၢင်းၵူၼ်းပၼ်	platform
လဵၼ်ႈ	play
ၼႄၸိူင်း	play
လဵၼ်ႈ	playing
ၸဝ်ႈၼႃး	pleasant
ၶႅၼ်းတေႃႈ	please
ၶႅၼ်းတေႃႈ	pleased
မူၼ်ႊသိူဝ်း	pleasure
ၵႂၢမ်းမၼ်ႈ	pledge
ၼမ်ၼမ်	plenty
လွၵ်းၸိူင်း	plot
ၽၢင်သဵပ်ႇၾႆး	plug
မၢၵ်ႇမၼ်ႉ	plum
ၵူၼ်းမႄးၼမ်ႉ	plumber
မၢႆၼပ်ႉၼမ်	plural
ပွၺ်ႇသဵင်	podcast
ဝွၵ်း	poem
လၢင်ႇၵႃႇ	poetry
ၸီႉ	point
ငူၼ်ႉ	poison
ႁၢၼ်	police
ၵၢၼ်မိူင်း	policy
ယဵၼ်ႇငႄႈ	polite
ႁင်ႈဝူၺ်ႇ	pollution
ၼွင်ဢွၼ်ႇ	pond
ၼွင်	pool
ၶီႈ	poop
ၽၢၼ်	poor
ၵႂၢမ်းပွပ်ႉ	pop
ၸိုဝ်ႈလိုဝ်းလင်ႊ	popular
ႁူဝ်ၼပ်ႉၵူၼ်းမိူင်း	population
ၼိူဝ်ႉမူ	pork
ၶဝ်ႈတူမ်ႈ	porridge
လဝ်ႈမၢၵ်ႇလႅင်	port
ဢွင်ႈတီႈ	position
လီ	positive
ပိူင်ႇ	possess
ၶူဝ်းပိူင်ႇ	possession
ပိူင်ႇဝႆႉ	possessive
ပဵၼ်လႆႈ	possible
သူင်ႇလိၵ်ႈ	post
ပုၼ်ႈၽွၼ်း	post
ၶၢႆႉလၢႆႊ	postpone
မၢၼ်းၶိူဝ်	potato
ၼိမ်ၼိမ်	potential
လုမ်းထိင်းမၢႆမီႈ သဵၼ်ႈတၢင်း	pound
ၽၢၼ်	poverty
ဢေႇ	poverty
ဢဵၼ်ႁႅင်း	power
မီးႁႅင်းပွင်ႊ	powerful
ၸၢမ်းတူၺ်း	practical
ၽိုၵ်းလႅၼ်ႇ	practice
တၢင်းၽိုၵ်း	practice
လုၵ်ႉယွင်ႈ	praise
ယဝ်ႉၵိူဝ်ႉ	prank
ၼမ်ႉယႃသိတ်ႇ	pray
ၵိုင်ႇၵႃႊၶၼ်	precious
ၸႅင်ႈလႅင်းတႅတ်ႈတေႃးလီ	precise
ၸႅင်ႈလႅင်းတႅတ်ႈတေႃးလီ	precisely
ႁေႃးဝႆႉ	predict
ၵဵၵ်ႉ	prefer
ပၼ်ပူၺ်	preference
မၢၼ်း	pregnant
ၸွမ်းပႃႈၸွမ်းၽၢႆႇ	prejudice
ပၼ်လွင်ႈတၢင်း	premises
ပွတ်းၶိုၵ်ႉတွၼ်း	premium
လႃႊႁႅၼ်း	preparation
ႁၢင်ႈႁႅင်း	prepare
လႃႊႁႅၼ်း	prepared
ႁဵင်း	preposition
ၵၢပ်ႈယၢမ်းလဵဝ်	presence
ၶွင်ၽၢၵ်ႇ	present
ယၢမ်းတေႃႈလဵဝ်	present
တၢင်ႇလၢတ်ႈ	presentation
ထိင်းသိမ်းၼင်ႇပိူင်ၵဝ်ႇ	preserve
လူင်ပွင်ႊၸိုဝ်ႈ	president
ၸၢၵ်ႈဢိတ်ႇလိၵ်ႈ	press
တဵၵ်း	press
ႁႅင်းတဵၵ်း	pressure
ၵျႃး	pretend
ႁၢင်ႊလီ	pretty
ၵႅတ်ႇၶႄဝႆႉ	prevent
ႁူၼ်ၶိုၼ်း	previous
တူဝ်သတ်းထိူၼ်ႇ	prey
ၵႃႊၶၼ်	price
ဢဝ်ၵုင်ႇ	pride
ၵျွင်းၾႃႉၸဝ်ႈယေႇသူႉ	priest
ငဝ်ႈ	primary
လမ်ႇလွင်ႈ	prime
ၸဝ်ႈယိင်း	princess
ပိူင်ႈယႂ်ႇ	principal
လူဝ်ႇဝႆး	prior
မိူဝ်ႈၼၼ်ႉ	prior
ပၼ်ပူၺ်	priority
ၶွၵ်ႈ	prison
သုၼ်ႇတူဝ်	privacy
သုၼ်ႇတူဝ်	private
သုၼ်ႇၶိုၵ်ႉတွၼ်း	privilege
သူး	prize
ဢၼ်ၵိုင်ႇလီပဵၼ်၊ ဢၼ်ပဵၼ်လႆႈ	probably
ပၼ်ႁႃ	problem
လၢႆးတၢင်း	procedure
ဢုပ်ႇၵုမ်	proceed
ၶပ်းၶိုင်ႁဵတ်းသၢင်ႈ	process
လွင်ႈတၢင်း	process
ႁဵတ်းဢွၵ်ႇ	produce
ၵုၼ်း	product
ၶူဝ်းၵုၼ်ႇ	product
ထုၵ်ႈဢွၵ်ႇ	product
ႁဵတ်းဢွၵ်ႇ	production
လူင်ႉလႅၼ်ႇ	profession
လူင်ႉလႅၼ်ႇ	professional
ၾၢင်ႁၢင်ႊ	profile
ၼမ်ႉတွၼ်း	profit
ပဵၼ်ယႂ်ႇပဵၼ်လူင်	profound
ထိုင်တီႈ	progress
ၼႃႈၵၢၼ်	project
လွင်ႈယႂ်ႇ	prominent
ၵႂၢမ်းမၼ်ႈ	promise
ပၼ်ၵႂၢမ်းမၼ်ႈ	promise
ပၼ်ႁႅင်း	promote
ပၼ်သူးတွၼ်ႈ	promotion
ယူင်းသေႃႇ	prompt
ၵႆႇပဵၼ်	prone
ႁိၵ်ႈတၢင်	pronouns
လၢႆးဢွၵ်ႇသဵင်	pronunciation
ၼေလၵ်းထၢၼ်	proof
တေႉတေႉဝႃႈဝႃႈ	proper
တေႉတေႉမီးမီး	properly
တၢင်းၵတ်ႉ	properties
လမ်ႉၵတ်ႉ	property
ၶေႃႈတၢင်ႇထိုင်	proposal
တၢင်းမုင်ႈမွင်း	prospect
တၢင်းမုင်ႈမွင်း	prosperity
မၢၵ်ႈမီးႁႅင်းၼႃႇ	prosperous
ၵႅတ်ႈၶႄ	protect
ၸူမ်းၸွမ်း	proud
ၼေလၵ်းထၢၼ်	prove
ၵမ်ႉထႅမ်	provide
ဝၢင်းၽႅၼ်	provided
ၸိုင်ႈမိူင်း	province
ၵမ်ႉထႅမ်	provision
ၵေႃႉယႂ်ႇမႃး	puberty
ၶွင်တင်းၼမ်	public
ၸၼ်	pull
ပၵ်ႉ	pumpkin
ၶၢဝ်းမၢၼ်ႇ	punctual
လုၵ်ႈၼွင်ႉ	pupil
သိုဝ်ႉ	purchase
သႅၼ်ႈ	pure
သီၵမ်ႇ	purple
ယိူင်းမၢႆ	purpose
ၵဵင်ႈသႂ်	purse
ၸွမ်းမႃး	pursue
လမ်းႁႂ်ႈၶိုတ်း	pursuit
တဝ်ႉ	push
သႂ်ႇ	put
လမ်ႉၵတ်ႉ	qualification
ၼမ်ႉလီ	quality
တၢင်းၼမ်	quantity
ပၢင်လိုဝ်ႈႁေႉတၢင်းပဵၼ်	quarantine
ၽိတ်းၽႅၵ်ႇၵၼ်	quarrel
သီႇပုၼ်ႈ ၼိူင်ႈပုၼ်ႈ	quarter
ၶိူဝ်းၶႅတ်ႉသျူႇဝႃႇ	Quechua
ၼၢင်းႁေႃၶမ်း	queen
လၢၵ်ႇလၢႆး	queer
ၸွပ်ႇႁႂ်ႈႁူႉ	query
ၶေႃႈထၢမ်	question
ၶပ်ႉထႅဝ်	queue
ထႅဝ်ၵူၼ်း	queue
ၽႂ်း	quick
ဝႆးဝႆး	quickly
ၼိမ်ယဵၼ်	quiet
ယဵတ်ႈသႂ်ႇၵႅၼ်	quilt
ဢွၵ်ႇ	quit
တၢၼ်ႇတၢၼ်ႇ	quite
ၶေႃႈတႃႉ	quiz
ၽိုၼ်ဢိင်ႈ	quotation
ၶေႃႈဢၢင်ႈဢိင်ႈ	quote
ဢိင်ႈ	quote
ယၢင်း	quotes
ပၢင်တၢႆး	rabbit
လႅၼ်ႈၶႄႉ	race
ၸႂ်လမ်	rage
ၾူၼ်	rain
ယုၵ်ႉၶိုၼ်ႈ	raise
ၽူႈယုၵ်ႉပူၵ်းတၢင်ႇသုင်	raise
ယုၵ်ႉၶိုၼ်ႈ	raised
လႅၼ်ႈ	ran
ၵမ်ႉၺႃး	random
ၶပ်ႉယႆဝႆႉ	range
ဝႆးၽႂ်း	rapid
ဝႆးဝႆး	rapidly
ဢၼ်ႁႃယၢပ်ႇ	rare
ဢေႇႁႅင်း	rarely
ႁဵတ်းဢမ်ႇဝူၼ်ႉ	rash
ၼူ	rat
တၢင်းဝႆး	rate
လိူဝ်သေ	rather
လၵ်းၸဵင်ႁိဝ်ႈၸင်ႈ	ratio
ၸွမ်းလွင်ႈၸွမ်းတၢင်း	rational
ဢၼ်လိပ်း	raw
ၵမ်ႉထႅမ်	re
ႁွတ်ႈၽႅဝ်	reach
ႁွတ်ႈထိုင်	reached
တုမ်ႉတွပ်ႇ	reaction
ဢၢၼ်ႇလိၵ်ႈ	read
လူလိၵ်ႈ	reading
တူဝ်ႈတၼ်း	ready
ဢၼ်တေႉ	real
ဢွၼ်တေႉ	reality
ဢၼ်တေႉ	realize
ဢၼ်ၸိုဝ်ႈၸႂ်ႈ	realized
တေႉတေႉ	really
ၽၢႆႇတၢင်းတူၵ်း	rear
လွင်ႈတၢင်း	reason
မီးလွင်ႈတၢင်း	reasonable
ႁွင်ႉၶိုၼ်း	recall
ႁပ်ႉငိုၼ်း	receipt
လႆႈႁပ်ႉ	receive
ႁပ်ႉလႆႈ	received
ၵမ်းထိုင်	recent
မိူဝ်ႈဢမ်ႇပႆႇႁိုင်သင်ၼႆႉ	recently
ႁပ်ႉၶၢမ်ႇ	reception
လၢႆးႁုင်မိုဝ်ႉ	recipe
ဝႆႉမဝ်ႊမၢင်ႊ	reckless
မၵ်းမၼ်ႈပၼ်	recognition
မၢႆတွင်းဝႆႉ	recognize
ပၼ်တၢင်းႁၼ်ထိုင်	recommend
ပၼ်တၢင်းၶႆႈၸႂ်	recommended
ၶေႃႈမၢႆတွင်း	record
မၢႆတွင်းဝႆႉ	record
ၶူၼ်ႉၶိုၼ်း	recover
ၶိုၼ်းဢဝ်ၶိုၼ်း	recovery
သီႇလႅမ်ႊ	rectangle
သီလႅင်	red
လႅၵ်ႈၶိုၼ်းၶူဝ်းၵမ်ႉ	redeem
ၶႄသၢႆၸႂ်	redemption
လူတ်ႈယွမ်း	reduce
လိူင်ႇမၢၵ်ႈ	redundant
မၢႆထိုင်	refer
ၽိုၼ်ဢိင်ႈ	reference
တွၼ်ႉ	reflect
တူၼ်ႉၶိုၼ်း	reflection
ဢဝ်ပၢႆႊမႃး ထိင်းဝႆႉ	refrain
တူယဵၼ်	refrigerator
ထွၼ်ပၼ်ငိုၼ်း	refund
တွပ်ႇထဵင်	refuse
ထဵင်ၶိုၼ်း	refused
ၼပ်ႉယမ်	regard
တူၺ်းလီလီ	regarding
ဢမ်ႇဝူၼ်ႉလီလီ	regardless
ယွင်ႈယေႃး	regards
လႅၼ်ႊတီႈ	region
သႂ်ႇၸိုဝ်ႈ	register
ၼႅင်ၸႂ်	regret
ၵူႊပွၵ်ႈ	regular
ပဵၼ်ၵူႊၽဝ်ႇ	regularly
ဢဝ်ဢွၵ်ႇ	reject
ၵိုတ်းလိူဝ်	relate
ၵိုတ်း	related
လွင်ႈမိုတ်ႈၵိုဝ်း	relationship
ၵွင်ႉၵဵဝ်ႇ	relative
ပီႈၼွင်ႉ	relative
ပီႈၼွင်ႉ	relatives
လိုဝ်ႈႁိူဝ်ႉ	relax
ပွၺ်ႇပၼ်	release
ၵိုတ်းဝႆႉ	released
သၢင်ႇတေႃႇ	relevant
ယုမ်ႇၸႂ်လႆႈ	reliable
ၸိုၼ်ႈၶႅၼ်း	relief
ၶႅၼ်းသႃႇမႃး	relieve
ယႃတၢင်းၸဵပ်း	relieved
ၼပ်ႉထိုဝ်	religion
ၵၢၼ်ၼပ်ႉထိုဝ်	religious
ဢမ်ႇပႃးၸႂ်	reluctant
ဢိင်	rely
ၵိုတ်းဝႆႉ	remain
ၵိုတ်းဝႆႉ	remaining
ပဵၼ်တီႈတွင်းမၢႆ	remarkable
ၶိုင်တၢင်းၽိတ်းႁဵတ်းႁႂ်ႈ မႅၼ်ႈ	remedy
တွင်းဝႆႉ	remember
ပၼ်ၽၢင်ႉ	remind
ၶေႃႈပၼ်ၽၢင်ႉ	reminder
ၵႆ	remote
ထွၼ်ပႅတ်ႈ	remove
ၸေႇယိမ်	render
ၵႃႊၶၢတ်ႈ	rent
မႄး	repair
သမ်ႉထႅင်ႈ	repeat
တႅၼ်းၶိုၼ်း	replace
ၶၢၼ်ၶိုၼ်း	reply
တၢင်ႇၽိုၼ်	report
လၢႆးငၢၼ်း	report
တၢင်တူဝ်	represent
ၶၢဝ်ႇလိုဝ်း	reputation
တုၵ်းယွၼ်း	request
ယွၼ်းထိုင်	require
ယွၼ်းတၢင်းၸွၺ်ႈထႅမ်	required
ၵဵဝ်ႇၶေ	rescue
ၶူၼ်ႉၶႂႃႉ	research
မိူၼ်	resemble
ႁၢမ်းသိၵ်ႈၶႃႇ	resentment
ဢွင်ႈၶေႃၶေႃ	reservation
ၶေႃၶေႃ	reserve
ၵူၼ်းယူႇသဝ်း	resident
ထွၼ်တူဝ်	resign
ၶၢမ်ႇတၢမ်ႇလႆႈ	resilience
ၶၢမ်ႇတၢမ်ႇ	resilient
ၸင်ႈၶၢမ်ႇ	resist
ၸင်ႈၶၢမ်ႇ	resistance
ၶေႃႈယၼ်ႇၸႂ်	resolution
ၵေႈလိတ်ႈ	resolve
တီႈလိုဝ်ႈသဝ်း	resort
ၶူဝ်းတိုၼ်း	resources
ၼပ်ႉယမ်	respect
တုမ်ႉတွပ်ႇ	respond
တုမ်ႉတွပ်ႇ	response
ပုၼ်ႈၽွၼ်း	responsibility
လီပိုင်ႈဢိင်	responsible
လိုဝ်ႈႁိူဝ်ႉ	rest
ႁႂ်ႈၵႂႃႇႁွတ်ႈတီႈၵတ်းယဵၼ်	rest in peace
ႁၢၼ်ႉတၢင်းၵိၼ်	restaurant
ၶိုၼ်းဝႆႉၶိုၼ်း	restore
မၵ်းၶၼ်ႈ	restrict
ၶေႃႈၵမ်းလိုၼ်း	result
ၼမ်ႉတွၼ်း	results
မႄးတႄႇမႂ်ႇ	resume
ၶၢႆလုမ်း	retail
ထိင်းသိမ်း	retain
ယင်ႇမၼ်ႈဝႆႉ	retention
ဝၢင်းလိုဝ်ႈၵၢၼ်	retired
ႁူၼ်လင်	retreat
ၶၢမ်ႇၽွၼ်းႁၢႆႉ	retrieve
ပွၵ်ႈၶိုၼ်း	return
ပၼ်ႁူႉ	reveal
ၽုၺ်ႇၶႆႊ	revealed
တွပ်ႇတႅၼ်း	revenge
ငိုၼ်းၶွၼ်ႇ	revenue
ပိၼ်ၾူၼ်	reverse
ႁုပ်ႈတူၺ်းၶိုၼ်း	review
ၽိုၼ်ႉတူၺ်း	review
ၶိုၼ်းတူၺ်း	revise
လိုမ်ႉၶိုၼ်း	revision
လုၵ်ႉၽိုၼ်ႉ	revolution
သူး	reward
ၸၢပ်ႇလႅပ်ႈ	rhythm
လုပ်ႇသၼ်လင်	rib
ၶဝ်ႈ	rice
မၢၵ်ႈမီး	rich
ပၢႆႇဢွၵ်ႇ	rid
ၶီႇ	ride
တၢင်းၶႂ်ႈၶူဝ်	ridiculous
မႅၼ်ႈ	right
ယၢမ်းၼႆႉ	right now
ၶိူင်ႇၶမ်ႉ	rigid
ႁၢင်ႊၸွပ်ႇ	ring
သုၵ်ႈၼမ်ႉ	rinse
တွၼ်ႊလမ်ႇလွင်ႈ	riot
သိၵ်ႇ	rip
ႁူၼ်လင်	rip
သုၵ်း	ripe
တၢင်းၶိုၼ်ႈ	rise
ပဵၼ်ၽွၼ်းႁၢႆႉ	risk
ၽွၼ်းႁၢႆႉ	risk
ၽူႈၶႄႉၶဵင်ႇ	rival
ၼမ်ႉၵေး	river
သဵၼ်ႈတၢင်း	road
ယၢင်ႉ	roast
ၶိူင်ႇၶမ်ႉ	robust
ၽႃႁိၼ်	rock
လူၼ်ႈလဵၵ်း	rod
ၽူႈလဵၼ်ႈၸိူင်း	role
ဢိင်ႈ	roll
ႁၢၵ်ႈမႆႉ	roof
ႁွင်ႈ	room
ႁၢၵ်ႈမႆႉ	root
ၸိူၵ်ႈ	rope
ၼဝ်ႈ	rotten
ဢၼ်ဢမ်ႇၶျေုး	rough
ၵႅမ်းဝႆႉ	roughly
ႁွပ်ႈ	round
သဵၼ်ႈတၢင်း	route
ၵၢၼ်ၵူႊဝၼ်းဝၼ်း	routine
ထႅဝ်ၼွၼ်း	row
ထူ	rub
ၵွတ်ႈမွတ်ႇ	rubber
ယုၵ်ႉယၢၵ်ႉ	rubbish
ဢၼ်လိူင်း	rude
ၽႅၼ်ႇထူၶီႈတိၼ်	rug
လူႉလႅဝ်	ruin
ဢုပ်ႇပိူင်ႇ	rule
မႆႉထတ်း	ruler
ဢုပ်ႇပိူင်ႇ	rules
လႅၼ်ႈ	run
လႅၼ်ႈ	running
မၢၼ်ႈၼွၵ်ႈ	rural
မႆႉဢေႃႈ	rush
ၵႂႃႇဝႆးဝႆး	rush
ထူင်ၶဝ်ႈ	sack
ဝႆႉၼၵ်း	sacred
ပွၺ်ႇၽႃႈ	sacrifice
တိူၵ်ႈဝႆႉငိုၼ်း	safe
လွတ်ႈၽေး	safe
ဝိၼ်လွတ်ႈၽေး	safe flight
လွတ်ႈၽေး	safety
မီးတၢင်းဝူၼ်ႉလီ	sage
လၢတ်ႈ	said
ႁေႃႈႁိူဝ်းလူမ်း	sail
ဝၢႆႈႁိူဝ်းလူမ်း	sailing
လဝ်ႈၸပၢၼ်ႇ	sake
ငိုၼ်းလိူၼ်	salary
ၶၢႆ	sale
ပႃသႄႇမုၼ်ႇ	salmon
ၵိူဝ်	salt
မိူၼ်ၵၼ်	same
တီႈၼႆႈၵေႃႈမိူၼ်ယဝ်ႉ	Same here
တူဝ်ယၢင်ႇ	sample
သၢႆး	sand
ၶိူဝ်းသၢၼ်းသၶရိတ်ႉ	Sanskrit
တၢၼ်ႈၵၵ်ႉ	sarcastic
ဢမ်ႇသၢင်းၽႂ်	sassy
ၼင်ႈ	sat
ပဵင်းပေႃး	satisfaction
ပဵင်းပေႃး	satisfied
လႅၵ်ႈသၢၵ်ႈၸႂ်	satisfy
လႅၵ်ႈသၢၵ်ႈၸႂ်	satisfying
ဝၼ်းသဝ်	Saturday
သႆႈယဵတ်ႈ	sausage
လိူင်း	savage
ၵဵဝ်ႇၶေ	save
ႁၼ်	saw
လၢတ်ႈ	say
တၢင်းတႅၵ်ႈ	scale
လွၵ်းလိင်ႉ	scam
ၵူၼ်းလိူင်း	scam
ႁွၺ်းဢၢတ်ႉ	scar
ယၢပ်ႇယၢပ်ႇယိၼ်းယိၼ်း	scarce
လီၵူဝ်	scared
ၽႃႈပၢႆႉၶေႃး	scarf
လီၵူဝ်	scary
ၸႅၵ်ႇၸုမ်း	scattered
ဢွင်ႈတီႈပဵၼ်ၼၼ်ႉ	scene
လႅၼ်ႊမုင်ႈၾိင်ႈငၢမ်း	scenery
ဢၢႆႊႁွမ်	scent
ၶပ်ႉမၢႆ	schedule
ႁူင်းႁဵၼ်း	school
ပၢႆးသၢႆႊ	science
ၸဝ်ႈပၢႆးသၢႆႊ	scientist
ၸဝ်ႈပၢႆးသၢႆႊ	scientists
ၵိမ်း	scissors
မေႃး	scold
တၢင်းႁၼ်	scope
မၢႆဝၢၵ်ႈ	score
ပိတ်းပွတ်း	scrap
တိူၼ်ႇ	scratch
သႅၼ်ႇႁွင်ႉ	scream
ၼႃႈပဵင်း	screen
သႆႈမူ	screw
ထႅဝ်လိၵ်ႈၵႂၢမ်းလၢတ်ႈ	script
ပၢင်ႇလၢႆႇ	sea
မူၼ်ႈ	seal
သွၵ်ႈႁႃ	search
ၾိင်ႈၾႃႉ	season
တီႈၼင်ႈ	seat
သိၵ်ႈ	second
လွင်ႈသိူင်ႇသိမ်း	secret
ပွတ်းတွၼ်ႊ	section
လွတ်ႈၽေး	secure
လွင်ႈႁူမ်ႇလူမ်ႈ	security
ႁၼ်	see
ၵွၺ်ႈထူပ်းၵၼ်	see you
ၵွၺ်ႈထူပ်းၵၼ်	see you later
ၵွၺ်ႈထူပ်းၵၼ်	see you soon
မိူဝ်ႈၽုၵ်ႈထူပ်းၵၼ်	see you tomorrow
မဵတ်ႉၾၼ်း	seed
ႁၼ်ယဝ်ႉ	seek
ႁၼ်	seem
ႁၼ်	seems
ႁၼ်	seen
ၺွပ်း	seize
ၺွပ်း	seizure
မၢင်ႊပွၵ်ႈ	seldom
လိူၵ်ႈ	select
ႁင်းၵွၺ်း	self
ယႃတူဝ်ၸဝ်ႈၵဝ်ႇ	self healing
ႁၼ်ပုၼ်ႈသုၼ်ႇတူဝ်	selfish
ၶၢႆ	sell
သူင်ႇ	send
သူင်ႇပၼ် ၶႅပ်းႁၢင်ႊသူလူး	send me your picture
ၸၼ်ႉယႂ်ႇ	senior
ၶုၺ်ႉႁူႉ	sense
ဝူၼ်ႉ	sensible
တိူဝ်ႉဢမ်ႇလႆႈ	sensitive
သူင်ႇ	sent
တူၼ်ႈထႅဝ်ႈ	sentence
တူၼ်ႈထႅဝ်	sentences
ၶၼ်ႈဝႆႉ	separate
ၸႅၵ်ႇဝႆႉ	separate
ၶိူဝ်းသႄႉပတီႇ	Sepedi
လိူၼ်ၵဝ်ႈ	september
လွၵ်းၸိူင်း	sequence
ၶပ်ႉမၢႆ	sequence
ပဵၼ်သွၺ်ႈ	series
ဝူၼ်ႉလိုၵ်ႉ	serious
တေႉတေႉ	seriously
ႁဵတ်းလဵင်ႉ	serve
ၸွင်းၸေး	service
ပၢင်ၵုမ်သၽႃး	session
ၶပ်းသၢင်ႈ	set
ပဵၼ်ၸုမ်ႇ	set
ႁဵတ်းသၢင်ႈ	set up
တီႈမႄး	setting
ယဝ်ႉတူဝ်ႈ	settle
ၸဵတ်း	seven
သိပ်းၸဵတ်း	seventeen
ၸဵတ်းသိပ်း	seventy
ၼမ်ၼမ်လၢႆလၢႆ	several
ႁၢဝ်ႈ	severe
သွၺ်	sew
သျိူဝ်ႇ	sh
ႁူမ်ႈ	shade
ႁူမ်ႈ	shadow
ၶဝ်ႇ	shake
တေလႆႈ	shall
ဢိုၼ်	shallow
တိုၼ်ႈ	shallow
တၢင်းဢၢႆ	shame
တႆး	Shan
ႁၢင်ႊလႅမ်ႊ	shape
ပိုၼ်ႊၽႄ	share
ၽၢႆ	sharp
မၼ်းၼၢင်း	she
မၼ်းမီး	she has
မၼ်းပဵၼ်	she is
လၢႆႊၶၢပ်ႈ	shed
တူဝ်း	sheep
မၢင်ႊၸေႈ	sheet
ၶဵင်ႇ	shelf
ၵၢပ်ႇႁွၺ်	shell
ႁေႉၵင်ႈ	shelter
ၵၢပ်ႇႁေႉ	shield
ၶၢႆႉလၢႆႊ	shift
ပိူင်း	shine
ႁိူဝ်း	ship
ဢွၵ်ႇႁိူဝ်း	shipping
သိူဝ်ႈသိူတ်ႉ	shirt
သွၵ်းတိၼ်	shoes
ယိုဝ်း	shoot
ႁၢၼ်ႉၶၢႆၶွင်	shop
ၸၢႆႇၵၢတ်ႇ	shopping
ႁၢတ်ႇသၢႆးပၢင်ႇလၢႆႇ	shore
ပွတ်း	short
လူဝ်ဝႆႉ	shortage
ပိုတ်း	shot
ယိုဝ်းၵွင်ႈ	shot
ထုၵ်ႇလီ	should
ႁူဝ်မႃႇ	shoulder
ပၢဝ်ႇ	shout
ၼေ	show
ပၢင်ပွၺ်းၼေ	show
ၼေႁဝ်းလူး	show me
ဢၢပ်ႇၼမ်ႉ	shower
ၵုင်ႈ	shrimp
ႁူတ်း	shrink
ဢိုတ်း	shut
ဢိုတ်းသူပ်း	shut up
ဢၼ်ဢၢႆ	shy
ပီႈၼွင်ႉ	sibling
ပီႈၼွင်ႉ	siblings
ၼၢဝ်	sick
ၸွမ်းပႃႈၸွမ်းၽၢႆႇ	side
ၶၢင်ႈ	side
မဵတ်ႇမၢႆ	sigh
ဢႃႇႁူင်ႇႁၼ်	sight
တႃႈမုင်ႈႁၼ်	sightseeing
လူင်းလၢႆးမိုဝ်း	sign
လၢႆးမိုဝ်း	signature
ဢၼ်လၢၵ်ႇလၢႆး	significant
တဵတ်ႇယဵၼ်	silence
တဵတ်ႇယဵၼ်	silent
မၼ်ႈလၢႆႈ	silk
ၶလႅၵ်ႉ	silly
ငိုၼ်း	silver
မိူၼ်ၵၼ်	similar
ယူဝ်းယူဝ်း	simp
ၽဵၼ်ႈၽဵၼ်ႈ	simple
ပဵၼ်ၶၢဝ်းလဵဝ်	simultaneously
တႄႇၼၼ်ႉမႃး	since
ဢမ်ႇၵျႃး	sincere
ဢမ်ႇၵျႃး	sincerely
ႁွင်ႉၵႂၢမ်း	sing
ၽူႈႁွင်ႉၵႂၢမ်း	singer
ၵေႃႉလဵဝ်	single
ၶဵင်ႇၼမ်ႉ	sink
ၸူမ်	sink
သြႃႇ	Sir
ပီႈသၢဝ်	sister
ၼွင်ႉပႂ်ႉ	sister in law
ၼင်ႈ	sit
ၼႃႈလိၼ် တီႈမၵ်းမၼ်ႈယဝ်ႉ	site
လႅၼ်ႊတီႈ	situation
ငဝ်းလၢႆး	situation
ႁူၵ်း	six
သိပ်းႁူၵ်း	sixteen
ႁူၵ်းသိပ်း	sixty
တၢင်းယႂ်ႇ	size
လမ်ႉၵတ်ႉ	skill
လမ်ႉၵတ်ႉ	skills
ၽိဝ်ၼိူဝ်ႉ	skin
ၼိူဝ်ႉႁေႃႇလုပ်ႇ	skinny
ၶၢမ်ႈပႅတ်ႈ	skip
သိၼ်ႈၵပူင်း	skirt
တွင်ႉၾႃႉ	sky
ၶီႈၶႃႈ	slave
ၼွၼ်း	sleep
ၼွၼ်းဝႆႉ	sleeping
ၼွၼ်းဝၢၼ်	sleepy
ၶႅၼ်သိူဝ်ႈ	sleeve
ႁဵတ်းမၢင်ႊမၢင်ႊ	slice
ၶႅပ်း	slice
ထူၸၼ်း	slide
ဢိတ်းဢွၼ်ႇ	slightly
သေးသွၺ်ႇ	slim
ပလၢတ်ႈ	slip
ၸၼ်း	slope
ႁူးသႂ်ႇငိုၼ်း	slot
ထိူင်း	slow
ထိူင်းထိူင်း	slowly
လဵၵ်ႉ	small
လႅတ်း	smart
ၼူမ်	smell
ဢၢႆႊသႅဝ်	smell
ယုမ်ႉ	smile
လုတ်ႇလႅၼ်းယႃႈ	smoke
လိူမ်ႈလႆ	smooth
တၢင်းၵိၼ်လဵၼ်ႈ	snack
ႁွၺ်	snail
ငူး	snake
ၸၵ်ႉဢဝ်	snap
မူၺ်	snow
ပေႃႉၼၼ်	so
လီႁၵ်ႉထူၼ်ႈ	so cute
ၵႆၼႃႇ	so far
ၽေႃႉ	soak
ၵွၼ်ႈသီ	soap
ထိင်းတူဝ်ၵဝ်ႇ	sober
မၢၵ်ႇၼင်ႈလွမ်ႊ	soccer
တူင်ႇၵူၼ်း	social
တူင်ႇၵူၼ်း	society
ဝႃႇတိၼ်	socks
ဢူၼ်ႈဢွၼ်ႇ	soft
သွပ်ႉဝႄး	software
လိၼ်	soil
ၶၢႆ	sold
ၶၢႆဢွၵ်ႇ	sold out
လုၵ်ႈသိုၵ်း	soldier
ၽႃႇတိၼ်	sole
ၶူဝ်းၵွၼ်ႈ	solid
ၶေႃႈၵေႈၶႆႈ	solution
ၵေႈၶႆႈ	solve
မၢင်ဢၼ်	some
သေၵေႃႉၵေႃႉ	somebody
လၢႆးလႂ်ၵေႃႈယဝ်ႉ	somehow
သေၵေႃႉၵေႃႉ	someone
သေလွင်ႈလွင်ႈ	something
သေၶၢဝ်းၶၢဝ်း	sometimes
ၵႂၢမ်း	song
ဢမ်ႇႁိုင်သင်	soon
တူဝ်ထူပ်း	sophisticated
ၶိုတ်းၵၢပ်ႈ	sophisticated
ၶိူဝ်းသေႃႇရႅၼ်ႇၼီႇ	Sorani
တၢင်းၸဵပ်း	sore
ၸဵပ်း	sore
ၶေႃးၸဵပ်း	sore throat
တုၵ်ႉၸႂ်	sorrow
ၶႂၢင်းပၼ်ဢိတ်းၼိုင်ႈၶႃႈ	Sorry
မဵဝ်းမိူၼ်	sort
သွၵ်ႈႁႃ	sought
ၶႂၼ်ငဝ်း	soul
ဢူၺ်းၵေႃႉ ၸႂ်မိူၼ်	soulmate
သဵင်	sound
ထၢင်ႊ	soup
သူမ်ႈ	sour
ငဝ်ႈတိုၼ်း	source
ၽၢႆႇၸၢၼ်း	south
ၵွင်းၵၢင်ႇ	space
လိၵ်ႈဢမ်ႇပႆႇလႆႈၶႂၢင်ႉ	spam
တႅၵ်ႈ	span
ၵႂၢမ်းသပဵင်ႇ	Spanish
လိူဝ်ဝႆႉ	spare
ဢၼ်လိူဝ်	spare
လၢတ်ႈ	speak
ဢၼ်ၶိုၵ်ႉ	special
မဵဝ်းသႅၼ်း	species
မဵဝ်းသႅၼ်း	specific
ႁၢင်ႊလီ ၶိုၵ်ႉၶႅမ်ႉ	spectacular
တၢၼ်ႈၶႆႊ	speech
ဢမ်ႇမီးၵႂၢမ်းလၢတ်ႈ	speechless
တၢင်ႉဝႆး	speed
လေႃးတူဝ်လိၵ်ႈ	spell
ၸႂ်ႉၸၢႆႇ	spend
ၸၢႆႇပႅတ်ႈ	spent
ၽဵတ်း	spicy
တေႃလွၵ်ႇ	spike
လိမ်ႇ	spin
ၽၵ်းႁူတွပ်း	spinach
ၸႂ်ႊႁူႉ	spirit
ၼမ်ႉလၢႆး	spit
ယႂ်ႇလူင်ယႂ်ႇလၢင်	splendid
ၽႃႇ	split
ယႃႉ	spoil
ယႃႉ	spoiled
တိုၼ်းပဵၼ်မႃး	spontaneous
ၸေႃႉ	spoon
ႁွၺ်းမၢတ်ႇ	spot
ၽူဝ်မေး	spouse
ၽႄႈၸွတ်ႇၵႂႃႇ	spread
ၶၢဝ်းႁွင်	spring
သီႇလႅမ်ႊပဵင်း	square
မိပ်ႇ	squeeze
ပႃမိုၵ်ႉ	squid
ၸွၼ်ႈ	squirrel
သထ	st
တႅင်း	stab
မၼ်ႈဝႆႉ	stable
တၢင်ႇထႅင်ႈ	stack
ဢဵၼ်ႁႅင်းၵူၼ်းႁဵတ်းၵၢၼ်	staff
ၶဵင်ႇၸၢတ်ႈ	stage
ၵူဝ်ႈဢိူၵ်ႇ	stain
ၶူဝ်လႆ	stairs
ပုၵ်းသဝ်	stake
ၼီႇ	stalk
ႁၢၼ်ႉၶၢႆတၢင်းၵိၼ်ယွၺ်ႈ	stall
ၸုမ်ႈၶွၼ်ႇ	stamp
လုၵ်ႉၸုၵ်း	stand
မႆႉတင်ႈ	stand
လၵ်းၸဵင်	standard
ၸၼ်ႉ	standard
လၢဝ်	star
တႄႇ	start
တႄႇ	started
တွင်ႉမႆႈႁႅင်းၼႃႇ	starving
မွၵ်ႇလၢတ်ႈၼႄ	state
မိူင်း	state
လိၵ်ႈပိုၼ်ႊၽၢဝ်ႇ	statement
တႃႈလူတ်ႉ	station
ႁုၼ်ႇႁၢင်ႊ	statue
ႁုၼ်ႇႁၢင်ႊ	status
ဢွင်ႈယူႇ	stay
ယူႇသဝ်း	stay
ယူႇလွတ်ႈၽေး	stay safe
ဝိုၼ်းဝိုၼ်း	steady
ၼိူဝ်ႉဝူဝ်းၸီႇ	steak
လၵ်ႉ	steal
ၵႂၼ်းၼမ်ႉမႆႈ	steam
လဵၵ်ႉလေႃႇ	steel
ၸၼ်း	steep
ၶႃႊမႆႉ	stem
ၸၼ်ႉ	step
ၶမ်	stick
တိင်	stick
ၶွၼ်ႉ	stick
ၸင်ႈဝႆႉ	stiff
တေႃႇထိုင်	still
ၼၢမ်ပၵ်း	sting
ၸဵပ်းၵႅၼ်း	stingy
ၵဝ်း	stir
ၶူဝ်းဝၢင်းဝႆႉၼႂ်းမိုဝ်း	stock
လၵ်ႉ	stolen
ႁူင်းၶဝ်ႈ	stomach
ၵွၼ်ႈႁိၼ်	stone
လုၵ်ႉၸုၵ်ႉ	stood
တိၼ်မႃ	stool
ၵိုတ်း	stop
တီႈသိမ်းၶူဝ်း	storage
သိမ်းဝႆႉ	store
လူမ်းလႅင်ႉ	storm
ဢႃႊပုမ်ႇ	story
ပုင်းၾႆး	stove
သိုဝ်ႈသိုဝ်ႈ	straight
ၵႂႃႇသိုဝ်ႈသိုဝ်ႈ	straightforward
ၸိုၼ်ႇ	strain
ပႅၵ်ႈပႅၵ်ႈ	strange
ၵူၼ်းပႅၵ်ႈၼႃႈ	stranger
လွၵ်းလၢႆးဝၢင်းၽႅၼ်	strategy
လွတ်ႇၼမ်ႉ	straw
မၢၵ်ႇႁူႈလိၼ်	strawberry
ၶိူဝ်းယႂ်း	streak
ႁွင်ႊ	stream
သဵၼ်ႈတၢင်း	street
ႁႅင်း	strength
ဝႆႉၼၵ်း	stress
ၸၼ်	stretch
ပၵ်းပိူင်ယႂ်ႇ	strict
တႅၼ်ႇ	strike
ၼေၵၢင်ၸႂ်	strike
သၢႆ	string
ၼွၵ်ႈ	strip
ၶတ်းၸႂ်	strive
ႁွၺ်းမင်ႈ	stroke
ႁႅင်းယႂ်ႇ	strong
တႅၼ်ႇ	struck
ပိူင်ၽၢင်	structure
တေႃႇသူႈ	struggle
လႆႈၸိုၼ်ႇၽိုၼ်ႉ	struggling
ႁူဝ်ၶႅင်	stubborn
ၶမ်ဝႆႉ	stuck
လုၵ်ႈႁဵၼ်း	student
လဵပ်ႈႁဵၼ်း	study
ၽိုၼ်လိၵ်ႈ	study
ၽိုၵ်းႁဵၼ်း	studying
ၶူဝ်းၶွင်	stuff
ႁၢင်ႊလီ	stunning
လိုမ်းႁၢင်ႊလိုမ်းတူဝ်	stunning
ငိူဝ်ႈငႃႉ	stupid
ႁၢင်ႊသွၺ်ႇ	style
ပၢႆးၾၢႆႇ	subject
သႂၢင်းၶဝ်ႈ	submission
သူင်ႇၸူး	submit
ၶူဝ်းၶွင်	substance
တႅၼ်းတၢင်	substitute
ဢူၼ်ႈဢွၼ်ႇ	subtle
ဢွင်ႇမၢၼ်	succeed
ဢွင်ႇမၢင်ႇ	success
ဢွင်ႇမၢၼ်	successful
မိူၼ်ၼင်ႇ	such
ၸိူဝ်းၼႆႉ	such as
ၸုတ်း	suck
ၵမ်းသိုဝ်ႈ	sudden
ၵိုင်ႉၵၢင်ႉ	suddenly
တၢင်းၸဵပ်း	suffer
လႆႈၶၢမ်ႇဝႆႉ	suffering
တဵမ်ထူၼ်ႈ	sufficient
ၵိူဝ်ဝၢၼ်	sugar
ပၼ်တၢင်းႁၼ်ထိုင်	suggest
တၢင်းႁၼ်ထိုင်	suggestion
သိူဝ်ႈတုၺ်ႇ	suit
ၵိုင်ႇတၢၼ်ႇ	suit
ၵိုင်ႇငမ်ႇ	suitable
တူၵ်ႈၶူဝ်း	suitcase
လေႃး	sum
ၶေႃႈလူပ်း	summary
ၶၢဝ်းမႆႈ	summer
ႁပ်ႉၶၢမ်ႇ	summit
တႃဝၼ်း	sun
ဝၼ်းတိတ်ႉ	sunday
လႅတ်ႇလီ	sunny
ဝၼ်းတူၵ်း	sunset
လႅတ်ႇထွင်ႇ	sunshine
ထႅၼ်ႊ	super
တွၼ်းၶႅမ်ႉ	superior
မေႃယႃလူင်	supervisor
တႃႇၶဝ်ႈၶမ်ႈၶိုၼ်း	supper
လွင်ႈၸွၺ်ႈထႅမ်	supply
ၶဝ်ႈၸွၺ်ႈ	supply
လွင်ႈၵမ်ႉထႅမ်	support
ၸွၺ်ႈထႅမ်	suppose
ၵမ်ႉၸွၺ်ႈ	supposed
မၼ်ႈၸႂ်	sure
ၽိုၼ်ၼႃႈ	surface
ပိူမ်ႉၼမ်ႉလူင်	surge
ၽႃတတ်း	surgery
ၸိုဝ်ႈၶိူဝ်းႁိူၼ်း	surname
လီဢၢမ်း	surprise
ႁဵတ်းႁႂ်ႈဢၢမ်း	surprised
ဝၢင်းၶိူင်ႈ	surrender
ႁိမ်းႁွမ်း	surrounding
ပႂ်ႉတူၺ်း	surveillance
ၵဵပ်းဝႆႉၶေႃႈမုၼ်း	survey
ၵဵပ်းၶေႃႈမုၼ်း	survey
ၶီးၸိုၼ်ႈ	survive
ဢမ်ႇလွတ်ႈထၢင်ႇထိူမ်	suspect
ထၢင်ႇထိူမ်	suspect
တိင်ႇတွၺ်	suspended
ထၢင်ႇထိူမ်	suspicious
ပၼ်ၽွၼ်း	sustain
ထိင်းလႆႈယဝ်ႉ	sustainability
ထွၵ်ႈဝႆႉ	sustainable
ယွၺ်ႉတူၵ်း	swag
ဢိုၼ်	swallow
လႅၵ်ႈၶူဝ်းၵုၼ်ႇတေႃႇၵၼ်	swap
လၢတ်ႈၵႂၢမ်းလိူင်း	swear
ႁိူဝ်ႇ	sweat
သိူဝ်ႈထူဝ်း	sweater
ပတ်းႁိူၼ်း	sweep
ဢၼ်ၸဵမ်းၸဵမ်း	sweet
ၾၼ်လီ	sweet dreams
ႁိူၵ်ႇၵႂ်ႊ	sweet tooth
ၵေႃႉႁၵ်ႉ	sweetheart
ၵႂ်ႊမႃး	swell
ၵႂ်ႊ	swelling
လုၺ်းၼမ်ႉ	swim
လုၺ်းၼမ်ႉ	swimming
သူင်ႇဢူႇ	swing
ဢူင်ႈၸႃး	swing
သႅၼ်ႇ	switch
ၼဵၼ်ၾႆး	switch
ဢိုၼ်	swollen
လႅဝ်း	sword
မဵတ်ႇမၢႆ	symbol
ၸႂ်ဢီးလူ	sympathy
ပိူင်ၽၢင်တၢင်းပဵၼ်	symptoms
ယူင်ႉ	system
ၽိူၼ်	table
ယိပ်းၵမ်	tackle
ႁွၺ်ႈၽႅၼ်	tag
ႁၢင်	tail
ဢဝ်	take
ဢဝ်ပႅတ်ႈ	take away
လုမ်းလႃးတူၺ်းထိုင်	take care
ထွတ်ႇ	take off
ဢဝ်မႃး	taken
ဢုပ်ႇဢေႃး	talk
သူပ်းၼမ်	talkative
သုင်	tall
ၽွၵ်ႈ	tap
ၵွၵ်ႉၼမ်ႉ	tap
ၸေႈတိင်	tape
ပဝ်ႉမၢႆ	target
ပုၼ်ႈၽွၼ်း	task
ၼမ်ႉလႅမ်ႈ	taste
ၸိမ်း	taste
ဝၢၼ်	tasty
သွၼ်	taught
ၼဵင်ႈ	tea
သွၼ်	teach
မေႃသွၼ်	teacher
ၸုမ်း	team
သိၵ်ႇ	tear
ၼမ်ႉတႃ	tear
ၼမ်ႉတႃ	tears
ဝီၶူၼ်တူဝ်း	tease
ပၢႆးၸၢင်ႊ	technology
ၶဵဝ်ႈ	teeth
ၶႆႊ	tell
ၶႆႊႁဝ်းလူး	tell me
ၶူၼ်းၸွမ်းၸင်ႈၽဵင်ႇ	temper
တၢင်ႉမႆႈ	temperature
ၵျွင်းၽြႃး	temple
ၸူဝ်ႊၵႅပ်ႉ	temporary
ၼိူင်ႈသိပ်း	ten
ၼိူင်ႈမိုၼ်ႇ	ten thousand
ႁိူၼ်းၶၢတ်ႈ	tenant
လဵင်ႉလူလုမ်းလႃး	tend
ၶွၼ်းဝႆ	tendency
သႂၢင်းၵုၼ်ႇ	tender
ၸႂ်ႈမႆႈ	tense
ၶဵင်ႈၶႅင်	tension
သုမ်ႉ	tent
ဢၼ်ၸၢမ်း	tentative
ၶၢဝ်းယၢမ်းမၵ်းမၼ်ႈ	term
ထွၺ်ႈၵႂၢမ်း	terms
ႁူၵ်ႉႁၢႆႉ	terrible
ၼႃႈလီၵူဝ်	terrific
လႅၼ်ႊပိူင်ႇငမ်း	territory
ထတ်းထိၼ်	test
လိၵ်ႈပွတ်း	text
လိူဝ်သေၼႆႉ	than
ယိၼ်းၸူမ်း	thank
ယိၼ်းၸူမ်းယဝ်ႉၶႃႈ	thank you
ငိၼ်းၸူမ်းၶွပ်ႈၸႂ်ဢၼ်ဝႆႉၸႂ်ယၢဝ်းသေပႂ်ႉၽွင်းယၢမ်းမိူဝ်ႈတိုၵ်ႉဢုပ်ႇၵုမ်လွင်ႈသူင်ၶူဝ်းၶွင်ယူႇၼၼ်ႉ။	Thank you for your patience while we investigate shipment
ယိၼ်းၸူမ်းၼမ်ၼမ်	thank you so much
ယိၼ်းၸူမ်းၼမ်ၼမ်ၶႃႈ	thank you very much
ယိၼ်းၸူမ်း	thanks
ယိၼ်းၸူမ်းတီႈ ၸႂ်ႉဢႅပ်ႉၶႃႈၶဝ်	Thanks for using our app
ဢၼ်ၼၼ်ႉ	that
ၼၼ်ႉပဵၼ်	that is
ၼႆႉလီယဝ်ႉ	that's good
ဢၼ်	the
တၢင်းၽိတ်းလၵ်ႉၶူဝ်း	theft
ၶွင်ၸိူဝ်းၶဝ်	their
ၸိူဝ်းၶဝ်	them
ၶေႃႈမုၼ်းလိၵ်ႈႁွမ်တွမ်ႊ	theme
ၸိူဝ်းၶဝ်ၵွၺ်း	themselves
ပေႃးၸိူင်ႉၼၼ်	then
ၽိင်ႈတႅၵ်ႈ	theory
တီႈၼၼ်ႈ	there
မီးၸိူဝ်းၼႆႉ	there are
ၼႆႉမီး	there is
ၵွပ်ႈၸိူင်ႉၼၼ်လႄႈ	therefore
ၸိူဝ်းၼႆႉ	these
ၶဝ်	they
ၶဝ်ပဵၼ်	they are
ၼႃ	thick
ၽူႈလၵ်ႉ	thief
ဝိုၼ်း	thigh
ယွမ်	thin
ၶူဝ်းၶွင်	thing
ၶူဝ်းၶွင်	things
ၶႆႈၸႂ်	think
ထီႈသၢမ်	third
ႁႃႇႁႅင်ႈ	thirsty
သိပ်းသၢမ်	thirteen
သၢမ်သိပ်း	thirty
ဢၼ်ၼႆႉ	this
ဢၼ်ၼႆႉပဵၼ်	this is
ၶၢမ်ႈပူၼ်ႉ	thorough
ဢၼ်တဵမ်ထူၼ်ႈ	thoroughly
ၸိူဝ်းၼၼ်ႉ	those
ပႅၵ်ႉသမ်ႉဝႃႈ	though
ဝူၼ်ႉ	thought
မီးပၢႆးဝူၼ်ႉလီ	thoughtful
ဝူၼ်ႉ	thoughts
ၼိူင်ႈႁဵင်	thousand
မႆ	thread
ၶိူဝ်ႈ	threat
ၶိူဝ်ႈ	threaten
သၢမ်	three
ၶွပ်ႇၽၵ်းတူ	threshold
ငႅဝ်	thrilled
မၢၵ်ႈမီး	thrive
လွတ်ႇၶေႃး	throat
ၶၢမ်ႈၵႂႃႇ	through
လတ်းၶၢမ်ႈ	throughout
ဝိုတ်း	throw
ႁူဝ်မႄႈမိုဝ်း	thumb
ၾႃႉလင်ႊ	thunder
ဝၼ်းၽတ်း	Thursday
ယွၼ်ႉၼၼ်	thus
ၼႃ	tick
ပဵင်းၵၼ်	tide
မႄးၶပ်း	tidy
မတ်ႉ	tie
သၢႆႁတ်းၶေႃး	tie
သိူဝ်	tiger
ၵိုမ်းၵိုမ်း	tight
ၶိူဝ်းထီႇၵရိၼ်ႇၼီႇယႃႇ	Tigrinya
ၶၢဝ်းယၢမ်း	time
လီၵူဝ်	timid
လဵၵ်ႉဢႅၼ်	tiny
ပၢႆ	tip
ငိုၼ်းသူး	tips
မၢၵ်ႇလေႃႉလူတ်ႉ	tire
ႁိူဝ်ႉ	tired
ၸေႈၸဵတ်ႉ	tissue
ႁူဝ်ၶေႃႈ	title
ထိုင်	to
တႃႇတေပဵၼ်မႃး	to be
ၶဝ်ႈမုၼ်းၸီႇ	toast
မိူဝ်ႈၼႆႉ	today
လုၵ်ႈဢွၼ်ႇလႅင်	toddler
ႁူဝ်မႄႈတိၼ်	toes
ၸွမ်းၵၼ်	together
ထၢင်	toilet
ၶႆႊ	told
တၢင်းယိူၼ်ႉၵၼ်ႈ	tolerance
ဢမ်ႇႁၢမ်ႈတၢပ်ႈ	tolerate
မၵ်ႇၶိူဝ်သူမ်ႈ	tomato
မိူဝ်ႈၽုၵ်ႈ	tomorrow
လိၼ်ႉ	tongue
ၶမ်ႈၼႆႉ	tonight
ၵေႃႈ	too
ဢဝ်ယဝ်ႉ	took
ၶူဝ်းၶိူင်ႈ	tool
ၶိူင်ႈၸႂ်ႉ	tools
ၶဵဝ်ႈ	tooth
ၸိၵ်းၸွမ်	top
ႁူဝ်ၶေႃႈ	topic
သိၵ်း	torn
ႁဵတ်းမိူၵ်ႈ	torture
ႁူမ်ႈလေႃး	total
တိူဝ်ႉ	touch
ယၢပ်ႇၵိၼ်း	tough
ဢွၵ်ႇတၢင်း	tour
ယိူင်းတၢင်းၼႃႈ	toward
ၵႂႃႇၸူး	towards
ၽႃႈၸဵတ်း	towel
ဝဵင်း	town
မိူဝ်ႇ	toxic
လမ်းသွၵ်ႈႁႃ	trace
တၢင်း	track
လွင်ႈၵႃႉၶၢႆ	trade
ၵႃႉၶၢႆ	trade
ၵၢႆႇတင်းၽိင်ႈထုင်း	tradition
ဢၼ်ၵပ်းၵၢႆႇတင်း ၽိင်ႈငႄႈ	traditional
ၾႆးတၢင်းၸူႉ	traffic
ၸွမ်းႁွၺ်းတိၼ်	trail
ၽိုၵ်းပၼ်	train
ၽိုၵ်ႉၽွၼ်ႉ	training
တၢင်းယၢမ်ႈ	trait
တၢင်းယၢမ်ႈၸႅင်ႈ	traits
လႅၵ်ႈၸူး	transfer
လွင်ႈၶၢႆႉလၢႆႊ	transition
ပိၼ်ႇလိၵ်ႈ	translate
ႁၼ်ထိုင်လွၼ်ႉလႆႈ	transparent
တေႃႇသူင်ႇ	transport
ၶူင်ႉၵၢၼ်တေႃႉသူင်ႇ	transportation
ႁႅဝ်ႉ	trap
ဢမ်ႇၶဝ်ႈတၢင်းတိုဝ်း	trash
ပဵၼ်ႁၢႆႉမႃး ဝၢႆးလိုၼ်း	trauma
ဢွၵ်ႇတၢင်း	travel
လႅင်ႇပၢၼ်း	tray
ၵႅဝ်ႈသႅင်ငိုၼ်းၶမ်း	treasure
လဵင်ႉ	treat
ၵပ်းသိုပ်ႇ	treat
ႁဵတ်းသၢင်ႈ	treatment
တူၼ်ႈမႆႉ	tree
တိုၼ်ႇဢၢမ်း	tremendous
ၸူးတၢင်း	trend
ၸၢမ်းတူၺ်း	trial
ယွၵ်ႇလႅၼ်	trick
ၸၢမ်းတူၺ်း	tried
တႄႇငိူၼ်ႈမၼ်း	trigger
ၼဵင်	trigger
ယူဝ်းယူဝ်းၽဵၼ်ႈၽဵၼ်ႈ	trim
ၶၢဝ်းတၢင်းလႄႇ	trip
တုၵ်ႉ	trouble
ၵူၼ်	trousers
လူတ်ႉတၢင်ႇၵုၼ်ႇ	truck
မႅၼ်ႈ	true
တူၼ်ႈလမ်း	trunk
လွင်ႈမၢၼ်ႇမႅၼ်ႈ	trust
ယုမ်ႇ	trust
ယုမ်ႇ	truth
ၸၢမ်းတူၺ်း	try
ၶိူဝ်းသွင်းၵႃႇ	Tsonga
လွတ်ႇ	tube
ဝၼ်းဢၢင်းၵၢင်း	Tuesday
ၽိုၵ်းသွၼ်ၶိုၼ်း	tuition
ၵႆႇၸၢင်ႉ	turkey
မိၼ်ႉ	turmeric
ငွၵ်း	turn
တဝ်ႇပၢင်ႇလၢႆႇ	turtle
မေႃသွၼ်ၸၼ်ႉၸွမ်	tutor
သိပ်းသွင်	twelve
ၼိူင်ႈသၢဝ်း	twenty
သၢဝ်းဢဵတ်း	twenty-one
ၶိူဝ်းထြီႇ	Twi
သွင်ပုၼ်ႈ	twice
ဢေသွင်	twist
သွင်	two
ၸႃႉမဵဝ်း	type
ဢွၵ်ႇႁၢင်ႊဝႆႉ	typical
ႁၢင်ႊၸႃႉ	ugly
ၵမ်းလိုၼ်း	ultimate
ၸွင်ႈ	umbrella
ဢမ်ႇပဵၼ်လႆႈ	unable
လုင်း	uncle
လိုမ်းတူဝ်	unconscious
တၢင်းတႂ်ႈ	under
တၢင်းတႂ်ႈ	underneath
သၢင်းၽႅပ်ႉႁႅင်းၼႃႇ	underrated
ပွင်ႇၸႂ်	understand
ပွင်ႇၸႂ်လီ	understood
ၵႅၼ်	unfortunately
သိူဝ်ႈတုၺ်ႇ	uniform
ၶိုၵ်ႉၶၢႆး	unique
ဢမ်ႇမီးတီႈတႅၵ်ႈၼိူင်း	unique
ယူႇၼိတ်ႉ	unit
ၸၼ်ႉၸွမ်	university
ဢမ်ႇႁူႉ	unknown
ပေႃးဢမ်ႇပဵၼ်ၵေႃႈ	unless
တေႃႇထိုင်	until
ဢမ်ႇသူႈပဵၼ်	unusual
တီႈၼိူဝ်	up
ၵမ်ႉၸႂ်သူ	up to you
လွင်ႈႁဵတ်းႁုၼ်ႈမႂ်ႇ	update
မႄးႁုၼ်ႈမႂ်ႇ	update
ႁုၼ်ႈမႂ်ႇ	upgrade
မႄးသႂ်ႇ	upgrade
တၢင်းၼိူဝ်	upon
ၸႂ်လဵၵ်ႉ	upset
ၼႂ်းဝဵင်း	urban
တိုၵ်းသူၼ်းတေႉတေႉဝႃႈဝႃႈ	urge
မၢင်ႉၵိၼ်း	urgent
ႁဝ်းၸိူဝ်းၼႆႉ	us
ၸႂ်ႉတိုဝ်း	use
တၢင်းၸႂ်ႉ	use
ၸႂ်ႉတိုဝ်း	used
ၶဝ်ႈတၢင်းတိုဝ်း	useful
ဢမ်ႇၶဝ်ႈတၢင်းတိုဝ်း	useless
ၵႆႉပဵၼ်	usual
ၵႆႉၵႆႉ	usually
ၶဝ်ႈတၢင်းတိုဝ်း	utility
လႄႇၶၢဝ်းတၢင်းပွတ်း	vacation
ယႃႈႁေႈၵင်ႈ တၢင်းပဵၼ်	vaccination
ယႃႈႁေႉတၢင်းပဵၼ်	vaccine
ၵၢင်ႁၢဝ်	vacuum
ဢမ်ႇလပ်းလွင်း	vague
လွင်ႈတၢင်းၵိုမ်းၶိူင်ႇ	valid
ဝၢဝ်ႇလွၺ်	valley
ၵႃႊယႂ်ႇ	valuable
ၵႃႊၼႃႇ	value
ၵႃႊၶၼ်	value
ပႅၵ်ႈပိူင်	variety
ၵူႊမဵဝ်းမဵဝ်း	various
ပိူင်ႈပႅၵ်ႈ	vary
ၼမ်ႉတဝ်ႈ	vase
လၢတ်ႈၵႂၢင်ႈ	vast
ၽၵ်းယိူဝ်ႈလၢင်းၶဵဝ်	vegetable
ၽၵ်းယိူဝ်ႈလၢင်းၶဵဝ်	vegetables
လႅင်	vehicle
ၵူၼ်းၶၢႆ	vendor
မဵဝ်းၵွင်ႉႁၢႆႉ	venom
ၸုၼ်ႉႁဵတ်းပၢႆးမၢၵ်ႈမီး	venture
တီႈႁူပ်းထူပ်းၵၼ်	venue
ၸႅတ်ႈတူၺ်း	verify
လွင်ႈတၢင်းၵူႊလွင်ႈ	versatile
လၢႆးႁွင်ႉ	version
ၶဝ်ႈသုၼ်ႇတင်ႈလီ	vertical
ႁႅင်းႁႅင်း	very
ၶႅမ်ႉတေႉ	very good
ႁိူဝ်း	vessel
လုၵ်ႉၼႆႈသေ	via
ၶုၺ်ႉႁူႉလွင်ႈၵပ်းသိုပ်ႇ	vibe
ၶုၺ်ႉႁူႉလွင်ႈၵပ်းသိုပ်ႇ	vibes
မိူၵ်ႈမႂ်ႈ	vicious
ၵူၼ်းပၢႆႊၽေး	victim
ငဝ်းႁၢင်ႊ	video
တူၺ်း	view
မူႇဝၢၼ်ႈ	village
ၽူႈႁၢႆႉ	villain
လဝ်ႈ	vinegar
လဝ်ႈ	vintage
လၢႆးႁူၵ်းႁၢႆႉ	violence
ဢၼ်ပေႉၵိၼ်	violent
ယွၼ်ႉမႅင်းဝၢႆးရၢတ်ႉ	viral
သၢဝ်သူၺ်ႇပီႇ	virgin
ထိုင်တီႈ	virtual
ၽူႈသူင်သိၼ်	virtue
တႃႈယိူင်း	vision
တီႈလႄႇ	visit
ထွင်ႊ	visit
ႁၼ်လႆႈၸႅင်ႈ	visual
ဢမ်ႇမီးဢမ်ႇပဵၼ်	vital
ဝီးဝိတ်ႇ	vivid
ထွၺ်ႈၵႂၢမ်း	vocabulary
သဵင်	voice
ပဝ်ႇပူင်	void
တၢင်ႉႁႅင်းသဵင်	volume
ၽူႈၸွၺ်ႈၽႂ်ႇ	volunteer
ႁၢၵ်ႈ	vomit
ထုၵ်ႈဢွၵ်ႇမႃး	vomit
ၸုတ်ႈဢူၼ်ႈ	vulnerable
ၵႃႊၸၢင်ႈ	wage
ၵေႃႊႁႅင်း	wages
ဢႅဝ်	waist
ပႂ်ႉ	wait
ၵူၼ်းတမ်းၽိူၼ်	waiter
ပႂ်ႉ	waiting
ပူၵ်း	wake
ၼွၼ်းတိုၼ်ႇ	wake up
ပႆတၢင်း	walk
ပႆတၢင်း	walking
ၽႃ	wall
ဢႅပ်ႇငိုၼ်း	wallet
လႄႇၵႂႃႇတိၵ်းတိၵ်း	wander
ၶႂ်ႈပဵၼ်	wanna
ၶႂ်ႈလႆႈ	want
ၶႂ်ႈလႆႈ	wanted
ပၢင်တိုၵ်း	war
တူႈသႂ်ႇၶူဝ်း	wardrobe
ႁူင်းဝႆႉၵုၼ်ႇ	warehouse
ဢုၼ်ႇ	warm
ပၼ်ၾၢင်ႉ	warm
ပၼ်ၾၢင်ႉ	warn
ပၼ်ၾၢင်ႉ	warning
သိုၵ်းႁၢၼ်	warrior
ပဵၼ်	was
လၢင်ႉ	wash
ပိၼ်ႉပႅတ်ႈ	waste
တူၺ်း	watch
ၼမ်ႉ	water
တႅင်ၽၢင်	watermelon
ပိူမ်းၼမ်ႉ	wave
သဵၼ်ႈတၢင်း	way
ၸိူဝ်းႁဝ်း	we
ၸိူဝ်းတူႊပဵၼ်	we are
ႁဝ်းႁဵတ်းလႆႈ	we can
ဢၼ်ဢူၼ်ႈဢွၼ်ႇ	weak
တၢင်းၸုတ်ႈဢူၼ်ႈ	weakness
မၢၵ်ႈမီး	wealth
ၾႃႉၾူၼ်	wealthy
ၼုင်ႈ	wear
ၼုင်ႈဝႆႉ	wearing
ၾိင်ႈၾႃႉ	weather
ႁဵတ်းပၢင်ၶႅၵ်ႇ	wedding
ဝၼ်းပုတ်ႉ	Wednesday
တူၼ်ႈပၢင်း	weed
ၵမ်ႊ	week
ဝၼ်းတိတ်ႉသဝ်	weekend
တၢင်းၼၵ်း	weight
ယွင်ႈၼၵ်း	weight
ဢၼ်လၢၵ်ႇလၢႆး	weird
ငိၼ်းၸူမ်းႁပ်ႉတွၼ်ႈ	welcome
ၵမ်ႉၸွၺ်ႈႁႂ်ႈယူႇသႃႇလူမ်	welfare
လီယဝ်ႉ	Well
လီတေႉယဝ်ႉ	well done
ၵႂႃႇ	went
ပဵၼ်	were
ၽၢႆႇဝၼ်းတူၵ်း	west
ယမ်း	wet
ပႃမုင်းလူင်	whale
ဢီႈသင်	what
သူလူး	what about you
သူတိုၵ်ႉႁဵတ်းသင်ယူႇ	what are you doing
မိူဝ်ႈလဵဝ်သူတိုၵ်ႉႁဵတ်းသင်ယူႇ	what are you doing now
သူႁဵတ်းသင်ဝႆႉ	what are you doing right now
မႂ်းၶႂ်ႈလႆႈသင်	what do you do
သူႁဵတ်းၵၢၼ်သင်	what do you do for a living
သူၶႂ်ႈဝႃႈသင်	what do you mean
သူၶႂ်ႈလႆႈသင်	what do you want
ပဵၼ်သင်မႃး	what happened
ပဵၼ်ဢီႈသင်	what is
ၼႆႉပဵၼ်သင်	what is this
သူႁဵတ်းၵၢၼ်သင်	what is your job
ၸိုဝ်ႈသူႁွင်ႉဝႃႈႃႁိုဝ်ၶႃႈ	what is your name
ပဵၼ်ႁိုဝ်ပဵၼ်ႁႃ	what's up
ၸိုဝ်ႈသူႁွင်ႉသင်	what's your name
ပဵၼ်သင်ၵေႃႈလီ	whatever
ၶဝ်ႈမႅၼ်ႇ	wheat
မၢၵ်ႇလေႃႉ	wheel
မိူဝ်ႈလႂ်	when
ပိူၼ်ႁိုဝ်ၵေႃႈလၢႆး	whenever
တီႈလႂ်	where
သူမီးတီႈလႂ်	where are you
သူလုၵ်ႉတီႈလႂ်မႃးၶႃႈ	where are you from
တေႃႈလဵဝ် သူမီးလႂ်	where are you now
သူယူႇတီႈလႂ်	where do you live
တီႈလႂ်	where is
ယွၼ်ႉၼၼ်	whereas
သေတႃႉၵေႃႈ	whether
ဢၼ်လႂ်	which
ၽွင်းမိူဝ်ႈ	while
သွပ်ႉသႅပ်ႉ	whisper
သွပ်ႉသႅပ်ႉ	whistle
သီၶၢဝ်	white
ပဵၼ်ၽႂ်	who
သူပဵၼ်ၽႂ်	who are you
ၽႂ်ၼၼ်ႉ	who is
ပဵၼ်ၽႂ်ၼၼ်ႉ	who is this
တင်းမူတ်း	whole
ၽႂ်	whom
ၶွင်ၽႂ်	whose
ၵွပ်ႈသင်	why
ႁဵတ်းသင်ဢမ်ႇလႆႈ	why not
တိူဝ်ႉမၢတ်ႇ	wicked
ၵႂၢင်ႈ	wide
ႁူးလႅင်း	widow
တၢင်းၵႂၢင်ႈ	width
မေး	wife
လိူင်း	wild
တေ	will
ၸႂ်ၶႂ်ႈသၢင်ႈ	willing
ပေႉ	win
လူမ်းပဝ်ႇ	wind
ႁူးလႅင်း	window
လူမ်းပဝ်ႇ	windy
လဝ်ႈမၢၵ်ႇ	wine
ၶၢဝ်းၵတ်း	winter
ၸတ်းပႅတ်ႈ	wipe
သၢႆၾႆး	wire
တၢင်းႁူႉ	wisdom
ႁူႉၼမ်	wise
ၶေႃႈယွၼ်းသူး	wish
ယွၼ်းသူး	wish
ယွၼ်းသူးပၼ်ယူႇ	wish you all the best
ၽိူဝ်ႉ	witch
တင်း	with
ထုၵ်ႈငိုၼ်း	withdraw
ႁုပ်ႈသိမ်း	withdrawal
ၶဝ်ႈပႃး	within
ဢမ်ႇမီး	without
ၼေလၵ်းထၢၼ်	witness
လၵ်းထၢၼ်	witness
ၺၢၼ်ႉႁုၼ်ႉၼူဝ်	witty
မႃလႆး	wolf
ၽူႈယိင်း	woman
ၽူႈယိင်း	women
ဢွင်ႇပေႉ	won
တေဢမ်ႇ	won't
ၶႂ်ႈႁူႉ	wonder
လီဢၢမ်း	wonderful
မႆႉ	wood
ၶူၼ်တူဝ်း	wool
ၶေႃႈၵႂၢမ်း	word
ၶေႃႈၵႂၢမ်းတူဝ်လိၵ်ႈ	words
ႁဵတ်းၵၢၼ်	work
ၼႃႈၵၢၼ်	work
လဵၼ်ႈႁႅင်းတူဝ်	work out
ႁဵတ်းၵၢၼ်	working
ၶူင်းၵၢင်	world
တိူၵ်ႇလိူၼ်ႊ	worm
ၼုင်ႈ	worn
မႆႈၸႂ်	worried
မႆႈၸႂ်	worry
ၽိတ်း	worse
တိူင်ႇၵၢဝ်ႇ	worship
တၢင်းၽိတ်း	worst
မီးၵႃႈၶၼ်	worth
ၵိုင်ႇတၢၼ်ႇ	worth it
မီးၵႃႊၶၼ်	worthy
တေ	would
ႁွၺ်းၸဵပ်း	wound
ဢူဝ်ႉႁူဝ်	Wow
တႅၼ်	wrap
ၸႂ်လမ်သႆႈၵမ်ႇ	wrath
ၶေႃးမိုဝ်း	wrist
တႅမ်ႈ	write
တႅမ်ႈတီႈၼႆႈ	Write here
တႅမ်ႈ	writing
တႅမ်ႈယဝ်ႉ	written
ၽိတၼ်း	wrong
တႅမ်ႈ	wrote
ဝႃး	yard
ႁၢဝ်ၵၢင်း	yawn
ၽုၺ်ႇဝႆႉ	yawn
ဢိုမ်း	Yeah
ပီႊ	year
ပီႊ	years
ဢွၵ်ႇပူၵ်ႇ	yeast
သႅၼ်ႇ	yell
သီလိူင်	yellow
ၸႂ်ႈ	Yes
ၸႂ်ႈဢိူဝ်ႈ ဢေ	yes baby
ၸႂ်ႈဢိူဝ်ႈ ႁၵ်ႉ	yes dear
ၸႂ်ႈယဝ်ႉ ႁၵ်ႉဢိူၺ်း	yes honey
ၸႂ်ႈယဝ်ႉ ႁၵ်ႉဢိူၺ်း	yes my love
တိုၼ်းပဵၼ်ၼၼ်	yes of course
မိူဝ်ႈဝႃး	yesterday
ဢမ်ႇပႆႇယဝ်ႉ	yet
မွၵ်ႇမႃး	yield
မႂ်း	you
သူပဵၼ်	you are
သူႁၢင်ႊလီတေႉ	you are beautiful
သူႁၢင်ႊလီတေႉယဝ်ႉ	you are so beautiful
ယိၼ်းလီၶႃႈ	you are welcome
သူႁဵတ်းလႆႈဢိူဝ်ႈ	you can
သူႁူႉယူႇ	You know
သူၵေႃႈၶဝ်	you too
ယိၼ်းလီၶႃႈ	you're welcome
ၼုမ်ႇ	young
ၶွင်သူ	your
ယိၼ်းလီၶႃႈ	your welcome
ႁင်းၵွၺ်းသူ	yourself
ၵူၼ်းၼုမ်ႇ	youth
ယိၼ်းလီၼႃ	you’re welcome
ဝၢၼ်တေႉတေႉ	yummy
သုၼ်	zero
