اک	a
تھوڑا جیہا	a little
بہوں زیادہ	a lot
بہوں سارا	a lot of
چھوڑنڑاں	abandon
ویران	abandoned
سہڑاں	abide
صلاحیت	ability
قابل	able
بارے وچ	about
اوتے	above
باہر	abroad
غیر حاضری	absence
غیر حاضر	absent
بالکل	absolutely
ملا ڈیونڑاں	absorb
خلاصہ کرنڑاں	abstract
بے تُکا	absurd
بہوں زیادہ ہوونڑاں	abundance
بہوں سارا	abundant
برا بھلا آکھڑاں	abuse
ناجائز	abuse
لہجہ	accent
قبول کرو	accept
ایکسس	access
راہ	access
حادثہ	accident
موزوں ہونڑاں	accommodation
پورا کرنڑاں	accomplish
پورا کیتا	accomplished
دے مطابق	according
اکاؤنٹ	account
درستی	accuracy
درست	accurate
ملزم ٹہرانڑاں	accused
درد	ache
درد کرنڑاں	ache
حاصل کرنڑاں	achieve
کامیابی	achievement
علم	acknowledge
واقف کار	acquaintance
حاصل کرنڑاں	acquire
کمایا ہویا	acquired
حاصل کرنڑاں	acquisition
پار	across
عمل	act
عمل	action
چست	active
سرگرمیاں	activities
عمل	activity
اداکار	actor
اصل	actual
اصل وچ	actually
شدید	acute
اختیار کرنڑاں	adapt
شامل کرو	add
عادی	addicted
جمع	addition
اضافی	additional
مخاطب کرنڑاں	address
ایڈریس	address
بہوں	adequate
ملیا ہویا	adjacent
صفت	adjective
درست کرنڑاں	adjust
تعریف کرنڑاں	admire
داخل ہونڑاں	admit
جھولی گھنڑاں	adopt
سسوہنڑاں	adorable
پیشگی ڈیونڑاں	advance
بیعانہ	advance
بہوں اعلٰی	advanced
فیدہ	advantage
مُہم	adventure
متعلق فعل	adverb
اشتہار	advertisement
اشتہار بازی	advertising
صلاح	advice
صلاح	advise
وکیل	advocate
وکالت کرنڑاں	advocate
چنگے ذوق آلا	aesthetic
واقعہ	affair
اثر انداز تھیونڑاں	affect
محبت	affection
مالی حیثیت	afford
گنجائش دے قابل	affordable
ڈر	afraid
بعد	after
ڈوپہر	afternoon
ایندے بعد	afterwards
ولا	again
خلاف	against
عمر	age
ایجنسی	agency
ایجنٹ	agent
جھگڑا کرنڑ والا	aggressive
چُست	agile
گزریا ہویا	ago
متفق	agree
معاہدہ	agreement
زمین دی کاشت	agriculture
اگو	ahead
امداد	aid
مقصد	aim
ہوا	air
ایئر پورٹ	airport
بغلی راہ	aisle
الارم	alarm
الکحل	alcohol
الرٹ	alert
جیندا	alive
سارا	all
بالکل ٹھیک	all right
اللہ خیر کرے	all the best
اجازر ڈیوو	allow
اجازت ڈتی گئی	allowed
تقریباً	almost
کلہا	alone
دے نال	along
پہلاں توں	already
درست	Alright
وی	also
متبادل	alternative
فرض کیتا	although
یکے	always
سویرے	am
حیرت وچ سٹنڑنڑ آلا	amazing
گول مول	ambiguous
آرزو	ambition
وڈے حوصلے آلا	ambitious
تبدیلی کرنڑاں	amend
درمیان وچ	amid
درمیان	among
ساڈے بیچ	among us
قیمت	amount
دلچسپ	amusing
ہک	an
تجزیہ	analysis
وڈے بزرگ	ancestors
اینکر	anchor
حادثہ	ancient
تے	and
تے تساں	and you
فرشتہ	angel
غصہ	anger
فرشتہ	angle
رسیا ہویا	angry
جانور	animal
گٹا	ankle
سالانہ تقریب	anniversary
اعلان	announcement
ناراض کرنڑاں	annoy
ناراض کیتا	annoyed
ڈکھ ڈیوڑاں	annoying
سالانہ	annual
نامعلوم	anonymous
ہک ڈوجھا	another
جواب	answer
جواب ڈیونڑاں	answer
پہلے کنے سمجھ وینجڑاں	anticipate
بے چینی	anxiety
بے چین	anxious
کوئی وی	any
ایں ویلے	anymore
کوئی وی	anyone
کوئی وی شے	anything
ہر حال وچ	anyway
کسے وی طرحاں	anyways
انج انج	apart
اپارٹمنٹ	apartment
معافی منگڑاں	apologize
نمایاں	apparent
ظاہر	apparently
دعویٰ کرنڑاں	appeal
حاضر تھیوو	appear
موجودگی	appearance
ظاہر تھیا	appeared
بوکھ	appetite
سیب	apple
درخواست	application
درخواسر ڈیوو	apply
اپائنٹمنٹ	appointment
حوصلہ افزائی کرو	appreciate
قدر قیمت وچ اضافہ	appreciation
درخواست کرنڑاں	approach
شامل کرنڑاں	approach
مناسب	appropriate
منظوری ڈیونڑاں	approval
منظور کرنڑاں	approve
منظور شدہ	approved
تقریباً	approximately
اپریل	april
ظالمانہ	arbitrary
بناونڑ آلا	architect
تعمیر دی طرز	architecture
آرکائیو	archive
ہیں	are
کیا تساں	are you
کیا تساں مصروف ہو	are you busy
تساں شادی شدہ ہو	are you married
تساں شادی شدہ ہو یا غیر شادہ شدہ	are you married or single
کیا تساں ہونڑ تئیں اُتھئیں ہو؟	Are you still there?
کیا تساں موجود ہو	are you there
علاقہ	area
بحث کرنڑاں	argue
دلیل	argument
اُٹھڑاں	arise
بانہہ	arm
آرمی	army
چاریں پاسے	around
ترتیب ڈیوو	arrange
بندوبست کرنڑاں	arrangement
آمد	arrival
آونڑاں	arrive
آ پُجے ہاں	arrived
گستاخی کرنڑ والا	arrogant
تیر	arrow
آرٹ	art
مضمون	article
مصنوعی	artificial
فنکار	artist
ایویں	as
جڈھنڑ تک کہ	as long as
ایندے نال نال	as well
جیویں کہ	as well as
راکھ	ash
شرمسار	ashamed
آکھو	ask
آکھیا	asked
سمیا ہویا	asleep
پہلو	aspect
آسامی	Assamese
حملہ کرنڑاں	assault
اجتماع	assembly
فخر نال آکھڑاں	assertive
اندازہ کرنڑاں	assess
اندازہ لاؤ	assessment
اثاثہ	asset
اثاثے	assets
ذمے لاونڑاں	assign
اسائنمنٹ	assignment
مدد ڈیونراں	assist
معاون	assistant
حصہ دار ہونڑاں	associate
شریک	associated
ایسوسی ایشن	association
فرض کرو	assume
فرض کرنڑاں	assumption
اتے	at
گھٹ توں گھٹ	at least
کھادا	ate
پہلوان	athlete
مل وینجڑاں	attach
جڑیا ہویا	attached
الحاق	attachment
حملہ	attack
کوشش کرنڑاں	attempt
کوشش	attempt
حاصر ہونڑاں	attend
حاضری	attendance
توجہ ڈیوو	attention
ورتاؤ	attitude
آپنڑے پاسے چھکڑاں	attract
کشش	attraction
کشش آلا	attractive
سبب بنڑاونڑاں	attribute
ڈیکھنڑ آلے	audience
اگست	august
چاچی	aunt
ماسی	aunty
بھروسے آلا	authentic
لکھاری	author
اختیار	authority
خزاں	autumn
موجود	available
اوسط	average
پرہیز کرو	avoid
جگاونڑاں	awake
ایوارڈ	award
پتہ ہونڑاں	aware
واقفیت	awareness
پریں	away
حیران کر ڈیونڑ والا	awesome
خوفناک	awful
برا	awkward
آئیمارا	Aymara
بال	baby
کنوارہ	bachelor
پچھے	back
پس منظر	background
ماڑا	bad
بیگ	bag
چارہ لاونڑاں	bait
بھنڑاں	bake
بیکری	bakery
مِٹھا سوڈا	baking soda
موازنہ کرنڑاں	balance
توازن	balance
گیند	ball
بمبارا	Bambara
کیلا	banana
بینڈ	band
وجاونڑاں	bang
بینک	bank
بار	bar
جو	barely
سودا	bargain
چھلکا	bark
بھونکڑاں	bark
جَو	barley
رکاوٹ	barrier
بنیاد	base
بنیاد رکھی	based
تہہ خانہ	basement
بنیادی	basic
بنیادی طور تے	basically
نیازبُو	basil
کم ذات	bastard
بیچ	batch
دھاونڑاں	bath
لیٹرین	bathroom
بیٹری	battery
جنگ	battle
بھونکڑاں	bay
رہو	be
دھیان رکھو	be careful
سمندر	beach
چمکنڑاں	beam
لوبیا	beans
گھن وینجڑاں	bear
برداشت کرنڑاں	bear
ڈاڑھی	beard
ڈھنگ	bearing
درندہ	beast
دھڑکن	beat
دل دا دھڑکڑاں	beat
سوہنڑاں	beautiful
خوبصورتی	beauty
تھی گیا	became
ایں وجہ توں	because
ہونڑاں	become
بسترا	bed
سمنڑ دا کمرہ	bedroom
شہد دی مکھی	bee
گائے دا گوشت	beef
تھے	been
بھالو	beer
پہلاں	before
شروع کیتا	began
شروع کرو	begin
شروع کرنڑاں	beginning
واسطے	behalf
پیش آونڑاں	behave
ورتاؤ	behavior
رویہ	behaviour
پچھو	behind
تھیندے ہوئے	being
ایمان	belief
یقین	believe
پیٹ	belly
ملکیت ہونڑاں	belong
محبوب	beloved
ہیٹھ	below
بیلٹ	belt
پَھٹا	bench
موڑنڑاں	bend
تلے	beneath
فائدہ	benefit
فائدہ ڈیونڑاں	benefit
فیدے	benefits
نال	beside
کسے دے نال نال	besides
بہترین	best
اللہ بہتر کرے	best of luck
نیک تمناواں	best regards
بھلا	better
وچکار	between
شربت	beverage
ڈوجی پاسے	beyond
بھوج پوری	Bhojpuri
طرفداری کرنڑاں	bias
مخالف	biased
سائیکل	bicycle
بولی ڈیونڑاں	bid
وڈا	big
موٹر سائیکل	bike
بل	bill
بدھڑاں	bind
پرندہ	bird
سالگرہ	birthday
ٹکڑا	bit
تروڑاں	bite
زخم	bite
کوڑا	bitter
کالا	black
بلیڈ	blade
الزام	blame
الزام ڈیونڑاں	blame
خالی	blank
کمبل	blanket
دھماکا	blast
بلیچ	bleach
ملاونڑاں	blend
دُعا کرنڑاں	bless
مبارک	blessed
کانڑاں	blind
برکت	bliss
بلاک کرنڑاں	block
رت	blood
کَلی	bloom
تھلے	blow
نیلا	blue
بے حس بناونڑاں	blunt
بورڈ	board
کشتی	boat
جسم	body
ابالڑاں	boil
بہادر	bold
لگاؤ	bond
ہڈی	bone
کتاب وچ لکھڑاں	book
کتاب	book
قوت اچ اضافہ کرنڑاں	boost
زیادتی	boost
بوسٹر	booster
بُوٹ	boot
ہوٹل دا عملہ	boots
حد	border
برداشت کیتا	bore
تھکیا ہویا	bored
آوزار	boring
پیدا تھیونڑاں	born
منگیا ہویا	borrow
باس	boss
ڈوہویں	both
بھرا	bother
بوتل	bottle
تھلے	bottom
گھنیا گیا	bought
شور شرابے نال	bounce
بندش	bound
حداں	boundaries
بو	bow
پیالہ	bowl
ڈبا	box
چھوہر	boy
محبوب	boyfriend
بازو بند	bracelet
دماغ	brain
برانچ	branch
برانڈ	brand
بہادر	brave
خلاف ورزی	breach
روٹی	bread
توڑ پھوڑ	break
تروڑنڑاں	break
ناشتہ	breakfast
چھاتی	breast
ساہ لینڑاں	breath
ساہ	breathe
پالنڑاں	breed
بُلاک	brick
کنوار	bride
برج	bridge
خلاصہ	brief
تیز	bright
شوخ	brilliant
چا آوو	bring
بِھرا	bro
بورڈ	broad
نشر کرنڑاں	broadcast
تروڑیا	broke
ترٹا ہویا	broken
بوہاری	broom
بھرا	brother
ڈیر	brother in law
گھنڑاں	brought
خاکی	brown
برش	brush
بالٹی	bucket
یار	buddy
بجٹ	budget
کھٹمل	bug
تیار کیتا	build
عمارت	building
بنڑایا	built
بہوں سارا	bulk
بیل	bull
ڈراونڑاں	bully
دھکا	bump
گُچھا	bunch
گنڈھوکڑی	bundle
بوجھ	burden
بوجھ سٹڑاں	burden
دفن کیتا	buried
سڑنڑاں	burn
پھٹڑاں	burst
دفن کرنڑاں	bury
بس	bus
جھاڑی	bush
کاروبار	business
تباہ کرنڑاں	bust
مصروف	busy
لیکن	but
مکھنڑ	butter
تتلی	butterfly
بٹنڑ	button
مُل گھنو	buy
ولوں	by
اوویں ہی	by the way
خدا حافظ	bye
بند گوبھی	cabbage
الماری	cabinet
پنجرہ	cage
کیک	cake
بچھڑا	calf
کال	call
پُکارڑاں	call
میکوں کال کرو	call me
سڈنڑاں	called
امن	calm
آ گیا	came
مہم	campaign
قابل ہونڑاں	can
ٹین	can
نہیں کر سکدے	can't
منسوخ کرو	Cancel
کینسر	cancer
لائق	capable
گنجائش	capacity
دارالحکومت	capital
سرخی	caption
قید کرنڑاں	capture
گاڈی	car
کریئر	career
فکر مند	careful
احتیاط نال	carefully
لاپرواہ	careless
خیال رکھن آلا	caring
ترکھانڑ	carpenter
قالین	carpet
گاجر	carrot
چا کے ٹرو	carry
چِھکی رکھو	carry on
باہرو گھن ونجو	carry out
کیس	case
نقد	cash
قوم	cast
قلعہ	castle
عام	casual
بلی	cat
پکڑیا	catch
قسم	category
مال مویشی	cattle
پکڑیا	caught
سبب	cause
سبب دی وجہ	cause
احتیاط	caution
محتاط	cautious
غار	cave
ختم ہونڑاں	cease
آخری حد	ceiling
خوشی مناونڑاں	celebrate
خلیہ	cell
مرکز	center
صدی	century
اناج	cereal
رسم	ceremony
خاص	certain
یقینی طور تے	certainly
سند	certificate
چین	chain
کرسی	chair
ٹوکڑاں	challenge
اعتراض	challenge
موقع	chance
وٹاؤ	change
افراتفری	chaos
کردار	character
خصوصیتاں	characteristics
قیمت	charge
خریت	charity
خوبصورتی	charming
چارٹ	chart
پچھے ٹرنڑاں	chase
بات چیت	chat
بات چیت کرنڑاں	chat
سستا	cheap
دھوکہ ڈیونڑاں	cheat
فریبی	cheating
جائزہ گھنڑاں	check
قابو وچ کرنڑاں	check
گَل	cheek
نعرہ لاونڑاں	cheer
خوش کرنڑاں	cheerful
خوش رہوو	cheers
چیز	cheese
کیمیا	chemistry
عزیز رکھنڑاں	cherish
شطرنج	chess
سینہ	chest
چَباونڑاں	chew
مرغی	chicken
اہم	chief
بال	child
نیاناں	childhood
بال	children
بہوں ٹَھڈا	chill
ٹَھڈا کرنڑاں	chill
ٹَھڈ	chill
چمنیاں	chimneys
بوتھی	chin
چاکلیٹ	chocolate
پسند	choice
چنڑو	choose
ٹکڑے کرنڑاں	chop
کم کاج	chores
گول مٹول	chubby
چرچ	church
دار چینی	cinnamon
دائرہ	circle
حالات	circumstances
شہری	citizen
شہر	city
حق	claim
دعویٰ کرنڑاں	claim
صاف کرنڑاں	clarify
جماعت	class
مٹی	clay
صاف	clean
صاف کرنڑاں	clear
صاف	clear
کلرک	clerk
چلاک	clever
موکل	client
ٹیلا	cliff
آب و ہوا	climate
چڑھڑاں	climb
چمبڑنڑ آلا	clingy
گھڑی	clock
بند کرو	close
غیر عملی	closet
کپڑا	cloth
کپڑے	clothes
بادل	cloud
بادل آلا	cloudy
مسخرہ	clown
اشارہ	clue
بے ڈھنگا	clumsy
گُچھا	cluster
کھیڈ سکھاونڑ آلا	coach
کوئلہ	coal
کنارہ	coast
کوٹ	coat
کافی	coffee
علم رکھنڑ آلا	cognitive
اتفاق	coincidence
ٹھڈا	cold
غائب کرنڑاں	collapse
کالر	collar
رفیق	colleague
ساتھیاں	colleagues
جمع کرنڑاں	collect
جمع کرنڑاں	collection
کالج	college
رنگ	color
بغیر رنگ آلے خیالات غصے وچ سَم تھئین	colorless green ideas slept furiously
رنگ	colour
کالم	column
کنگھی	comb
میل	combination
کَٹھا کرنڑاں	combine
آؤ	come
اِتھاں آؤ	come here
پھلڑاں پھولڑاں	come on
آرام	comfort
آرام دہ	comfortable
آندا پیا ہے	coming
جلدی آندا پیا ہے	coming soon
حکم	command
تبصرہ	comment
کمرشل	commercial
کمیشن	commission
ذمے لاونڑاں	commit
معاہدہ	commitment
مخلص	committed
مال	commodity
عام	common
اطلاع ڈیونڑاں	communicate
گالھہ بول	communication
کمیونٹی	community
ادلہ بدلی کرنڑاں	commute
ہم نشین	companion
کمپنی	company
موازنہ کرنڑاں	compare
مقابلہ	comparison
ترس کھاونڑاں	compassion
ہمدرد	compassionate
موافق	compatible
مقابلہ کرنڑاں	compete
اہل	competent
مقابلہ	competition
مقابلے دا	competitive
شکایت	complain
شکایت	complaint
پوری مقدار	complement
مکمل کرنڑاں	complement
مکمل	complete
مکمل طور تے	completely
پیچیدہ	complex
مرضی	compliance
پیچیدہ	complicated
تعریف کرنڑاں	compliment
حکم پورا کرنڑاں	comply
ترکیب	composition
مرکب	compound
عقل سمجھ	comprehension
جامع	comprehensive
سمجھوتہ کرنڑاں	compromise
سمجھوتہ	compromise
لازمی	compulsory
کمپیوٹر	computer
توجہ نال کم کرنڑاں	concentrate
خیال	concept
تعلق رکھڑاں	concern
تعلق	concern
فکر مند	concerned
ہم آہنگ بنڑاونڑاں	concert
نتیجہ	conclusion
ٹھوس	concrete
سیمنٹ	concrete
سیمنٹ لاونڑاں	concrete
حالت	condition
شرطاں	conditions
طور طریقہ	conduct
جلسہ	conference
اعتراف کرنڑاں	confess
اعتماد	confidence
اعتماد آلا	confident
تصدیق کرو	confirm
تنازعہ	conflict
پریشان ہونڑاں	confused
پریشانی	confusion
مبارکاں	congrats
مبارکباد	congratulation
مبارکاں	congratulations
جوڑا	conjunction
جوڑو	connect
فتح کرنڑاں	conquer
ہوش وچ	conscious
شعور	consciousness
منظوری	consent
منظوری ڈیونڑاں	consent
نتیجے	consequences
حفاظت	conservation
محتاط	conservative
غور کرنڑاں	consider
سوچا سمجھیا	considered
شامل ہونڑاں	consist
ہمواری	consistency
مستقل	consistent
مستقل	constant
ہمیشہ	constantly
قبض	constipation
تعمیر	construction
خرچ کرنڑاں	consume
خرچ	consumption
تعلق پیدا کرنڑاں	contact
تعلق	contact
چھوت	contagious
شامل ہے	contain
مشتمل ہونڑاں	contains
اک زمانہ	contemporary
توہین	contempt
مواد	content
مقابلہ	contest
سیاق وسباق	context
براعظم	continent
جاری رکھو	continue
معاہدہ	contract
گھٹ کرنڑاں	contract
فرق کرنڑاں	contrast
فرق	contrast
حصہ گھنو	contribute
حصہ	contribution
قابو کرنڑاں	control
جھگڑے آلا	controversial
سہولت	convenience
آسان	convenient
گالھہ کرنڑاں	conversation
مذہب تبدیل کرنڑ آلا	convert
مذہب تبدیل کرنڑاں	convert
پُجاونڑاں	convey
منوانڑاں	convince
قائل ٹھیا	convinced
باورچی	cook
پکاونڑاں	cook
پکاونڑاں	cooking
ٹھڈا	cool
بہوں چنگا	cool
تعاون	cooperation
قابو پاونڑاں	cope
تانبا چڑھونوڑاں	copper
کورٹ	core
چھلی	corn
کونا	corner
درست	correct
خرچ کرنڑاں	cost
قیمت	cost
جوڑا ڈیونڑاں	costume
جُھوپڑی	cottage
کپاہ	cotton
صوفہ	couch
کھنگ	cough
کر سکن	could
کونسل	council
تعداد	count
کاؤنٹر	counter
ملک	country
دیہاتی علاقہ	countryside
جوڑا	couple
ہمت	courage
کورس	course
کورٹ	court
خوش اخلاقی	courtesy
کزن	cousin
کورٹ	cover
گاں	cow
ڈرپوک	coward
سکھی	cozy
کیکڑا	crab
کڑک	crack
تروڑنڑاں	crack
چالاکی کرنڑاں	craft
پھانسی ڈیونڑاں	crap
گرجڑاں	crash
گرج	crash
خواہش	craving
رُڑھنڑاں	crawl
دیوانہ	crazy
بنڑاؤ	create
تخلیقی	creative
کریڈٹ	credit
رینگڑاں	creep
گھبراہٹ	creepy
جہاز دا عملہ	crew
جرم	crime
خوشامد کرنڑاں	cringe
جُھکڑاں	cringe
بحران	crisis
معیار	criteria
تشویشناک	critical
تنقید	criticism
فصل	crop
فصلاں	crops
صلیب	cross
منسوخ کرنڑاں	cross
کاں	crow
رش	crowd
رش	crowded
تاج	crown
نازک	crucial
ظالم	cruel
جہاز پھرانڑاں	cruise
دباونڑاں	crush
بِھیڑ	crush
رونڑاں	cry
کھیرا	cucumber
گلے لاونڑاں	cuddle
ثقافت	culture
مکار	cunning
پیالی	cup
الماری	cupboard
قید	curb
علاج	cure
علاج کراونڑاں	cure
کرفیو	curfew
سکھنڑں دا شوق	curiosity
جسوسی کرنڑاں	curious
گھنگریالا	curly
کرنسی	currency
ہونڑیں	current
حال وچ	currently
آفت	curse
پردہ	curtain
گَدّی	cushion
مخصوص	custom
گاہک	customer
رسم رواج	customs
کَٹیا	cut
زخم	cut
سوہنڑاں	cute
سائیکل	cycle
سائیکل چلاونڑاں	cycling
پیو	dad
پِیو	daddy
روزانہ	daily
کھیر دی دکان	dairy
ڈیم	dam
تروڑنڑاں	damage
نقصان	damage
مندے کڈھنڑاں	damn
سِنا کرنڑاں	damp
ڈانس	dance
خطرہ	danger
خطرناک	dangerous
گھیرا	dark
محبوب	darling
شان نال	dash
ڈیٹا	data
چاہنڑے آلے نال مللاقات کرنڑاں	date
تاریخ	date
دھی	daughter
ڈینہہ	day
مریا ہویا	dead
مقرر کیتی حد	deadline
ڈورا	deaf
ونڈڑاں	deal
معاملہ	deal
عزیز	dear
تمام عزیز	Dear All
عریز گاہک	Dear Customer
عزیز والدین	Dear Parents
عزیز سر	Dear Sir
عزیز شاگرداں	Dear students
عزید ٹیم	Dear Team
فوتگی	death
بحث کرنڑاں	debate
خرچ	debit
کباڑ	debris
قرضہ	debt
صدی	decade
سڑنڑاں	decay
مرحوم	deceased
دھوکہ ڈیونڑاں	deceive
دسمبر	december
چنگا	decent
فیصلہ کرو	decide
فیصلہ کیتا	decided
فیصلہ کرنڑاں	decision
جہاز دا تختہ	deck
رد کرو	decline
گھٹاونڑاں	decrease
منسوب کیتا	dedicated
چڑھاوا	dedication
عمل	deed
ڈونگا	deep
ہرنڑ	deer
پہلاں توں	default
شکست	defeat
شکست ڈیونڑاں	defeat
دفاع کرنڑاں	defend
واضح کرنڑاں	define
صحیح طور تے	definitely
تعریف	definition
ڈگری	degree
دیر	delay
دیر کرنڑاں	delay
دیر نال	delayed
نکال ڈیونڑاں	delete
صلاح کرنڑاں	deliberate
ملائم	delicate
مزیدار	delicious
خوشی	delight
خوش تھئے ہاں	delighted
حوالے کرنڑاں	deliver
حوالے کیتا	delivered
ڈیلیوری	delivery
مطالبہ کرنڑاں	demand
مطالبہ	demand
محنت طلب	demanding
جمہوریت	democracy
بھوت	demon
سمجھاونڑاں	demonstrate
انکار کیتا	denied
ٹھوس پن	density
ڈنداں دا ڈاکٹر	dentist
انکار کرو	deny
شعبہ	department
روانگی	departure
بھروسہ کرنڑاں	depend
ترتیب کرنڑاں	deploy
امانت	deposit
امانت رکھنڑاں	deposit
افسردہ	depressed
دباؤ	depression
گہرائی	depth
وضاحت کرو	describe
تفصیل	description
صحرا	desert
حقدار	deserve
نقشہ	design
نقشہ بناونڑاں	design
عہدہ	designation
خواہش	desire
خواہش کرنڑاں	desire
ڈیسک	desk
مایوسی	despair
بے پرواہ	desperate
ایندے باوجود	despite
مٹھا	dessert
منزل	destination
مقدر	destiny
تباہ کرنڑاں	destroy
تباہی	destruction
تفصیل	detail
تفصیلاں	details
سراغ لاونڑاں	detect
ارادہ	determination
مقرر کرنڑاں	determine
پکا ارادہ	determined
مکمل تباہ	devastated
ترقی	develop
ترقی کیتی	developed
ترقی	development
آلہ	device
شیطان	devil
وفادار	devoted
دویہی	Dhivehi
شوگر	diabetes
دست آونڑاں	diarrhea
ڈائری	diary
ڈکشنری	dictionary
کیتا	did
فوت تھیونڑاں	die
مر گیا	died
خوراک	diet
فرق	difference
مختلف	different
مشکل	difficult
کھودو	dig
عزت	dignity
محنتی	diligent
رات دا کھاونڑاں	dinner
ڈُباونڑاں	dip
سدھا	direct
سمت	direction
ناظم	director
خاک	dirt
پلیت	dirty
نااہل	disable
ناکارہ کیتا	disabled
غائب ہونڑاں	disappear
مایوس کیتا	disappointed
تباہی	disaster
رد کرنڑاں	discard
خارج کرنڑاں	discharge
پابندی	discipline
رعایت	discount
تلاش کرنڑاں	discover
تفریق	discrimination
بحث کرو	discuss
بات چیت	discussion
بیماری	disease
بیماریاں	diseases
روپ بدلنڑاں	disguise
نفرت دے قابل	disgusting
تھالی	dish
ڈشاں	dishes
منسوخ کرنڑاں	dismiss
بھیجڑاں	dispatch
ڈسپلے	display
بندوبست	disposal
جھگڑا	dispute
فاصلہ	distance
مختلف	distinct
فرق کرنڑاں	distinguish
تکلیف دا باعث	distress
تقسیم کرنڑاں	distribution
ضلع	district
تنگ کرنڑاں	disturb
دھوکہ ڈیونڑاں	ditch
ڈُبکی لاونڑاں	dive
مختلف	diverse
اختلاف	diversity
تقسیم کرنڑاں	divide
جادو	divine
طلاق ڈیونڑاں	divorce
طلاق	divorce
چکر آونراں	dizzy
کرو	do
کیا تساں	do you
کیا تساں میڈے نال پیار کردے ہو	do you love me
ڈاکٹر	doctor
تحریر	document
غائب واحد	does
نہیں کریندا	doesn't
کتا	dog
ڈوگری	Dogri
کرنڑاں	doing
گڑیا	doll
ڈومین	domain
گھریلو	domestic
نمایاں	dominant
نہ کرو	don't
پریشان نہ تھیوو	Don't worry
عطیہ کرنڑاں	donate
تھی گئے	done
گڈھا	donkey
نشہ	dope
ڈُو کرنڑاں	double
ڈُو	double
شک شبہ	doubt
شک ہونڑاں	doubt
اَٹے دا پیڑا	dough
تھلے	down
ڈاؤن لوڈ کیتا	download
مسودہ	draft
مسودہ تیار کرنڑاں	draft
چھکڑاں	drag
نالی بنڑاونڑاں	drain
ڈرامہ	drama
کھچو	draw
دراز	drawer
ڈرائنگ	drawing
ڈرنڑا	dread
خواب	dream
خواب ڈیکھنڑاں	dream
لباس	dress
سوراخ کرنڑاں	drill
پیونڑاں	drink
شربت	drink
گاڈی چلاؤ	drive
قطرہ	drop
ٹپکڑاں	drop
ٹپکیا	dropped
قحط	drought
نشہ کیتا ہویا	drunk
خشک	dry
بدک	duck
نفاست پسند	dude
واجب	due
ایندی وجہ توں	due to
مندا	dull
گونگا	dumb
ذخیرہ کرنڑاں	dump
معیاد	duration
دوران	during
دھول	dust
فرض	duty
سوچنڑاں	dwell
مرنڑاں	dying
ہر ہک	each
اک ڈوجھا	each other
خواہشمند	eager
باز	eagle
کَن	ear
ابتدائی	earlier
چھیتی	early
کمانڑاں	earn
کَن	ears
زمین	earth
زلزلہ	earthquake
آسانی	ease
آسانی نال	easily
مشرق	east
آسان	easy
کھاؤ	eat
کھاونڑاں	eating
معاشی	economic
معیشت	economy
پاسا	edge
ترتیب ڈیونڑاں	edit
تعلیم	education
اثر	effect
اثر کرنڑ آلا	effective
قابلیت	efficiency
لائق	efficient
کوشش	effort
انڈہ	egg
بینگنڑ	eggplant
انا	ego
اَٹھ	eight
اٹھاراں	eighteen
اسی	eighty
ڈو وچوں ہک	either
وضاحت کرنڑاں	elaborate
بانہہ	elbow
بزرگ	elder
وڈی عمر دا	elderly
پاکیزہ	elegant
عنصر	element
ہاتھی	elephant
گیارہاں	eleven
اہل	eligible
ختم کرنڑاں	eliminate
کوئی وی	else
پریشان کیتا	embarrassed
پریشان کرنڑ آلا	embarrassing
قبول کرنڑاں	embrace
برآمد کرنڑاں	emerge
ہنگامی صورت	emergency
جذباتی	emotional
ہمدردی	empathy
زور ڈیونڑاں	emphasis
زور ڈیوڑاں	emphasize
ملازم	employee
ملازم	employees
مالک	employer
ملازمت	employment
خالی	empty
اہل بنڑاؤ	enable
مقابلہ کرنڑاں	encounter
حوصلہ ڈیوو	encourage
ختم	end
خطرے وچ سٹیا	endangered
محنت	endeavor
برداشت	endurance
برداشت کرنڑاں	endure
دشمن	enemy
توانائی	energy
مصروف	engage
مشغول ہونڑاں	engaged
مصروفیت	engagement
انجن	engine
انجینیئر	engineer
انگریزی	English
بہتر بنڑاؤ	enhance
مزہ کرو	enjoy
بہوں سارا	enormous
بہوں	enough
یقینی بنڑاؤ	ensure
داخل کرنڑاں	enter
تفریح	entertainment
جوش	enthusiasm
جوش والا	enthusiastic
سارا	entire
عنوان دے نال	entitled
ذات	entity
اندرو وینجڑ دا راہ	entrance
منتظم	entrepreneur
لفافہ	envelope
ماحول	environment
بغض	envy
عظیم الشان	epic
وبا	epidemic
برابر	equal
سامان	equipment
انصاف	equity
برابر	equivalent
ربڑ	eraser
خرابی	error
فرار ہونڑاں	escape
خاص طور تے	especially
مضمون	essay
روح	essence
ضروری	essential
قائم کرنڑاں	establish
مقرر کیتا	established
ملکیت	estate
اندازہ لاونڑاں	estimate
اندازہ لایا گیا	estimated
وغیرہ	etc
اندرونی	eternal
اخلاقیات	ethics
قیمت لاونڑاں	evaluate
اندازہ لاونڑاں	evaluation
اتھاں تائیں کہ	even
حالانکہ	even though
شام	evening
ایونٹ	event
آخر کار	eventually
کڈئیں وی	ever
ہر	every
ہر کوئی	everybody
ہر ہک	everyone
ہر شے	everything
ثبوت	evidence
مصیبت	evil
ترقی	evolution
ترقی ڈیونڑاں	evolve
ایو	Ewe
ایکس	ex
بالکل درست	exact
بالکل	exactly
امتحان	exam
معائنہ کرنڑاں	examine
مثال	example
حد کنے ودھنا	exceed
بہوں چنگا	excellent
علاوہ	except
احتجاج	exception
زیادہ	excess
بے حساب	excessive
تبدیلی	exchange
جذباتی	excited
جوش	excitement
دلچسپ	exciting
خصوصی	exclusive
معذرت	excuse
گستاخی معاف	excuse me
نافذ کرنڑاں	execute
نفاذ کرنڑاں	execution
انتظامیہ	executive
مشق	exercise
مشق کرنڑاں	exercise
باہر کڈھ ڈیونڑاں	exhaust
تھکیا ہویا	exhausted
پیش کرنڑاں	exhibit
نمائش	exhibition
موجودہ	exist
وجود دی صورت	existence
موجودہ	existing
باہر نکلو	exit
ودھاؤ	expand
امید کرنڑاں	expect
توقع رکھی اے	expected
خرچے	expenses
ماہنگا	expensive
تجربہ کرنڑاں	experience
تجربہ	experience
تجربہ	experiment
ماہر	expert
معیاد مُک گئی	expired
وضاحت کرو	explain
وضاحت	explanation
ناجائز فائدہ چاونڑاں	exploit
تحقیق کرنڑاں	explore
برآمد	export
ظاہر کرنڑاں	expose
بے نقاب کرنڑاں	exposed
ظاہر کرنڑاں	exposure
اظہار کرو	express
اظہار	expression
ودھاونڑاں	extend
پھیلیا ہویا	extended
وادھا	extension
حد	extent
بیرونی	external
ناپید	extinct
اضافی	extra
کڈھنڑاں	extract
غیر معمولی	extraordinary
آخیر	extreme
بہوں زیادہ	extremely
اکھ	eye
اکھیں	eyes
کپڑا	fabric
نقلی	fabulous
سامنڑاں کرنڑاں	face
منہ	face
آسان کرنڑاں	facilitate
سہولتاں	facilities
سہولت	facility
حقیقت	fact
وجہ	factor
فیکٹری	factory
حقائق	facts
مُرجھاونڑاں	fade
ناکام	fail
ناکام ہونڑاں	fail
ناکامیاب	failed
ناکامی	failure
بے ہوش ہونڑاں	faint
مناسب	fair
صاف	fair
جائز طور تے	fairly
پری	fairy
ایمان	faith
ایماندار	faithful
نقلی	fake
جال	fall
ڈھڑاں	fall
غلط	false
مشہوری	fame
ملدا جلدا	familiar
خاندان	family
قحط	famine
مشہور	famous
چاہنڑ آلا	fan
پَکھا	fan
فینسی	fancy
نویکلا	fantastic
پریں	far
الوداع	farewell
کھیت	farm
زمیندار	farmer
دل کوں بھاونڑ والا	fascinating
فیشن	fashion
تیز	fast
موٹا	fat
مہلک	fatal
قسمت	fate
پیو	father
تھکیڑا	fatigue
خرابی	fault
پسندیدہ	favorite
حمایت	favour
پسندیدہ	favourite
ڈرڑاں	fear
خوف	fear
دعوت	feast
پَر	feather
تصویر بناونڑاں	feature
رنگ روپ	feature
فیچرز	features
فروری	february
بیزار	fed up
فیس	fee
کھاونڑاں ڈیوڑاں	feed
فیڈ بیک	feedback
محسوس کرنڑاں	feel
محسوس کرنڑاں	feeling
پیر	feet
گراونڑاں	fell
سانجھی	fellow
محسوس کیتا	felt
عورت	female
جالی	fence
زرخیز	fertile
تہوار	festival
آنڑاں	fetch
بخار	fever
کجھ	few
گھٹ توں گھٹ تر	fewer
منگیتر	fiance
افسانہ	fiction
فیلڈ	field
ظالم	fierce
پندراں	fifteen
پنجھا	fifty
لڑائی کرنڑاں	fight
لڑائی	fight
بھڑنڑاں	fighting
بناونڑاں	figure
شکل	figure
جواب نکالنڑاں	figure out
فائل	file
بھرنڑاں	fill
بھریا ہویا	filled
فلم	film
گندہ	filthy
آخرکار	finally
مالی	finance
مالی	financial
گولھو	find
گولھو	find out
خالص	fine
جرمانہ	fine
انگلی	finger
ختم کرنڑاں	finish
ختم کیتا	finished
بھا	fire
پِکا کرنڑاں	firm
فرم	firm
اول	first
پہلا ناں	first name
مچھی	fish
چست	fit
پنج	five
ٹھیک کرنڑاں	fix
ٹھیک کر ڈتا	fixed
جھنڈا	flag
بجلی دا چمکڑاں	flash
چَپٹی شے	flat
مَندا	flat
قَصور	flaw
نقص دے بغیر	flawless
فرار تھیونڑاں	flee
فلیش	flesh
اُڈر گیا	flew
مڑنڑاں	flex
لوچ دار	flexible
پرواز	flight
اچانک اُچھالڑاں	flip
جوٹھا پیار	flirt
تڑپاندے ہوئے	flirting
تیرڑاں	float
سیلاب	flood
منزل	floor
اٹا	flour
روانی	flow
وہنڑاں	flow
پُھل	flower
نزلہ	flu
رواں	fluent
روانی نال	fluently
پُھلیا ہویا	fluffy
پتلا	fluid
اُڈارڑاں	fly
نگاہ دا مرکز	focus
نگاہ دے موکز وچ آنڑاں	focus
دُھند	fog
کُہیڑ	foggy
موڑنڑنا	fold
لوک گیت	folks
نقل کرنڑاں	follow
پچھے لگے رہونڑاں	follow up
اگلا	following
کھاونڑاں	food
بھولا	fool
بے وقوف بناونڑاں	fool
پاگل	foolish
پیر	foot
فُٹ بال	football
واسطے	for
مثال دے طور تے	For example
مثال دے طور تے	for instance
تساں واسطے	for you
ممنوعہ	forbidden
قوت	force
پیشنگوئی	forecast
مَتھا	forehead
غیر ملکی	foreign
جنگل	forest
ہمیشہ واسطے	forever
بُھل وینجڑاں	forget
معاف کرنڑاں	forgive
بُھل گئے	forgot
کانٹا	fork
خاکہ بناونڑاں	form
شکل	form
رسمی	formal
قدیم	former
خوش قسمتی نال	fortunately
قسمت	fortune
چالیھہ	forty
بتالیھہ	forty-two
اگے بھیجو	forward
پالنڑاں	foster
لڑائی کیتی	fought
مل گیا	found
قیام	foundation
چار	four
چوڈھاں	fourteen
لومڑی	fox
نازک	fragile
فریم	frame
ڈھانچا	framework
فراڈ	fraud
غیر معمولی شے	freak
مفت	free
آزادی	freedom
جمڑاں	freeze
فریکوئنسی	frequency
اکثر	frequent
جلدی نال	frequently
تازہ	fresh
جمعہ	friday
فرج	fridge
دوست	friend
مہربان	friendly
دوست	friends
دوستی	friendship
ڈرنڑاں	frightened
ڈراونڑاں	frightening
مینڈک	frog
توں	from
اگو	front
جمیا ہویا	frozen
پھل	fruit
مایوس	frustrated
فیول	fuel
فلفوڈا	Fulfulde
مکمل	full
تفریح	fun
فنکشن	function
بنیادی	fundamental
جنازہ	funeral
مزاحیہ	funny
فر	fur
زوردار	furious
فرنیچر	furniture
بیا	further
ایندے علاوہ	furthermore
مستقبل	future
نفع	gain
نفع کمانوڑاں	gain
کھیڈ	game
خالی جاہ	gap
گیراج	garage
کوڑا	garbage
باغ	garden
تھوم	garlic
بوہا	gate
جمع ہونڑاں	gather
اجتماع	gathering
ناپڑاں	gauge
ڈتا	gave
گیئر	gear
جنس	gender
عام	general
عام طور تے	generally
پیدا کرنڑاں	generate
نسل	generation
سوہڑاں	generous
ذہین	genius
قسم	genre
شریف	gentle
اصلی	genuine
اشارہ	gesture
حاصل کرو	get
تیار تھی وینجو	get dressed
تیار ہوونڑاں	get up
جلدی چنگے تھی ویسو	get well soon
نفع	getting
بلا	ghost
تصویر دے نال ڈوجھا فالتو عکس نظر آونڑاں	ghosting
دیو	giant
تحفہ	gift
ادرک	ginger
چھوہیر	girl
محبوبہ	girlfriend
ڈیوو	give
معاف کرنڑاں	give up
ڈِتا	given
خوش	glad
جھلک	glance
شیشہ	glass
چشمہ	glasses
عکس	glimpse
عالمی	global
سنسان	gloomy
دستانے	gloves
چمک	glow
چمکڑاں	glow
چمکنڑاں	glow up
گوند	glue
ونجو	go
شروع کرو	go ahead
روانہ ہوونڑاں	go away
بستر تے وینجو	go to bed
مقصد	goal
مقاصد	goals
بکری	goat
خدا	god
تساں دے اتے اللہ دی رحمت ہووے	god bless you
سفر کرنڑاں	goes
وینجڑاں	going
وینجڑاں	going to
سونا	gold
ٹر گیا	gone
جاندا پیا	gonna
چپکنڑ آلی شے	goo
چنگا	good
ڈوپہر دا سلام	good afternoon
خدا حافظ	good bye
چنگا ڈینھہ	good day
شام دا سلام	good evening
چنگا کم	good job
خوبصورت	good looking
خوش قسمتی	good luck
سویر دا سلام	good morning
میڈے پیارے سویرے دا سلام	good morning my love
رات دا سلام	good night
رب راکھا	goodbye
رات بخیر	goodnight
مال	goods
گوگل	Google
گوگل ترجمہ	Google Translate
ہنس	goose
چمکڑاں	gorgeous
گالھیں کرنڑاں	gossip
مل گیا	got
سمجھ گیاں	got it
سرکاری	government
کَھس گھنڑاں	grab
درجہ	grade
ہولے ہولے	gradually
سند ڈیونڑاں	graduate
دانڑاں	grain
منظور کرنڑاں	grant
منظور کیتا	granted
انگور	grapes
سمجھڑاں	grasp
گھاہ	grass
مشکور	grateful
شکر کرنڑاں	gratitude
قبر	grave
سرمئی	gray
چنگا	great
لالچ	greed
لالچی	greedy
سبز	green
مبارکباد ڈیونڑاں	greet
سلام	greeting
مبارکباداں	greetings
سرمئی	grey
جنگلا	grid
افسوس	grief
پیسڑاں	grind
پکڑ	grip
کریانہ	grocery
دولہا	groom
پورا	gross
میدان	ground
گروپ	group
نشونما	grow
پیداوار	growth
بدمزاج	grumpy
گورانی	Guarani
ضمانت	guarantee
محافظ	guard
اندازہ لاؤ	guess
مہمان	guest
رہنمائی	guidance
رہنمائی کرنڑاں	guide
رہنما	guide
مجرم	guilty
بندہ	guy
لوک	guys
جم خانہ	gym
عادت	habit
وطن	habitat
رکھیا	had
سلام کرنڑاں	hail
وال	hair
ادھا	half
ہال	hall
ہتھ	hand
قابو کرنڑاں	handle
سوہنڑاں	handsome
لٹکاؤ	hang
نمائش کرنڑاں	hang out
واقعہ ہوونڑاں	happen
واقع تھیا	happened
خوشی	happiness
خوشی	happy
سالگرہ مبارک	happy birthday
تواکوں سالگرہ مبارک ہووے	happy birthday to you
نویں سال دی مبارک	happy new year
بھاری	hard
مشکل نال	hardly
شاید ہی کڈھئیں	hardly ever
نقصان پُجاونڑاں	harm
نقصان	harm
خطرناک	harmful
ہم آہنگی	harmony
کڑک	harsh
کٹائی	harvest
ہے	has
نفرت	hate
ہے	have
تہاڈا ڈینھہ چنگا گزرے	have a good day
تساں دا ڈینھہ چنگا ہووے	have a nice day
ناشتہ کرو	have breakfast
مزہ کرو	have fun
کیا تساں کھا گھدا ہے	have you eaten
گھر دا سامان	having
خطرہ	hazard
کُہیڑ	haze
چھوہر	he
اوندے کولہو ہے	he has
او ہے	he is
سر	head
سر درد	headache
ایڑھی	heal
چنگا تھونڑاں	healing
صحت	health
صحت مند	healthy
سنڑو	hear
سنڑیا	heard
دل	heart
حرارت	heat
گرم کرنڑاں	heat
جنت	heaven
بھاری	heavy
پُر جوش	hectic
اوچائی	height
وارث	heir
چوری کرنڑاں	heist
قرار ڈتا گیا	held
جہنم	hell
ہیلو	Hello
ہیلو دوست	hello dear
ہیلو تساں کیویں ہو	hello how are you
ہیلو تساں کیا کریندے پیوے	hello how are you doing
ہیلمٹ	helmet
مدد کرو	help
مددگار	helpful
بعد وچ	hence
زنانی	her
ریوڑ	herd
ایتھاں	here
ترکہ	heritage
شرمانونڑاں	hesitate
ھے	Hey
ہائے	Hi
ہائے تساں دا کیا حال ہے	hi how are you
ہیلو	Hi there
لکیا ہویا	hidden
لکاؤ	hide
پِیر	hierarchy
اوچا	high
خاص گالھہ	highlight
لمبا پیدل سفر	hike
ہائیکنگ	hiking
زندہ دل	hilarious
پہاڑی	hill
مرد	him
اشارہ	hint
ران	hip
کولہے	hips
کرائے تے ڈیونڑاں	hire
بھرتی کرنڑاں	hiring
مذکر	his
تاریخ	history
مارنڑاں	hit
ہمم	Hmm
شوق	hobby
سانبھو	hold
قابو وچ رکھو	hold on
سوراخ	hole
چھٹی	holiday
کھوکھلا	hollow
گھر	home
گھر دا کم	homework
ایماندار	honest
ایمانداری نال	honestly
ماکھی	Honey
عزت	honor
قنات	hood
کنڈا	hook
کودنڑاں	hop
اُمید رکھڑاں	hope
اُمید	hope
پُر امید طور تے	hopefully
ناامید	hopeless
افقی	horizontal
سینگ	horn
خوفناک	horrible
عزت	horror
گھوڑا	horse
ہسپتال	hospital
تواضع	hospitality
میزبان	host
میزبان بنڑاں	host
مخالف	hostile
گرم	hot
ہوٹل	hotel
گھنٹہ	hour
گھنٹے	hours
گھر	house
خاندان	household
کیویں	how
تساں کینجھے ہو	how about you
تساں کیویں ہو	how are you
تساں کیویں ہو	how are you doing
تساں اج کیویں ہو	how are you doing today
اج تساں دا کیا حال ہے	how are you today
تساں کینجھے ہو	how do you do
کینجھا ہے	how is
کنے	how many
کتنا	how much
کتنی واری	how often
تساں دی عمر کیا ہے	how old are you
تساں دا ڈینھہ کینجھا ہا	how was your day
تساں دی رات کیویں گزری	how was your night
تاں	however
مرکز	hub
پایا	hubby
گلے لاونڑاں	hug
پیار کرنڑاں	hug
بہوں وڈا	huge
انسان	human
مسکین	humble
سِنا	humid
ہوا اچ نمی	humidity
سو	hundred
بُکھا	hungry
شکار کھیڈنڑاں	hunt
آندھی	hurricane
جلدی کرنڑاں	hurry
جلدی کرنڑاں	hurry up
ڈکھ ڈیوڑاں	hurt
پایا	husband
دھکا کھاونڑاں	hustle
دھکا	hustle
جھونپڑی	hut
صحت صفائی	hygiene
میں	I
میں	I am
میں ٹھیک ہاں	I am fine
میں کر سکدا آں	I can
میں نمی کر سکدا	I can't
میں کرینداں	I do
میکوں کائینی پتہ	I do not know
میکوں سمجھ کائینی آئی	I do not understand
میں نمی کریندا	I don't
میکوں کائینی پتہ	I don't know
میکوں سمجھ کائینی آیا	I don't understand
میں تہاڈا مطلب نہیں سمجھیا	I don't understand what you mean
میں تہاڈی گالھہ نمی سمجھیا	I don't understand you
میکوں کائینی پتہ	I don’t know
میں کائینی سمجیا	I don’t understand
میڈا خیال ہے	i guess
میڈے کولہو ہا	I had
میڈے کولہو ہے	I have
میں کردا رہیاں	I have been
میکوں امید ہے	I hope so
میکوں پتہ ہے	I know
میکوں پسند ہے	I like
میکوں تساں پسند او	I like you
میکوں محبت ہے	I love
میکوں آپنڑیں وڈے بھرا نال پیار ہے	I love my big brother
میکوں آپنڑیں وڈی بھینڑ نال پیار ہے	I love my big sister
میکوں آپنڑیں پیو نال پیار ہے	I love my father
میکوں آپنڑیں نکے بھرا نال پیار ہے	I love my little brother
میکوں آپنڑیں نکی بھینڑ نال پیار ہے	I love my little sister
میکوں آپنڑیں ماں نال پیار ہے	I love my mother
میکوں تساں دے نال پیار اے	I love you
میکوں تساں نال بہوں پیار ہے	I love you so much
میکوں وی تساں نال پیار اے	I love you too
میڈا مطلب اے	I mean
میں تہاکوں یار کریندا ہاں	I miss you
میں تواکوں بہوں زیادہ یاد کرینداں	I miss you so much
میں سمجھ گیاں	I see
میڈا خیال ہے	I think
میں سمجھدا آں	I understand
میں چاہنداں	I want
میں تواکوں ڈیکھڑاں چاہنداں	I want to see you
میں تیکوں چاہندا ہاں	I want you
میں ہامیں	I was
کریساں	I will
میں ہوواں گا	I would be
میں	I'm
میں ٹھیک ہاں	I'm fine
میں چنگا ہاں	I'm good
میں اتھاں ہاں	I'm here
میکوں معاف کرو	I'm sorry
برف	ice
آئس کریم	ice cream
خیال	idea
مثالی	ideal
ملدا چُلدا	identical
سنیانڑو	identify
شناخت	identity
بیوقوف	idiot
بیکار	idle
جے	if
نظرانداز کرو	ignore
بیمار	ill
غیر قانونی	illegal
بیماری	illness
اِلوکانو	Ilocano
فوٹو	image
تصور کرنڑاں	imagine
فوری	immediate
فوری طور تے	immediately
لامحدود	immense
اثر	impact
اثر کرنڑاں	impact
بے صبر	impatient
عمل وچ آنڑاں	implement
درآمد کرنڑاں	import
درآمد	import
اہم	important
نافذ کرنڑاں	impose
ناممکن	impossible
ٹھپا لاونڑاں	impress
خیال	impression
متاثر کرنڑ والا	impressive
بہتر کرو	improve
بہتری	improvement
وچ	in
ایندے علاوہ	in addition
حقیقت وچ	In fact
دے سامنڑیں	in front of
کرنڑ واسطے	in order to
نامناسب	inappropriate
مقصد	incentive
حادثہ	incident
شامل کرو	include
شامل ہونڑاں	including
آمدن	income
تکلیف ڈیونڑاں	inconvenience
ودھانا	increase
ودھاؤ	increase
ودھایا گیا	increased
یقین نہ کرنڑ دے قابل	incredible
حقیقت وچ	indeed
خودمختار	independent
بھارت	India
نشاندہی کرنڑاں	indicate
مقامی	indigenous
کلہا	individual
صنعت	industry
لاعلاج	inevitable
کھیر پیونڑ آلا بال	infant
انفیکشن	infection
لامحدود	infinity
ورم	inflammation
ودھاوا	inflation
اثر	influence
اثر کرنڑاں	influence
اطلاع ڈیوو	inform
معلومات	information
شیواں	ingredients
جائیداد	inheritance
ابتدائی	initial
پہلا قدم	initiative
نقصان پُجیا	injured
چوٹ	injury
معصوم	innocent
تبدیلی	innovation
چھان بین	inquiry
دیوانہ	insane
کیڑا مکوڑا	insect
غیر محفوظ	insecure
داخل کرنڑاں	insert
اندرلے پاسے	inside
گھیری نظر	insight
تقاضا کرنڑاں	insist
نیندر نہ آونڑاں	insomnia
ساہ گھنڑاں	inspiration
جوش پیدا کرنڑاں	inspire
انسٹال کرنڑاں	install
واقعہ	instance
فوری	instant
بجائے	instead
دے بجائے	instead of
ہدایتاں	instructions
اوزار	instrument
بے عزتی	insult
بیمہ	insurance
محفوظ	intact
ایمانداری	integrity
ذہنی	intellectual
ذہانت	intelligence
ذہانت	intelligent
ارادہ کرنڑاں	intend
منظور شدہ	intended
تیز	intense
ارادہ	intention
اک ڈوجھے تے عمل کرنڑاں	interact
اشتراک عمل	interaction
دلچسپی	interest
دلچسپی رکھدے آں	interested
دلچسپ	interesting
مداخلت	interfere
ثانوی	intermediate
اندرونی	internal
بین الاقوامی	international
نگرانی وچ تربیت	internship
مداخلت	interpret
ترجمان	interpreter
دخل ڈیونڑاں	interrupt
انٹرویو	interview
قریبی	intimate
دے وچ	into
تعارف کراؤ	introduce
تعارف	introduction
اندرلے پاسے موڑنڑاں	introvert
مشاہدہ	intuition
غیر قانونی	invalid
ایجاد کرنڑاں	invent
فہرست	inventory
سرمایہ لگاونڑاں	invest
تفتیش کرنڑاں	investigate
کانڈھا ڈیونڑاں	invitation
کانڈھا ڈیوو	invite
بِل بناونڑاں	invoice
بِل	invoice
شامل ہونڑاں	involve
شامل ہونڑاں	involved
استری کرنڑاں	iron
استری	iron
ہے	is
جزیرہ	island
سُنسان	isolated
نکلڑاں	issue
انجام	issue
مسئلے	issues
جے	it
ایہہ ہے	it is
ایہہ ہا	it was
ایندا	it's
ٹھیک ہے	it's ok
ٹھیک ہے	It's okay
شے	item
شیواں	items
ایہہ ہے	its
میں ہاں	I’m
جیکٹ	jacket
جیل	jail
جنوری	January
مٹکا	jar
جبڑا	jaw
سِننا	jealous
جھٹکا	jerk
زیور	jewelry
نوکری	job
ہولے درکڑاں	jogging
شامل ہوو	join
جوڑ	joint
لطیفہ	joke
صحافی	journalist
سفر	journey
خوشی	joy
جج	judge
فیصلہ کرنڑاں	judge
جوس	juice
جولائی	july
اچھلڑاں	jump
جون	june
نجات پاونڑاں	junk
انصاف پسند	just
بالکل	just
بس کر سٹو	just do it
انصاف	justice
صحیح ثابت کرنڑاں	justify
کالالیست	Kalaallisut
بہوں گھٹ	keen
رکھو	keep
ایکوں جاری رکھو	keep it up
رکھیا ہویا	kept
کیٹلی	kettle
چابی	key
ٹھوکر مارنڑاں	kick
بال	kid
مذاق کرنڑاں	kidding
گردہ	kidney
بچے	kids
مارنڑاں	kill
رحم دل	kind
قسم	kind
قسم	kinda
مہربان	kindly
رحمدلی	kindness
بادشاہ	king
چُمڑاں	kiss
باورچی خانہ	kitchen
پتنگ	kite
بلی دا بچہ	kitten
گوڈا	knee
جانڑاں	knew
چاقو	knife
گھوڑا	knight
جانڑاں	know
علم	knowledge
جانڑاں گیا	known
کونکنی	Konkani
کریو	Krio
لیبل لگاونڑاں	label
لیبل	label
مزدوری	labor
بال پیدا ہونڑاں	labour
کمی	lack
پوڑھی	ladder
زال	lady
دبیا ہویا	laid
تالاب	lake
بھیڈ	lamb
لنگڑا	lame
شمع	lamp
زمین	land
کنارے	land
قدرتی منظر	landscape
زبان	language
جھولی	lap
کُھلا	large
آخری	last
آخری لیکن گھٹ توں گھٹ نہ	last but not least
آخری ناں	last name
مرحوم	late
تھوڑا عرصہ پہلاں	lately
بعد اچ	later
تازہ ترین	latest
آخری	latter
کھلڑاں	laugh
کھلڑاں	laughing
کھل	laughter
لانچ کرنڑاں	launch
لانڈری	laundry
قانون	law
لان	lawn
وکیل	lawyer
لیٹڑاں	lay
تہہ	layer
ترتیب	layout
سست	lazy
راہنمائی کرنڑاں	lead
قائد	leader
پتہ	leaf
ٹپکڑاں	leak
ٹیکا لاونڑاں	lean
چھال مارنڑاں	leap
سکھڑاں	learn
سکھڑاں	learning
ٹھیکہ ڈیونڑاں	lease
آخیری	least
چمڑا	leather
چھٹی	leave
روانہ ہونڑاں	leave
چھٹیاں	leaves
زیر انتظام	led
باقی	left
لت	leg
ورثہ	legacy
قانونی	legal
روایت	legend
عوامی	legit
فارغ	leisure
قرض ڈیونڑاں	lend
لمائی	length
گھٹ	less
سبق	lesson
اجازت ڈیونڑاں	let
خط	letter
سلاد پتہ	lettuce
درجہ	level
بیرمی نظام	leverage
ذمہ واری	liability
لائبریری	library
چَٹڑاں	lick
جوٹھ بولڑاں	lie
جوٹھ	lie
جوٹھ	lies
حیاتی	life
چاونڑاں	lift
اُتے چاونڑاں	lift
ہلکا	light
روشنی	light
آسمانی بجلی	lightning
پسند	like
بہوں ممکن	likely
ایویں ای	likewise
لکیر	line
لنگالا	Lingala
کڑی	link
شیر	lion
مائع	liquid
فہرست	list
سنڑو	listen
سنڑاں	listening
سچ مچ	literally
ادب	literature
پھیلڑاں	litter
نکا	little
زند رہنڑاں	live
زندہ	live
جگر	liver
حیاتیاں	lives
جیندا جاگدا	living
بیٹھک	living room
چھپکلی	lizard
لوڈ کرنڑاں	load
ٹہلڑاں	loaf
قرض	loan
مقامی	local
جاہ	location
تالا	lock
لاک ڈاؤن	lockdown
لاگ	log
زول نال ہسنا	lol
کلہا	lonely
لما	long
تساں کوں ڈیکھے بہوں ڈینھہ تھی گئین	long time no see
ڈیکھڑاں	look
شکل	look
لوپ	loop
ڈھیلا	loose
ڈھیلا کرنڑاں	loose
حاکم	lord
گنوانڑاں	lose
نقصان	loss
گار تھینڑاں	lost
زیادہ	lot
اوچا	loud
بھالا گھنڑ دا کمرہ	lounge
محبت کرنڑاں	love
پیار	love
تساں کوں پسند کریندے آں	love you
سوہنڑاں	lovely
گھٹ	low
گھٹ	lower
وفادار	loyal
وفاداری	loyalty
قسمت	luck
خوش قسمت	lucky
یوگنڈا	Luganda
زبان	luggage
گُٹھلی	lump
ڈوپہر دا کھاونڑاں	lunch
پھیپھڑے	lungs
عیش پرست	luxury
لمے پانڑاں	lying
مشین	machine
دیوانہ	mad
میڈم	madam
بنڑیا ہویا	made
رسالہ	magazine
عالیشان	magnificent
ملازمہ	maid
اہم	main
برقرار رکھو	maintain
مرمت	maintenance
میتھلی	Maithili
اہم	major
میجر	major
اکثریت	majority
بنڑاؤ	make
سنگھار کرنڑاں	make up
مرد	male
مال	mall
مرد	man
انتظام کرو	manage
انتطامیہ	management
منتظم	manager
ضروری	mandatory
ظاہر	manifest
گٹھ جوڑ کرنڑاں	manipulate
طور طریقہ	manner
ہتھ نال	manual
بہوں کجھ	many
خوشی دا ایہہ ڈینھہ ولا ولا آوے	many many happy returns of the day
مارچ	march
حاشیہ	margin
مارکیٹ	market
شادی	marriage
شادی شدہ	married
ماسک	mask
ڈھیر	mass
ٹھوس	massive
ماسٹر	master
جوڑ	match
کھیڈنڑاں	match
شادی کرنڑاں	mate
سامان	material
حساب	math
واقعہ	matter
اہم ہونڑاں	matter
واجب	maturity
ممکن ہونڑاں	may
کنواری	may
تھی سکدا اے	maybe
میں	me
میڈا وی	me too
کھاونڑاں	meal
مطلب	mean
عام	mean
مطلب	meaning
مطلب	means
مطلب تھیا	meant
دوران وچ	meanwhile
ناپو	measure
تدبیراں	measures
گوشت	meat
میڈیکل	medical
دوا	medicine
مسلسل سوچ	meditation
ذریعہ	medium
ملو	meet
ملاقات	meeting
مٹیلین	Meiteilon
گھلڑاں	melt
یاداں	memories
یادداشت	memory
ذہنی	mental
ذکر کرنڑاں	mention
منصوبہ بناونڑاں	mentioned
استاد	mentor
سوداگر	merchant
رحمت	mercy
صرف	merely
میری کرسمس	merry christmas
گند	mess
پیغام	message
بے ترتیب	messy
دھات	metal
طریقہ	method
چوہے	mice
درمیانی	middle
ادھی رات	midnight
تھی سکدا اے	might
درمیانی	mild
ترقی دا نشان	milestone
فوج	military
کھیر	milk
ڈاہ لکھ	million
ضمیر	mind
بُرا مناونڑاں	mind
سوچنڑ دا انداز	mindset
کان	mine
میڈا	mine
ملاونڑاں	mingle
نکا	minor
منٹ	minute
منٹاں	minutes
کرشمہ	miracle
شیشہ	mirror
مختلف شیواں	miscellaneous
شرارتی	mischievous
ڈکھی	miserable
آفت	misery
ناکام رہنڑاں	miss
تساں کوں یاد کریندے آں	miss you
غائب	missing
فرض	mission
دُھند	mist
غلطی	mistake
میزو	Mizo
موبائل	mobile
مذاق اُڈارنڑاں	mock
نمونہ	model
معتدل	moderate
اعتدال اتے آنڑاں	moderate
جدید	modern
معمول جھا	modest
تر	moist
نمی	moisture
پھپھوندی لگڑاں	mold
پھپھوندی	mold
تِل	mole
ماں	mom
ویلا	moment
سوموار	monday
پیسہ	money
مانیٹر	monitor
بندر	monkey
منہ	month
موڈ	mood
بیزار	moody
چندر	moon
اخلاقی	moral
ودھ	more
اس دے سوا	moreover
سویرے	morning
رہن	mortgage
سب کنے ودھ	most
زیادہ تر	mostly
ماں	mother
حرکت	motion
تحریک	motivation
پہاڑ	mountain
چوہا	mouse
منہ	mouth
منتقل کرنڑاں	move
تحریک	movement
فلم	movie
شادی شدہ زال	mrs
بہوں ودھ	much
دلدل	mud
کٹورا	mug
پٹھا	muscle
عجائب گھر	museum
کھمبی	mushroom
موسیقی	music
فرض	must
کچی شراب	must
چپ کروانڑاں	mute
مشترکہ	mutual
میڈا	my
میڈے پیارے	My dear
میڈا دوست	my friend
میڈا ہوور کرفٹ ایلاں نال بھریا ہویا ہے	My hovercraft is full of eels
میڈا پیار	my love
میڈا ناں ہے	my name is
میڈی خوش قسمتی ہے	my pleasure
آپنڑیں آپ کوں	myself
پراسرار	mysterious
راز	mystery
فرضی گالھیں	myth
نحوں	nail
سدھا سادا	naive
ناں	name
بیانیہ	narrative
سوڑا	narrow
ناپاک	nasty
قومی	national
قومیت	nationality
مقامی	native
قدرتی	natural
قدرت	nature
متلی	nausea
کولہو	near
کولہو	nearby
کولہو کولہو	nearly
صاف	neat
ضروری	necessary
گِچی	neck
ہار	necklace
ضرورت ہونڑاں	need
فوری ضرورت	need
منفی	negative
نظر انداز کرنڑاں	neglect
سودا کرنڑاں	negotiate
ہمسائے	neighbor
ہمسائے	neighborhood
ڈوہویں وچوں کوئی ہک وی کائینا	neither
بھتریجا	nephew
کمزور	nerd
پریشان	nervous
گھونسلا	nest
جالی	net
نیٹ ورک	network
قدرتی	neutral
کڈئیں وی نہ	never
کڈھئیں ہمت نہ ہارو	never give up
برا نہیں میندا	never mind
کوئی گالھہ نہیں	nevermind
ایس دے باوجود	nevertheless
نواں	new
خبراں	news
اگلا	next
دے نال	next to
اچھا	nice
تساں نال مل کے خوشی تھئی اے	nice to meet you
بھڑینجی	niece
رات	night
ڈرونڑاں خواب	nightmare
نئوں	nine
انویھہ	nineteen
نوّے	ninety
نہ	No
کوئی مسئلہ کائینی	no problem
بالکل وی نہ	no way
کوئی وی نہ	nobody
شور	noise
شور آلا	noisy
کوئی وی نہ	none
ڈوپہر	noon
نہ	nope
نہ تے	nor
عام	normal
شمال	north
نک	nose
ماضی دی یاد	nostalgic
کائینا	not
بالکل وی کائیناں	not at all
برا کائینی	not bad
ہونڑیں نہ	Not now
ہنڑ تائیں نہ	not yet
نوٹ	note
اہم	noted
کجھ وی نہ	nothing
غور کرنڑاں	notice
نوٹس کیتا	noticed
اسم	noun
اسم	nouns
ناول	novel
نومبر	november
ہونڑ	now
اج کل	nowadays
تکلیف	nuisance
خالی	null
سن کرنڑاں	numb
نمبر	number
نرس	nurse
اخروٹ	nut
جائفل	nutmeg
خوراک	nutrition
حلف	oath
موٹاپا	obesity
فرمانبرداری کرنڑاں	obey
شے	object
حقیقی	objective
پابندی	obligation
اندھارا	obscure
مشاہدہ کرنڑاں	observation
غور کرنڑاں	observe
وہم دل وچ بیہہ گئے	obsessed
وہم کرنڑاں	obsession
پرانڑاں	obsolete
آڑ	obstacle
حاصل کرنڑاں	obtain
جاری ہویا	obtained
صاف	obvious
واضح طور تے	obviously
کڈھئیں کڈھئیں	occasionally
پیشہ	occupation
قبضہ کیتا	occupied
واقع ہونڑاں	occur
واقع تھیا	occurred
ہوونڑاں	occurs
سمندر	ocean
اکتوبر	october
بے جوڑ	odd
فرق	odds
دا	of
بے شک	of course
بند	off
خراب	offensive
تجویز	offer
تجویز کرنڑاں	offer
آفس	office
سرکاری	official
کڈھئیں	often
اوہ	Oh
اوہ واقعی	oh really
تیل	oil
ٹھیک ہے	ok
ٹھیک ہے دوست	ok dear
ٹھیک ہے مٹھی	ok honey
ٹھیک ہے میڈے سوہنڑے	ok my love
ٹھیک ہے	okay
ٹھیک ہے میڈی جان	okay baby
ٹھیک ہے دوست	okay dear
ٹھیک ہے مٹھی	okay honey
میڈے پیار ٹھیک ہے	okay my love
پرانڑاں	old
اتے	on
ہک واری	once
ہک	one
ہک زبان کافی نہیں ہوندی	one language is never enough
وصل	onion
آن لائن	online
صرف	only
کھولو	open
آپریشن	operation
رائے	opinion
موقعے	opportunities
موقع	opportunity
ضد	opposite
امید نال رہونڑاں	optimistic
اختیار	option
اختیاری	optional
یا	or
اورنج	orange
کینو	orange
حُکم	order
حُکم ڈیونڑاں	order
معمولی	ordinary
تنظیم	organization
تبدیلی لاونڑاں	orientation
بنیاد	origin
اصل	original
اورومو	Oromo
یتیم	orphan
بیا	other
ایس دے علاوہ	otherwise
ضروری ہونڑاں	ought
سہاڈا	our
ساڈا مشن: ہر اک نوں، ہر جاہ تے دنیا نوں سمجھنڑ تے وکھری بولیاں وچ آپنڑاں اظہار کرنڑ دے قابل بناونڑاں۔	Our mission: to enable everyone, everywhere to understand the world and express themselves across languages.
ساڈا مشن: دنیا دی معلومات کوں منظم کرنڑاں تے پوری دنیا وچ اینکوں رسائی دے قابل تے فائدہ مند بناونڑاں۔	Our mission: to organize the world's information and make it universally accessible and useful.
باہر	out
نتیجہ	outcome
کپڑے	outfit
کیتی جاونڑ آلی	outgoing
نکلنڑ دی راہ	outlet
خاکہ	outline
باہر	outside
غیر معمولی	outstanding
اوون	oven
اوتے	over
اُتھاں	over there
مجموعی	overall
ہراونڑاں	overcome
زیادہ سوچڑاں	overthinking
جذباتی	overwhelmed
بہوں زیادہ	overwhelming
قرض دار ہونڑاں	owe
الو	owl
زاتی	own
مالک ہونڑاں	own
مالک	owner
سانڈ	ox
رفتار	pace
بدھڑاں	pack
بدھنڑاں	package
ادا شدہ	paid
درد	pain
رنگ	paint
مصوری	painting
جوڑا	pair
پیلا	pale
ہتھیلی	palm
پرات	pan
وبا	pandemic
دہشت	panic
پینٹ	pants
پرچہ	paper
جنت	paradise
اکو جیہا	parallel
پارسل	parcel
معافی ڈیونڑاں	pardon
ماں پیو	parents
پارک	park
طوطا	parrot
پارسلے	parsley
حصہ	part
شامل ہونڑاں	participate
مخصوص	particular
خاص طور تے	particularly
ساتھی	partner
دعوت	party
پاس	pass
راہ	passage
ٹُر گیا	passed
جذبہ	passion
جذباتی	passionate
سست	passive
پاس ورڈ	password
ماضی	past
تھگڑی	patch
راہ	path
درد آلا	pathetic
صبر	patience
مریض	patient
صابر	patient
نمونہ	pattern
تھوڑی دیر رُکڑاں	pause
پَکّی روڈ	pavement
ادائیگی کرو	pay
ادا کرنڑاں	payment
امن	peace
پرامن	peaceful
آڑو	peach
چوٹی	peak
ناشپاتی	pear
مٹر	peas
خاص	peculiar
مٹر	pee
چھوٹا پیشاب کرنڑاں	pee
چِھلڑاں	peel
برابر	peer
ہم جھولی	peers
قلم	pen
پنسل	pencil
زیر غور	pending
لوک	people
کالی مرچ	pepper
ڈیکھڑاں	perceive
مینھ	perception
مکمل کرنڑاں	perfect
انجام ڈیوو	perform
کارکردگی	performance
شید	perhaps
ویلا	period
مستقل	permanent
اجازت	permission
اجازت ڈیونڑاں	permit
استقامت	perseverance
ثابت قدم	persistent
بندہ	person
ذاتی	personal
شخصیت	personality
منظر	perspective
منوانڑاں	persuade
بچاؤ	pervert
پالتو	pet
دور	phase
انوکھی شے	phenomenon
فلسفہ	philosophy
فون	phone
تصویر	photo
جملہ	phrase
جسمانی	physical
چنڑاں	pick
چاؤ	pick up
تصویر	picture
ٹکڑا	piece
ٹکڑے	pieces
سور	pig
کبوتر	pigeon
ڈھیر	pile
سرانڑاں	pillow
پائلٹ	pilot
پِن	pin
انناس	pineapple
گلابی	pink
کَھڈ	pit
کم شروع کرنڑاں	pitch
ہمدردی	pity
مقرر کرنڑاں	place
جاہ	place
جاہواں	places
طاعون	plague
سادہ	plain
منصوبہ	plan
جہاز	plane
پودا	plant
پودے	plants
پلیٹ	plate
پلیٹ فارم	platform
کھیڈڑاں	play
کھیڈ	play
کھیڈڑاں	playing
خوشگوار	pleasant
مہربانی	please
خوش	pleased
خوشی	pleasure
ضمانت	pledge
بہوں زیادہ	plenty
پلاٹ	plot
پلگ	plug
آلو بخارا	plum
پلمبر	plumber
جمع	plural
پوڈکاسٹ	podcast
نظم	poem
شاعری	poetry
نقطہ	point
زہر	poison
پولیس	police
پالیسی	policy
خوش اخلاق	polite
آلودگی	pollution
تالاب	pond
پول	pool
تھک وینجڑاں	poop
غریب	poor
پھٹراں	pop
مشہور	popular
آبادی	population
سور دا گوشت	pork
دلیہ	porridge
بندرگاہ	port
عہدہ	position
مثبت	positive
ماک ہوونڑاں	possess
قبضہ	possession
قبضے دے متعلق	possessive
ممکن	possible
اشتہار ڈیونڑاں	post
عہدہ	post
ملتوی کرنڑاں	postpone
آلو	potato
اختیار	potential
پاؤنڈ	pound
غریبی	poverty
طاقت	power
طاقتور	powerful
تجربہ	practical
عمل کرنڑاں	practice
عمل	practice
تعریف کرنڑاں	praise
شرارت	prank
دعا	pray
قیمتی	precious
صاف	precise
بالکل ٹھیک	precisely
پیشنگوئی کرنڑاں	predict
ترجیح ڈیوو	prefer
ترجیح	preference
حاملہ	pregnant
بے انصافی کرنڑاں	prejudice
عمارت	premises
پریمیم	premium
تیاری	preparation
تیاری کرو	prepare
تیار کیتا	prepared
حرف ربط	preposition
موجودگی	presence
تحفہ	present
موجودہ وقت	present
پریزنٹیشن	presentation
محفوظ کرنڑاں	preserve
صدر	president
دباونڑاں	press
بِھیڑ	press
دباؤ	pressure
بہانہ کرنڑاں	pretend
خوبصورت	pretty
چنگے طریقے نال	pretty
روکڑاں	prevent
پچھلا	previous
شکار	prey
قیمت	price
فخر کرنڑاں	pride
پادری	priest
پرائمری	primary
اہم ترین	prime
شہزادی	princess
پرنسپل	principal
افضل	prior
ترجیح	priority
قید خانہ	prison
رازداری	privacy
پرائیویٹ	private
بری کرنڑاں	privilege
انعام	prize
امکان ہونڑاں	probably
مسئلہ	problem
طریقہ	procedure
اگے ونجو	proceed
عمل کرنڑاں	process
طریقہ	process
پیدا کرنڑاں	produce
پراڈکٹ	product
پیداوار	production
پیشہ	profession
پیشہ ور	professional
پروفائل	profile
منافع	profit
چاونڑاں	profound
ترقی کرنڑاں	progress
ترقی	progress
منصوبہ	project
نمایاں	prominent
وعدہ کرنڑاں	promise
وعدہ	promise
ترقی ڈیونڑاں	promote
ترقی	promotion
فوری	prompt
جھکیا ہویا	prone
تلفظ	pronouns
تلفظ	pronunciation
ثبوت	proof
مناسب	proper
چنگی طرحاں	properly
خصوصیتاں	properties
جائیداد	property
تجویز	proposal
امکان	prospect
کامیابی	prosperity
خوشحال	prosperous
تحفظ	protect
مغرور	proud
ثبوت	prove
ڈیوو	provide
ڈے ڈتا گیا	provided
صوبہ	province
فراہم کرنڑاں	provision
جوانی	puberty
عوام	public
چھکو	pull
کدو	pumpkin
وقت دا پابند	punctual
شاگرد	pupil
گھنو	purchase
خالص	pure
جامنی	purple
مقصد	purpose
پرس	purse
پچھو لگے رہنڑاں	pursue
جستجو	pursuit
دھکا ڈیوو	push
رکھو	put
تعلیم	qualification
معیار	quality
معیار	quantity
قرنطینہ	quarantine
جھگڑا	quarrel
جھگڑنڑاں	quarrel
چوتھائی	quarter
کیچوا	Quechua
شہزادی	queen
نرالا	queer
سوال	query
سوال	question
قطار	queue
قطار بناونڑاں	queue
فوری	quick
فوری طور تے	quickly
چپ	quiet
سووڑ	quilt
چھوڑو	quit
بہوں کجھ	quite
بالکل	quite
پہیلی	quiz
حوالہ	quotation
حوالہ ڈیونڑاں	quote
حوالہ	quote
حوالے	quotes
خرگوش	rabbit
ریس	race
غصہ	rage
مینھ	rain
چاونڑاں	raise
اُتے چاونڑاں	raise
چایا ہویا	raised
ستلی	ran
بے ترتیب	random
حد	range
بہوں تیز	rapid
تیزی نال	rapidly
غیر معمولی	rare
کڈئیں کڈھئیں	rarely
پھرتی نال	rash
چوہا	rat
ریٹ	rate
بہوں حد تائیں	rather
شرح	ratio
سمجھدار	rational
لین	raw
ری	re
پُجو	reach
پُج گیا	reached
رد عمل	reaction
پڑھو	read
پڑھنڑاں	reading
تیار	ready
اصلی	real
حقیقت	reality
احساس کرنڑاں	realize
حاصل کیتا ہویا	realized
واقعی	really
گھٹ	rear
وجہ	reason
مناسب	reasonable
ولا کال کرو	recall
رسید	receipt
وصول کرو	receive
وصول کیتا	received
نواں تازہ	recent
ہونڑیں ہونڑیں	recently
استقبالیہ	reception
ترکیب	recipe
لاپرواہ	reckless
شناخت کرنڑاں	recognition
سنیانڑو	recognize
تجویز کرنڑاں	recommend
سفارش کیتی	recommended
ریکارڈ	record
ریکارڈ کرنڑاں	record
واپس گھنڑاں	recover
وصولی	recovery
مستطیل	rectangle
سرخ	red
بچا گھنڑاں	redeem
چھڑوانوڑاں	redemption
گھٹ کرو	reduce
فالتو	redundant
حوالہ	refer
حوالہ	reference
عکس	reflect
ریفلیکشن	reflection
رکڑاں	refrain
سردخانہ	refrigerator
واپس کرنڑاں	refund
انکار کرنڑاں	refuse
انکار کیتا	refused
خیال کرنڑاں	regard
دے متعلق	regarding
بے لحاظ	regardless
مخلص	regards
علاقہ	region
رجسٹر	register
افسوس	regret
باقاعدہ	regular
باقاعدگی نال	regularly
رد کرنڑاں	reject
بیان کرنڑاں	relate
متعلقہ	related
رشتہ	relationship
موصول	relative
رشتے دار	relative
رشتہ دار	relatives
آرام کرنڑاں	relax
آزادی	release
آزاد کرنڑاں	release
جاری کیتا گیا	released
متعلقہ	relevant
بھروسے آلا	reliable
امداد	relief
حمایت کرنڑاں	relieve
حمایت کیتی	relieved
مذہب	religion
مذہبی	religious
ضدی	reluctant
بھروسہ کرنڑاں	rely
باقی ہونڑاں	remain
باقی	remaining
نمایاں	remarkable
علاج	remedy
یاد رکھو	remember
یاد ڈیواونڑاں	remind
یاد کروانڑاں	reminder
ریموٹ	remote
ہٹاؤ	remove
ڈیونڑاں	render
کرایہ	rent
مرمت کرنڑاں	repair
دہراؤ	repeat
ادل بدل کرنڑاں	replace
جواب	reply
جواب ڈیونڑاں	reply
اطلاع ڈیونڑاں	report
اطلاع	report
نمائندگی کرنڑاں	represent
عزت	reputation
درخواست	request
عرض کرنڑاں	request
ضروری	require
ضرورت اے	required
بچاونڑاں	rescue
تحقیق	research
رلدا ملدا	resemble
بُرا مناونڑاں	resentment
قید	reservation
محفوظ کرنڑاں	reserve
رہائشی	resident
استعفٰی ڈیونڑاں	resign
لچک	resilience
لوچ آلا	resilient
مقابلہ کرنڑاں	resist
مدافعت دی طاقت	resistance
نارمل ہونڑاں	resolution
حل کرنڑاں	resolve
گزرنڑاں	resort
وسائل	resources
عزت	respect
عزت کرنڑاں	respect
جواب ڈیونڑاں	respond
جواب	response
ذمہ واری	responsibility
ذمہ وار	responsible
آرام	rest
رحمت وچ جاہ ملے	rest in peace
ریسٹورینٹ	restaurant
واپس آنڑاں	restore
پابند	restrict
نتیجہ	result
نتیجے	results
ولا شروع کرو	resume
پرچون ویچڑاں	retail
رکھو	retain
یاد رکھنڑاں	retention
ریٹائر ہویا	retired
پِچھے ہٹڑاں	retreat
ولا حاصل کرنڑاں	retrieve
واپس کرنڑاں	return
ظاہر کرو	reveal
ظاہر کیتا	revealed
بدلہ	revenge
آمدن	revenue
پُٹھا چلاونڑاں	reverse
تبصرہ	review
تبصرہ کرنڑاں	review
دہراؤ	revise
دہرانڑاں	revision
انقلاب	revolution
انعام	reward
روانی	rhythm
پسلی	rib
اول	rice
امیر	rich
پیچھا چھڑاونڑاں	rid
سواری کرنڑاں	ride
سواری	ride
مذاق اڈارنڑاں	ridiculous
سجے	right
درست	right
بالکل ہونڑیں	right now
بے لوجھ	rigid
مندری	ring
دھونڑاں	rinse
فساد	riot
پھاڑنڑاں	rip
چیرڑاں پھاڑنڑاں	rip
پکا	ripe
اضافہ	rise
مَہنگا ہونڑاں	rise
خطرہ	risk
خطرے وچ سَٹڑاں	risk
رقیب	rival
دریا	river
روڈ	road
بُھنڑاں	roast
بہوں طاقتور	robust
پہاڑ	rock
چھڑی	rod
کردار	role
رڑھکانڑاں	roll
چھت	roof
کمرہ	room
چھت	root
رسی	rope
گندا	rotten
خراب	rough
خراب	roughly
دائرہ	round
روٹ	route
معمول	routine
لائن	row
رَگڑو	rub
ربڑ	rubber
گندگی	rubbish
بدتمیز	rude
قالین	rug
بربادی	ruin
قاعدہ	rule
حاکم	ruler
قوانین	rules
نسو	run
دُرکڑاں	running
دیہاتی	rural
اصل	rush
تیز رفتاری	rush
بوری	sack
مقدس	sacred
قربانی کرنڑاں	sacrifice
محفوظ	safe
محفوظ پرواز	safe flight
حفاطت	safety
سیج	sage
آکھیا	said
سمندری سفر	sail
دریا دا سفر	sailing
دے واسطے	sake
تنخواہ	salary
سیل	sale
سامن	salmon
لونڑ	salt
ہک جینجہا	same
اتھاں وی اوہی ہے	Same here
سادہ	sample
ریت	sand
سنسکرت	Sanskrit
سرائیکی	Saraiki
تعریفی	sarcastic
بے ادب	sassy
ہفتہ	sat
اطمینان	satisfaction
مطمئن	satisfied
راضی کرنڑاں	satisfy
اظمینان ڈیونڑ آلا	satisfying
ہفتہ	Saturday
ساسیج	sausage
جنگلی	savage
محفوظ کرو	save
ڈیکھیا	saw
آکھو	say
فُٹا	scale
دھوکہ ڈیونڑاں	scam
نشان	scar
کمی دے نال	scarce
ڈرنڑاں	scared
اسکارف	scarf
ڈرپوک	scary
وکھریا ہویا	scattered
منظر	scene
نظارہ	scenery
عطر	scent
نقشہ بناونڑاں	schedule
طریقہ	schedule
سکول	school
سائنس	science
سائنسدان	scientist
سائنسدان	scientists
مقراض	scissors
نقص کڈھڑاں	scold
گنجائش	scope
اسکور	score
ردی	scrap
خراش	scratch
چیخڑاں	scream
سکرین	screen
اسکرو	screw
تحریر کرنڑاں	script
سمندر	sea
مہر	seal
گولھو	search
موسم	season
سیٹ	seat
ڈوجھا	second
راز	secret
حصہ	section
محفوظ کرنڑاں	secure
ضمانت	security
ڈیکھو	see
ولا ملسوں	see you
بعد اچ ملدے ہوں	see you later
ولا ملسوں	see you soon
کل ملسوں	see you tomorrow
بیج	seed
گولھڑاں	seek
نظر آونڑاں	seem
لگدا ہے	seems
ڈیکھیا گیا	seen
پابند کرنڑاں	seize
قبصہ	seizure
کڈھئیں کڈھئیں	seldom
منتخب کرنڑاں	select
خود	self
خود ٹھیک ہونڑاں	self healing
خودغرض	selfish
ویچڑاں	sell
بھیجو	send
میکوں آپنڑیں تصویر بھیجو	send me your picture
سینیئر	senior
شعور	sense
عقلمند	sensible
حساس	sensitive
بھیج ڈتا گیا	sent
جملہ	sentence
جملے	sentences
انج	separate
سپیڈی	Sepedi
ستمب	september
ترتیب	sequence
سیریز	series
سنجیدہ	serious
سنجیدگی نال	seriously
پیش کرنڑاں	serve
خدمت	service
اجلاس	session
سیٹ	set
لگاونڑاں	set
ترتیب ڈیونڑاں	set up
سیٹنگ	setting
طے کرنڑاں	settle
سَت	seven
سترہاں	seventeen
ستر	seventy
ہک توں ودھ	several
شدید	severe
سیونڑاں	sew
ایس ایچھ	sh
چھاں	shade
چھاں	shadow
ہلاونڑاں	shake
کرنا	shall
گھٹ ڈونگا	shallow
شرم	shame
شکل	shape
ونڈو	share
تیز	sharp
چھوہیر	she
اوندے کول ہے	she has
یے ہے	she is
سر لکاونڑ دی جاہ	shed
بھیڈ	sheep
شیٹ	sheet
شیلف	shelf
سیپی	shell
ٹھکانڑاں	shelter
ڈھال	shield
شفٹ	shift
چمک	shine
سمندری جہاز	ship
جہاز اچ مال لوڈ کرنڑاں	shipping
چولا	shirt
جوتے	shoes
گولی مارنڑاں	shoot
دکان	shop
خرید فروخت کنڑاں	shopping
سہارا ڈیونڑاں	shore
چھوٹا	short
کمی	shortage
گولی مارنڑاں	shot
گولی	shot
لازمی	should
مونڈھا	shoulder
چیخڑاں	shout
نمائش	show
پیش کرنڑاں	show
میکوں ڈکھاؤ	show me
چھینٹے آونڑاں	shower
جھینگا	shrimp
سکڑنڑاں	shrink
بند کرنڑاں	shut
بند کرنڑاں	shut up
شرمیلا ہونڑاں	shy
بھینڑ بھرا	sibling
بھینڑ بھرا	siblings
بیمار	sick
پاسا	side
ٹھڈا ساہ گھنڑاں	sigh
نظر	sight
سیر تفریح	sightseeing
علامت	sign
دستخط	signature
اہم	significant
خاموشی	silence
خاموش	silent
ریشم	silk
بیوقوف	silly
چاندی	silver
ہکو جینجھا	similar
سادہ	simp
سادہ	simple
اکو وقت اچ	simultaneously
اوں ویلے توں	since
صادق	sincere
مخلص	sincerely
گاونراں	sing
گُلوکار	singer
کلہا	single
گندگی دا کھڈا	sink
ڈوبڑاں	sink
سر	Sir
بھینڑ	sister
نینہانڑ	sister in law
بیہڑاں	sit
جگہ	site
صورتحال	situation
چھی	six
سولہاں	sixteen
سٹھ	sixty
ناپ	size
ہنرمندی	skill
مہارتاں	skills
کھل	skin
بہوں دُبلا	skinny
چھوڑ ڈیو	skip
اسکرٹ	skirt
آسمان	sky
غلامی	slave
بیندر	sleep
سُمڑاں	sleeping
سُتا ہویا	sleepy
آستین	sleeve
ٹکڑا	slice
ٹکڑا کرنڑاں	slice
سلائیڈ	slide
ہولے نال	slightly
سوکھا	slim
تلکڑاں	slip
ترچھی جاہ	slope
سوراخ	slot
ہولا	slow
ہولے نال	slowly
نکا	small
سمارٹ	smart
بو	smell
مُسکراہٹ	smile
مُسکرانڑاں	smile
دھواں	smoke
صاف	smooth
ہلکا ناشتہ	snack
گھونگا	snail
سانپ	snake
حرکت کرنڑاں	snap
برف	snow
تاں	so
بہوں سوہنڑاں	so cute
ہونڑ تائیں	so far
بھگوونڑاں	soak
صابنڑ	soap
سنجیدہ	sober
ساکر	soccer
سماجی	social
سوسائٹی	society
جراباں	socks
پولا	soft
سافٹ ویئر	software
مٹی	soil
وک گیا	sold
وِک گیا	sold out
سپاہی	soldier
جوتے دا تلے آلا حصہ	sole
ٹھوس	solid
حل	solution
حل کرو	solve
کجھ	some
کوئی بندہ	somebody
کئیں طریقے نال	somehow
کوئی ہک	someone
کوئی شے	something
کئیں ویلے	sometimes
گانا	song
جلدی	soon
بناوٹی	sophisticated
سورانی	Sorani
ڈُکھتی جاہ	sore
ڈُکھنڑ آلا	sore
گلے اچ ورم	sore throat
غم	sorrow
معذرت	Sorry
ترتیب ڈیوو	sort
گولھیا	sought
روح	soul
سچا جوڑی دار	soulmate
آواز	sound
سوپ	soup
کھٹا	sour
ذریعہ	source
جنوب	south
گنجائش	space
اسپیم	spam
وقفہ	span
اسپینش	Spanish
فالتو	spare
بچاونڑاں	spare
الاونڑاں	speak
خاص	special
مِصالحے	species
مخصوص	specific
ڈیکھنڑ دے قابل	spectacular
بولنڑاں	speech
خاموش	speechless
رفتار	speed
ہجے	spell
خرچیا	spend
خرچ کیتا	spent
مصالحے دار	spicy
کیل	spike
گھماونڑاں	spin
پالک	spinach
جذبہ	spirit
تُھک	spit
چنگا	splendid
تقسیم کرنڑاں	split
تفریق	split
وگاڑنڑاں	spoil
خراب تھی گیا	spoiled
بغیر ارادہ	spontaneous
چمچہ	spoon
جاہ	spot
پایا	spouse
پھیلا ڈیوو	spread
بہار	spring
چورس	square
نچوڑنڑاں	squeeze
سکویڈ	squid
گلہری	squirrel
ایس ٹی	st
گھسیڑنڑاں	stab
مضبوط	stable
ڈھیر لاونڑاں	stack
عملہ	staff
مرحلہ	stage
دھبہ	stain
پوڑھیاں	stairs
بازی لاونڑاں	stake
اکڑ کنے ٹرڑاں	stalk
اصطبل	stall
مہر	stamp
کھڑا	stand
کھڑا ہونڑاں	stand
معیاری	standard
تارہ	star
شروع کرو	start
شروع کیتا	started
بُکھا مرنڑاں	starving
حالت	state
عرض کرنڑاں	state
بیان	statement
اسٹیشن	station
بُت	statue
اسٹیٹس	status
قیام کرنڑاں	stay
ٹِکڑاں	stay
محفوظ رہو	stay safe
قائم رکھنڑاں	steady
گوشت دا ٹکڑا	steak
چوری کرنڑاں	steal
بھاپ	steam
اسٹیل	steel
ڈھلان	steep
رکاوٹ	stem
قدم	step
کاٹھی	stick
ضدی	stiff
خاموشی	still
ہونڑ تائیں	still
ڈنگ مارنڑاں	sting
کنجوس	stingy
ہلاونڑاں	stir
ذخیرہ	stock
چوری کیتا ہویا	stolen
ڈھیڈ	stomach
پتھر	stone
کھڑا تھیا	stood
اسٹول	stool
روکو	stop
ذخیرہ	storage
اسٹور	store
طوفان	storm
کہانی	story
چولھا	stove
سدھا	straight
دیانت دار	straightforward
چھانڑاں	strain
غیر	strange
اجنبی	stranger
حکمت عملی	strategy
پینپ	straw
رس بھری	strawberry
بہوں تیز اثر	streak
اسٹریم	stream
روڈ	street
طاقت	strength
دباؤ	stress
چِھکڑاں	stretch
سخت گیر	strict
ہڑتال	strike
اسٹرنگ	string
پٹی	strip
کوشش کرنڑاں	strive
فالچ	stroke
مضبوط	strong
ہڑتال کیتی	struck
ڈھانچہ	structure
کوشش کرنڑاں	struggle
کوشش	struggle
جدوجہد	struggling
ضدی	stubborn
پھسیا ہویا	stuck
شاگرد	student
مطالعہ کرنڑاں	study
مطالعہ	study
پڑھنڑاں	studying
عملہ	stuff
حیرت انگیز	stunning
بیوقوف	stupid
انداز	style
مضمون	subject
گزارش	submission
جمع کراؤ	submit
مادہ	substance
متبادل	substitute
چالاک	subtle
کامیابی حاصل کرنڑاں	succeed
کامیابی	success
کامیاب	successful
اینجھا	such
جیویں کہ	such as
چوسڑاں	suck
اچانک	sudden
اچانک	suddenly
تکلیف چانڑاں	suffer
مصیبت	suffering
بہوں	sufficient
کھنڈ	sugar
تجویز کرو	suggest
تجویز	suggestion
جوڑا	suit
سوہنڑاں نظر آونڑاں	suit
موافق	suitable
اٹیچی	suitcase
جمع کرنڑاں	sum
خلاصہ	summary
گرمی	summer
چوٹی	summit
سِج	sun
اتوار	sunday
روشن	sunny
سِج لہڑاں	sunset
سِج دی روشنی	sunshine
کمال	super
اوچے درجے دا	superior
منتظم	supervisor
شام دا کھاونڑاں	supper
سامان	supply
مہیا کرنڑاں	supply
مدد کرنڑاں	support
حمایت کرنڑاں	support
فرض کرنڑاں	suppose
فرض کیتا	supposed
بالکل	sure
سطح	surface
چڑھنڑاں	surge
سرجری	surgery
خاندانی ناں	surname
حیران کرنڑاں	surprise
حیران تھیا	surprised
دستبردار ہونڑاں	surrender
ماحول	surrounding
کڑی نگرانی	surveillance
سروے کرنڑاں	survey
سروے	survey
بچ وینجڑاں	survive
شک	suspect
شک کرنڑاں	suspect
معطل کیتا گیا	suspended
مشکوک	suspicious
برداشت کرنڑاں	sustain
مضبوطی	sustainability
برداشت دے قابل	sustainable
زور نال ڈھاونڑاں	swag
کھاونڑاں	swallow
اک وار وچ	swap
قسم چاونڑاں	swear
پسینہ	sweat
سویٹر	sweater
بوہاری ڈیونڑاں	sweep
مٹھا	sweet
پیارے خواب	sweet dreams
مٹھائی دا شوق	sweet tooth
معشوق	sweetheart
پُھولنڑاں	swell
سوج ہونڑاں	swelling
تیرنڑاں	swim
تیرنڑاں	swimming
پینگھا	swing
پینگھا ڈیونڑاں	swing
سوئچ	switch
سوئچ لگاونڑاں	switch
اوپھل ہویا	swollen
تلوار	sword
علامت	symbol
ہمدردی	sympathy
علامتاں	symptoms
نظام	system
میز	table
وزنی شیواں چاونڑاں	tackle
ٹیگ	tag
دم	tail
پکڑو	take
گھن کے وینجو	take away
دھیان رکھنڑاں	take care
ذمہ واری چاونڑاں	take off
گھنڑاں	taken
تقریر کرنڑاں	talk
الاونڑاں	talk
زیادہ گالھیں کرنڑ آلا	talkative
لمبا	tall
کھٹکاونڑاں	tap
ٹیپ	tap
ٹیپ	tape
نشانہ بناونڑاں	target
نشانہ	target
ٹاسک	task
ذائقہ	taste
چکھڑاں	taste
مزیدار	tasty
پڑھایا	taught
جا	tea
پڑھاونڑاں	teach
استاذ	teacher
ٹیم	team
ہنجو	tear
ہنجو	tears
چھیڑنڑاں	tease
ٹیکنالوجی	technology
ڈند	teeth
آکھو	tell
میکوں ڈسو	tell me
غصہ آونڑاں	temper
پارہ	temperature
کنپٹی	temple
عارضی	temporary
ڈاہ	ten
ڈاہ ہزار	ten thousand
قنات	tenant
ڈیکھ بھال کرنڑاں	tend
رجحان	tendency
ڈیکھ بھال کرنڑ آلا	tender
کھچاؤ	tense
ٹینشن	tension
قنات	tent
عارضی	tentative
مقررہ وقت	term
ماہواری	terms
ڈراونڑاں	terrible
ٹریفک	terrific
علاقہ	territory
آزمائش	test
آزمائش دے لائق قرار ڈیونڑاں	test
ٹیکسٹ	text
مقابلے وچ	than
شکریہ	thank
تہاڈا شکریہ	thank you
ساڈے شپنگ دی چھان بین دے دوران تساں دے صبر واسطے شکریہ	Thank you for your patience while we investigate shipment
تہاڈا بہوں زیادہ شکریہ	thank you so much
تہاڈا بہوں زیادہ شکریہ	thank you very much
شکریہ	thanks
ساڈی ایپ استعمال کرن دا شکریہ	Thanks for using our app
اوہ	that
او ہے	that is
ایہہ چنگی گالھہ اے	that's good
دی	the
چوری	theft
اونہاں دا	their
اوہناں	them
تھیم	theme
او خود	themselves
ولا	then
نظریہ	theory
اتھاں	there
اوتھاں ہے	there are
اوتھاں ہے	there is
ایں واسطے	therefore
ایہہ	these
وہ	they
اوہ ہن	they are
موٹا	thick
چور	thief
ران	thigh
باریک	thin
شے	thing
شیواں	things
سوچڑاں	think
تریجھا	third
ترسیا	thirsty
تیرہاں	thirteen
تِریہہ	thirty
ایہہ	this
ایہہ ہے	this is
پورا	thorough
پوری طرحاں	thoroughly
اوہ	those
تاں وی	though
سوچ	thought
سوچ سمجھ کنے	thoughtful
خیالات	thoughts
ہزار	thousand
دھاگہ	thread
دھمکی ڈیونڑاں	threat
دھمکی ڈیونڑاں	threaten
ترے	three
تھریشولڈ	threshold
شوق پیدا کیتا	thrilled
خوشحال ہونڑاں	thrive
گلا	throat
دے ذریعے	through
شروع توں اخیر تائیں	throughout
سٹ گھتو	throw
انوٹھا	thumb
گرج چمک	thunder
خمیس	Thursday
ایس واسطے	thus
نشان	tick
لہراں اُٹھڑاں	tide
صاف ستھرا	tidy
کم کاج	tie
بدھڑاں	tie
چیتا	tiger
سوڑا	tight
ٹگرینیا	Tigrinya
ویلا	time
ڈرپوک	timid
نکا	tiny
ٹوٹکہ	tip
تجویزاں	tips
تھکڑاں	tire
تھکیا ہویا	tired
ٹشو	tissue
عنوان	title
تائیں	to
ہونڑ آلا	to be
ڈبل روٹی	toast
اج	today
بانبڑو کریندا بال	toddler
پنجے	toes
نال رل کے	together
لیٹرین	toilet
آکھیا	told
نرم مزاجی	tolerance
برداشت کرنڑاں	tolerate
ٹماٹر	tomato
آونڑ والا کل	tomorrow
زبان	tongue
اج رات	tonight
بہوں	too
گھنیا	took
اوزار	tool
اوزار	tools
ڈند	tooth
اوتلا	top
عنوان	topic
پھٹیا ہویا	torn
تکلیف ڈیونڑاں	torture
کُل	total
ہتھ لاونڑاں	touch
مشکل	tough
سفر	tour
اگو	toward
دے پاسے	towards
تولیہ	towel
شہر	town
زہریلا	toxic
پتہ لاونڑاں	trace
ٹریک	track
کاروبار	trade
کاروبار کرنڑاں	trade
روایت	tradition
روایتی	traditional
ٹریفک	traffic
پیچھا کرنڑاں	trail
ریل گاڈی	train
تربیت	training
خصوصیت	trait
خصوصیت	traits
منتقل کرنراں	transfer
بدلنڑاں	transition
ترجمہ کرنڑاں	translate
شفاف	transparent
سواری	transport
اک جاہ توں ڈوجھی جاہ تے پُجاونڑاں	transportation
پھندا	trap
کوڑا	trash
چوٹ	trauma
سفر	travel
ٹرے	tray
خزانہ	treasure
ورتاؤ کرنڑاں	treat
علاج	treatment
درخت	tree
بہوں ہی وڈا	tremendous
رجحان	trend
آزمائش	trial
چال	trick
کوشش کیتی	tried
ٹریگر دباونڑاں	trigger
ٹریگر	trigger
کاٹڑاں	trim
سفر	trip
تکلیف	trouble
پاجامے	trousers
ٹرک	truck
سچ	true
بکسا	trunk
اعتبار کرنڑاں	trust
اعتبار	trust
سچ	truth
کوشش کرو	try
سونگا	Tsonga
نالی	tube
منگل	Tuesday
ٹیوشن	tuition
ترکی	turkey
ہَلِدر	turmeric
موڑو	turn
کچھوا	turtle
استاد	tutor
بارہاں	twelve
ویہہ	twenty
اکویھہ	twenty-one
دو گنا	Twi
ڈو وار	twice
مروڑنڑاں	twist
ڈو	two
قسم	type
مثالی	typical
بدصورت	ugly
آخری	ultimate
چھتری	umbrella
بے بس	unable
چاچا	uncle
بے ہوش	unconscious
تھلے	under
تلّے	underneath
کم شرح دی	underrated
سمجھڑاں	understand
سمجھیا	understood
بدقسمتی نال	unfortunately
یونیفارم	uniform
وکھرا	unique
اکائی	unit
یونیورسٹی	university
نامعلوم	unknown
جیرے ویلے تائیں	unless
اوں ویلے تائیں	until
غیر معمولی	unusual
اوتے	up
تساں دے اتے ہے	up to you
نواں کرنڑاں	update
اپ ڈیٹ	update
اعلٰی درجہ	upgrade
اعلٰی درجے اتے آنڑاں	upgrade
تھلے	upon
پرشان	upset
شہر دا	urban
زور	urge
زور ڈیونڑاں	urge
ضروری	urgent
اساں	us
استعمال	use
استعمال کرنڑاں	use
استعمال کیتا ہوا	used
مفید	useful
بے فائدہ	useless
معمول دے مطابق	usual
عام طور تے	usually
سہولت	utility
چھٹی	vacation
ویکسین دا ٹیکا	vaccination
ویکسین	vaccine
خالی جاہ	vacuum
غیر واضح	vague
معیاد	valid
وادی	valley
قدر دے قابل	valuable
قدر	value
قدر کرنڑاں	value
قسم	variety
وکھرے	various
مختلف ہونڑاں	vary
گلدان	vase
بے شمار	vast
سبزی	vegetable
سبزیاں	vegetables
گاڈی	vehicle
ویچنڑ آلا	vendor
زہر	venom
خطرناک کم	venture
جگہ	venue
تصدیق کرنڑاں	verify
ہمہ گیر	versatile
نُسخہ	version
سدھا کھڑا	vertical
بہوں	very
بہوں چنگا	very good
رگ	vessel
ذریعے نال	via
وائب	vibe
وائبز	vibes
بد کردار	vicious
نشانہ	victim
ویڈیو	video
ڈیکھو	view
گراں	village
بدمعاش	villain
سرکہ	vinegar
انگور دی فصل	vintage
تشدد	violence
شدید	violent
وائرس دا	viral
کنواری	virgin
اصلی	virtual
نیکی	virtue
ڈیکھنڑاں	vision
ملاقاتی	visit
ملاقات واسطے آونڑاں	visit
نظر آونڑ آلا	visual
حیاتی	vital
شوخ	vivid
الفاظ دا ذخیرہ	vocabulary
آواز	voice
نکالنا	void
والیوم	volume
رضاکار	volunteer
اُلٹی	vomit
اُلٹی کرنڑاں	vomit
غیر محفوظ	vulnerable
مزدوری	wage
اجرت	wages
کمر	waist
بھالا گھنو	wait
بیرا	waiter
بھالا گھدی بیٹھے اوں	waiting
جاگدے رہو	wake
جاگو	wake up
پیدل سیر	walk
پیدل سیر کرنڑاں	walk
پیدل سیر کرنڑاں	walking
دیوار	wall
بٹوہ	wallet
آوارہ گردی گرنڑاں	wander
چاہت	wanna
چاہندے او	want
مطلوب	wanted
جنگل	war
الماری	wardrobe
گودام	warehouse
تَتا	warm
تَتا کرنڑاں	warm
ہوشیار کرنڑاں	warn
پاونڑاں	warning
سپاہی	warrior
ہا	was
دھونونڑاں	wash
خرچ کرنڑاں	waste
بربادی	waste
گھڑی	watch
پانڑیں	water
تربوز	watermelon
لہر	wave
راہ	way
اساں	we
اساں ہوں	we are
اساں کر سکدے ہاں	we can
کمزور	weak
کمزوری	weakness
دولت	wealth
امیر	wealthy
پاوو	wear
پاونڑاں	wearing
موسم	weather
شادی	wedding
بدھ	Wednesday
گھاہ	weed
کمزور	week
ہفتے دا آخر	weekend
وزن	weight
وزن کرنڑاں	weight
جادو	weird
ست بسم اللہ	welcome
خوشحالی	welfare
ول	Well
بہوں چنگا	well done
وینجو	went
تھے	were
مغرب	west
س	wet
وہیل	whale
کیا	what
آپنڑیں بارے وچ ڈسو	what about you
تساں کیا کریندے پئے او	what are you doing
تساں ہونڑے کیا کریندے پئے او	what are you doing now
تساں ایں ویلے کیا کریندے پیوے	what are you doing right now
تساں کیا کریندے ہو	what do you do
تساں گزارا کرنڑ واسطے کیا کریندے او	what do you do for a living
تہاڈا کیا مطلب ہے	what do you mean
تساں کیا چاہندے ہو	what do you want
کیا تھیا اے	what happened
کیا ہے	what is
ایہہ کیا ہے	what is this
تساں کیا کم کریندے ہو	what is your job
تہاڈا ناں کیا ہے	what is your name
کیا تھیندا پیا ہے	what's up
تہاڈے ناں کیا ہے	what's your name
کجھ وی	whatever
کنڑک	wheat
چرخی	wheel
کڈنڑ	when
جڈھنڑ کڈھئیں	whenever
کتھاں	where
تساں کتھاں او	where are you
تساں کتھو دے او	where are you from
ہن تسی کتھے او	where are you now
تساں کتھاں رہندے ہو	where do you live
کتھاں ہے	where is
ایندے باوجود	whereas
موسم	whether
کیہڑا	which
دوران	while
کَن وچ الاونڑاں	whisper
سیٹی	whistle
چِٹا	white
کون	who
تساں کوں ہو	who are you
کون ہے	who is
اتھاں کوں ہے	who is this
ثابت	whole
کئیں کوں	whom
کیس دا	whose
کیوں	why
کیوں کائینا	why not
ماڑا	wicked
چوڑائی	wide
باری	widow
چوڑا	width
زال	wife
جنگلی	wild
چاہنڑاں	will
مرضی	will
رضامند	willing
جیت	win
ہوا	wind
باری	window
جتھاں تیز ہوا چلدی پئی ہووے	windy
شراب	wine
سردی	winter
پوچڑاں	wipe
تار	wire
عقل	wisdom
عقلمند	wise
خواہش	wish
خواہش کرنڑاں	wish
تہاڈے واسطے نیک تمناواں	wish you all the best
چڑیل	witch
نال	with
واپس گھنڑاں	withdraw
واپس گھنڑاں	withdrawal
دے وچ	within
دے بغیر	without
شہادت	witness
شہادت ڈیونڑاں	witness
لائق	witty
لومبڑی	wolf
زال	woman
عورت	women
جیتیا	won
نہیں	won't
معجزہ	wonder
حیران کرنڑ آلا	wonderful
لکڑ	wood
اون	wool
لفظ	word
الفاظ	words
کم	work
کم کرنڑاں	work
ورزش	work out
کم کرنڑاں	working
دنیا	world
تتا	worm
پُرانڑاں	worn
پریشان	worried
پریشان	worry
زیادہ خراب	worse
عبادت	worship
برا	worst
مستحق	worth
ایندے قابل	worth it
حقدار	worthy
آرزو کرنڑاں	would
زخم	wound
واہ	Wow
ولھیٹا	wrap
غصہ	wrath
کلائی	wrist
لکھو	write
اِتھاں لکھو	Write here
لکھائی	writing
لکھیا ہویا	written
غلط	wrong
لکھیا	wrote
گز	yard
اونگھ	yawn
اونگھڑاں	yawn
ہا	Yeah
سال	year
سال	years
خمیر	yeast
چیخڑاں	yell
پیلا	yellow
ہا	Yes
ہا میری جان	yes baby
ہا پیارے	yes dear
ہا مٹھی	yes honey
میڈے پیار ہاں	yes my love
ہاں بالکل	yes of course
گزریا ہویا کل	yesterday
ہونڑ تائیں	yet
اجازت ڈیونڑاں	yield
تساں	you
تساں ہو	you are
تساں خوبصورت ہو	you are beautiful
تساں بہوں سوہنڑے ہو	you are so beautiful
تہاکوں ست بسم اللہ	you are welcome
تساں کر سکدے او	you can
تواکوں پتہ ہے	You know
تساں کوں وی	you too
تہانوں سو بسم اللہ	you're welcome
جوان	young
تساں دا	your
تساں کوں ست بسم اللہ	your welcome
تساں خود	yourself
نوجوان	youth
تہانوں ست بسمہ اللہ	you’re welcome
مزیدار	yummy
صفر	zero
