juntúul	a
junp'íit	a little
jach túup'ul	a lot
ya'ab	a lot of
p'aat	abandon
p'ata'an	abandoned
kúumplir	abide
áabilidad	ability
capas	able
yo'osal	about
yóok'ol	above
táanxel	abroad
mina'an	absence
sa'atal	absent
jach beyo'	absolutely
chu'uch	absorb
áabstrakto	abstract
ma' ma'alobi'	absurd
ya'abtal	abundance
t'et'ekbal	abundant
meyaj óolaj	abuse
óolaj	abuse
áasento	accent
k'aam	accept
akseso	access
aksesar	access
áaksidentee	accident
alojamiento	accommodation
náajal	accomplish
tsa'aya'	accomplished
ma'alob	according
kueenta	account
jach beyo'	accuracy
jach leti'	accurate
takpoolta'an	accused
yaajil	ache
yajtal	ache
náajal	achieve
náajalil	achievement
chíimpol	acknowledge
k'ajóolta'an	acquaintance
maan	acquire
mana'abij	acquired
áadkisision	acquisition
ti'	across
aakto	act
aksion	action
aktivóo	active
meyajilo'ob	activities
sa'ak óolal	activity
aktor	actor
aktual	actual
u jaajile'	actually
aguudo	acute
aadakar	adapt
ts'áaj	add
suuk	addicted
buk'xookil	addition
adisional	additional
kúuchil otoch	address
ma'alob	adequate
tu táan	adjacent
áadjetivo	adjective
pat	adjust
áadmirar	admire
oksak óol	admit
máat	adopt
káata'an	adorable
bentaaja	advance
áabansado	advanced
béentaja	advantage
áabentura	adventure
áadberbio	adverb
t'aanil	advertisement
puublisidaad	advertising
ts'áaj t'aan	advice
nu'uk	advise
áantajil	advocate
áant	advocate
esteetikóo	aesthetic
aasunto	affair
áafectar	affect
si' óol	affection
sóolbentar	afford
axesible	affordable
jak'a'an óol	afraid
ken ts'o'okok	after
chíinil k'iin	afternoon
ken ts'o'okok	afterwards
tu ka'aten	again
tu paach	against
ja'abil	age
áajensia	agency
bakab	agent
meyaj óolaj	aggressive
lilipkil	agile
páachil	ago
k'aam	agree
ch'a't'aan	agreement
meyajilk'áax	agriculture
táanil	ahead
áantaj	aid
tuuch'	aim
iik'	air
aeropuerto	airport
táankab	aisle
alarmáaj	alarm
alkol	alcohol
áalerta	alert
kuxa'an	alive
tuláakal	all
ma'alob	all right
tuláakal ma'alobil	all the best
cha'	allow
tu cha'aj	allowed
óol	almost
juunal	alone
tu chowakil le	along
ts'o'okij	already
Ma'alob	Alright
beyxan	also
áalternatiba	alternative
kex beyo'	although
maantats'	always
jach ma'alob	amazing
áambiguo	ambiguous
ts'íibol	ambition
áambisioso	ambitious
utskíin	amend
ichil	amid
ichil	among
ichil to'on	among us
buka'aj	amount
éentretenido	amusing
juntúul	an
analisíis	analysis
ch'i'ibalo'ob	ancestors
ch'uuy tuun	anchor
úuchben	ancient
yéetel	and
kux tech	and you
ki'ilich	angel
tachi'achil	anger
angulóo	angle
p'uja'an	angry
ba'alche'	animal
kuy	ankle
maank'inal	anniversary
anunsio	announcement
p'u'ujul	annoy
p'uja'an	annoyed
choko pool	annoying
ja'abil	annual
anonimóo	anonymous
uláak'	another
núukil	answer
núuk	answer
táanikunsaj	anticipate
ansiedad	anxiety
ansioso	anxious
je'el	any
jéel	anymore
je' máaxake'	anyone
je'elba'axe'	anything
de todos modos	anyway
kex beyo'	anyways
junpay	apart
departameento	apartment
sa'asaj	apologize
apareente	apparent
bey óole'	apparently
áapelar	appeal
chíikpajal	appear
áapariensya	appearance
chíikpajij	appeared
wi'ijil	appetite
máansana	apple
k'áatil	application
meent	apply
siita	appointment
yaabilaj	appreciate
yaabilajil	appreciation
jultuukul	approach
paatal	appropriate
éejental	approval
ketbesaj	approve
jaajkunta'an	approved
óol	approximately
abril	april
áarbritario	arbitrary
ajmeyaj naaj	architect
arkitektuura	architecture
áarchibo	archive
teche'	are you
ba'ax ka béetik	are you busy
ts'oka'an a beel	are you married
ts'oka'an wáaj a beel wa ma'	are you married or single
Láayli wáaj ti' yanech te'elo'	Are you still there?
ti' yanech te'elo'	are you there
aarea	area
áargumentar	argue
argumentóo	argument
jóok'ol	arise
k'ab	arm
ejersitó	army
báak'pachil	around
utskíin	arrange
éejenil	arrangement
k'uchul	arrival
k'uchul	arrive
k'uchij	arrived
ko'	arrogant
fleecha	arrow
aarte	art
artikulóo	article
atipisial	artificial
áartista	artist
je'ex	as
ikil	as long as
bey xan	as well
je'ex bix	as well as
ta'an	ash
súulakchaji'	ashamed
k'áat	ask
tu k'áataj	asked
weenij	asleep
aspeekto	aspect
Assamese	Assamese
meent óolaj	assault
much'táambal	assembly
na'at	assertive
p'iis	assess
p'iskaambal	assessment
aktivóo	asset
aktibos	assets
ts'áaj	assign
áasignasion	assignment
taal	assist
íich'ak	assistant
nupa'an	associate
áasosiado	associated
múuch'meyajilo'ob	association
áasumir	assume
ch'a'achi'ta'al	assumption
ti'	at
kex chéen	at least
j-jaanij	ate
atleeta	athlete
áadjuntar	attach
adjuunto	attached
oksaj	attachment
ba'atel	attack
íintento	attempt
íintentar	attempt
áatender	attend
áasistensia	attendance
áatension	attention
aktitud	attitude
k'ubsaj óol	attract
áatraksion	attraction
áatraktibo	attractive
áatributo	attribute
áudiensia	audience
agostóo	august
xkiit	aunt
xkiit	aunty
autentikóo	authentic
jts'íib	author
jo'olpóopil	authority
otoonio	autumn
ts'aka'an	available
promedio	average
xu'ulul	avoid
áaja'an	awake
makul	award
kóonsiente	aware
kóonsiensia	awareness
náach	away
táaj ma'alob	awesome
k'aas	awful
jela'an	awkward
Aymara	Aymara
chaambal	baby
bachiyer	bachelor
pachil	back
táamil	background
k'aas	bad
póoj	bag
seebo	bait
píib	bake
panaderia	bakery
bikarbonatóo	baking soda
balaanse	balance
báalansear	balance
wóolis	ball
Bambara	Bambara
ja'as	banana
baanda	band
jaats'	bang
baanko	bank
baar	bar
táantike'	barely
ofertáa	bargain
tóojol	bark
sebaada	barley
xu'up'	barrier
chuun	base
úuchul	based
yáanalnaj	basement
baasiko	basic
baasikamente	basically
albajaka	basil
báastardo	bastard
xóot'	batch
kúuchil táankab	bath
kúuchil táankab	bathroom
batriya	battery
ba'ate'il	battle
wats' k'áanab	bay
kanantabaj	be careful
k'ak'náab	beach
bu'ulo'ob	beans
alab óol	bear
me'ex	beard
kóojinete	bearing
beestia	beast
béenser	beat
ki'ichpan	beautiful
ki'ichpan	beauty
k'uchul	became
tumen	because
k'uchul	become
kaama	bed
kúuchil wenel	bedroom
kaab	bee
u bak'el wakax	beef
bixil	been
serbeesa	beer
táanil	before
káaji'	began
káajal	begin
chúunul	beginning
ma'alobil	behalf
u'uyt'aan	behave
kóomportemiento	behavior
komportaamiento	behaviour
paachil	behind
chíimpolal	belief
kreer	believe
nak'	belly
péerteneser	belong
yaabilta'an	beloved
yáanal	below
k'aax nak'	belt
baanko	bench
k'éechel	bend
yáanal	beneath
béenefisio	benefit
béenefisiar	benefit
ustilil	benefits
tu tséel	beside
áademas	besides
ma'alob	best
tuláakal suerteej	best of luck
tsíiko'ob	best regards
ma'alob	better
ichil	between
uk'ul	beverage
náach ti'	beyond
Bhojpuri	Bhojpuri
seesgo	bias
pixa'an u yich	biased
t'íincha'balak'	bicycle
lisitasion	bid
nojoch	big
t'íincha' balak'	bike
fáaktura	bill
muuch'	bind
chíich'	bird
k'ink'aaba'	birthday
junp'íit	bit
chi'ibal	bite
k'áaj	bitter
boox	black
kuchiyaa	blade
kulpable	blame
kulpar	blame
sak	blank
teep'el	blanket
éeksplosion	blast
lejiya	bleach
xe'ek	blend
bendesir	bless
béendesido	blessed
buy ich	blind
páajtalil	bliss
blokear	block
k'i'ik'	blood
loolankil	bloom
waak'	blow
ch'ooj	blue
déeskortes	blunt
juunta	board
cheem	boat
wíinkilal	body
lóok	boil
áatrebido	bold
biinkulo	bond
baak	bone
áanalte'	book
íimpulsar	boost
íimpulso	boost
refueerso	booster
boota	boot
boota'ob	boots
xool	border
náaksaj óol	bore
luubul óol	bored
áaburido	boring
siijil	born
majáant	borrow
jeefe	boss
tu ka'atúulil	both
pa'as	bother
booteya	bottle
yáanal	bottom
tu manaj	bought
síit'	bounce
nuupul	bound
xuul	boundaries
aarko	bow
laak	bowl
máaben	box
xi'ipal	boy
mach k'ab	boyfriend
léechk'ab	bracelet
ts'o'omel	brain
súukursal	branch
maarka	brand
ts'íik	brave
ma' ts'oka'ani'	breach
waaj	bread
pa'	break
uk'ul	breakfast
chu'uch	breast
múus iik'	breath
ch'a' iik'	breathe
tséen	breed
láadriyo	brick
xba'al	bride
puentéej	bridge
jump'íit	brief
sáast'ile'en	bright
lelets'kil	brilliant
taas	bring
suku'un	bro
kóoch	broad
máans	broadcast
pa'aj	broke
k'aas	broken
míis	broom
suku'un	brother
baal	brother in law
tu taasaj	brought
chukwa'	brown
ja'	brush
baldée	bucket
etail	buddy
préesupuesto	budget
éerror	bug
li'isaj	build
éedifisio	building
meenta'an	built
pawo'	bulk
wakax	bull
k'asilmáak	bully
póoj	bump
p'och	bunch
páakete	bundle
kuuch	burden
múukul	buried
tóok	burn
éeksplosion	burst
ts'áaj saajkil	bury
wawáaj	bus
k'áax	bush
ba'albesaj	business
tseem	bust
yaan ba'ax ku meentik	busy
ba'ale'	but
tsaats	butter
péepen	butterfly
boton	button
maan	buy
tumen	by
tu beelile'	by the way
tak tuláak' k'iin	bye
repoyo	cabbage
gabineete	cabinet
k'aleb	cage
toorta	cake
bes much	calf
t'aanil	call
t'aan	call
t'aan	call me
t'aanajij	called
jets'tal	calm
j-taalij	came
kampania	campaign
páajtal	can
páajtalil	can
mixtan in tsa'ayali'	can't
káanselar	Cancel
kíimil k'i'ik'	cancer
capas	capable
páajtalil	capacity
káapital	capital
suuts'íibil	caption
chuup	capture
kisbuuts'	car
káarera	career
cuydadosóo	careful
jujunp'iitil	carefully
jáal óolta'an	careless
uts	caring
jxotche'	carpenter
alfoombra	carpet
sanaoria	carrot
bis	carry
tsaay	carry on
meent	carry out
kaaso	case
t'áak'iin	cash
eleenko	cast
káastiyo	castle
kasual	casual
miis	cat
laap'	catch
kategoriia	category
aalak' wakax	cattle
chuka'an	caught
causar	cause
causail	cause
kanáant	caution
préekabido	cautious
jool	cave
xu'ulul	cease
yóok'naj	ceiling
k'iinbesaj	celebrate
seeluláa	cell
chúumuk	center
siiglo	century
sereal	cereal
maank'inal	ceremony
ts'e'ets'ek	certain
u jaajil	certainly
sertipikado	certificate
jok'enjok'	chain
k'áanche'	chair
desafiar	challenge
desafiyo	challenge
chaanse	chance
k'eex	change
kaos	chaos
péersonaje	character
bíixil	characteristics
kuuch	charge
káaridad	charity
enkantador	charming
ma'aben	chart
chukpacht	chase
chaat	chat
chatear	chat
ma' ko'oji'	cheap
tuus	cheat
trampooso	cheating
il	check
p'u'uk	cheek
ki'imak óolil	cheer
ki'imak óol	cheerful
salud	cheers
keeso	cheese
kiimika	chemistry
yaakunaj	cherish
áajedres	chess
tseem	chest
cha'ach	chew
kaax	chicken
poopil	chief
paal	child
paalil	childhood
paalal	children
síis	chill
síistal	chill
chimenea'ob	chimneys
no'och	chin
chukwa'	chocolate
yéeyil	choice
yéey	choose
ch'op	chop
meyajil ichnaj	chores
polok	chubby
najilk'uuj	church
káanela	cinnamon
wóolis	circle
sirkunstansias	circumstances
siudadano	citizen
nojkaaj	city
reklamo	claim
reklamar	claim
áaklarar	clarify
xook	class
arsiiya	clay
ts'its'i'ikil	clean
sáasil	clear
opíisinista	clerk
na'at óol	clever
kliente	client
akantilado	cliff
kliima	climate
ch'uytal	climb
táataak' kij	clingy
reloj	clock
k'aal	close
armario	closet
panio	cloth
nook'	clothes
múuyal	cloud
nookoy	cloudy
ajts'ache'ej	clown
klaabe	clue
toorpe	clumsy
much'táanbal	cluster
éentrenador	coach
éentrenar	coach
chúuk	coal
jáal ja'	coast
piixil	coat
caphe	coffee
kognitiibo	cognitive
koinsidensia	coincidence
síis	cold
kóolapsar	collapse
kaal	collar
etmeyaj	colleague
éetail	colleagues
muuch'	collect
réekopilasion	collection
éetmeyaj	college
boon	color
le ya'ax xma' boonil tuukulo'obo' ku wenelo'ob p'uja'ano'ob	colorless green ideas slept furiously
boonil	colour
t'o'olol	column
xa'ache'	comb
xa'ak'	combination
xa'ak'	combine
taal	come
ko'oten waye'	come here
ko'ox	come on
utsyaanil	comfort
kóomodo	comfortable
tuláak'	coming
jach séeba'an	coming soon
a'alaj	comment
kóomersial	commercial
komision	commission
k'ub óol	commit
kóompromiso	commitment
komprometidóo	committed
ich	commodity
beey	common
a'al	communicate
kúumunikasion	communication
kajtalil	community
péek	commute
etail	companion
kóompaniya	company
keet	compare
etjun t'aan	comparison
kóompasion	compassion
kompasibo	compassionate
keet	compatible
ketlam	compete
mu'uk'a'an	competent
competensya	competition
kompetitibo	competitive
ok'on óol	complain
keeja	complaint
kóomplementar	complement
kóomplemento	complement
chuka'an	complete
chúuk'a'an	completely
talam	complex
kúumplimiento	compliance
talam	complicated
uts t'aan	compliment
kúumplir	comply
komposision	composition
utskinaja'an	compound
kóomprension	comprehension
chuka'an	comprehensive
kóomprometer	compromise
kóompromiso	compromise
óobligatorio	compulsory
máaben ts'íib	computer
konsentraarse	concentrate
kóonsepto	concept
chi'ichnakil	concern
chi'chnak	concern
tuukul u ka'aj	concerned
kóonsierto	concert
k'alts'íib	conclusion
kóonkreto	concrete
kóondision	condition
kondisiono'ob	conditions
kóondukta	conduct
kóonferensia	conference
pa'al síipil	confess
kóonfiansa	confidence
seguuro	confident
kóonfirmar	confirm
ba'ate'il	conflict
kóonfundido	confused
kóonsusion	confusion
ki'imak óolalil	congrats
ki'imak óolal	congratulation
ki'imak óolal	congratulations
kóonjusion	conjunction
nuup	connect
kóonkiista	conquer
kóonsiente	conscious
sajak piksi'ik'il	consciousness
kóonsentir	consent
kóonsentimiento	consent
kóonsekuensias	consequences
kananil	conservation
koonserbador	conservative
tuukul	consider
tu kóonsiderartaj	considered
beyil	consist
koonsistente	consistency
koerentej	consistent
kóonstante	constant
jun tiich'	constantly
kóonstruksion	construction
xuup	consume
kúunsumo	consumption
paak'be'en	contagious
yaan	contain
yaan ti'	contains
túumben k'iino'ob	contemporary
p'eekil	contempt
ts'íibil	content
ketlam	contest
koontexto	context
kontinentée	continent
tsaay	continue
kóontrato	contract
kóontratar	contract
kóontrastar	contrast
kóontraste	contrast
áantaj	contribute
ts'áaj	contribution
biis	control
kontrobersial	controversial
multumut	convenience
konbeniente	convenient
tsikbal	conversation
kóonbersion	convert
kóonbertir	convert
tráansmitir	convey
kóonbenser	convince
kóonbensido	convinced
chaakal	cook
chaakal	cooking
jach ma'alob	cool
síis óol	cool
áantajil	cooperation
lidiar	cope
koobre	copper
ts'u'	core
ixi'im	corn
ti'its'	corner
ma'alob	correct
tojol	cost
bajux	cost
nook'	costume
otoch	cottage
piits'	cotton
soopaj	couch
se'en	cough
conseejo	council
xook	count
e'esajil	counter
noj lu'um	country
ichkool	countryside
núup	couple
muk' óol	courage
xookil	course
koorte	court
chíin pool	courtesy
priimo	cousin
piix	cover
xch'upil wakax	cow
sajlu'um	coward
sijóolal	cozy
káangrejo	crab
jet	crack
k'óom	crack
áartesania	craft
tóonterias	crap
jéentan	crash
kexi'	craving
juuk'	crawl
choko pool	crazy
meent	create
kreatibóo	creative
kreditóo	credit
jíitkubaj	creep
p'ut jo'ol	creepy
múultitud	crew
si'ipil	crime
su'ulaktal	cringe
su'ulak	cringe
óotsilil	crisis
kriterios	criteria
kriitikóo	critical
criitika	criticism
páak'al	crop
paak'alo'ob	crops
tséel	cross
k'atab	cross
kueerbo	crow
múultitud	crowd
saaturado	crowded
pet jo'ol	crown
desisiibo	crucial
k'asa'an	cruel
jo'okaaj	cruise
juuch'	crush
ook'ol	cry
kat	cucumber
mot'tal	cuddle
miatsil	culture
aj na'at	cunning
taasa	cup
trasteróo	cupboard
je'elel	curb
ts'aakil	cure
ts'aak	cure
p'áaten ta wotoch	curfew
its'atil	curiosity
ko'	curious
k'as wóolis	curly
táak'in	currency
ts'aka'an	current
be'elajak	currently
puulya'aj	curse
nook'	curtain
áalmuadon	cushion
diisfras	custom
cliyeente	customer
xuul kaaj	customs
xoot	cut
uts	cute
wuts'	cycle
siclismóo	cycling
taata	dad
taata	daddy
sáansamal	daily
lakteos	dairy
preesa	dam
meent k'aas	damage
k'aasil	damage
pulyaaj	damn
k'as ch'uul	damp
óok'ot	dance
k'aasil	danger
péeligroso	dangerous
éek'joch'e'en	dark
k'áata'an	darling
kóojol	dash
daato'ob	data
k'iinil	date
ch'úupal	daughter
k'iin	day
kimen	dead
ts'ook k'iin	deadline
kóok	deaf
t'aanil	deal
k'axt'aan	deal
in yaabilaj	dear
Estimado'ex	Dear All
taata'ex	Dear Parents
nojoch máak	Dear Sir
xoknáale'ex	Dear students
etmeyaje'ex	Dear Team
kíimil	death
tsikbal	debate
deebito	debit
ta'il pak'	debris
p'aax	debt
deekada	decade
lúubul	decay
kimen	deceased
tuus	deceive
diciembre	december
deseentej	decent
déesidir	decide
déesidido	decided
déesision	decision
piixil	deck
réechasar	decline
mina'antal	decrease
chuka'an u yóol	dedicated
dedikaado	dedication
ts'íib	deed
taam	deep
kéej	deer
beytuno'	default
pa'múuk'	defeat
pa'muuk'	defeat
déefender	defend
déefinir	define
jach beyo'	definitely
déefinision	definition
graado	degree
xáantal	delay
xáantal	delayed
tuup	delete
delikaado	delicate
ki'	delicious
túuntaj	delight
éenkantado	delighted
k'uub	deliver
k'uba'an	delivered
k'uub	delivery
demaanda	demand
jtakpool	demanding
demokrasia	democracy
kisin	demon
e'es	demonstrate
wet'a'an	denied
déensidad	density
déentista	dentist
weet'	deny
departameento	department
jóok'ol	departure
sulik	depend
jaats	deploy
depoosito	deposit
déepoositar	deposit
lúubul óol	depressed
déepresion	depression
taamil	depth
tsosl	describe
bixil	description
desieerto	desert
méereser	deserve
díiseñar	design
diseeño	design
ts'a' kuuch	designation
k'áat	desire
mayakche'	desk
yáayanki	despair
desesperaado	desperate
kex beyo'	despite
postrée	dessert
destiino	destination
destinóo	destiny
niik	destroy
k'aaskunaj	destruction
detaaye	detail
detaaye	details
il	detect
déeterminasion	determination
determinar	determine
déeterminado	determined
luba'an	devastated
mu'uk'a'ankúun	develop
mu'uk'a'an	developed
mu'uk'a'ankúun	development
díispositivo	device
kíisin	devil
u k'ubmaj u yóol	devoted
Dhivehi	Dhivehi
diabeetes	diabetes
wach' iit	diarrhea
sáansamal	diary
tsolt'aanil	dictionary
kíimil	die
j-kíimij	died
tumut	diet
jelkunaj	difference
jela'an	different
talam	difficult
páan	dig
díignidad	dignity
sáak'óol	diligent
janal	dinner
saalsa	dip
toj	direct
tóojil	direction
jala'ach	director
éek'il	dirt
éek'	dirty
desaabilitar	disable
k'ooja'an	disabled
sa'atal	disappear
desilisionaado	disappointed
disaastre	disaster
pul	discard
éens	discharge
díisiplina	discipline
éensaj	discount
déeskubrir	discover
pepelche'	discrimination
tsikbal	discuss
ba'ateil	discussion
k'oja'anil	disease
k'oja'anilo'ob	diseases
ta'ak	disguise
ma' paatali'	disgusting
lak	dish
lako'ob	dishes
ilal bin	dismiss
kúuchil meyaj	dispatch
e'es	display
u ta'	disposal
ba'ate'il	dispute
distansia	distance
jela'an	distinct
díistinguir	distinguish
ok'ol óol	distress
t'oox	distribution
distriito	district
móolestar	disturb
jom	ditch
ts'ubu'un	dive
ya'ab	diverse
díibersidad	diversity
jaats	divide
ki'ilich	divine
díiborsiar	divorce
diborsio	divorce
saatal u yóol	dizzy
meent	do
a yaakunsmenaj wáaj	do you love me
jts'aak	doctor
ju'un	document
meent	does
peek'	dog
Dogri	Dogri
meentik	doing
x-oron	doll
dominio	domain
domeestikóo	domestic
dominantée	dominant
ma'	don't
ma' tukultik	Don't worry
ts'áaj áantaj	donate
ts'o'okij	done
chowak xikin	donkey
maariguana	dope
looch	double
dooble	double
k'áat chi'	doubt
sakan	dough
yáanal	down
éemsaj	download
tuup	draft
jíit	drag
fuuga	drain
draama	drama
boon	draw
káajon	drawer
boon	drawing
sajakil	dread
wayak'	dream
bestiido	dress
jool	drill
uk'ul	drink
ch'oot	drive
ch'oj	drop
lúubij	dropped
tikin	drought
kala'an	drunk
tikin	dry
kutsja'	duck
duudar	dude
beyo'	due
tumen	due to
naakal óol	dull
muudo	dumb
kúuchil sojol	dump
duurasion	duration
ikil	during
polbóo	dust
p'aax	duty
kajtal	dwell
kíimil	dying
kaada	each
biyole' je'ele'	each other
áansioso	eager
aguiláa	eagle
xikin	ear
taal u sáastal	earlier
ja'atskab	early
náajal	earn
xikino'ob	ears
yóok'ol kaab	earth
tíitbal lu'um	earthquake
fáasilitar	ease
chen ch'a'abil	easily
lak'in	east
chen ch'a'abil	easy
janal	eat
janal	eating
éekonomiko	economic
ekonomia	economy
xuul	edge
utskinaj	edit
éedukasion	education
efeecto	effect
éeficas	effective
epiensia	efficiency
efisiente	efficient
muuk'il	effort
je'	egg
berenjeena	eggplant
t's'u'uy puksi'ik'al	ego
waxak	eight
waxaklajun	eighteen
kan k'áal	eighty
wa	either
meent	elaborate
kúuk	elbow
nojoch	elder
nojochil	elderly
elegaante	elegant
elementóo	element
elefaante	elephant
buluk	eleven
yéeybil	eligible
tseel	eliminate
uláak'	else
su'ulak	embarrassed
embarasooso	embarrassing
méek'	embrace
jóok'ol	emerge
éemergensia	emergency
ki''mak óol	emotional
na'at	empathy
enfasíis	emphasis
empatisar	emphasize
éempleado	employee
meeyajo'ob	employees
ts'a' meyaj	employer
meyaj	employment
báasiyo	empty
cha'	enable
kaxan	encounter
áanimar	encourage
ts'ook	end
xuul	end
taytak u sa'atal	endangered
ts'áaj óol	endeavor
resistensia	endurance
úuchlak	endure
k'ajual	enemy
óol	energy
k'axt'aan	engage
komprometido	engaged
kóompromiso	engagement
motor	engine
íingeniero	engineer
íingles	English
ma'alobkúun	enhance
máans ma'alobil	enjoy
nojoch	enormous
ti'ibil	enough
k'aax	ensure
okbal	enter
máansajma'alobil	entertainment
éentusiasmo	enthusiasm
éentusiasta	enthusiastic
chuka'an	entire
yéetel u páajtalil	entitled
lu'umil	entity
joolil	entrance
éemprendedor	entrepreneur
yóok'ol	envelope
báak'pachil	environment
éenbidia	envy
éepiko	epic
epidemia	epidemic
keet	equal
nu'ukulil	equipment
éequidad	equity
lúub	equivalent
tupts'íib	eraser
k'aas	error
púuts'ul	escape
ensaayo	essay
eseensia	essence
ti'ibil	essential
jets'kúun	establish
jets'ekbal	established
bieenes	estate
éestimar	estimate
estíimado	estimated
etc	etc
mixbik'in u kíimil	eternal
eetika	ethics
ilaj	evaluate
ilbesajil	evaluation
taki'inakj	even
kex beyo'	even though
áak'ab	evening
éebento	event
ts'e'ets'ek	ever
kada	every
tuláakal	everybody
tuláakale'ex	everyone
tuláakal	everything
e'esajil	evidence
kisin	evil
éebolusion	evolution
éebolusionar	evolve
Ewe	Ewe
eex	ex
beyo'	exact
jach beyo'	exactly
píis kambal	exam
túuntaj	examine
e'esajil	example
máans	exceed
jach ma'alob	excellent
chen . ma'	except
chen leti'	exception
tip'a'an	excess
máanal	excessive
k'eex	exchange
chokoj	excited
éeksitasion	excitement
ki'	exciting
chéen leti'	exclusive
sa'as	excuse
sa'asten	excuse me
éejekutar	execute
kíinsajil	execution
éejekutibo	executive
éejersitar	exercise
éejersisio	exercise
púutsul	exhaust
ka'ana'an	exhausted
oks	exhibit
e'es	exhibition
éexistir	exist
éeksistensia	existence
yaan	existing
jóok'ol	exit
nojoxhkíin	expand
pa'at	expect
espektativa	expected
xuupilo'ob	expenses
ko'oj	expensive
experimentar	experience
experiensia	experience
experimento	experiment
expeerto	expert
kíimij	expired
tsool	explain
tsikbalil	explanation
wáak'al	exploit
xak'al	explore
túuxt	export
ts'a' óojeltbil	expose
expueesto	exposed
éeksposision	exposure
a'al	express
éekspresion	expression
nojochkíin	extend
xiit'	extended
éekstension	extension
p'iisil	extent
táanxelil	external
sa'atal	extinct
éextra	extra
extráakto	extract
jach ma'alob	extraordinary
ekstreemo	extreme
ich	eye
icho'ob	eyes
nook'	fabric
ma'alob	fabulous
táan ich	face
pasilitar	facilitate
instalasiono'ob	facilities
ets'laj	facility
eecho	fact
faktor	factor
síijmeyaj	factory
eecho'ob	facts
kíimil	fade
k'aastal	fail
k'aasil	fail
k'aschajij	failed
faaya	failure
t'o'ona'an	faint
beyo'	fair
jach leti'	fairly
aada	fairy
fee	faith
fiel	faithful
ma'ajaajil	fake
lúubul	fall
tuusil	false
faama	fame
láak'stilil	familiar
baatsil	family
wi'ijil	famine
famooso	famous
admirador	fan
fáantasiya	fancy
aj on	fantastic
náach	far
déespedida	farewell
lu'umil	farm
kolnáal	farmer
jach ma'alob	fascinating
túumbenil	fashion
séeba'an	fast
polok	fat
k'aas	fatal
destiino	fate
taata	father
faatiga	fatigue
k'aasil	fault
faboriito	favorite
áantaj	favour
faboritóo	favourite
saajak	fear
saajkilil	fear
bankeete	feast
m'u'uk'mel	feather
bixil	feature
bixil	features
febrero	february
náakal óol	fed up
tojol	fee
tséen	feed
kóomentario	feedback
u'uy	feel
séentimiento	feeling
ook	feet
lúubij	fell
wéet	fellow
nuup	fellow
u'uy	felt
ch'uup	female
koot	fence
feertil	fertile
cha'anil	festival
kaxan	fetch
chokwil	fever
junp'íit	few
tseel	fewer
prometiido	fiance
pixion	fiction
kúuchil meyaj	field
ts'íik	fierce
jo'lajun	fifteen
lajun ti' óox k'áal	fifty
ba'ate'il	fight
ba'atel	fight
ba'ate'ilbil	fighting
siifra	figure
ojelt	figure out
aarchibo	file
chuup	fill
ts'oka'an	filled
cha'anil	film
éek'	filthy
tu tsóoke'	finally
finansa'ob	finance
li'is t'aak'in	financial
kaxan	find
kaxan	find out
ma'alob	fine
ma'alobil	fine
yaalk'ab	finger
ts'o'okij	finish
ts'oka'an	finished
k'áak'	fire
fiirme	firm
yáaxil	first
yáax k'aaba'	first name
kay	fish
keet	fit
jo'	five
utskíin	fix
taak'al	fixed
láakam	flag
flaax	flash
páats'	flat
k'aasil	flaw
ts'its'i'ikil	flawless
púutsul	flee
bak'	flesh
xik'náalnajij	flew
looch	flex
sasats'kil	flexible
xik'nal	flight
suut	flip
ichta'al	flirt
k'aankil	float
búulul	flood
lu'um	floor
áarina	flour
fluir	flow
lool	flower
síimankil	flu
pluido	fluent
chen jalbil	fluently
susulkil	fluffy
ja'il	fluid
xik'náal	fly
ts'áaj óol	focus
séereno	fog
nookoy	foggy
paak	fold
etailo'ob	folks
tsaypach	follow
tsaypach	follow up
siguiente	following
o'och	food
toonto	fool
neesio	foolish
ook	foot
kocha' wóolis	football
ti'al	for
jéel bix	For example
je'exbix	for instance
a ti'al	for you
wet'a'an	forbidden
muuk'	force
pronostikóo	forecast
táanil	forehead
táanxelil	foreign
k'áax	forest
maantats'	forever
tu'ubul	forget
sa'as	forgive
tu'ubsaj	forgot
tenedoor	fork
bixil	form
poormal	formal
úuchben	former
u yutsile'	fortunately
ayik'alil	fortune
ka'a k'áal	forty
ka'a ti' óox k'áal	forty-two
táanil	forward
kuxkintaj óol	foster
ba'alte'najij	fought
kaxan	found
chuun	foundation
kan	four
kanlajun	fourteen
ooch	fox
neets	fragile
xuul	frame
maarko	framework
fraudée	fraud
fenomenóo	freak
jáalk'ab	free
jáalk'abil	freedom
síiskun	freeze
yaan k'iin	frequency
maantats'	frequent
maantats'	frequently
túumben	fresh
biernes	friday
réefrijerador	fridge
etail	friend
uts bisbail	friendly
etailo'ob	friends
etailil	friendship
saajak	frightened
sajbe'entsil	frightening
muuch	frog
líik'ul	from
táanil	front
síis	frozen
ichpak'al	fruit
frustradóo	frustrated
kóombustible	fuel
Fulfulde	Fulfulde
chuup	full
díibertido	fun
fúunsion	function
k'a'abéet	fundamental
fúuneral	funeral
díibertido	funny
oot'eel	fur
ts'íik	furious
mueble'ob	furniture
beyxan	furthermore
futuuro	future
náajalil	gain
náajal	gain
báaxal	game
t'úul bej	gap
kocheera	garage
sojol	garbage
páak'alnikte'	garden
aajo	garlic
joolnaj	gate
múuch'	gather
much'tal	gathering
p'íis	gauge
ts'a'aj	gave
engranaje	gear
jeneróo	gender
jéeneral	general
maantats'	generally
generar	generate
jéenerasion	generation
síi óol	generous
na'at óol	genius
ba'axi	genre
uts óol	gentle
eets'	gesture
náajal	get
búukin nook'	get dressed
líik'il	get up
ka utsláakech	get well soon
konseguiir	getting
áak'al kulenkul	ghost
fantaasma	ghosting
chaak	giant
siibal	gift
jenjibre	ginger
ch'uupal	girl
xba'al	girlfriend
ts'áaj	give
p'aat	give up
ts'a'an	given
ki'imak óol	glad
ilik	glance
biidrio	glass
k'a'ap'éelich	glasses
bistaaso	glimpse
wóolkab	global
bo'oy	gloomy
pix k'ab	gloves
juulil	glow
sáasilkúun	glow up
taak'	glue
bin	go
táanil	go ahead
xeen	go away
bin wenel	go to bed
xu'uk'il	goal
xu'uk'ilo'ob	goals
kaabra	goat
k'uj	god
Dios ta wéetel	god bless you
bin	goes
bin	going
bin tak	going to
k'an táak'iin	gold
bija'an	gone
bin te'elo	gonna
táat	goo
ma'alob	good
ma'alob chíinil k'iin	good afternoon
tuláak' k'iin	good bye
ma'alob k'iin	good day
ma'alob áak'ab	good evening
ma'alob meyaj	good job
ki'ichkelem	good looking
bin ma'alobil	good luck
ma'alob k'iin	good morning
ma'alob k'iin, xun	good morning my love
ma'alob áak'ab	good night
tuláak' k'iin	goodbye
ma'alob áak'ab	goodnight
bieeno'ob	goods
Google	Google
Tráaduktor Google	Google Translate
gaanso	goose
jach ma'alob	gorgeous
chiisme	gossip
náal	got
na'atik	got it
jala'achil	government
ch'a'	grab
graado	grade
gradwalmente	gradually
graduáado	graduate
graanos	grain
bo'oychajal ti' k'in	grant
ts'a'an	granted
uuba'ob	grapes
na'at	grasp
su'uk	grass
áagradesido	grateful
gráatitud	gratitude
múuknal	grave
sak éek'	gray
jach ma'alob	great
pooch	greed
ts'u'ut	greedy
ya'ax	green
tsik	greet
tsíik	greeting
ki'imak óolal	greetings
sak éek'	grey
reed	grid
peena	grief
juuch'	grind
xikin	grip
kúuchil boonil	grocery
maach'k'ab	groom
bruutóo	gross
lu'um	ground
múuch'	group
nojochtal	grow
chíijil	growth
ts'íik	grumpy
Guarani	Guarani
táanilkuns	guarantee
kanáalil	guard
na'at	guess
jxíimbal	guest
guiya	guidance
guiaya	guide
guiyar	guide
kulpaable	guilty
tiipo	guy
máako'ob	guys
jiim	gym
suukbenil	habit
naay	habitat
yaanchaj	had
bat	hail
tso'otsel pool	hair
chúumuk	half
saala	hall
k'ab	hand
ba'albesaj	handle
ki'ichkelem	handsome
ch'uy	hang
máan le k'iino'	hang out
úuchul	happen
úuchij	happened
ki'imak óolal	happiness
ki' óolal	happy
ma'alob k'iin k'aaba'	happy birthday
ma'alob k'iink'aaba' ti' tech	happy birthday to you
ma'alob túumben ja'ab	happy new year
ts'u'uy	hard
talam	hardly
óol ma'	hardly ever
meent k'aas	harm
k'aasil	harm
dáaninio	harmful
ki'imak óolil	harmony
ts'u'uy	harsh
jooch	harvest
yaan ti'	has
p'eekil	hate
yaantal	have
ka yanak tech jump'éel ma'alob k'iin	have a good day
ka yanak tech jump'éel ma'alob k'iin	have a nice day
uk'ul	have breakfast
máans ma'alobil	have fun
ts'o'ok wáaj a janal	have you eaten
yaantal	having
talamil	hazard
séereno	haze
leti'	he
leti'e' yaan ti'	he has
leti'e'	he is
pool	head
k'i'inam pool	headache
utstal	heal
ts'aakil	healing
toj óolal	health
saludaable	healthy
ch'enxikin	hear
tu yu'ubaj	heard
puksi'ik'al	heart
chokoj ooxolil	heat
chokokíin	heat
ka'an	heaven
aal	heavy
jesbal	hectic
ka'analil	height
éeredero	heir
óokol	heist
tu machaj	held
metnal	hell
Bix túun	Hello
bix a beel, in yaakunaj	hello dear
ey, bix a beel	hello how are you
bixtun, bix u bin tech	hello how are you doing
kaasko	helmet
áantaj	help
k'a'ana'an	helpful
beytuno'	hence
u	her
rebaanio	herd
waye'	here
máatrimonio	heritage
dúudar	hesitate
¡jey!	Hey
Bix a beel	Hi
eey, bix a beel	hi how are you
ey	Hi there
táak'a'an	hidden
ta'ak	hide
jerarkiya	hierarchy
ka'anal	high
chíikbesaj	highlight
xíimbal	hike
séenderismo	hiking
ki'ima óolil	hilarious
muul	hill
ti' leti'	him
piista	hint
t'e'et'	hip
t'e'et'o'ob	hips
kóontratar	hire
kóontratasion	hiring
u	his
k'ajlay	history
jaats'	hit
jum	Hmm
máansk'iinaj	hobby
maach	hold
páatik	hold on
jool	hole
jáalk'abk'iin	holiday
jool	hollow
otoch	home
ts'íib	homework
óonesto	honest
jaajil	honestly
kaab	Honey
oonor	honor
suyen	hood
jook'ob	hook
síit'	hop
éesperanza	hope
kexi'e'	hopefully
desesperaado	hopeless
chilikbal	horizontal
k'a'amiljuum	horn
k'aas	horrible
k'aas	horror
tsíimin	horse
kuchil ts'aak	hospital
óospitalidad	hospitality
áanfitrion	host
oostil	hostile
chikoj	hot
otel	hotel
p'íik'iin	hour
oora'ob	hours
otoch	house
otoch	household
bixi	how
kux teech	how about you
bix a beel	how are you
bix a beel	how are you doing
bix a beel be'elajke'	how are you doing today
bix a beel be'ekajake'	how are you today
bix a beel	how do you do
bixi'	how is
jayp'éel	how many
bajux	how much
jaytéen	how often
jayp'éel ja'ab yaan tech	how old are you
bix binik tech be'elajake'	how was your day
bix uch u bitech óonajak	how was your night
chen ba'ale'	however
chúumuk	hub
áafision	hubby
méek	hug
nojoch	huge
wíinik	human
uts óol	humble
ch'uul	humid
k'as ch'uul	humidity
siento	hundred
wi'ij	hungry
ts'oon	hunt
chak ik'al	hurricane
apuuro	hurry
jalti'	hurry up
meent yaj óolal	hurt
íicham	husband
otoch	hut
ijieene	hygiene
teen	I
tene'	I am
uts yaanilen	I am fine
je'el in tsa'ayale'	I can
mixtan in tsa'ayal	I can't
beyo'	I do
ma' in woojeli'	I do not know
mixtan in na'atik	I do not understand
tene' ma'	I don't
ma' in wojeli'	I don't know
mixtan in na'atik	I don't understand
mixtan in na'atik ba'ax taak a wa'alik	I don't understand what you mean
ma' táan in na'atikech	I don't understand you
ma' in woojeli'	I don’t know
ma' táan in na'atik	I don’t understand
in wa'alike'	i guess
yaanchaj ten	I had
yaan ten	I have
yaanchajen	I have been
leti' kin pa'atik	I hope so
In wojel	I know
uts tin wich	I like
uts in wilikech	I like you
ust in wik	I love
In yaakunsmaj in suku'un	I love my big brother
In yaakunsma in kiik	I love my big sister
In yaakunsmaj in taata	I love my father
in yaakunsmaj in chan suku'un	I love my little brother
in yaakunsmaj in ch'up íits'in	I love my little sister
In yaakunsmaj in na'	I love my mother
In yaakumech	I love you
jach in yaakumech	I love you so much
beyxan teen in yaamech	I love you too
in k'áat in wa'ale'	I mean
kin extraniartikech	I miss you
tin tuukulkech	I miss you so much
bey in wilik	I see
tuukul	I think
kin na'atik	I understand
in k'áat	I want
in k'áat in wilech	I want to see you
in k'áatech	I want you
yaan in meentik	I will
tene'	I'm
ma'alob aniken	I'm fine
ma'alob yaniken	I'm good
wayanene'	I'm here
sa'asteni'	I'm sorry
bat	ice
elaado	ice cream
tuukul	idea
ma'alobil	ideal
beyo'	identical
íidentifikar	identify
ch'íibal	identity
estúupido	idiot
ináaktibo	idle
wa	if
íignorar	ignore
k'oja'an	ill
wet'a'an	illegal
k'ooja'anil	illness
Ilocano	Ilocano
oochel	image
tuukul	imagine
séeba'anil	immediate
íinmediatamente	immediately
nojoch	immense
íimpacto	impact
íimpactar	impact
íimpasiente	impatient
meent	implement
íimportasion	import
íimportar	import
páaybe'en	important
íimponer	impose
ma' bajun	impossible
ja'asaj óol	impress
jak'alóol	impression
íimpresionante	impressive
ma'alobtal	improve
utstal	improvement
ichil	in
beyxan	in addition
u jaajile'	In fact
aktáan ti'	in front of
ti'al	in order to
ma' ma'alobi'	inappropriate
aj jopsajul	incentive
insiidente	incident
ts'áaj	include
ts'a'ani'	including
ook	income
ma' patali'	inconvenience
aumentar	increase
aumento	increase
na'akij	increased
íinkreible	incredible
wa ma' uchik a wa'alike'	indeed
íindependiente	independent
India	India
a'al	indicate
máasewal	indigenous
jujuntúulil	individual
íindustria	industry
íinebitable	inevitable
paal	infant
nojyaj	infection
íinfinidad	infinity
chuupil	inflammation
íinflasion	inflation
íinfluensiar	influence
a'al	inform
íinformasion	information
xa'ak'	ingredients
ereensia	inheritance
chúunul	initial
íinisiatiba	initiative
lóobiltubaj	injured
núul	injury
íinosente	innocent
túumbens	innovation
konsulta	inquiry
choko pool	insane
k'oxol	insect
íinseguro	insecure
okol	insert
ichil	inside
oksaj tuukul	insight
yayam	insist
xma'weenel	insomnia
inspirasion	inspiration
íinspirar	inspire
íinstalar	install
istansia	instance
jan	instant
tu yo'olale'	instead
tu lúugar	instead of
bixk'abéet	instructions
nu'ukul	instrument
pooch'il	insult
seguróo	insurance
ma' machbil	intact
íintegridad	integrity
itelektual	intellectual
na'at óolil	intelligence
na'at óol	intelligent
ma' ojéel	intend
ts'a'an ti'	intended
íintenso	intense
íintension	intention
tsikbal	interact
interaxiion	interaction
íinteres	interest
íinteresado	interested
interesante	interesting
táakpajal	interfere
kaap	intermediate
íinterno	internal
íinternasional	international
páasantia	internship
suut t'aan	interpret
k'ext'aan	interpreter
nikkabtaj	interrupt
k'áatchi'	interview
ti'al	intimate
ti'	into
íintrodusir	introduce
oksajts'íib	introduction
íintrobertido	introvert
na'atil	intuition
nuum	invalid
íinbentar	invent
nu'ukbesajil	inventory
íinbertir	invest
kaxan tsikbal	investigate
pay t'aan	invitation
páayt'aan	invite
factura	invoice
facturar	invoice
táakpajal	involve
oka'an	involved
taats'	iron
yeerro	iron
leti'	is
péeten	island
jatsa'an	isolated
xookil	issue
talamilo'ob	issues
leti'	it
leti'e'	it is
sa'amij	it was
ma'alob	it's ok
ma'alob	It's okay
jaatsil	item
éelemento'ob	items
u	its
tene'	I’m
chakeeta	jacket
k'aleb	jail
enero	January
butix	jar
mandibuláa	jaw
selooso	jealous
jun taakal	jerk
jooya'ob	jewelry
meyaj	job
k'as áalkab	jogging
nuup	join
múuch'	joint
báaxalt'an	joke
periodista	journalist
xíimbal	journey
ki'imak óolil	joy
p'is óol	judge
jp'is óol	judge
k'aab	juice
julio	july
síit'	jump
junióo	june
sojol	junk
beyo'	just
meentej	just do it
tojil	justice
júustifikar	justify
Kalaallisut	Kalaallisut
afeekto	keen
p'aat	keep
bin táanil	keep it up
tu máantenertaj	kept
teteráa	kettle
wach'eb	key
ko'oche'	kick
paal	kid
báaxalt'aan	kidding
yis	kidney
paalal	kids
kíinsal	kill
máak	kind
junp'íit	kinda
uts óol	kindly
amable	kindness
ajaw	king
ts'u'uts'	kiss
k'óoben	kitchen
papagayo	kite
chan miis	kitten
píix	knee
oojel	knew
xootob	knife
káabayero	knight
ojel	know
na'atil	knowledge
k'ajóolta'an	known
Konkani	Konkani
Krio	Krio
éetiketar	label
éetiketa	label
meyaj	labor
maano de oobra	labour
mina'an	lack
éeb	ladder
lo'obaye'en	lady
ts'ak'aja'an	laid
chichank'ak'náab	lake
taman	lamb
koojo	lame
sáasil	lamp
lu'um	land
paisaje	landscape
t'aan	language
paachijunaj	lap
chowak	large
u ts'ook	last
u ts'ook, ba'ale' páaybe'en xan	last but not least
áapeyido	last name
chúunk'in	late
te' k'iino'oba'	lately
mun xáatal	later
u ts'ook	latest
ts'ook	latter
che'ej	laugh
che'ej	laughing
che'ej	laughter
puul	launch
kúuchil p'o'	laundry
a'almajt'aan	law
su'uk	lawn
aj-áantaj	lawyer
ts'áaj	lay
yáal	layer
díisposision	layout
ma'ak'óol	lazy
il	lead
poolil	leader
laamináaj	leaf
púuts'	leak
chiintal	lean
síit'	leap
kaan	learn
káanbesajul	learning
áarendar	lease
al meenos	least
k'ewel	leather
p'at	leave
le'ob	leaves
tu bisaj	led
xts'íik	left
muk' ok	leg
legadóo	legacy
a'almnal	legal
leyeenda	legend
legal	legit
jáalk'ab k'iin	leisure
majan	lend
chowakil	length
meenos	less
ka'ansaj	lesson
p'aat	let
kaarta	letter
lechuuga	lettuce
tsoolil	level
áaprobechar	leverage
réesponsabilidad	liability
kúuchil áanalte'ob	library
léets'	lick
tuusil	lie
tuus	lie
tuusilo'ob	lies
kuxal	life
ch'úuy	lift
sáasil	light
sáasil	lightning
uts	like
bey a'ala'an	likely
beyxan	likewise
tóojil	line
Lingala	Lingala
liink	link
koj	lion
ja'	liquid
tsoolil	list
ch'eenxikin	listen
u'uy	listening
líiteralmente	literally
literaturáa	literature
leecho	litter
chichan	little
kuxtal	live
táaman	liver
kuxtalo'ob	lives
kuxtal	living
kúuchil yaantal	living room
áayim	lizard
kuuch	load
paan	loaf
p'aax	loan
lokal	local
úubikasion	location
k'aal	lock
p'áatal	lockdown
ts'i'it	log
jaja' che'ej	lol
juunalil	lonely
chowak	long
ts'o'ok u yúuchtal in wilech	long time no see
il	look
buukle	loop
péerder	loose
péerdedor	loose
kaabayero	lord
saat	lose
jaatsal	loss
saatal	lost
ya'ab	lot
k'a'am	loud
sáalon	lounge
yaakunaj	love
yaakun	love
in yaakumech	love you
ki'ichkelem	lovely
kaabal	low
asab kaabal	lower
leal	loyal
k'uub	loyalty
suertée	luck
áafortunado	lucky
Luganda	Luganda
éekipaje	luggage
póoj	lump
janal	lunch
pulmono'ob	lungs
lúujo	luxury
jets'a'an	lying
maakina	machine
choko pool	mad
xma	madam
meenta'an	made
rebistaa	magazine
ma'alob	magnificent
xk'oos	maid
yáax	main
máantener	maintain
máanteniminento	maintenance
Maithili	Maithili
páaybe'enil	major
páaybe'en	major
u ya'abil	majority
meent	make
jo'osal	make up
xiib	male
mool	mall
xiib	man
ba'abes	manage
jestion	management
jereente	manager
óobligatorio	mandatory
a'al	manifest
máanipular	manipulate
maneera	manner
máanual	manual
ya'ab	many
ka k'iinbes ya'ab uláak' ja'abo'ob	many many happy returns of the day
maarso	march
xuul	margin
kúuchil koonol	market
ts'o'okobeel	marriage
ts'oka'an u beel	married
maskariya	mask
ch'éech'éenkil	massive
jka'ansaj	master
báaxal	match
keet	match
etmeyaj	mate
nu'ukulil	material
matematikas	math
talamil	matter
tajal	maturity
je'el	may
ma' xaani'	maybe
ti' teen	me
bey teen xan	me too
janal	meal
u k'áat u ya'ale'	mean
síignifikado	meaning
u k'áat u ya'al	means
tu yóot u ya'al	meant
ikil	meanwhile
p'iis	measure
mediida'ob	measures
bak'	meat
meedikóo	medical
ts'aak	medicine
meditasion	meditation
chúumuk	medium
muuch'	meet
much'táambal	meeting
Meiteilon	Meiteilon
yiib	melt
k'a'asajilo'ob	memories
memoria	memory
tukulbil	mental
méensionar	mention
a'ala'an	mentioned
a'antaj	mentor
jkoonol	merchant
ts'áabilaj	mercy
chen le je'elo	merely
ma'alob sijnáal	merry christmas
ba'ate'il	mess
k'ubent'aan	message
desordenaado	messy
tuukul	metal
meetodóo	method
ch'o'ob	mice
chúumuk	middle
chúumuk áak'ab	midnight
páajtal	might
leebe	mild
taak'al	milestone
míilitar	military
k'aab iim	milk
miyon	million
tuukulil	mind
tuukul	mind
tuukul	mindset
teen	mine
in ti'al	mine
xa'ak'al	mingle
menor	minor
minuto	minute
minuto'ob	minutes
maktsil	miracle
néen	mirror
xaak'al	miscellaneous
ko'	mischievous
óotsil	miserable
óotsilil	misery
extraniar	miss
kin éekstraniartikech	miss you
saatal	missing
mision	mission
séereno	mist
éerror	mistake
Mizo	Mizo
séelular	mobile
éets'	mock
modeelo	model
bejla'e'	modern
utsbail	modest
ch'uul	moist
k'as ch'uul	moisture
kuuxum	mold
luunar	mole
na'	mom
súutukil	moment
lunes	monday
taak'in	money
moonitor	monitor
ba'ats'	monkey
wi'inal	month
aanimo	mood
p'uja'an	moody
uj	moon
moral	moral
asab	more
beyxan	moreover
sáastal	morning
íipoteka	mortgage
óol tuláakal	most
prinsipalmeentej	mostly
na'	mother
péeksil	motion
toj óol	motivation
muul	mountain
maws	mouse
chi'	mouth
p'eeks	move
péeksaj	movement
pelikuláa	movie
xunan	mrs
ya'ab	much
luuk'	mud
tason	mug
muuskulo	muscle
museeo	museum
oongo	mushroom
páax	music
k'a'abéet	must
k'a'abéetil	must
ch'en	mute
muutual	mutual
in	my
ki'ichkelem	My dear
in etail	my friend
chuup yéetel anguila'ob in aerodeslisador	My hovercraft is full of eels
in yaakunaj	my love
in k'aaba'e'	my name is
jach ma'alob	my pleasure
tenili'e'	myself
míisterioso	mysterious
miisterio	mystery
miito	myth
íich'ak	nail
satal óol	naive
k'aaba'	name
narratibo	narrative
nu'ut'	narrow
tu'	nasty
náasional	national
noj lu'umil	nationality
máasewal	native
náatural	natural
k'áax	nature
ki'inak'	nausea
naats'	near
náats	nearby
náats' ti'	nearly
puulkro	neat
k'a'abéet	necessary
kaal	neck
léechkal	necklace
nesesidad	need
nesesitar	need
néegatibo	negative
tu'ubs ik'	neglect
k'axt'aan	negotiate
besiino	neighbor
béesindario	neighborhood
mix	neither
soob	nephew
ts'a' óol	nerd
nerbioso	nervous
k'u'	nest
neeto	net
reed	network
neutral	neutral
mixbik'in	never
mik ta'akech a p'aatej	never give up
mixba'al ti'	never mind
mixba'aj ti'	nevermind
chen ba'ale'	nevertheless
túumben	new
péeksilo'ob	news
uláak'	next
iknal	next to
ki'ichkelem	nice
ki'imak in wóol in k'ajóoltikech	nice to meet you
soob	niece
áak'ab	night
k'aas wayak'	nightmare
bolom	nine
bolonlajun	nineteen
lajun ti' jo' k'áal	ninety
Ma'	No
mix ba'al ti'	no problem
mixtan	no way
mix máak	nobody
ruidóo	noise
ruidooso	noisy
mina'an	none
chúumuk' k'iin	noon
ma'	nope
mix	nor
beyili'	normal
xaman	north
ni'	nose
ok'on óol	nostalgic
ma'	not
mix ba'al	not at all
ma' jach k'aasi'	not bad
ma' te' súutukila'	Not now
todabiya ma'	not yet
ch'a' ts'íib	note
ts'íibk'ajil	noted
mixba'aj	nothing
paakat	notice
tu yilaj	noticed
k'aaba'	noun
t'aano'ob	nouns
jop'na	novel
nobiembre	november
beora	now
te k'iinobaj	nowadays
xla' ba'aj	nuisance
nuulo	null
weensaj	numb
xookil	number
áantaj ts'aak	nurse
tueerka	nut
nues moskada	nutmeg
núutrision	nutrition
jurameentóoj	oath
polokil	obesity
u'uyt'aan	obey
objeeto	object
xu'uk'il	objective
óobligasion	obligation
e'ejoch'e'en	obscure
obserabasioon	observation
il	observe
óobsesionado	obsessed
óobsesion	obsession
úuchben	obsolete
su'up'	obstacle
náajal	obtain
k'ama'an	obtained
beyo'	obvious
jach beyo'	obviously
yaan k'iin	occasionally
óocupasion	occupation
óokupado	occupied
úuchul	occur
j-úuchij	occurred
úuchul	occurs
osiano	ocean
oktubre	october
jela'an	odd
posibilidado'ob	odds
ti'	of
jach beyo'	of course
tuupul	off
óofensibo	offensive
óofertar	offer
ofertaa	offer
óofisina	office
jach leti'	official
óol	often
u'uyej	Oh
jach u jaajil wáaj	oh really
ye'eb	oil
ma'alob	ok
ma'alob, in yaabilaj	ok dear
ma'alob, in yaabilaj	ok honey
ma'alob in yaakunaj	ok my love
ma'alob	okay
ma'alob ki'ichpan	okay baby
ma'alob	okay dear
ma'alob ki'ichpan	okay honey
ma'alob in yaakunaj	okay my love
ch'ija'an	old
yóok'ol	on
chen junten	once
jun	one
chen jump'éel t'aane' ma' nonoji'.	one language is never enough
kukut	onion
ti' líinea	online
chen	only
waach'	open
óoperasion	operation
óopinion	opinion
páajtalilo'ob	opportunities
páajtalil	opportunity
kúulpachil	opposite
óoptimista	optimistic
óopsion	option
chen wa a k'áat	optional
wa	or
pak'aal	orange
chak k'an	orange
óordenar	order
oorden	order
komun	ordinary
molay	organization
a'al nu'uk	orientation
chúunul	origin
yáax	original
Oromo	Oromo
ma'taata'ob	orphan
ulkáak'	other
uláak'e'	otherwise
k'a'abéet	ought
k	our
Ak xu'uk'il: kik meentik u k'ajóolta'al le yóok'ol kaab tumen tuláakal máak yéetel ka béeyak u t'aano'o ichil tuláakal t'aano'ob.	Our mission: to enable everyone, everywhere to understand the world and express themselves across languages.
Ak xu'uk'il: kik oganisartik tuláakal informasion way yóok'ol kaabe' yo'osal beyo' séeba'an u kaxta'al ti'al k'e'ebéetkunsbil.	Our mission: to organize the world's information and make it universally accessible and useful.
jóok'ol	out
resuultado	outcome
nook'	outfit
jóok'	outgoing
jóok'ol	outlet
ts'íib	outline
táankab	outside
ma' ts'oka'ani'	outstanding
píib	oven
yóok'ol	over
te'elo'	over there
jéeneral	overall
máan táanil	overcome
taam tuukul	overthinking
luubul óol	overwhelmed
áabrumador	overwhelming
p'aax	owe
xooch'	owl
ti'al	own
yuumil	owner
buey	ox
paaso	pace
ts'aap	pack
páakete	package
bo'olta'an	paid
yaajil	pain
boon	paint
boon	painting
nuupul	pair
óotsil paakat	pale
palmeera	palm
káaserola	pan
pandeemia	pandemic
sajkil	panic
pantaloones	pants
ju'un	paper
páaraiso	paradise
paralelóo	parallel
paarsela	parcel
sa'as si'ipil	pardon
tatatsilo'ob	parents
k'íiwik	park
t'úut'	parrot
péerejil	parsley
jaatsil	part
táakpajal	participate
páarticular	particular
sosyóo	partner
cha'anil	party
máan	pass
máan	passage
j-máanij	passed
muk' óol	passion
apaasionado	passionate
pasiibo	passive
kontrasenia	password
paachil	past
paarche	patch
beej	path
patetikóo	pathetic
páasiensya	patience
k'ucha'an óol	patient
k'oja'an	patient
páatron	pattern
pausa	pause
xuul bej	pavement
bo'ol	pay
bo'ol	payment
paas	peace
paasipiko	peaceful
duraasno	peach
koj	peak
peera	pear
bu'ul	peas
peekuliar	peculiar
wiix	pee
sóol	peel
nuup	peer
paaro'ob	peers
láapisero	pen
ch'ilib ts'íib	pencil
ma' ts'oka'ani'	pending
wíinik	people
ts'ulubmay	pepper
ilaj	perceive
péersepsion	perception
jach táaj ma'alob	perfect
meent	perform
rendimiento	performance
ma' xaani'	perhaps
periodo	period
permaneentej	permanent
permiiso	permission
permiso	permit
jóok'ol táanil	perseverance
peersistentej	persistent
máak	person
meyajo'ob	personal
jéeelbixil	personality
péerspektiba	perspective
préesuadir	persuade
k'aasil pol	pervert
ba'alche'	pet
faase	phase
peenomeno	phenomenon
tuukulil	philosophy
nu'ukul t'aan	phone
oochel	photo
praase	phrase
fiisiko	physical
ch'a'	pick
máan ch'a'	pick up
oochel	picture
junxéet'	piece
piesa'ob	pieces
k'éek'en	pig
úukum	pigeon
ya'ab	pile
áalmuadaj	pillow
piiloto	pilot
klaabo	pin
piinia	pineapple
chakpilen	pink
jool	pit
pul	pitch
laastimáaj	pity
ts'áaj	place
kúuchil	place
kúuchilo'ob	places
plaaga	plague
paalno	plain
plaan	plan
péepen k'áak'	plane
mejenk'áax	plant
plaanta'ob	plants
plaaka	plate
plaataforma	platform
báaxal	play
báaxal	playing
ki'	pleasant
bawa	please
kóomplasido	pleased
ki'imak óolal	pleasure
seeb chi'	pledge
íinfinidad	plenty
traama	plot
éenchufe	plug
aabal	plum
plomeero	plumber
ya'abil	plural
poodkast	podcast
ik't'aan	poem
ik't'aan	poetry
ch'ooj	point
benenoj	poison
ajkanan	police
almejen	policy
éedukado	polite
kóontaminasion	pollution
estaanke	pond
pisináaj	pool
ta'	poop
óotsil	poor
wáak'al	pop
póopular	popular
kajnáalil	population
k'éek'en	pork
papiyáa	porridge
puerto	port
póosision	position
póositibo	positive
t'i'altik	possess
póosesion	possession
posesibo	possessive
béeytal	possible
púublikar	post
púublikasion	post
póosponer	postpone
paapa	potato
muuk'il	potential
liibra	pound
óotsitalil	poverty
muuk'	power
mu'uk'a'an	powerful
práaktiko	practical
praktikar	practice
praaktika	practice
li'isaj óol	praise
báaxalt'aan	prank
payalchi'	pray
ki'ichkelem	precious
presiso	precise
presisameente	precisely
bobatil t'aan	predict
préeferir	prefer
preferensyaj	preference
yo'om	pregnant
k'aastuukul	prejudice
instalasioones	premises
preemiun	premium
ch'alba	preparation
meent	prepare
meenta'an	prepared
presensia	presence
siibal	present
te' súutukila'	present
préesentasion	presentation
préeserbar	preserve
jala'ach	president
peets'	press
presion	pressure
préetender	pretend
ki'ichpan	pretty
préebenir	prevent
táanil	previous
ichmaj	prey
tojol	price
orguuyo	pride
yuum k'iin	priest
yáaxil	primary
yáaxil	prime
príinsesa	princess
yáaxil	principal
táanil	prior
prioridaad	priority
k'aal	prison
príibasidad	privacy
pribaado	private
príibilejio	privilege
náajalil	prize
ma'xaani'	probably
talamil	problem
tsoolil	procedure
próoseder	proceed
beelil	process
meent	produce
produktóo	product
produxion	production
próofesion	profession
próofesional	professional
perfil	profile
náajalil	profit
taam	profound
progresaar	progress
nojmeyajil	project
famooso	prominent
t'áaj t'aan	promise
ts'aaj t'aanil	promise
ts'áaj k'ajóol	promote
biiktima	promotion
portunóo	prompt
táaytak	prone
pronombre'ob	pronouns
a'al	pronunciation
p'iskaambal	proof
beyo'	proper
ma'alob	properly
próopiedado'ob	properties
próopiedad	property
propuestáa	proposal
anunsio	prospect
k'aaknakil	prosperity
prospeero	prosperous
kanan	protect
óorguyoso	proud
e'es	prove
ts'áaj	provide
a'almaja'an	provided
kuchkabal	province
k'ubóolal	provision
cho'ontal	puberty
puublikóo	public
kóol	pull
k'úum	pumpkin
púuntual	punctual
xooknáal	pupil
maan	purchase
puuro	pure
chakch'oj	purple
xu'uk'il	purpose
chan póoj	purse
kaxan	pursue
kaxan	pursuit
tuul	push
ts'áaj	put
náajalil	qualification
káalidad	quality
buka'aj	quantity
kuarenteena	quarantine
ba'ate'il	quarrel
ba'ate'el	quarrel
kuartoo	quarter
Quechua	Quechua
reyna	queen
ma' napaja'an	queer
k'áat chi'	query
k'áatchi'	question
neej	queue
séeba'an	quick
séeba'an	quickly
chaambelik	quiet
koolcha	quilt
p'aat	quit
ya'ab	quite
nonoj	quite
p'iskaambal	quiz
kotisasion	quotation
kóotisasion	quote
kóotisar	quote
cotisasiono'ob	quotes
t'u'ul	rabbit
raasa	race
p'u'uj	rage
k'áaxal ja'	rain
éelebar	raise
ya'abchajij	raised
áalkabnajij	ran
áaleatorio	random
raango	range
séeb	rapid
séeba'an	rapidly
jela'an	rare
ma' suuki'	rarely
wáak'al	rash
ch'o'	rat
toojol	rate
tu yo'olal	rather
múuch'besajil	ratio
t'ooxil	rational
che'eche'	raw
ka'a	re
náajal	reach
k'uchij	reached
reaksion	reaction
xook	read
xook	reading
ts'oka'an	ready
jach jaaj	real
jaajil	reality
il	realize
tu yilaj	realized
jach u jaajile'	really
iit	rear
ráason	reason
tuuklik	reasonable
k'a'ajsaj	recall
resiibo	receipt
ch'a'	receive
tu k'amaj	received
táantike'	recent
ma' sáami'	recently
k'aam	reception
tsoolil janal	recipe
impudentée	reckless
k'áajóolil	recognition
chíimpol	recognize
réekomendar	recommend
rekomendarta'an	recommended
réejistra	record
rejistro	record
ch'a'	recover
ch'a' óol	recovery
rektangulo	rectangle
chak	red
k'éex	redeem
lojebal baksaj	redemption
p'íital	reduce
redundaante	redundant
reeferensia	reference
wóowóoch'	reflect
réefleksion	reflection
wa'atal	refrain
reprijerador	refrigerator
reembolso	refund
tséel ich	refuse
tséel ichta'an	refused
yo'osal	regarding
ki'imak óolal	regards
rejion	region
ts'íib	register
arepentir	regret
ma'alob	regular
jal óol	reject
xook	relate
yaan ba'ax u yila'	related
réelasion	relationship
láak'tsil	relatives
chen ch'a'abil	relax
jáalk'ab	release
jáalk'abil	release
jalk'ab	released
páaybe'en	relevant
confiable	reliable
jets'tal	relief
e'es	relieve
utstal	relieved
k'ujtalil	religion
religioso	religious
kóonfiar	rely
p'áatal	remain
yaalab	remaining
chíika'an	remarkable
nu'ukulil	remedy
k'a'ajsaj	remember
k'a'asaj	remind
k'a'asaj	reminder
remooto	remote
péeks	remove
majan	render
rentar	rent
utskíin	repair
núuk	repeat
k'eex	replace
núukil	reply
núuk	reply
réeportar	report
reporrte	report
réepresentar	represent
réeputasion	reputation
k'áat	request
solisitud	request
réekerir	require
k'a'ana'an	required
reskaate	rescue
xak'alil	research
óol beyo'	resemble
náak'al	resentment
kanáan	reservation
ta'kuntaj	reserve
kula'an	resident
p'aat	resign
resileensia	resilience
reesiliente	resilient
nup'intaj	resist
cha' muuk'	resistance
réesolusion	resolution
jepajal óol	resolve
ch'a'abil	resort
rekuursos	resources
tsiikil	respect
tsiik	respect
núuk	respond
núukil	response
réesponsabilidad	responsibility
réesponsable	responsible
je'asaj	rest
ka xi'ik yéetel utsil	rest in peace
kúuchil janal	restaurant
restauraante	restore
nats	restrict
ich	result
icho'ob	results
kóomkíin	resume
minoriista	retail
ch'a'	retain
je'esa'al	retention
jubiladóo	retired
retiróo	retreat
suut	retrieve
suut	return
e'es	reveal
tu ya'alaj	revealed
ch'a'tojil	revenge
náajailil	revenue
kulpach	reverse
rebision	review
rebisar	review
xak'al	revise
k'aam	revision
réebolusion	revolution
náajalil	reward
riitmo	rhythm
ch'ala'at	rib
áarroz	rice
ki'	rich
si'ip ik'	rid
ch'oot	ride
ridikulo	ridiculous
xno'oj	right
ma'alob	right
te súutuka'	right now
ríijido	rigid
tipit'	ring
chaal	rinse
ba'ateil	riot
jatal	rip
jatabil	rip
tak'an	ripe
NA'akal	rise
riesgóo	risk
etba'ate'il	rival
áalkab ja'	river
beej	road
póok	roast
k'as polok	robust
rook	rock
bariya	rod
rool	role
rooyo	roll
yóok'naj	roof
aabitasion	room
moots	root
suum	rope
tu'	rotten
to'och	rough
táantike'	roughly
wóolil	round
beelil	route
suuktal	routine
tsoolil	row
cho'	rub
mak'	rubber
ta' miis	rubbish
ko'	rude
áalfombra	rug
rui	ruin
péetselt'aan	rule
a'almajt'aan	ruler
péets'elt'aan	rules
áalkab	run
áalkab	running
chichan	rural
áalkab	rush
áalkabil	rush
póoj	sack
ki'ilich	sacred
sakrifisióo	sacrifice
seguuro	safe
uts xik'náal	safe flight
kanáanbal	safety
aj miats	sage
tu ya'alaj	said
yaan	sail
nabegar	sailing
ma'alob	sake
bo'olil	salary
koonol	sale
salmon	salmon
ta'ab	salt
láayli'	same
beyxan waye'	Same here
chíikul	sample
áarena	sand
Sanskrit	Sanskrit
sarkastikóo	sarcastic
áatrebido	sassy
kuláaji'	sat
satispaaxion	satisfaction
ti'ibij	satisfied
sáatisfaser	satisfy
satisfaktorio	satisfying
sabado	Saturday
but'a'an	sausage
k'áaxil	savage
ta'ak	save
ilaj	saw
a'al	say
eskaala	scale
estaafa	scam
sikatris	scar
mina'anil	scarce
jak'a'an óol	scared
buupanda	scarf
sajbe'en	scary
t'i'it'paja'an	scattered
eseena	scene
eseenario	scenery
bookil	scent
tsoolil	schedule
najilxook	school
miats	science
ajmiats	scientist
ajxak'alo'ob	scientists
k'upeb	scissors
k'eeyaj	scold
áalkanse	scope
ka'analil	score
chatarráaj	scrap
la'ach	scratch
awat	scream
páataya	screen
toorniyo	screw
guiyon	script
k'ak'náab	sea
seeyo	seal
kaxan	search
kéexil	season
kisikche'	seat
ka'a	second
múukult'an	secret
xoot'	section
jets'tal	secure
seguridad	security
il	see
k ilikabaje'	see you
tu láak' k'iin	see you later
k ilikabaje'	see you soon
tak sáamal	see you tomorrow
neek'	seed
kaxan	seek
jach beyo'	seem
beey	seems
ilabij	seen
áaprobechar	seize
konbulsioon	seizure
raara ves	seldom
yéey	select
tenen	self
juunal utstal	self healing
ts'u'ut	selfish
koonol	sell
túuxt	send
túuxt ten a woochel	send me your picture
máak	senior
séentido	sense
neets	sensible
sensiible	sensitive
tuxk'aja'an	sent
chuka'antuukul	sentence
chuka'an tuukulo'ob	sentences
jats'an	separate
Sepedi	Sepedi
septiembre	september
sekuensia	sequence
tsóolil	series
seerio	serious
jach tu jáajil	seriously
áantaj	serve
séerbisio	service
xóot'	session
estableser	set
kóonfigurar	set up
ba'apach	setting
jets'tal	settle
uuk	seven
uklajun	seventeen
lajun ti' kan k'áal	seventy
nonoj	several
sebeero	severe
chuuy	sew
bo'oyil	shade
yo'ochel	shadow
púus	shake
yaan u	shall
ma' taami'	shallow
su'ulakil	shame
bixil	shape
kóompartir	share
áagudo	sharp
leti'	she
leti'e' yaan ti'	she has
leti'e'	she is
kobetisóo	shed
taman	sheep
ju'un	sheet
estaante	shelf
nay	shell
refuujio	shelter
eskuudo	shield
tuurno	shift
léets'bal	shine
cheem	ship
túuxt	shipping
káamisa	shirt
xanabo'ob	shoes
ts'oon	shoot
p'olmal	shop
maanal	shopping
jáal ja'	shore
kóom	short
mina'anil	shortage
ts'oon	shot
k'a'abéet	should
keléembal	shoulder
awat	shout
e'esaj	show
e'esajil	show
e'es ten	show me
ichkíil	shower
kaamaron	shrimp
chichantal	shrink
k'aal	shut
mak chi'	shut up
su'ulak	shy
suku'un	sibling
láak'o'ob	siblings
k'oja'an	sick
tséel	side
ch'a'a iik'	sigh
viista	sight
máans ich	sightseeing
joronts'íib	sign
joronts'íib	signature
u k'áat u ya'ale'	significant
ch'ench'enkil	silence
ch'eench'enkil	silent
sedáa	silk
choko pool	silly
ta' uj	silver
chíika'an	similar
siimple	simple
keet	simultaneously
líik'ul	since
tujáajil	sincere
jáajil	sincerely
k'aay	sing
jk'aay	singer
juunal	single
pileeta	sink
nojoch	Sir
kiik	sister
xbaal	sister in law
kutal	sit
kúuch	site
síituasion	situation
wáak	six
waklajun	sixteen
óox k'áal	sixty
buk	size
áabilidad	skill
áabilidade'ob	skills
yóot'el	skin
ts'oya'an	skinny
síit'	skip
faalda	skirt
ka'an	sky
paliltsil	slave
wenel	sleep
wenel	sleeping
taak wenel	sleepy
k'ab	sleeve
xéet'	slice
réebanar	slice
déeslisar	slide
chaambelil	slightly
ts'ooya'an	slim
jáalchajal	slip
ma' ts'oka'ani'	slope
joolil	slot
chaambelil	slow
chaambelil	slowly
chichan	small
éelegante	smart
úuts'ben	smell
pi'its' che'ej	smile
ts'u'uts'	smoke
suabe	smooth
botaana	snack
úurich	snail
kaan	snake
siiesta	snap
niebee	snow
beytuno'	so
taj uts	so cute
jach náach	so far
ch'ul	soak
jáabon	soap
nuktaj	sober
fuutbóol	soccer
sosial	social
kaaj	society
meedias	socks
susulkil	soft
softweer	software
lu'um	soil
kona'an	sold
xu'upij	sold out
jolkan	soldier
chen leti'	sole
chich	solid
sóolusion	solution
utskíin	solve
ts'e'ets'ek	some
wamáax	somebody
je'ex bixe'	somehow
yaan máax	someone
ba'ax	something
yaan k'iin	sometimes
k'aay	song
ta'aytak	soon
mu'uk'a'an	sophisticated
Sorani	Sorani
uulsera	sore
yaaj kaal	sore throat
su'utaj	sorrow
sa'asteni'	Sorry
tiipo	sort
kaxanil	sought
pixan	soul
núup	soulmate
juumil	sound
soopa	soup
paj	sour
chíikul	source
noojol	south
kúuchil	space
spam	spam
úuchtal	span
káastelan	Spanish
xiixel	spare
t'aan	speak
éespesial	special
espesies	species
éespesifiko	specific
mana óol	spectacular
t'aan	speech
xma' t'aanil	speechless
séeb	speed
déeletrear	spell
xuup	spend
tu xupaj	spent
páap	spicy
espiiga	spike
suut	spin
espinaaka	spinach
pixan	spirit
túub	spit
jach ma'alob	splendid
t'oox	split
t'ooxil	split
k'askúun	spoil
k'askúun	spoiled
espontáanio	spontaneous
jopob	spoon
puunto	spot
núup	spouse
t'íit'	spread
yáax k'iin	spring
ma'abe'en	square
ya'ach'	squeeze
jeets'	squid
ku'uk	squirrel
beej	st
loom	stab
jéets'el	stable
piila	stack
íich'ak	staff
etaapa	stage
boonil	stain
eb	stairs
táakpajalil	stake
ch'úuk	stalk
wa'atal	stall
estampiyaa	stamp
jets'tal	stand
estandáar	standard
eek'	star
káajal	start
káajij	started
kíimil yéetel wi'ij	starving
estado	state
déeklarasion	statement
éestasion	station
estatuaj	statue
estaado	status
p'áatal	stay
kanáantaba	stay safe
ma'alob yanik	steady
xóot'	steak
ookol	steal
ooxol	steam
aseero	steel
tuchukbal	steep
taal	stem
xáak'ab	step
baara	stick
to'och	stiff
ma'	still
chi'ibal	sting
ts'u'ut	stingy
buk'	stir
yaan	stock
okolt'a'an	stolen
nak'	stomach
tuunich	stone
soportartaj	stood
ta'ob	stool
wa'atal	stop
ta'akba'al	storage
áalmasenar	store
moson	storm
k'ajlayil	story
estupa	stove
toj	straight
toj	straightforward
tension	strain
jela'an	strange
samáax	stranger
estratéejia	strategy
paaja	straw
preesa	strawberry
traaso	streak
kóoriente	stream
beej	street
fortaleza	strength
estrees	stress
saats'	stretch
ts'u'uy óol	strict
weelga	strike
káadena	string
k'áan	strip
ba'ateil	strive
áatake	stroke
mu'uk'a'an	strong
p'úucha'an	struck
tsoolil	structure
ba'ate'il	struggle
ba'ateil	struggling
chuka'al óolil	stubborn
p'aatal	stuck
xoknáal	student
xookil	study
xook	study
xook	studying
ba'al	stuff
íimpresionante	stunning
toonto	stupid
estilóo	style
máaxil	subject
túuxt	submission
túuxt	submit
sustansia	substance
jeelbesik	substitute
suutil	subtle
bin ustil	succeed
ma'alobil	success
éeksitoso	successful
je'el bix	such as
chu'uch	suck
repentinóo	sudden
de repeentej	suddenly
sufrir	suffer
táalamil	suffering
nonoj	sufficient
áasukar	sugar
súujerir	suggest
sujerensia	suggestion
traaje	suit
beyo'	suitable
baliija	suitcase
suumáaj	sum
kóomts'íib	summary
beraano	summer
na'aksaj	summit
k'iin	sun
domingo	sunday
t'áabalk'iin	sunny
chíinil kiin	sunset
juulk'iin	sunshine
jach ma'alob	super
nojochil	superior
nojchij	supervisor
seena	supper
uuk'	supply
soporteil	support
soportar	support
a'alik	suppose
wa'ik	supposed
beyo'	sure
yóok'ol	surface
sirujia	surgery
áapeyido	surname
sorpreesa	surprise
jak'a'an u yóol	surprised
oyol óol	surrender
sirkundantée	surrounding
bijilansia	surveillance
éenkuestar	survey
éenkuesta	survey
kuxtal	survive
ch'ajal óol	suspect
ch'úuy	suspended
sóospechoso	suspicious
láat'	sustain
sóostenibilidaad	sustainability
sóostenible	sustainable
botíin	swag
luuk'	swallow
k'éex	swap
k'ax t'aan	swear
k'íilkab	sweat
búuk ke'el	sweater
míis	sweep
ch'ujuk	sweet
weenen ma'alob	sweet dreams
ya'ab u janal	sweet tooth
yaabilaj	sweetheart
chuup	swell
chuupil	swelling
báab	swim
báab	swimming
riitmo	swing
k'eexil	switch
k'eex	switch
chuup	swollen
espaada	sword
siimbolóo	symbol
ch'a' óotsil	sympathy
siintomas	symptoms
sisteema	system
mayakche'	table
na'akal	tackle
weelil	tag
neej	tail
ch'a'	take
bis	take away
kakanil	take care
líik'il	take off
ch'a'an	taken
tsikbal	talk
ya'ab u t'aan	talkative
ka'anal	tall
maak	tap
siinta	tape
xu'uk'il	target
meyajil	task
t'úunt'	taste
ki'	tasty
tu ka'ansaj	taught
tee	tea
e'esaj	teach
jka'ansaj	teacher
múuch'meyaj	team
k'aab ich	tear
k'aab ich	tears
p'u'ujsaj	tease
teknolojia	technology
kojo'ob	teeth
a'al	tell
a'al ten	tell me
téemperamento	temper
téemperatura	temperature
najilk'uj	temple
súutuk	temporary
lajun	ten
lajun mil	ten thousand
kajakbal	tenant
t'iit'	tend
tendensia	tendency
líicitasion	tender
ka'ananil	tense
teension	tension
kaarpa	tent
tentáatibo	tentative
terminóo	term
termino'ob	terms
k'aas	terrible
jach ma'alob	terrific
lu'umil	territory
p'is kaambal	test
p'iskaambal	test
xookil	text
ket	than
áagradeser	thank
nib óolal	thank you
Nib óolal ikil a pa'atik ak ilik yo'osal le kun túuxtbilo'	Thank you for your patience while we investigate shipment
jach nib óolal	thank you so much
ya'abkach nib óolal	thank you very much
nib óolal	thanks
nib óolal ikil a k'a'abéetkunsik ak aplikasion	Thanks for using our app
ket	that
lete' je'elo'	that is
ma'alob	that's good
le	the
ookol	theft
uo'ob	their
ti' leti'ob	them
chichil	theme
leti'ob	themselves
ken ts'o'okok	then
teoria	theory
te'elo'	there
yaan	there are
yaan	there is
beytuno'	therefore
lelo'oba'	these
leti'ob	they
leti'obe'	they are
polok	thick
j-ookol	thief
muuslo	thigh
bek'ech	thin
ba'al	thing
ba'alo'ob	things
tuukul	think
teersero	third
uk'aj	thirsty
óoxlajun	thirteen
lajun ti' ka'a k'áal	thirty
lela'	this
lela'	this is
muunisioso	thorough
ts'aaj óol	thoroughly
lelo'obo'	those
kex	though
tuukul	thought
replexibo	thoughtful
tuukul	thoughts
miil	thousand
k'áan	thread
áamenasa	threat
káajal	threaten
óox	three
oknaj	threshold
enkantadóo	thrilled
jóok'ol táanil	thrive
kaal	throat
ichil	through
tu chowakil	throughout
pul	throw
náab	thumb
cháak	thunder
juebes	Thursday
beya'	thus
máarkar	tick
marea	tide
óordenado	tidy
k'aaxil	tie
k'aax	tie
báalam	tiger
nu'ut'	tight
Tigrinya	Tigrinya
k'iin	time
su'ulak	timid
chichan	tiny
tse'ekt'aan	tip
áantajt'aan	tips
neumatikóo	tire
ka'ana'an	tired
jiit'	tissue
jo'olts'íib	title
ti'	to
oop'	toast
be'elajake'	today
chan paal	toddler
yaal k'ab	toes
tik láakal	together
kúuchil táankab	toilet
ya'alaj	told
tóolerenasia	tolerance
tolerar	tolerate
p'aak	tomato
sáamal	tomorrow
t'aan	tongue
óok'in	tonight
beeyan	too
tu ch'a'aj	took
eramienta	tool
nu'ukulilo'ob	tools
koj	tooth
ka'anal	top
chich	topic
la'ach	torn
meent óolaj	torture
tuláakal	total
t'áalk'ab	touch
kex	tough
xíimbat	tour
te' báantajo'	toward
ti'	towards
towaya	towel
chan kaaj	town
tooksiko	toxic
manak'il	trace
kaxan	track
comeersio	trade
suukbe'enil	tradition
tráadisional	traditional
tráapico	traffic
beej	trail
ts'íimin k'áak'	train
kapasitasion	training
bey	trait
raasgo'ob	traits
tráansferir	transfer
tráansision	transition
suut ts'íib	translate
sáast'ile'en	transparent
transportée	transport
transportée	transportation
traampa	trap
sojol	trash
traumáa	trauma
xíimbal	travel
bandejáa	tray
tsooyil	treasure
tráatar	treat
tráatamiento	treatment
che'	tree
nojoch	tremendous
teendensia	trend
éensayo	trial
truuko	trick
tu íintentartaj	tried
jo'os	trigger
k'oos	trim
xíimbal	trip
talamil	trouble
páantalon	trousers
kisbuuts'	truck
JAAJ	true
troompa	trunk
kóonfiansa	trust
kóonfiar	trust
jaajil	truth
íintentar	try
Tsonga	Tsonga
tuubo	tube
maartes	Tuesday
máatrikula	tuition
úulum	turkey
kurkumaj	turmeric
k'éechel	turn
áak	turtle
tutor	tutor
ka'alajun	twelve
jun k'aal	twenty
jun ti' ka'a k'áal	twenty-one
Twi	Twi
ka'a ten	twice
suut	twist
ka'a	two
tiipo	type
tiipiko	typical
k'aas	ugly
ts'ook	ultimate
balab k'iin	umbrella
mixtan u tsa'ayal	unable
ts'e'eyuum	uncle
saatal u yóol	unconscious
yáanal	under
yáanal	underneath
subestimadóo	underrated
na'at	understand
tin na'ataj	understood
desafortunadamentee'	unfortunately
uniformée	uniform
chen leti'	unique
múul	unit
noj najil xook	university
ma' k'ajóolta'ani'	unknown
chen ja'alil	unless
tak	until
ma' suuki'	unusual
ka'anal	up
tech ilik	up to you
túumbenkun	update
ma'alobkíin	upgrade
ma'alobil	upgrade
yóok'ol	upon
desepsionado	upset
nojkaj	urban
úurjensia	urge
k'a'abéet	urgent
ak ti'al	us
k'a'abéetkúun	use
k'a'abéetkunsa'an	used
k'a'ana'an	useful
no'ol	useless
suuk	usual
suuk	usually
beelal	utility
bóokasion	vacation
báakunasion	vaccination
juup'	vaccine
jáampike'en	vacuum
íimpresiso	vague
balidóo	valid
jem	valley
páaybe'en	valuable
báalor	value
báariedad	variety
ya'ab	various
ya'abil	vary
floreróo	vase
ya'ab	vast
berduura	vegetable
bejetaales	vegetables
beikulo	vehicle
kóonol	vendor
benenóo	venom
éempresa	venture
yuuchul	venue
beriipicar	verify
bersaatil	versatile
bersion	version
wa'alakbal	vertical
jach	very
jach ma'alob	very good
buuke	vessel
ichil	via
oonda	vibe
biibra'ob	vibes
bisioso	vicious
biitima	victim
táabsajóochel	video
biistaj	view
kaaj	village
k'aas wíinik	villain
binaagre	vinegar
úuchben	vintage
tojolch'iin	violence
ko'	violent
biral	viral
sujuy	virgin
birtual	virtual
tumut óolal	virtue
bision	vision
xíimbal	visit
ajxíimbal	visit
bisual	visual
páaybe'en	vital
uts óol	vivid
tsolt'aan	vocabulary
t'aan	voice
jóojochil	void
boluumen	volume
boluntario	volunteer
xeejil	vomit
xeej	vomit
luubul óol	vulnerable
bo'ol	wage
bo'olilo'ob	wages
t'e'et'	waist
pa'at	wait
meseero	waiter
pa'atik	waiting
ajal	wake
ajal	wake up
xíimbal	walk
xíimbal	walking
pak'	wall
bíiyetera	wallet
máan	wander
k'áat	wanna
k'áat	want
kaxanil u ka'aj	wanted
ba'atel	war
armario	wardrobe
deepositar	warehouse
chokoj	warm
áadbertir	warn
ja'ali'bey	warning
jolkan	warrior
p'o'	wash
sojol	waste
paakat	watch
ja'	water
chakbojonja'	watermelon
oola	wave
bixil	way
to'on	we
to'one'	we are
je'el ik tsa'ayale'	we can
luubul óol	weak
déebilidad	weakness
ayik'alil	wealth
toj óol	wealthy
búukint	wear
búukinta'an	wearing
k'iin	weather
ts'o'okol beel	wedding
mierkoles	Wednesday
k'áax	weed
semaana	week
fin de semanáa	weekend
p'iis	weight
aalil	weight
jela'an	weird
ki'imak óolal	welcome
toj óolal	welfare
Uts	Well
jach beyo'	well done
bin .	went
chik'in	west
ch'uul	wet
masam	whale
ba'ax	what
Ba'ax ku yúuchul tech	what about you
Ba'ax ka meentik	what are you doing
ba'ax ka meentik te' súutukila'	what are you doing now
ba'ax ka meentik te' súutukila'	what are you doing right now
ba'ax ka meentik	what do you do
bix a kuxtal	what do you do for a living
ba'ax taak a wa'alik	what do you mean
ba'ax a k'áat	what do you want
ba'ax úuchij	what happened
ba'axi'	what is
ba'ax lela'	what is this
ba'ax meyajil ka meentik	what is your job
bix a k'aaba'	what is your name
ba'ax ku yúuchul	what's up
bix a k'aaba'	what's your name
je'el ba'axake'	whatever
triigo	wheat
kokots'il	wheel
ba'ax k'iin	when
en ba'ax súutukile'	whenever
tu'ux	where
tu'ux yanech	where are you
Tu'ux a taal	where are you from
tu'ux yanech	where are you now
tu'ux ka yaantal	where do you live
tu'ux yaan	where is
ikil	whereas
wa	whether
makamáak	which
ikil	while
susuurro	whisper
silbaato	whistle
sak	white
máax	who
máaxechi'	who are you
máaxi'	who is
máax leti'	who is this
tuláakal	whole
ti' máax	whom
máax	whose
ba'axten	why
ba'axten ma'	why not
k'asa'an	wicked
chichan	wide
kimen u yíicham	widow
kóoch	width
atan	wife
k'aaxil	wild
óol	will
ts'íiboltbil	willing
náajal	win
iik'	wind
ch'eenebil	window
ik'al	windy
akaan	wine
ke'elil	winter
utskinaj	wipe
kaable	wire
tuukul	wisdom
na'at óol	wise
deseo	wish
déesear	wish
kin ts'íiboltik ma'alobil ti' tech	wish you all the best
way	witch
yéetel	with
tseel	withdraw
reetiro	withdrawal
ichil	within
xma'	without
testiigo	witness
íinjenioso	witty
loobo	wolf
ch'uup	woman
ch'uup	women
náajal	won
mixtan u	won't
k'áat	wonder
k'ichkelem	wonderful
che'	wood
táak'in	wool
t'aan	word
t'aan	words
meyaj	work
meent	work out
meyaj	working
yóok'ol kaab	world
xnook'ol	worm
usarta'an	worn
préokupado	worried
tuukul u ka'aj	worry
péor	worse
chin pool	worship
u jach k'aasil	worst
balor	worth
ku baler u penail	worth it
baliosóo	worthy
yaajil	wound
woow	Wow
to'	wrap
ts'íikil	wrath
pulseráa	wrist
ts'íib	write
ts'íibnen waye'	Write here
ts'íib	writing
ts'íibta'an	written
k'aas	wrong
tsíibtaj	wrote
táankab	yard
jaayab	yawn
Beyo'	Yeah
ja'ab	year
ja'abo'ob	years
léebadura	yeast
aawat	yell
k'an	yellow
Jaaj	Yes
beyo' ki'ichpan	yes baby
beyo', wíinik	yes dear
beyo', in yaabilaj	yes honey
beyo', in yaakunaj	yes my love
jaaj, jach beyo'	yes of course
jo'oljeak	yesterday
todabia	yet
lúubul óol	yield
teech	you
teche'	you are
ki'ichkelemech	you are beautiful
jach táaj ki'ichpanech	you are so beautiful
mix ba'al	you are welcome
je'el a tsa'ayale'	you can
ojéel	You know
beyxan tech	you too
mixba'aj	you're welcome
táankelem	young
a	your
mixba'aj	your welcome
teech	yourself
táankelemil	youth
mixba'aj	you’re welcome
Maayat'aan	Yucateco
ki'	yummy
seero	zero
